session_id,scenario,window_id,start_frame,end_frame,activity,direction,people_count,participants,environment,selected_slot,moving_ratio,dx_mm,dy_mm,mean_vx_mm_s,mean_vy_mm_s,mean_speed_mm_s,median_speed_mm_s,max_speed_mm_s,p90_speed_mm_s,mean_accel_mm_s2,median_accel_mm_s2,max_accel_mm_s2,std_speed_mm_s,path_length_mm,net_displacement_mm,straightness
20260910_100219,STILL_1P_NA,0,29,38,STILL,NAN,1,P01,LAB01,0,0.0,-15.190000000000055,1.8550000000000182,-17.044750277409754,2.0814248796537,17.171407235033577,0.0,108.55710348566785,67.6969823267679,121.7020101970877,0.0,706.7858374702661,35.81183487208803,15.30288293486024,15.302846957347569,0.9999976489715812
20260910_100219,STILL_1P_NA,1,34,43,STILL,NAN,1,P01,LAB01,0,0.0,-80.704736459375,10.46779703593711,-90.66309990035563,11.759297991794499,90.51106415475667,119.24625732107422,151.8147019955919,151.8147019955919,170.30232300077034,20.975580202278298,706.7858374702661,64.64194862149287,81.38213559935707,81.38076714901835,0.9999831848804577
20260910_100219,STILL_1P_NA,2,39,48,STILL,NAN,1,P01,LAB01,0,0.0,-118.54493022319079,15.82959742652065,-146.05284554344342,19.410088755644313,146.42876938166268,149.64339237870593,151.8147019955919,151.8147019955919,63.44559404475022,25.339928893368832,239.98728876879133,7.06813592142,119.60114557872643,119.59714309425155,0.9999665347312895
20260910_100219,STILL_1P_NA,3,44,53,STILL,NAN,1,P01,LAB01,0,0.0,-99.34495868042475,12.805859599151518,-126.6596425413449,16.560334732944394,127.75486916999402,136.56801898147216,151.8147019955919,150.06554952958373,98.52097140431373,45.921929956059586,357.9707256389594,26.77386131652826,100.18082219119545,100.1669149734007,0.999861178841513
20260910_100219,STILL_1P_NA,4,49,58,STILL,NAN,1,P01,LAB01,0,0.0,-32.40608023229092,-0.334390928704579,-49.72060815310703,1.5365588676661752,67.37541289518649,49.26240502626972,134.5291098853793,130.8451814710985,144.869237381889,57.65555061474833,472.70145357117843,46.212606245240835,46.65856070531639,32.407805438117464,0.6945736205365812
20260910_100219,STILL_1P_NA,5,54,63,STILL,NAN,1,P01,LAB01,0,0.0,16.595049453847494,-20.500396253465624,16.46848454886718,-22.72597109117036,33.41192145903182,37.727705709878734,41.97267466060463,41.52905412492721,70.73344435584593,5.540627123142975,472.70145357117843,8.69648420817701,26.848846963951072,26.37540355946713,0.98236634127642
20260910_100219,STILL_1P_NA,6,59,68,STILL,NAN,1,P01,LAB01,0,0.0,18.965603655271025,-24.6274176956681,23.841502285851774,-31.017742880230845,39.26301133176095,40.59195679340792,41.97267466060463,41.52905412492721,24.09948978979215,5.540627123142975,101.82327214234212,3.9375867080632507,31.662104628967207,31.083819333629773,0.981735727864143
20260910_100219,STILL_1P_NA,7,64,73,STILL,NAN,1,P01,LAB01,0,0.0,15.29243589936766,-9.361145874524937,19.072351697241334,-14.054114144665153,27.79789098311945,27.359137966753284,40.138687511915506,40.138687511915506,31.934329699078695,24.783595163925835,101.82327214234212,10.609484897937989,20.7733861596025,17.930132398295445,0.8631299808580913
20260910_100219,STILL_1P_NA,8,69,78,STILL,NAN,1,P01,LAB01,0,0.0,5.759657313245015,-0.5292734172471683,8.13584693744437,-0.9476628244987074,13.243839144826742,12.310212153007736,26.62489083937898,23.19734219167886,30.686289098071597,28.06767925796054,66.42136185563643,6.652337069509272,9.396709080140063,5.783924508171012,0.6155266124387453
20260910_100219,STILL_1P_NA,9,74,83,STILL,NAN,1,P01,LAB01,0,0.0,-33.97630267412288,0.365547339090881,-39.41356832176889,0.23148824116108707,40.55022889357425,19.904875925617528,92.84514792076827,92.84514792076827,104.27057585949231,35.20085170096479,379.9973792464255,37.447737334684646,38.34712568820641,33.978269059219684,0.8860708188533056
20260910_100219,STILL_1P_NA,10,79,88,STILL,NAN,1,P01,LAB01,0,0.0,-44.40603167149473,-3.8861718224457036,-52.66011452260176,-3.9912112135124587,56.11976381348243,59.01547226860055,92.84514792076827,92.84514792076827,173.35650483857856,169.88972953804222,442.7325002049259,30.662296882697902,49.60682179650827,44.57575552072409,0.8985811609455232
20260910_100219,STILL_1P_NA,11,84,93,STILL,NAN,1,P01,LAB01,0,0.0,-9.902953349188849,11.106522064227192,-18.65238158110379,10.24232148473736,36.51208268736049,34.72538338307668,78.49914342705006,60.91764363222925,103.56084873058903,61.99388820122752,442.7325002049259,18.30977210298281,25.302633086464592,14.880299640779285,0.5880929304839567
20260910_100219,STILL_1P_NA,12,89,98,STILL,NAN,1,P01,LAB01,0,0.0,-14.786614143087618,7.11127715524799,-15.101317172553872,9.76697456425184,33.22553351204492,33.247066954549126,38.26888104672064,38.26888104672064,36.480384316122716,39.09581068881916,87.64590059675297,4.5145117457212125,26.904008648820145,16.40774879730034,0.609862604917795
20260910_100219,STILL_1P_NA,13,94,103,STILL,NAN,1,P01,LAB01,0,0.0,1.4672580234283146,-6.6858108034994075,-1.2900406683517232,-7.042577065132728,30.08819944188245,30.23155931949683,35.19577409650974,35.19577409650974,35.81012938522398,25.107830221483376,130.49955595015322,3.7178021614268384,23.99550023643952,6.844918714455575,0.2852584295809302
20260910_100219,STILL_1P_NA,14,99,108,STILL,NAN,1,P01,LAB01,0,0.0,-5.952613864596003,3.6545057029170493,-2.6380494888551063,2.060332959612253,27.184130927116847,29.82635786795337,30.23155931949683,30.23155931949683,31.510437625840403,4.562822493592261,130.49955595015322,3.679622859949629,20.99940823460236,6.984914011899774,0.33262432606982645
20260910_100219,STILL_1P_NA,15,104,113,STILL,NAN,1,P01,LAB01,0,0.0,6.856301606366415,-4.338103941889585,3.6258200037612043,-3.1162906867017126,28.90742394585941,26.48358815066997,55.81574320873134,36.46816668731508,50.78638551151373,18.300397111962916,241.67583552762878,10.095735713958165,20.699747873048448,8.11344671074511,0.391958721454236
20260910_100219,STILL_1P_NA,16,109,118,STILL,NAN,1,P01,LAB01,0,0.0,31.472262435103943,-12.108407695905044,37.58203452823751,-14.406407576517722,41.77265973698216,48.57671563549543,55.81574320873134,55.81574320873134,48.452335063812946,17.09636164615607,241.67583552762878,14.483841560451737,34.48837830539161,33.72116308365278,0.9777543839566707
20260910_100219,STILL_1P_NA,17,114,123,STILL,NAN,1,P01,LAB01,0,0.0,8.048521792599075,-4.8567081308233355,14.685119934231007,-6.529270073123629,53.34202610804535,49.77849205611285,86.51733679337411,58.88590256719561,79.54562110293986,19.86931900338673,405.60553893295105,12.2963378528476,37.25843757302152,9.400336000055942,0.25230086424404
20260910_100219,STILL_1P_NA,18,119,128,STILL,NAN,1,P01,LAB01,0,0.0,-64.04406193689391,16.56811227124399,-67.97414535133285,15.794863368225663,87.66348653660354,97.48750882129318,125.9784652853313,125.9784652853313,115.19874909059892,98.49224400913934,405.60553893295105,35.908803034966205,69.27219004551465,66.15243165303336,0.9549637684266734
20260910_100219,STILL_1P_NA,19,124,133,STILL,NAN,1,P01,LAB01,0,0.0,-93.48822434022975,23.366985346727233,-115.53008120062209,29.03248630982261,119.01955543679142,119.8011725429603,125.9784652853313,125.9784652853313,61.37412624863255,40.68470589071164,246.37953594948752,6.149935237839041,96.37006706520536,96.36422621742621,0.9999393914733379
20260910_100219,STILL_1P_NA,20,129,138,STILL,NAN,1,P01,LAB01,0,0.0,-80.53162914998654,20.44571221573233,-102.44492037707933,26.02704073567906,105.70711414775243,108.22891317774376,123.43926255539674,120.5890368278661,70.0646941248846,40.68470589071164,382.7366512973146,16.066623425605222,83.09335642054161,83.08652382642752,0.9999177720769936
20260910_100219,STILL_1P_NA,21,134,143,STILL,NAN,1,P01,LAB01,0,0.0,-40.621542869370614,10.395600570536317,-55.832279617883316,14.528022774891094,57.693657407099046,52.48638049397492,105.65484601749706,104.93821089801217,116.29793122912619,63.042092279464185,382.7366512973146,39.40876574846989,41.93071742068013,41.9306362497667,0.9999980641658807
20260910_100219,STILL_1P_NA,22,139,148,STILL,NAN,1,P01,LAB01,0,0.0,-6.481864536436632,1.6483380383242547,-11.286690613148885,2.870205225651839,11.6459204459889,6.078742650614636,41.30107317514809,28.306168508086788,70.57109344186912,36.93153101444203,251.23948111155173,12.642078197293271,6.68816762329575,6.68816762329575,1.0
20260910_100219,STILL_1P_NA,23,144,153,STILL,NAN,1,P01,LAB01,0,0.0,-0.752084665414742,0.19125511726952027,-1.3109225352456884,0.333367577799922,1.3579785188489926,0.7066957588580132,4.809083868316662,3.279398435428681,8.091960809184963,4.252350212125473,28.619445767307965,1.4658491481013851,0.7760218191737797,0.7760218191737795,0.9999999999999999
20260910_100219,STILL_1P_NA,24,149,158,STILL,NAN,1,P01,LAB01,0,0.0,0.7187425713513065,-0.08381509804530651,0.7592479085648639,-0.08228591259369153,2.8421427880639825,0.4590854830903175,14.390599306442493,6.476010106992559,16.827468134938407,2.783021736895411,99.28071620611144,4.2611845105256245,2.462456364885722,0.7236130558060933,0.2938582247079431
20260910_100219,STILL_1P_NA,25,154,163,STILL,NAN,1,P01,LAB01,0,0.0,10.273480964232732,-5.136006549748799,11.5342631064774,-5.766604119068023,14.764323473976768,17.20294966270674,25.178649270620475,25.1637694916881,28.169810851256813,13.509398106745424,99.28071620611144,10.079351185213502,13.124770484183262,11.485772695013377,0.8751217942328934
20260910_100219,STILL_1P_NA,26,159,168,STILL,NAN,1,P01,LAB01,0,0.0,17.43289080239152,-9.023158212461112,21.23596476116123,-11.276146000639752,24.258038790321553,25.14202980178755,25.178649270620475,25.177153795307486,14.789889662352357,0.40205455455882017,63.14708960659855,1.6139240991316752,19.63667828590896,19.629647624326097,0.9996419627861445
20260910_100219,STILL_1P_NA,27,164,173,STILL,NAN,1,P01,LAB01,0,0.0,14.951234163966362,-8.075187025681316,19.055615782175664,-10.202902623917712,22.30661346919168,22.518866580301133,25.17698763138382,25.12744784172992,8.106516770271782,3.804647227131681,31.719649249505785,2.5684568486648276,17.01185394181278,16.992588046718687,0.9988675017337916
20260910_100219,STILL_1P_NA,28,169,178,STILL,NAN,1,P01,LAB01,0,0.0,9.741445495762985,-1.7635382551020484,13.020533403024183,-3.0998089354989022,16.541176827850514,17.649012713089842,22.20773094959274,22.20773094959274,12.520906465419554,3.7183444423859786,62.9003004365992,4.238246194390689,12.111299983205129,9.899789266652565,0.8174010453362324
20260910_100219,STILL_1P_NA,29,174,183,STILL,NAN,1,P01,LAB01,0,0.0,9.05242703826823,-3.298359190422161,10.859078227167414,-4.00956949236833,14.944225375583652,13.674928540851063,20.026438247870242,20.026438247870242,16.40242335340461,3.900391370542109,62.9003004365992,3.4269190956920097,12.857846445360401,9.634604747067314,0.7493171417165154
20260910_100219,STILL_1P_NA,30,179,188,STILL,NAN,1,P01,LAB01,0,0.0,30.65582087259991,-10.704172712153195,35.514119130163145,-12.460164922175942,37.1398421413091,26.557331125710306,65.43611359850645,65.43611359850645,60.33925334245818,24.8400777785019,266.05382870517417,22.076857452575616,33.661793738999165,32.47088952930821,0.9646214869318974
20260910_100219,STILL_1P_NA,31,184,193,STILL,NAN,1,P01,LAB01,0,0.0,35.3889805310157,-6.095908874629458,42.950994972831054,-7.721180447523082,44.411826376374236,42.2295213737778,65.43611359850645,65.43611359850645,95.87352906351197,73.28063517628372,266.05382870517417,17.1314284112285,37.37801409583538,35.910166360411004,0.9607296489411961
20260910_100219,STILL_1P_NA,32,189,198,STILL,NAN,1,P01,LAB01,0,0.0,31.157448983844503,5.805451470690969,39.7729335021189,4.554040494317026,39.88658581877333,38.4251269251985,55.0545657168387,55.0545657168387,87.2363732128863,43.67189341714061,294.5310065062704,13.073214298844508,32.66573312204266,31.693688550867993,0.9702426831339434
20260910_100219,STILL_1P_NA,33,194,203,STILL,NAN,1,P01,LAB01,0,0.0,19.24684553298706,1.016489529034061,24.340787206031276,2.1865757868480427,32.301924778863466,23.72169696408206,55.0545657168387,55.0545657168387,82.28643375625418,38.79106507358507,319.15752568635116,17.478554051917556,27.728785342126457,19.273668927666566,0.6950780097239021
20260910_100219,STILL_1P_NA,34,199,208,STILL,NAN,1,P01,LAB01,0,0.0,-13.219000306725192,-7.247774860405116,-12.999079177988023,-8.168065227641094,20.544990342920293,21.476874346316883,24.753354057867558,24.753354057867558,46.87147530427077,1.9856902815522555,319.15752568635116,4.3121652126873995,15.957973862703959,15.075550057504406,0.9447032679216312
20260910_100219,STILL_1P_NA,35,204,213,STILL,NAN,1,P01,LAB01,0,0.0,-16.80774227527654,-7.40412408476368,-21.157943550552627,-9.219038473816877,23.15296051474086,23.655132843720395,24.753354057867558,24.753354057867558,13.412052232913009,1.9856902815522555,65.57685947902388,1.8281473522350953,18.37522238659231,18.366307572691245,0.9995148459314664
20260910_100219,STILL_1P_NA,36,209,218,STILL,NAN,1,P01,LAB01,0,0.0,-6.675173453941952,-7.238294201189092,-9.358975219477703,-8.835453323093816,17.519301972798857,17.073087537662165,22.90971263811108,22.90971263811108,17.06167030210016,8.639946799073384,74.80507046701806,4.329919397773503,13.307054488831435,9.846361946586107,0.7399354947295155
20260910_100219,STILL_1P_NA,37,214,223,STILL,NAN,1,P01,LAB01,0,0.0,7.0765568196142326,-8.839119990263498,6.793099260653301,-10.360497116726659,15.009391723388845,15.301993283188017,16.89500614127639,16.89500614127639,12.58031058114515,1.6008732148519829,74.80507046701806,1.8875864294638982,12.005689560479354,11.322883847479162,0.9431264893565239
20260910_100219,STILL_1P_NA,38,219,228,STILL,NAN,1,P01,LAB01,0,0.0,10.640885316007822,-9.04381043079502,12.984265277464914,-11.316089539563722,17.04219159891721,16.89500614127639,18.031491020180994,18.031491020180994,3.251591577651516,0.0,15.960536693622725,0.6775435848053001,13.977065642077031,13.96491845363186,0.9991309199830469
20260910_100219,STILL_1P_NA,39,224,233,STILL,NAN,1,P01,LAB01,0,0.0,18.915409447386402,-6.224243595712323,22.44249895142407,-8.12055600450001,24.124332547205544,19.59706206321291,34.569519868546315,34.569519868546315,19.85951872430461,1.7524429344756987,87.9541367775061,7.629343487708083,20.57058704077103,19.913159540892565,0.9680404113613559
20260910_100219,STILL_1P_NA,40,229,238,STILL,NAN,1,P01,LAB01,0,0.0,11.81352691248388,9.34030466331751,15.267571360331397,9.761943319096622,30.425330718615168,31.785048959790846,36.27769770367884,34.77084307265098,38.63648884541631,26.96725143200382,91.20172726207204,4.871122249704694,25.256802466926576,15.059904027435625,0.5962712044470536
20260910_100219,STILL_1P_NA,41,234,243,STILL,NAN,1,P01,LAB01,0,0.0,-11.498000047525977,24.62767585604888,-10.54390873318928,28.599071322275268,34.18273873857965,36.840368178384445,38.77950309192721,38.77950309192721,24.413405400615787,13.79000484200834,91.20172726207204,5.17489328575056,27.731432696811275,27.17952212905003,0.9800980146321576
20260910_100219,STILL_1P_NA,42,239,248,STILL,NAN,1,P01,LAB01,0,0.0,-15.784108103639397,24.696491453632007,-19.520593453870845,31.078436280618025,36.59918460955915,37.06270039309932,38.77950309192721,38.77950309192721,10.91774258776107,8.145630531102963,36.30338135874112,2.151933367089886,29.328207542434278,29.30963593678184,0.9993667664269776
20260910_100219,STILL_1P_NA,43,244,253,STILL,NAN,1,P01,LAB01,0,0.0,-7.692241828163922,16.001236062904354,-10.462491472230838,21.0959365944762,29.559414952325607,31.43073867884787,36.72236213310859,36.03925771216153,28.015666720578718,7.721959095627243,122.30467956148892,6.422201416860746,21.478366841398365,17.7541583828619,0.8266065345639659
20260910_100219,STILL_1P_NA,44,249,258,STILL,NAN,1,P01,LAB01,0,0.0,47.187052954654845,-1.040636893280407,51.367938715133825,1.504903771471494,62.30128480995076,50.930429615067084,109.20938262590457,109.20938262590457,118.33341182456539,32.20323534920131,473.5610232578124,39.69140851855747,53.16313075479799,47.19852637200717,0.8878056220898445
20260910_100219,STILL_1P_NA,45,254,263,STILL,NAN,1,P01,LAB01,0,0.0,73.43429170396647,-4.872444748130874,89.47131639874662,-6.598683781177362,88.07848772014111,84.87372295642038,109.20938262590457,109.20938262590457,136.52123809265896,77.16855569973421,473.5610232578124,17.315742529479575,73.66043401814339,73.5957601760239,0.9991220002572404
20260910_100219,STILL_1P_NA,46,259,268,STILL,NAN,1,P01,LAB01,0,0.0,53.84730577176276,-1.4583767587087095,69.59389070231353,-1.8491090194788111,70.7163104929496,68.46150924101907,90.73508678659269,80.18463189228252,52.56574912685962,12.780805032779371,146.15237329646646,8.354130201864571,54.219639131623886,53.86705116904077,0.9934970433549517
20260910_100219,STILL_1P_NA,47,264,273,STILL,NAN,1,P01,LAB01,0,0.0,39.94258865684844,1.3883755994156672,50.427608448622586,0.7805147756383798,51.591694593771976,56.67278241737486,68.46150924101907,67.72137574708202,53.726956525210824,7.878677476063797,190.74179249563048,17.940025285231805,40.35280267020012,39.96671084058896,0.9904320938308386
20260910_100219,STILL_1P_NA,48,269,278,STILL,NAN,1,P01,LAB01,0,0.0,16.967680803177245,-5.500499330802086,24.640281329735323,-5.3517719183717105,29.032076271796996,20.668971937293527,56.38156871500523,52.693332302663435,41.10223398214895,1.4728198664441778,190.74179249563048,13.64272314574263,19.649231663192182,17.836975212368934,0.9077696022985953
20260910_100219,STILL_1P_NA,49,274,283,STILL,NAN,1,P01,LAB01,0,0.0,16.358438471391935,-6.610029343134556,19.245350296920964,-7.695779738697977,24.875095098386865,20.55698280332544,44.76880556372936,36.541209953747895,27.64982243161553,0.6281431742710457,121.48594028669515,8.03054538750539,20.300694442495157,17.643440626459896,0.8691052750159685
20260910_100219,STILL_1P_NA,50,279,288,STILL,NAN,1,P01,LAB01,0,0.0,32.45047959229956,-1.5409805077806595,37.34172628280682,-3.3552875746987283,40.98088619799352,46.175196339674045,57.099457897227055,54.550145270650475,44.40058672303887,32.73093443869713,121.48594028669515,13.785256938260739,34.99407530491606,32.48704736807594,0.9283585031181572
20260910_100219,STILL_1P_NA,51,284,293,STILL,NAN,1,P01,LAB01,0,0.0,7.9511921622698765,-17.54319758614838,13.67405016334872,-18.072982278309805,53.452877081945964,53.8640938693062,57.099457897227055,56.17594730252582,20.888862976065823,30.5208798155629,41.48448994879158,2.5460067834273072,42.84253698691876,19.260977087053092,0.4495760158399141
20260910_100219,STILL_1P_NA,52,289,298,STILL,NAN,1,P01,LAB01,0,0.0,-42.59385375265447,-12.81855045667362,-44.72541544308499,-19.17760137627517,60.72409872454322,60.15776073693851,68.18147461231204,68.18147461231204,17.950057002262078,2.533630198135211,91.8013513151316,6.7072383855138344,48.219163283492335,44.48091291006519,0.9224737610760883
20260910_100219,STILL_1P_NA,53,294,303,STILL,NAN,1,P01,LAB01,0,0.0,-43.726362106682586,1.9836277954036632,-55.470209697719966,1.1516225978995536,57.3442550468014,64.19342263049992,68.18147461231204,68.18147461231204,47.43808619765225,22.67335779096622,230.34597306127404,12.922214493125054,44.20938588793098,43.77133219717472,0.9900913871125308
20260910_100219,STILL_1P_NA,54,299,308,STILL,NAN,1,P01,LAB01,0,0.0,-31.00659723927393,4.808609098449779,-41.21330741105942,6.161408126529277,43.131055848095784,38.68223914703765,64.14465880134851,59.12418849604149,65.07515082455957,51.484833003082116,230.34597306127404,10.636518612600913,31.44892531105392,31.37724962166448,0.9977208858909958
20260910_100219,STILL_1P_NA,55,304,313,STILL,NAN,1,P01,LAB01,0,0.0,-56.86589890898803,5.824661843122158,-68.09510548607021,7.026975113923553,62.203061361134885,57.41434606253667,95.33858770227079,95.33858770227079,98.1261411262066,77.99927790080727,368.0239587144521,25.661914176041652,57.261038177895045,57.1634248826465,0.9982952929539055
20260910_100219,STILL_1P_NA,56,309,318,STILL,NAN,1,P01,LAB01,0,0.0,-31.12416100112965,-0.2228343219630915,-41.058919486002495,1.0986317863826156,61.72608496734887,55.556310167791864,95.33858770227079,95.33858770227079,133.3368627783417,81.41302608069373,506.71703353812086,25.853496861391974,52.86837002056952,31.124958685262293,0.5887255210091117
20260910_100219,STILL_1P_NA,57,314,323,STILL,NAN,1,P01,LAB01,0,0.0,34.406755902939864,1.338702867529264,35.472078524989,0.3120112802923332,47.06434423723998,50.101018516038955,57.46412545482636,57.46412545482636,76.90792590819751,17.637887001925826,506.71703353812086,10.101951166605128,36.69108258433667,34.432789273191595,0.9384511670934143
20260910_100219,STILL_1P_NA,58,319,328,STILL,NAN,1,P01,LAB01,0,0.0,49.36222425608446,5.636698126185365,60.595569036671066,6.909289209331749,61.065319087195505,59.341679129410565,67.17028045205899,67.17028045205899,20.862184565815863,1.7010852098864857,65.30292907484758,5.3904023411741235,49.761593160824745,49.68301067038625,0.9984208204471163
20260910_100219,STILL_1P_NA,59,324,333,STILL,NAN,1,P01,LAB01,0,0.0,52.165435103348216,1.7155357991769051,64.64809721440203,2.9880431365063798,64.77303763808115,67.03253225308958,67.17028045205899,67.17028045205899,19.867230130306215,10.624349152567758,65.30292907484758,3.0382211796987306,52.22005279837344,52.19363641862763,0.9994941334156093
20260910_100219,STILL_1P_NA,60,329,338,STILL,NAN,1,P01,LAB01,0,0.0,28.091734029946053,-3.0114126770363328,38.30991410928757,-3.258849711837555,40.75277289265232,47.02527416756116,67.17028045205899,67.1244668485542,62.70659893765486,24.895266052964935,274.2853078374774,23.770999755386285,29.66315967134929,28.252683538394088,0.9524502396716173
20260910_100219,STILL_1P_NA,61,334,343,STILL,NAN,1,P01,LAB01,0,0.0,-4.005385249005997,-5.880737014717397,-1.0418639540159762,-6.9893189171002135,17.586058419455593,15.538044056727884,34.83987508157349,21.79600510573223,61.488824254903804,19.118265320586453,274.2853078374774,6.315338068228332,11.810685179461041,7.115207574570268,0.6024381707289701
20260910_100219,STILL_1P_NA,62,339,348,STILL,NAN,1,P01,LAB01,0,0.0,-15.039379845393483,-4.185412027626626,-17.679886192877518,-5.802375975027118,19.176956478826078,20.018632215196316,21.764642307771926,21.764642307771926,11.291845706673874,10.813649568232243,32.1217691547851,2.600718479687072,15.687669283383933,15.610913489447995,0.995107253184051
20260910_100219,STILL_1P_NA,63,344,353,STILL,NAN,1,P01,LAB01,0,0.0,-17.53152764404237,-5.358029746241755,-21.776469791967333,-6.705541538170851,23.058625348933678,21.764642307771926,26.448804464376305,26.448804464376305,11.40151818357674,0.0,72.23695162815257,2.7430743774322277,18.43908274929129,18.33201964583917,0.9941936860467621
20260910_100219,STILL_1P_NA,64,349,358,STILL,NAN,1,P01,LAB01,0,0.0,-20.779899841731066,-7.386983730803877,-25.008465706732558,-8.543135213180353,25.35520774403047,25.66086348773468,26.448804464376305,26.448804464376305,8.112284201206105,0.0,72.23695162815257,1.8115079387171598,22.132776883398392,22.053837898913102,0.9964333899491616
20260910_100219,STILL_1P_NA,65,354,363,STILL,NAN,1,P01,LAB01,0,0.0,-9.443092922479963,3.721057078011654,-12.917625154068713,3.0874157015915507,24.94952780246535,25.65721242073613,39.98686257571069,27.093463396532275,31.550327699704972,0.020430350060155828,172.96042895487423,5.824184747573248,19.994478690149435,10.149791609703708,0.5076297195337305
20260910_100219,STILL_1P_NA,66,359,368,STILL,NAN,1,P01,LAB01,0,0.0,25.62314084360426,15.290773264270683,27.243979181962793,16.788329382494105,42.59285818933932,40.62783572717035,71.43564438099865,71.43564438099865,66.73761220895192,39.18746991198788,251.3800104835513,21.35158315074208,37.030195129272556,29.838785057547433,0.8057960524750172
20260910_100219,STILL_1P_NA,67,364,373,STILL,NAN,1,P01,LAB01,0,0.0,15.994803072888828,1.4444172117537164,17.822881643608845,5.753734822868857,48.95083963911283,45.418744588720855,71.43564438099865,71.43564438099865,103.3714179483687,51.55503482604547,455.5366591835548,16.186534228488508,39.125504253502754,16.05988998785808,0.41047113115277745
20260910_100219,STILL_1P_NA,68,369,378,STILL,NAN,1,P01,LAB01,0,0.0,-34.76981580708059,-7.788144062561059,-36.029552713023975,-9.12977796099968,45.94024552310543,52.02060506079677,55.644382984316934,55.644382984316934,73.4918421927926,12.910622775371962,455.5366591835548,10.660572531142977,35.85867777091522,35.63138054015752,0.993661304741636
20260910_100219,STILL_1P_NA,69,374,383,STILL,NAN,1,P01,LAB01,0,0.0,-41.80369944389322,-8.509389491694037,-52.20100634468177,-10.601887738827871,53.12195821844576,53.845614530195576,55.644382984316934,55.644382984316934,14.369602851259861,14.94589133753982,29.87307702913744,2.5232096664883046,42.6686142388184,42.660977446803905,0.9998210208568821
20260910_100219,STILL_1P_NA,70,379,388,STILL,NAN,1,P01,LAB01,0,0.0,-28.187437805506704,-5.584735235168409,-36.85072604209894,-7.38891957031138,37.59404653071094,47.499860239404335,54.48678896770103,53.036341885229916,53.098240676498776,20.823348032481505,184.7947928965741,16.954073780273703,28.743584028486893,28.73536005840609,0.9997138850161256
20260910_100219,STILL_1P_NA,71,384,393,STILL,NAN,1,P01,LAB01,0,0.0,-7.516621982850012,-1.4030356561474946,-13.09284015142602,-2.4438799256635613,13.534315860994045,6.959052360944227,47.18634192988988,32.41870628879049,51.171328829949196,27.38255966433661,184.7947928965741,14.281537802724793,7.646444604225239,7.646444604225239,1.0
20260910_100219,STILL_1P_NA,72,389,398,STILL,NAN,1,P01,LAB01,0,0.0,15.058757460663031,10.759094900662603,16.33343192366636,11.992066155036895,29.951548967061314,29.94807394768126,58.23108073448994,58.23108073448994,73.81389353702635,6.98373406927416,626.582461274296,26.798991479982988,26.024581683943474,18.50741201088198,0.7111511814347662
20260910_100219,STILL_1P_NA,73,394,403,STILL,NAN,1,P01,LAB01,0,0.0,-12.095718989424384,31.62967581967314,-6.221810981207975,36.70944990883955,60.59026921240936,58.23108073448994,68.58190639907826,68.58190639907826,82.89514455340182,0.0,626.582461274296,5.705104829762497,49.26524783413585,33.86359122019898,0.6873727974374448
20260910_100219,STILL_1P_NA,74,399,408,STILL,NAN,1,P01,LAB01,0,0.0,-38.315555247106374,26.182827882536003,-47.74705964044295,32.195603238994934,58.10846537803111,59.73440146261677,68.58190639907826,68.58190639907826,55.95748783876847,51.066854319590796,181.70867858118228,10.410075349130874,48.823056783459435,46.40713576402411,0.9505168013106913
20260910_100219,STILL_1P_NA,75,404,413,STILL,NAN,1,P01,LAB01,0,0.0,-9.586931391988713,3.6474392853092468,-15.368556417682104,8.145821485271572,37.64582006354035,31.610208971204237,61.08543028675171,58.65357840330883,66.92546458238895,57.24380919811646,181.70867858118228,16.193863203318692,26.15897853338324,10.25734209504177,0.3921155438830183
20260910_100219,STILL_1P_NA,76,409,418,STILL,NAN,1,P01,LAB01,0,0.0,31.636152963335732,-2.113636976700036,34.97565709034307,-2.211523844814805,37.65956898059752,30.90052142495402,67.76799230781306,67.76799230781306,69.033448294341,36.85233485578654,217.53181827201902,18.121247323387063,31.800407047406132,31.706681245265166,0.9970526854577287
20260910_100219,STILL_1P_NA,77,414,423,STILL,NAN,1,P01,LAB01,0,0.0,37.427926606942464,-11.573181441872293,45.1970490262088,-12.98272689491788,47.83686411822417,47.74568963306982,67.76799230781306,67.76799230781306,88.66437307604829,78.40461570624974,217.53181827201902,16.510596299069668,41.717973765889326,39.17637322138394,0.9390766061945337
20260910_100219,STILL_1P_NA,78,419,428,STILL,NAN,1,P01,LAB01,0,0.0,-4.124501201977665,-18.557177267843144,3.381033757927142,-22.26778358819494,43.085457086388104,41.491045859272305,67.76799230781306,63.06191956051838,87.20233760048107,104.16633350317154,209.4044136002931,15.49243246960401,32.1000942434065,19.0100062681544,0.5922102945868807
20260910_100219,STILL_1P_NA,79,424,433,STILL,NAN,1,P01,LAB01,0,0.0,-44.61088232024561,-17.192192818534295,-50.622204112613844,-21.836168600924907,57.77364875411945,66.64728789619946,73.95857041902553,73.95857041902553,53.60566821500267,21.0329110036773,180.56581537588622,18.476780518570642,49.125283676104175,47.80901918362752,0.9732059665821956
20260910_100219,STILL_1P_NA,80,429,438,STILL,NAN,1,P01,LAB01,0,0.0,-43.59425447791592,0.0061384849464047875,-55.51550857222244,-2.666909089884331,59.97084267158333,65.70933778286106,73.95857041902553,73.95857041902553,54.74385816997826,11.691088142825606,235.89190815172344,15.466019577984769,46.016708389501964,43.59425491009439,0.947357089105482
20260910_100219,STILL_1P_NA,81,434,443,STILL,NAN,1,P01,LAB01,0,0.0,-12.991114539959014,2.3634419301533853,-20.548374683829536,3.853852012313755,35.56246357389626,30.977561858774965,60.66312236191995,59.79201138291124,64.10379078215587,11.918047474808812,235.89190815172344,13.60606978839385,24.85011620702263,13.204352113888119,0.5313597732857513
20260910_100219,STILL_1P_NA,82,439,448,STILL,NAN,1,P01,LAB01,0,0.0,8.399543159098435,10.334232013929068,5.8232783964100125,11.056382665443252,29.503707466220497,26.794617778445474,41.75335611652521,36.506437294922925,40.77559718549047,33.28679032338458,163.94785288633742,6.056646207566936,22.289126478277154,13.31723231753782,0.597476636444982
20260910_100219,STILL_1P_NA,83,444,453,STILL,NAN,1,P01,LAB01,0,0.0,52.305696118178474,8.729266564733734,60.42036564580762,11.620840817890334,71.80832985614087,52.070008291763926,136.35106690711964,131.11649473462901,124.77634849776,65.3724233937669,364.5832313569426,42.10330965514534,61.097617622996204,53.02910466117083,0.8679406288537752
20260910_100219,STILL_1P_NA,84,449,458,STILL,NAN,1,P01,LAB01,0,0.0,101.06503150900213,-12.329991384181085,119.71098851856284,-12.775072894412187,120.56676021133994,131.7352779822163,138.7839772263299,138.7839772263299,140.260238696659,85.055564066567,364.5832313569426,23.73598683982889,101.91231728393807,101.81438641689873,0.9990390674096195
20260910_100219,STILL_1P_NA,85,454,463,STILL,NAN,1,P01,LAB01,0,0.0,51.00915304502246,-10.064249215939526,71.18890420755673,-13.55896143905584,78.55175542263143,87.29596316505814,138.7839772263299,138.7839772263299,147.1036434325901,51.30946877302409,531.7680117272018,55.81294664490893,57.56577693656721,51.992526449972246,0.9031846561762515
20260910_100219,STILL_1P_NA,86,459,468,STILL,NAN,1,P01,LAB01,0,0.0,3.93893326923299,-2.8374357137918196,10.738598280121632,-3.932317732261326,20.297427275929625,14.976903425132784,63.58788401421944,36.56711261985886,145.06322471759526,54.488150140405764,531.7680117272018,16.459105917291353,11.657100989978204,4.854506847185591,0.41644203403222535
20260910_100219,STILL_1P_NA,87,464,473,STILL,NAN,1,P01,LAB01,0,0.0,27.137110734479165,-8.712960943274993,30.090134512439953,-10.445132560709837,32.768439584417905,36.04417054192072,56.103573378783246,56.103573378783246,57.21185029299056,42.040089963893976,150.7911759911123,19.372166048393662,29.83552265517647,28.501552017643178,0.9552891815253035
20260910_100219,STILL_1P_NA,88,469,478,STILL,NAN,1,P01,LAB01,0,0.0,39.18876226748034,-6.5411229398469,47.78510038236649,-8.296131920313602,49.68798667683319,48.112802305386964,56.103573378783246,56.103573378783246,35.173946635231644,16.135212333275433,99.51136770973295,5.5118274788664205,43.22178097125353,39.73091211350782,0.9192335720717418
20260910_100219,STILL_1P_NA,89,474,483,STILL,NAN,1,P01,LAB01,0,0.0,35.36138534643112,-4.450985674907315,44.547005130562056,-7.908993557719626,49.46291963141103,48.40147391016516,56.103573378783246,51.697083131741266,14.248927229655058,0.7428100880202386,89.64695603792643,2.5763723045635323,39.451632793012045,35.640410310447095,0.9033950634550157
20260910_100219,STILL_1P_NA,90,479,488,STILL,NAN,1,P01,LAB01,0,0.0,30.386489327947658,-24.697574007560434,38.86982718717432,-27.369706027417976,49.12976446741321,48.467458473094084,51.20747310429216,51.20747310429216,8.90687855571076,1.781094137112138,36.132528157631214,1.6450655926123645,39.7275394027636,39.15748837114558,0.9856509856842943
20260910_100219,STILL_1P_NA,91,484,493,STILL,NAN,1,P01,LAB01,0,0.0,23.430710244388024,-25.012520733122074,30.08858514824708,-31.775513256285677,45.4575086060005,46.53700432649518,51.20747310429216,50.66352549934292,13.84977477513022,9.464850792243825,44.755703681366676,3.982266294615266,34.31972638874066,34.27279352462141,0.9986324814018726
20260910_100219,STILL_1P_NA,92,489,498,STILL,NAN,1,P01,LAB01,0,0.0,-9.4580469691345,1.15883785607366,-7.729891192563909,-2.089866360096951,47.51952886861169,42.807692362297146,66.28954769758207,66.28954769758207,40.136486044983286,13.421991438496548,169.35945528558386,10.354618519339477,34.57986118158782,9.528775243808813,0.2755585163795407
20260910_100219,STILL_1P_NA,93,494,503,STILL,NAN,1,P01,LAB01,0,0.0,-22.473907697909624,20.370977620029862,-25.71890617080707,23.261537105205665,47.41330321117265,46.38559512992393,66.28954769758207,66.28954769758207,80.04065694458748,67.82641115307581,224.44123341833793,15.264318959960027,40.48874879097672,30.33237966942124,0.7491557673469298
20260910_100219,STILL_1P_NA,94,499,508,STILL,NAN,1,P01,LAB01,0,0.0,-3.71775862840002,4.422839497960922,-10.736547517304908,8.978218048715158,32.81011668684325,31.123818552066083,66.28954769758207,55.67889316069678,67.90318139407631,33.48207621367226,224.44123341833793,15.199149456536686,21.621132933295012,5.777822984807169,0.267230352943704
20260910_100219,STILL_1P_NA,95,504,513,STILL,NAN,1,P01,LAB01,0,0.0,-25.671712110754584,2.6875026080369935,-27.010724131774698,2.721762999655498,33.784564174667175,35.0944887163851,46.90879828122089,46.90879828122089,45.26328543906156,25.319628131939233,136.07751915520805,11.330799170162132,26.602946739541682,25.812002498172614,0.9702685477246986
20260910_100219,STILL_1P_NA,96,509,518,STILL,NAN,1,P01,LAB01,0,0.0,-28.422205626480746,10.440231220576607,-35.9308591439807,12.205970182083735,38.98674366268851,38.68364185429623,46.90879828122089,46.90879828122089,48.443273780738096,6.985518123484907,204.545622588882,7.669898009469869,30.56252879233659,30.279038964489217,0.9907242679500246
20260910_100219,STILL_1P_NA,97,514,523,STILL,NAN,1,P01,LAB01,0,0.0,-5.066859373022766,4.933679303307144,-8.549514246745723,7.041299763603391,23.13115753990678,17.764626061529526,38.68364185429623,37.56687545451652,40.548622803527664,23.29130970741818,204.545622588882,12.259137522833832,17.49607894740495,7.072075747181299,0.40420918129374594
20260910_100219,STILL_1P_NA,98,519,528,STILL,NAN,1,P01,LAB01,0,0.0,0.6041664321288067,6.203033621738541,2.5769639851282653,6.717115089157493,15.646444105523472,15.369070981307953,21.630001792156396,19.960796211927498,32.02138801607269,36.578489481796225,61.715071896731565,4.276322297064368,12.082180661186612,6.232386636765246,0.5158329288012113
20260910_100219,STILL_1P_NA,99,524,533,STILL,NAN,1,P01,LAB01,0,0.0,-20.918539447786145,4.145637175785851,-22.596782640543047,4.877171172148077,27.711523820007404,21.630001792156396,41.24764075164309,41.24764075164309,35.36315080860375,10.38136771032864,165.44138520056876,10.316005192655037,24.528178033587363,21.325374562287124,0.8694235068371357
20260910_100219,STILL_1P_NA,100,529,538,STILL,NAN,1,P01,LAB01,0,0.0,-23.12512602099588,-8.601360917528837,-27.348173179684846,-9.129582390580937,31.34656274368829,32.17412224120514,41.24764075164309,41.24764075164309,45.645850806931314,33.47277528810748,165.44138520056876,8.853620526762905,27.56100494074316,24.67295813477851,0.895212572539571
20260910_100219,STILL_1P_NA,101,534,543,STILL,NAN,1,P01,LAB01,0,0.0,-10.3935926299105,-5.619987530984872,-15.439932647194732,-7.4192819253786535,22.085786501415836,19.681691270822164,39.12598891570785,29.09569727023991,27.45108278464849,13.066619679886912,125.53100883032077,6.557483565582067,15.850917238368659,11.815711049486413,0.7454275908327473
20260910_100219,STILL_1P_NA,102,539,548,STILL,NAN,1,P01,LAB01,0,0.0,-7.245226308855393,-3.397801259482094,-9.369742758878292,-2.4442710751663532,16.01154860573597,15.796607477223823,19.100235661197825,18.55955633485768,7.731714516756432,6.153138771066702,31.210495224363836,1.9187257323075668,11.323249395742298,8.002396994992717,0.7067226654922686
20260910_100219,STILL_1P_NA,103,544,553,STILL,NAN,1,P01,LAB01,0,0.0,-9.71960119121681,7.797766617801244,-12.037441299324753,6.7356891012138345,19.864207426684665,17.78284966951331,29.147244494751977,27.71765200398272,20.0972694091107,14.6809486528525,68.52867138229111,6.015880108635463,14.883208862082679,12.460971532829962,0.8372503301069874
20260910_100219,STILL_1P_NA,104,549,558,STILL,NAN,1,P01,LAB01,0,0.0,-19.17103496409078,14.470802550257304,-23.038128098432107,17.708866250693276,29.052504239544227,29.147244494751977,41.97315449868084,33.06175808172031,30.623127580126862,17.648408427740193,111.30966864595295,5.296700624262033,24.215417558332582,24.019423557673576,0.9919062308057718
20260910_100219,STILL_1P_NA,105,554,563,STILL,NAN,1,P01,LAB01,0,0.0,-35.395093776538175,19.75840834102928,-41.774514520444065,24.09226976803932,48.2640617502626,48.69502074400783,67.41913699115327,67.41913699115327,43.00544289763597,16.413270664932874,150.93107251048286,16.393229279593186,40.65043868044652,40.53649421966319,0.9971969684834389
20260910_100219,STILL_1P_NA,106,559,568,STILL,NAN,1,P01,LAB01,0,0.0,-46.0517892354913,24.546124908802085,-56.58850409576481,30.30546551059573,63.87304354511183,64.9907434092957,67.41913699115327,67.41913699115327,37.26571569648321,24.285427740908247,150.93107251048286,3.8192681168336406,52.18966872887066,52.18505092292836,0.9999115187726849
20260910_100219,STILL_1P_NA,107,564,573,STILL,NAN,1,P01,LAB01,0,0.0,-22.948838118941637,19.114628861175788,-31.656708447428503,24.777965805070227,49.77095985705692,58.65739034397668,67.41913699115327,65.4806733187231,42.88481908599209,23.685245572245357,273.6133863031187,16.163427112852393,36.6453808530178,29.866673860841672,0.8150187872418335
20260910_100219,STILL_1P_NA,108,569,578,STILL,NAN,1,P01,LAB01,0,0.0,42.70328126509497,0.691226841797743,42.90691643103093,3.5033284198322128,63.30888763284514,63.011378997010226,99.61831505564565,99.61831505564565,113.21399057307167,34.2479332962555,439.42510579705566,29.92249778397036,51.24170679750395,42.70887525272274,0.8334787797272035
20260910_100219,STILL_1P_NA,109,574,583,STILL,NAN,1,P01,LAB01,0,0.0,59.459424815862775,-12.780744472571314,73.59056961118758,-13.44762148582383,73.51645433209812,76.40342080716624,99.61831505564565,99.61831505564565,150.28224242911705,133.10198969335406,439.42510579705566,22.80381967462107,61.025142545238765,60.817519093649324,0.996597739178806
20260910_100219,STILL_1P_NA,110,579,588,STILL,NAN,1,P01,LAB01,0,0.0,28.9054463181738,-9.890709986705133,40.7018792441409,-13.152793328030564,46.53786794718968,44.43771706692942,84.4063755044305,65.82397002433515,124.998172805179,123.34755376126782,233.64930140583462,18.70857596667508,30.67538610007188,30.550793294019975,0.9959383459544585
20260910_100219,STILL_1P_NA,111,584,593,STILL,NAN,1,P01,LAB01,0,0.0,56.182683712441815,-14.464562932217177,64.21317112207332,-16.531272549808584,68.27914110387624,72.56096984016095,106.03547705556922,106.03547705556922,112.64064585661436,109.80026677876339,262.24795208039956,33.74010162019574,58.296221492404925,58.01480440329301,0.9951726358603091
20260910_100219,STILL_1P_NA,112,589,598,STILL,NAN,1,P01,LAB01,0,0.0,71.42570505738865,-18.982353426496957,88.38022635687733,-23.08395173687978,90.15106176448849,85.80444709182555,106.03547705556922,106.03547705556922,82.6375161101462,52.183561089413175,262.24795208039956,11.92370137232722,74.05809995490041,73.9050815881663,0.9979338064731974
20260910_100219,STILL_1P_NA,113,594,603,STILL,NAN,1,P01,LAB01,0,0.0,60.67747009621033,-16.226173422120155,76.6702006921375,-20.589136453184558,79.61580462822192,80.8958152183005,88.4704179401204,83.67167041318969,46.39736265597833,38.7714273998696,155.12496110318781,5.189257478077462,63.0785790627965,62.80958590216319,0.9957355862381504
20260910_100219,STILL_1P_NA,114,599,608,STILL,NAN,1,P01,LAB01,0,0.0,36.841257470135076,-2.949310815130957,48.08784757019889,-5.642988047907017,50.16352696968169,56.83527604727429,82.6175330680275,82.6175330680275,86.16937834442724,39.61596189216402,269.35618086729295,30.013401564974913,38.78161891689608,36.959121827568254,0.9530061627073073
20260910_100219,STILL_1P_NA,115,604,613,STILL,NAN,1,P01,LAB01,0,0.0,1.1627540655809412,6.75248235609979,5.786962950549179,7.32599139925199,17.037327335469246,12.571970216622969,44.87666968530908,27.21331990182268,65.13268807093908,5.63098328037357,269.35618086729295,10.03333836534386,11.311823994705167,6.851862154660147,0.6057256688105617
20260910_100219,STILL_1P_NA,116,609,618,STILL,NAN,1,P01,LAB01,0,0.0,-6.402883298352549,5.380882947325972,-7.112162652950684,7.2661042867166525,11.001232715444347,10.89918192347725,12.803273621108147,12.386927493034824,4.1794846847910225,2.2628793103018685,20.327967303591752,1.3481934448719342,8.677815726938002,8.363660432199854,0.9637978836352867
20260910_100219,STILL_1P_NA,117,614,623,STILL,NAN,1,P01,LAB01,0,0.0,-20.763198358904788,2.6987516162998872,-24.051815147861483,3.747775254528096,25.635993397572584,9.831313550001923,63.190460419913336,60.66535483259026,62.81632793981879,12.019917434941725,300.9860382213226,21.868284856935237,21.312032566620037,20.93785247769474,0.9824427779116969
20260910_100219,STILL_1P_NA,118,619,628,STILL,NAN,1,P01,LAB01,0,0.0,-50.87905069008525,5.439415182459925,-57.75402592753987,6.359937669675986,58.54294508848419,65.78717658667374,80.08406545904475,80.08406545904475,79.19658084936069,44.89574049958045,300.9860382213226,22.94741987240206,51.273112484507415,51.168985104762825,0.9979691621066294
20260910_100219,STILL_1P_NA,119,624,633,STILL,NAN,1,P01,LAB01,0,0.0,-44.73546948996062,-4.996025380830815,-57.08936124373738,-5.040231715227387,63.375432226436416,65.97334731070704,80.08406545904475,80.08406545904475,55.12769623977651,10.9246212536802,185.34062812503984,13.47983242008625,49.64343050143016,45.01358128490893,0.9067379274607573
20260910_100219,STILL_1P_NA,120,629,638,STILL,NAN,1,P01,LAB01,0,0.0,-23.37248458541748,-24.33234445366452,-32.56348085826396,-26.570252016254216,47.254103607042,47.80894922059563,63.562801867979935,50.73543466981151,51.88978059131823,22.800815149098895,185.34062812503984,6.9896121009505485,36.07157505640749,33.73923565090585,0.9353413483648992
20260910_100219,STILL_1P_NA,121,634,643,STILL,NAN,1,P01,LAB01,0,0.0,-21.291591537241658,-5.440480365386065,-25.718630112560767,-10.844162516494459,38.27348058575176,34.80758273991897,47.80894922059563,47.80894922059563,21.3326101037082,17.35807992112381,86.35367184417795,6.278051959696144,28.485101462001076,21.975684216763124,0.7714799347328474
20260910_100219,STILL_1P_NA,122,639,648,STILL,NAN,1,P01,LAB01,0,0.0,2.134077844800885,27.200827101154573,-0.7936659877893876,30.010833156172982,42.30527368005615,36.3883009804022,59.1686672712009,59.1686672712009,56.86674380813976,17.35807992112381,249.04801528436732,11.385943105477903,35.11841755582733,27.28441465808961,0.7769260848589178
20260910_100219,STILL_1P_NA,123,644,653,STILL,NAN,1,P01,LAB01,0,0.0,-4.255215885865738,14.119114592771894,-4.281383696356398,20.024336782672606,46.450517919708844,43.65576471505028,59.1686672712009,59.1686672712009,64.50900991509954,36.12855840551998,249.04801528436732,9.07160197396648,37.24260298762463,14.746398174440712,0.3959550888357831
20260910_100219,STILL_1P_NA,124,649,658,STILL,NAN,1,P01,LAB01,0,0.0,-32.64049152247213,-19.357852370470027,-38.406846751030685,-20.219173253687945,47.32610861566525,50.400926766639174,53.37246968719697,53.3260640809358,19.97815807088182,7.813479714772514,60.72149053077098,6.644228436069735,38.53967001904493,37.949020214301804,0.9846742381434184
20260910_100219,STILL_1P_NA,125,654,663,STILL,NAN,1,P01,LAB01,0,0.0,-31.517211880891637,-18.540647212558724,-40.08103560963249,-24.06744176723677,49.281015523463225,51.659688531361454,53.37246968719697,53.3260640809358,17.728340520237527,11.126520358298393,50.59677868200952,4.543841218303134,37.390803149469605,36.566244595331064,0.9779475570277971
20260910_100219,STILL_1P_NA,126,659,668,STILL,NAN,1,P01,LAB01,0,0.0,11.568146515346314,-13.8613154767163,8.993615248082216,-18.769207323480515,51.74463592749646,48.62688328733182,66.02078206258788,66.02078206258788,37.90288744375056,16.019807042703956,183.28897112884692,9.821329007273293,39.84726808853131,18.05430919602226,0.4530877538683407
20260910_100219,STILL_1P_NA,127,664,673,STILL,NAN,1,P01,LAB01,0,0.0,13.119802445038289,-11.000943877279951,17.411170819781432,-12.675697980404589,49.889946127005196,47.61890289012385,66.02078206258788,66.02078206258788,78.49764769460897,42.629735736645294,329.09591093266096,11.80695800700188,39.326989789708364,17.121623240449367,0.4353657203870201
20260910_100219,STILL_1P_NA,128,669,678,STILL,NAN,1,P01,LAB01,0,0.0,-27.13444193461703,8.029184857804466,-27.81794518791984,6.502886383738415,40.20914434864363,39.92820066588099,53.35956101797517,53.35956101797517,90.07084028714812,72.21214017261036,329.09591093266096,11.379683962040083,31.11631600762562,28.297451273637698,0.9094087894821126
20260910_100219,STILL_1P_NA,129,674,683,STILL,NAN,1,P01,LAB01,0,0.0,-15.71086385913432,11.900785041690142,-23.81964665074532,14.736232678982919,28.437605236151605,19.14022951023648,53.35956101797517,53.35956101797517,43.22629304759887,9.066672505792543,213.52632987279722,14.454807690034723,21.68505929363134,19.70938679433657,0.9088924557437109
20260910_100219,STILL_1P_NA,130,679,688,STILL,NAN,1,P01,LAB01,0,0.0,-11.07578805464047,4.433027243901961,-12.616335718350705,6.864400256252544,18.292329322522946,17.713057385987785,25.35797543347927,19.762004102560756,18.872951864378244,13.726550280064338,85.88348084582593,2.66138795813982,14.134155753192436,11.929996294068726,0.8440543957762837
20260910_100219,STILL_1P_NA,131,684,693,STILL,NAN,1,P01,LAB01,0,0.0,-15.266079866928635,4.2277878076474735,-18.53624314956726,4.504403198031377,20.37861257728427,18.810172127228387,25.35797543347927,25.35797543347927,21.61417127679116,13.726550280064338,85.88348084582593,3.89129218756766,18.009686448670806,15.840687619227154,0.8795648755115482
20260910_100219,STILL_1P_NA,132,689,698,STILL,NAN,1,P01,LAB01,0,0.0,-11.739777060009885,-6.3558868692302894,-16.430873307826943,-4.505738021951399,20.56995973777344,18.810172127228387,25.35797543347927,25.35797543347927,11.898589638394359,5.64256472907059,53.84120209520788,2.8910020880858167,16.826439505022208,13.349893756625494,0.7933879150512463
20260910_100219,STILL_1P_NA,133,694,703,STILL,NAN,1,P01,LAB01,0,0.0,-6.168105951231922,-13.743150407292887,-8.117858345249047,-16.886628644211953,18.556613035599018,18.146704634007026,20.515122885929014,20.515122885929014,8.684456145846571,5.654835971012968,26.64407253740058,1.2741002962896977,15.161621414651613,15.063854557950874,0.9935516885676712
20260910_100219,STILL_1P_NA,134,699,708,STILL,NAN,1,P01,LAB01,0,0.0,-1.1996945509221177,-6.590620795054747,-1.9774565189926636,-9.095606508797363,12.580369513068318,13.695375327700585,20.515122885929014,19.889536368290525,21.214739829062676,9.868564597381052,66.41120819538622,6.144289909421751,9.250012208118697,6.698921516163649,0.7242067756714995
20260910_100219,STILL_1P_NA,135,704,713,STILL,NAN,1,P01,LAB01,0,0.0,4.2509861909701385,3.387915197856273,4.470765413888117,2.782614838532923,8.103610070435892,8.47832354171761,10.894520906335453,10.742969278990017,19.819951547409154,8.55816217647839,66.41120819538622,2.2400017167685395,5.894976556349768,5.435885666906941,0.9221216768117054
20260910_100810,STILL_1P_NA1,0,29,38,STILL,NA1,1,P01,LAB01,0,0.0,54.70012970573748,-38.195766212140825,67.74887648749302,-46.201279135221434,83.83223600175218,76.2225316448766,161.01546450045657,88.62953853273623,116.06340307992863,15.939061260782411,903.2681951303911,25.84742032654543,68.08709996045015,66.7159706993537,0.9798621286279943
20260910_100810,STILL_1P_NA1,1,34,43,STILL,NA1,1,P01,LAB01,0,0.4,96.38685320588513,-176.66428363256387,114.68332971033965,-201.98380510437931,213.64581949800908,196.3232212044644,383.50506581758424,383.50506581758424,350.7303770666832,53.192957445725895,1027.6602830716445,131.2892225290984,204.46677254951166,201.24784367127967,0.9842569585361234
20260910_100810,STILL_1P_NA1,2,39,48,STILL,NA1,1,P01,LAB01,0,0.5,60.083897777303946,-171.8516727696208,78.42293117043117,-213.73465149824557,272.1103039835676,261.8278903237923,383.50506581758424,383.50506581758424,494.7059353446725,419.6746045125886,1510.9579781358282,85.36262598727924,220.8874467050215,182.0523886298401,0.8241862149502652
20260910_100810,STILL_1P_NA1,3,44,53,STILL,NA1,1,P01,LAB01,0,0.1,-60.8839447945536,80.43348276948382,-57.712406107707466,60.8064578962928,200.94735044851603,186.69452234627732,314.39216338569287,230.10488465330738,373.0605258351461,231.15058720253782,1510.9579781358282,46.01687248649502,147.42958708845538,100.87814373874602,0.6842462610861194
20260910_100810,STILL_1P_NA1,4,49,58,STILL,NA1,1,P01,LAB01,0,0.0,-33.98269766081387,99.25767097435323,-57.08543286672991,139.0018539139953,134.1833888940188,123.57487876465515,220.73963146082014,220.73963146082014,235.16766204210813,220.25073702646935,606.2363027102302,66.35298621625336,107.93786150640092,104.91381695257898,0.9719834679729817
20260910_100810,STILL_1P_NA1,5,54,63,STILL,NA1,1,P01,LAB01,0,0.0,-0.5385108633051914,34.307276071587694,-0.3991832701159839,49.896858236377476,53.193641684317164,38.83276563664137,113.58634775684472,95.34209877680128,136.24424756081368,163.64759893347812,227.75048878856379,29.644088032153206,34.76234435472645,34.31150223178856,0.987030733073197
20260910_100810,STILL_1P_NA1,6,59,68,STILL,NA1,1,P01,LAB01,0,0.0,-21.594366973115257,35.120453892014666,-24.38165292137345,40.323795538799,51.42432859969601,46.93411686712328,77.89307699097304,77.89307699097304,72.53451218848569,45.769527423094075,212.6682427431873,22.2441203605722,44.498197956292266,41.22818170318331,0.9265135128321177
20260910_100810,STILL_1P_NA1,7,64,73,STILL,NA1,1,P01,LAB01,0,0.0,-45.51978446767157,31.575359589664913,-53.55850983857893,40.36889780963956,69.38162750355953,68.9225279104996,77.89307699097304,77.89307699097304,74.22127984931917,29.67717380159012,212.6682427431873,7.965368839832673,57.8839046850189,55.39904431666595,0.9570716526144087
20260910_100810,STILL_1P_NA1,8,69,78,STILL,NA1,1,P01,LAB01,0,0.0,-37.22818729198593,45.028527496289826,-47.97746416503304,52.316106515809,77.9574444680067,79.64235568262079,91.90973133663041,91.90973133663041,47.80117362795675,9.89333901201246,160.26060958311487,12.355361955790434,62.805181361081736,58.425219019968694,0.9302611305915731
20260910_100810,STILL_1P_NA1,9,74,83,STILL,NA1,1,P01,LAB01,0,0.0,-12.892302920063571,66.43853720615016,-19.00273585086179,81.54054414207627,87.36202861803619,89.4482979294344,91.90973133663041,91.90973133663041,35.976041943810415,18.00317593018515,95.92860145348257,5.206724652181496,70.63244507131691,67.67784497659244,0.9581693640685773
20260910_100810,STILL_1P_NA1,10,79,88,STILL,NA1,1,P01,LAB01,0,0.0,8.647214428719053,50.57112024840035,6.225384501834656,65.36717999882147,68.32111416051694,73.08173074023938,90.9422169673266,88.93608615251777,67.97513021977008,55.00913728979542,176.03635757737825,20.605828858511394,52.68655354116045,51.305092540160324,0.973779628612054
20260910_100810,STILL_1P_NA1,11,84,93,STILL,NA1,1,P01,LAB01,0,0.0,-9.254546191599275,20.011031546996946,-7.852747338266037,29.15114849124431,40.72524294815093,30.969271856521672,71.22244330797285,66.16988884381708,51.603632024033274,25.71839506286701,176.03635757737825,15.346791868199423,29.728751923361767,22.047403674522577,0.741618878968042
20260910_100810,STILL_1P_NA1,12,89,98,STILL,NA1,1,P01,LAB01,0,0.0,-13.686923505974391,-2.454932207444017,-17.515688586845002,-0.575909913596006,26.698525542477164,28.4651008583978,30.537526106010375,30.537526106010375,18.299822366571803,8.463515222888903,48.17533429852862,3.8092372897541678,19.27269981590858,13.905343117001475,0.7215046801861854
20260910_100810,STILL_1P_NA1,13,94,103,STILL,NA1,1,P01,LAB01,0,0.0,19.301019409592755,2.4145708924688734,19.899275311591968,1.9216018986374799,35.7745819860667,35.28251842116742,50.136537612590516,50.136537612590516,48.788853879176976,34.63136664892507,223.70419099768472,12.712661180192717,29.61452527422934,19.451465313549882,0.6568217836831783
20260910_100810,STILL_1P_NA1,14,99,108,STILL,NA1,1,P01,LAB01,0,0.0,17.301709499889512,0.6443091469927822,23.434558795660372,2.3279110367593847,35.88983713716398,34.24563183830874,50.136537612590516,50.136537612590516,64.48035512622394,16.188891398415034,280.6726547930728,12.50819221265632,27.827170545630754,17.313702258484913,0.6221869460315433
20260910_100810,STILL_1P_NA1,15,104,113,STILL,NA1,1,P01,LAB01,0,0.0,-17.01107230458058,-3.7420089137140167,-16.871931644525603,-4.0914688343829155,29.017229174020777,27.876085710842197,39.7631048528881,35.815925267778624,47.4350531499547,19.230142836326074,280.6726547930728,6.007160823595447,22.478107986302625,17.41778434996781,0.7748776881302288
20260910_100810,STILL_1P_NA1,16,109,118,STILL,NA1,1,P01,LAB01,0,0.0,-19.756858771620273,13.10269602637527,-25.620044791811686,13.54158066034729,32.050729667696615,33.996409258230884,39.7631048528881,39.7631048528881,46.372048934679796,46.57924160116447,116.02536748216397,8.07215789871956,26.306756903642903,23.706836813065955,0.9011691140759005
20260910_100810,STILL_1P_NA1,17,114,123,STILL,NA1,1,P01,LAB01,0,0.0,-12.526266988715975,6.5466304111623685,-17.316838634803666,10.857351583189613,25.117975514828352,25.976448816751777,39.7631048528881,39.7631048528881,50.81860731589951,38.85041739804439,128.06484292575252,10.250326136547166,17.461712593751695,14.13385065765701,0.8094194989049648
20260910_100810,STILL_1P_NA1,18,119,128,STILL,NA1,1,P01,LAB01,0,0.0,-35.12682132782527,7.741353451640862,-39.85263189277508,8.685790466322898,43.589429987425355,37.35152400365952,81.0894149570801,77.96705456331262,76.70225456637749,69.72343815096025,195.89514680839525,25.492754013479885,37.495964374439,35.969739085239304,0.9592962785552431
20260910_100810,STILL_1P_NA1,19,124,133,STILL,NA1,1,P01,LAB01,0,0.0,-56.70793808477265,5.965274795975347,-68.00798215902549,7.594614306301627,68.83302780855908,71.25474922028437,81.0894149570801,81.0894149570801,83.0668976625245,91.10053300638589,195.89514680839525,11.891224768118702,58.59690552872682,57.020827293348766,0.9731030466343417
20260910_100810,STILL_1P_NA1,20,129,138,STILL,NA1,1,P01,LAB01,0,0.0,-36.004653892284296,-7.2822591328676936,-49.282946847309674,-8.085174349714922,52.421321496576866,55.00761142194379,81.0894149570801,81.0894149570801,66.65344651906555,38.138477796146,320.8454009150523,22.38133099207303,38.84663222906856,36.73372292569074,0.9456089451739719
20260910_100810,STILL_1P_NA1,21,134,143,STILL,NA1,1,P01,LAB01,0,0.0,-12.19446311175875,-16.007813387568604,-18.954065384887294,-18.579323518042433,31.53755926356991,29.68978909876555,52.87265665330697,50.608431192238136,48.548796311650825,10.359034061852146,320.8454009150523,10.575489230924015,22.53212943771483,20.123494230258956,0.8931021937312218
20260910_100810,STILL_1P_NA1,22,139,148,STILL,NA1,1,P01,LAB01,0,0.0,-13.790483372547897,-8.933400330035056,-16.523036073324526,-12.641219946602547,30.154072293305028,29.68978909876555,38.94340206171478,38.94340206171478,32.730684397937736,0.0,171.3282380010897,4.94757957799946,23.173178342648868,16.431161648075598,0.7090594740659728
20260910_100810,STILL_1P_NA1,23,144,153,STILL,NA1,1,P01,LAB01,0,0.0,16.120440330361134,11.590818434769062,16.362497859064963,12.251606060849651,45.15842919353433,38.94340206171478,70.75038786151879,70.57424608626233,59.720067358058635,34.900369969375554,171.3282380010897,17.221167341238548,37.57470345849432,19.854865107386555,0.528410427225822
20260910_100810,STILL_1P_NA1,24,149,158,STILL,NA1,1,P01,LAB01,0,0.0,63.415627391118846,21.32540929659399,74.48914033867202,26.209840069967736,79.25710657718996,70.92848951007458,139.96394683646258,119.2686354167339,113.64124225540233,96.95729337423327,283.9341047061345,28.71330493101453,67.03107867347221,66.90526794712416,0.9981230985859424
20260910_100810,STILL_1P_NA1,25,154,163,STILL,NA1,1,P01,LAB01,0,0.0,91.94261485654101,33.46727849811259,110.00405525237927,40.02274854590999,116.03648762831028,121.80058087411018,148.85847517601087,148.85847517601087,152.4571015887371,164.26687672720323,397.3355997267336,29.884703518045644,98.12419186845658,97.84428014313593,0.9971473729363713
20260910_100810,STILL_1P_NA1,26,159,168,STILL,NA1,1,P01,LAB01,0,0.0,56.58991415560308,31.166589136062612,77.6835682114156,39.87730950761021,90.3059866499431,77.47919590183244,148.85847517601087,148.85847517601087,130.0574929396321,90.30287256462174,397.3355997267336,45.85948196983643,65.77542090422556,64.60475727463623,0.9822021111610383
20260910_100810,STILL_1P_NA1,27,164,173,STILL,NA1,1,P01,LAB01,0,0.0,40.5012237489301,7.283451368779879,50.68563198816021,11.92098542707549,59.92189830221854,50.95744534291768,95.05603573015748,95.05603573015748,115.18831897542991,85.6989722699044,309.60278393574004,19.516721931237978,46.189750839611655,41.150914801523925,0.8909100840230881
20260910_100810,STILL_1P_NA1,28,169,178,STILL,NA1,1,P01,LAB01,0,0.0,54.370654021691166,-20.89321109091634,65.30949519558587,-20.792292857086927,71.9597836575515,68.34955011001362,95.05603573015748,95.05603573015748,106.33983633981973,102.09344667263977,298.81851810185503,17.970418502314605,60.877930311296346,58.24683929996572,0.9567808728405077
20260910_100810,STILL_1P_NA1,29,174,183,STILL,NA1,1,P01,LAB01,0,0.0,17.713417888648678,-38.85763813299354,29.327264692330232,-46.834320882177636,63.30105426045012,57.571112533724886,95.05603573015748,85.91408392834353,54.09110268242152,27.79600982483091,188.93868833040568,14.214552133306624,48.54359185446461,42.7045807211893,0.8797161291488098
20260910_100810,STILL_1P_NA1,30,179,188,STILL,NA1,1,P01,LAB01,0,0.0,2.938448146290625,-36.91513063603543,3.5383369714052355,-46.83276823686929,46.068346834979934,52.990100365338286,57.83339073481816,57.83339073481816,50.485574720214075,13.857690287243356,199.0967199331232,14.53206047959165,37.58774037623279,37.03189635144277,0.9852120925805509
20260910_100810,STILL_1P_NA1,31,184,193,STILL,NA1,1,P01,LAB01,0,0.0,-7.157671178880946,-10.487295187263953,-8.08639236311432,-18.631843954726733,30.355426878976676,24.35563683594804,57.83339073481816,54.07145074564218,48.46853964967243,0.7704348893095927,199.0967199331232,13.49742226627685,21.835089670393565,12.697071199681941,0.5814984683528934
20260910_100810,STILL_1P_NA1,32,189,198,STILL,NA1,1,P01,LAB01,0,0.0,-6.075455689068804,-4.030478841238619,-7.836244337271803,-4.903456977862225,21.947975485029897,22.69685806971318,24.35563683594804,24.35563683594804,21.945454465198715,3.811171105918282,65.0532041355566,2.813313264407864,18.42790158755565,7.290810758722976,0.3956397707076131
20260910_100810,STILL_1P_NA1,33,194,203,STILL,NA1,1,P01,LAB01,0,0.0,-13.445721302862921,-1.7067117438750756,-17.055954926558222,-2.633256784786832,31.856187196158942,22.69685806971318,54.92666089473889,54.92666089473889,54.39646597434421,46.62563273045647,176.61046800882352,14.662479891722265,25.861438771068016,13.553607871372954,0.5240856083589513
20260910_100810,STILL_1P_NA1,34,199,208,STILL,NA1,1,P01,LAB01,0,0.0,-36.80979756240754,13.162965898900438,-42.766519360967735,14.157585026101799,46.137445755199465,49.78277650869085,54.92666089473889,54.92666089473889,54.867153675250606,28.707411523163422,176.61046800882352,10.17097685916021,40.305418001608174,39.09251677547814,0.9699072411038724
20260910_100810,STILL_1P_NA1,35,204,213,STILL,NA1,1,P01,LAB01,0,0.0,-17.182186926980762,12.140025967968995,-25.488537664260278,14.620586934340565,32.99123379058606,37.071213853437115,54.92666089473889,51.45162397908116,49.23803499079968,28.707411523163422,197.05083301622477,17.6517244540783,23.189303348159562,21.038245604058105,0.9072392252666711
20260910_100810,STILL_1P_NA1,36,209,218,STILL,NA1,1,P01,LAB01,0,0.0,-14.107944603337387,-0.5382288557111679,-18.426452079095746,1.6785323300941624,23.242548220224414,21.542624566562413,43.25739201313533,36.92949168252234,68.44039126587151,63.1183489265105,197.05083301622477,10.880941053497141,16.325151419240303,14.118207791074498,0.8648132827996455
20260910_100810,STILL_1P_NA1,37,214,223,STILL,NA1,1,P01,LAB01,0,0.0,-25.024071586127207,-7.148077689538695,-30.11295782966016,-9.013833700135168,33.020615956878814,32.87072156841408,43.25739201313533,43.25739201313533,52.82527623770085,47.950043048065915,122.23280075361592,8.39865596884158,28.426606435540535,26.02497211147977,0.9155145609974004
20260910_100810,STILL_1P_NA1,38,219,228,STILL,NA1,1,P01,LAB01,0,0.0,-5.856559253571049,-21.74698819049445,-11.745032499489714,-24.711565264741115,34.8350895361588,34.047316730571325,43.25739201313533,43.25739201313533,30.118342739529243,14.96082979028613,96.36389181447228,6.0979297281068,28.375651745948463,22.52178460176044,0.793701050583839
20260910_100810,STILL_1P_NA1,39,224,233,STILL,NA1,1,P01,LAB01,0,0.0,5.687437045332558,-25.63411515194184,5.899699613138769,-31.352274923204106,34.059934902084045,31.304581813207026,40.31238689082991,40.31238689082991,23.5284502303251,0.0,101.23745549549773,4.919248650288487,29.273954868343445,26.257471313278348,0.8969567464105408
20260910_100810,STILL_1P_NA1,40,229,238,STILL,NA1,1,P01,LAB01,0,0.0,-31.030380449102267,-10.135217036596714,-31.60577324641566,-16.376859845579336,49.16252222633411,40.31238689082991,73.20914559264571,73.20914559264571,94.84996249403954,0.0,376.60115440216214,17.35754176305675,40.56485821648595,32.643638510358315,0.8047270456646543
20260910_100810,STILL_1P_NA1,41,234,243,STILL,NA1,1,P01,LAB01,0,0.0,-5.886050640027634,2.932315894009207,-12.31760641836226,2.285403887762469,58.2961101992405,61.88001876166548,73.20914559264571,73.20914559264571,118.10849466706445,84.05019110220033,376.60115440216214,13.921492864228082,45.53176413736737,6.576022250511987,0.14442713510226426
20260910_100810,STILL_1P_NA1,42,239,248,STILL,NA1,1,P01,LAB01,0,0.0,48.3006254999101,2.5668157391355635,53.667770414784435,2.445083936862229,59.08229444797756,66.22218484972453,71.00156345472861,71.00156345472861,62.08264764484418,25.40726356817484,217.08536167073527,12.458583571837677,48.997021279028004,48.36878091001715,0.9871779885264218
20260910_100810,STILL_1P_NA1,43,244,253,STILL,NA1,1,P01,LAB01,0,0.0,27.956380982418295,-4.617924776177915,38.26675282843,-4.246337871077699,40.89159827930334,35.61321405557089,71.00156345472861,71.00156345472861,67.42378788754098,30.488932463588554,259.04728038000417,25.117915377974327,30.235769897859118,28.335216019514604,0.937142203265706
20260910_100810,STILL_1P_NA1,44,249,258,STILL,NA1,1,P01,LAB01,0,0.0,-5.723888261217098,0.7774608925246866,-4.206642904553126,-0.023543176624347684,17.772399602449887,17.300339482223055,24.062425347066966,23.25599111831307,63.567210879522676,33.37873299498911,259.04728038000417,4.973744341230783,14.781075914200082,5.776447201031459,0.3908001849501405
20260910_100810,STILL_1P_NA1,45,254,263,STILL,NA1,1,P01,LAB01,0,0.0,-15.74557176380381,3.5363999334904292,-18.729580051780452,3.648868289537847,19.163643592526864,21.011157877663166,27.90674402258496,27.90674402258496,43.17285898038107,0.0,130.1038360543026,6.44074792047137,17.061533731702657,16.137817530840003,0.9458597207385722
20260910_100810,STILL_1P_NA1,46,259,268,STILL,NA1,1,P01,LAB01,0,0.0,-17.0518083052807,5.86665235640794,-18.99662596266652,7.261951497453628,23.69352273401656,27.618692427630684,28.17039359097488,28.17039359097488,19.720421787000806,1.4842291925527922,101.57700169889536,6.606157523332171,19.70457792137732,18.032797241442793,0.9151577523454167
20260910_100810,STILL_1P_NA1,47,264,273,STILL,NA1,1,P01,LAB01,0,0.0,-25.83962626909124,9.124248735427045,-32.168703110602834,9.826172432820083,34.04101935771442,28.17039359097488,44.29580427783177,44.29580427783177,19.9762047207869,1.4842291925527922,145.4933544730952,7.706580664419194,28.740668661881063,27.403251644873315,0.9534660437882723
20260910_100810,STILL_1P_NA1,48,269,278,STILL,NA1,1,P01,LAB01,0,0.0,-11.745487611353042,-4.749961348210945,-15.834266255692503,-4.440679708158942,34.17723521663337,29.221483560615958,44.29580427783177,44.29580427783177,39.47278832094993,10.571570470341134,165.5147032595994,7.630065084226922,28.740023391272715,12.669593996570914,0.44083450538937985
20260910_100810,STILL_1P_NA1,49,274,283,STILL,NA1,1,P01,LAB01,0,0.0,-7.74043041615073,-5.2032548121437685,-10.407567617629155,-7.344039085776403,33.764829644624506,28.519624486194342,55.0050984753011,48.81796754511156,51.05295974796117,18.01739297935705,165.5147032595994,9.50776960656027,25.17592141945424,9.326742393106429,0.37046280204462967
20260910_100810,STILL_1P_NA1,50,279,288,STILL,NA1,1,P01,LAB01,0,0.0,-41.53032582203241,-2.8087287778021164,-46.11707598971164,-2.6751423615543373,49.35198825293698,56.689338096452786,59.590696272926266,59.590696272926266,36.69318531847995,6.835256597544741,115.77293045475902,12.482181323747618,41.72328822938379,41.6251957380554,0.9976489750570688
20260910_100810,STILL_1P_NA1,51,284,293,STILL,NA1,1,P01,LAB01,0,0.0,-45.552925707949726,-5.069367604405215,-57.1276153567163,-6.19950146380708,57.12851766590975,58.12922201126281,59.590696272926266,59.590696272926266,15.763419988289737,7.08458126263967,51.61113572043786,3.0033246432839333,45.84564567068758,45.83413060659687,0.9997488297106027
20260910_100810,STILL_1P_NA1,52,289,298,STILL,NA1,1,P01,LAB01,0,0.0,-35.877873889025636,-4.080548658107546,-46.05401653784479,-5.135921716343896,47.86199186279102,49.36547712022049,57.88486630492113,57.124214237584994,31.37390816190814,11.95342462392593,183.67889162946489,9.511551854295407,36.14278734131067,36.10917767199927,0.9990700864049579
20260910_100810,STILL_1P_NA1,53,294,303,STILL,NA1,1,P01,LAB01,0,0.0,3.7228864281631786,5.488173077214469,-0.6212178005220423,5.476816610012817,39.983920518989805,44.92542414111301,48.576829763085904,47.419371023075385,38.401549614160594,5.467811794494784,183.67889162946489,7.741675772698759,30.000840485145513,6.631736355017691,0.22105168547865517
20260910_100810,STILL_1P_NA1,54,299,308,STILL,NA1,1,P01,LAB01,0,0.0,24.381115522053506,11.363478201987618,27.952466799186578,13.227907640301254,31.520848896661676,30.719547974819303,44.92542414111301,44.92542414111301,47.00443063863047,17.84539619892889,157.2408648114124,10.26224523158089,27.024876364700777,26.899208742020015,0.995349927933624
20260910_100810,STILL_1P_NA1,55,304,313,STILL,NA1,1,P01,LAB01,0,0.0,12.004434851728092,5.496988410015547,16.747932607697386,7.494693887813883,19.045804010815836,17.388844817185383,35.19831178008924,27.712553490426586,40.67621152001237,24.880574971548302,109.0153469356098,7.002017674043447,13.487957476534786,13.203156353282699,0.9788847849092377
20260910_100810,STILL_1P_NA1,56,309,318,STILL,NA1,1,P01,LAB01,0,0.0,1.9737911341885592,0.060310411787213525,4.003207852965153,0.6164552765773491,11.601452255757621,11.761570780374791,18.303608376506208,17.351199889098073,28.15803780753459,21.401375868638603,92.26551841155222,4.991907727270645,8.494231750726838,1.974712330232255,0.23247686055460895
20260910_100810,STILL_1P_NA1,57,314,323,STILL,NA1,1,P01,LAB01,0,0.0,-23.253773490129333,-3.922415051961707,-25.971828300810916,-4.922880421608575,26.66162922902034,25.103176538159737,48.63682401535512,48.63682401535512,52.3332227835287,43.177592298673474,152.93503585550303,18.676642849899117,24.12840862344698,23.58226709563984,0.977365207281991
20260910_100810,STILL_1P_NA1,58,319,328,STILL,NA1,1,P01,LAB01,0,0.0,-19.26880447514702,-4.835733828715092,-24.821134609222735,-5.891451192996872,32.47865692595225,37.97686678911647,48.63682401535512,48.63682401535512,74.91246567649532,47.12016454287341,306.76227358008305,15.30682834713848,26.773475525479498,19.866332010807263,0.7420154320981257
20260910_100810,STILL_1P_NA1,59,324,333,STILL,NA1,1,P01,LAB01,0,0.0,6.808116493752891,2.3231265248541604,3.908913741862983,0.27415544461641617,17.144672247499873,12.560144530752218,44.05098887841968,26.790526071935993,59.03479177968195,12.724747319340292,306.76227358008305,9.906901105378717,10.459881288068111,7.193564279478646,0.6877290555567349
20260910_100810,STILL_1P_NA1,60,329,338,STILL,NA1,1,P01,LAB01,0,0.0,22.132368436660954,-1.541599182252412,26.06930285753841,-1.305703659513633,26.23004144876013,30.24580861435677,40.33294496113483,40.33294496113483,39.38826225714986,10.399330014182185,161.5232250671566,13.177817141801693,23.32751744395293,22.185992442413465,0.9510653028432146
20260910_100810,STILL_1P_NA1,61,334,343,STILL,NA1,1,P01,LAB01,0,0.0,11.155915148110466,-2.2097540578670305,16.087112976286395,-2.160729881244302,30.276970966580933,29.867260623619266,40.33294496113483,40.33294496113483,44.15361827746971,18.969646218901783,187.20158791045785,8.658878300834376,23.496864992694096,11.37266265164409,0.48400766039129917
20260910_100810,STILL_1P_NA1,62,339,348,STILL,NA1,1,P01,LAB01,0,0.0,-6.7566133740352825,7.673646183310666,-5.687930927483135,7.932918524748251,19.758791045872226,20.321645287116514,24.115600889740584,24.115600889740584,35.36528512571094,11.165909090043144,187.20158791045785,3.4103374187640814,14.256884537243277,10.224317582745108,0.717149497566324
20260910_100810,STILL_1P_NA1,63,344,353,STILL,NA1,1,P01,LAB01,0,0.0,-13.126214765464397,12.564338160106217,-17.618658093479432,15.594526947210065,28.630599974427355,26.380571583658764,43.41610287268295,43.41610287268295,46.961931121582424,22.374379921229888,166.09572457613055,11.913388644400854,22.605686373908163,18.170308403287954,0.803793704944098
20260910_100810,STILL_1P_NA1,64,349,358,STILL,NA1,1,P01,LAB01,0,0.0,4.8476622940895595,-0.7122350598501725,3.423371778893526,1.2728666790252732,42.45744665799211,43.41610287268295,49.539829197342236,49.539829197342236,46.46970916584171,0.0,166.09572457613055,6.159923364933415,35.049147673024756,4.899704939893568,0.13979526650984953
20260910_100810,STILL_1P_NA1,65,354,363,STILL,NA1,1,P01,LAB01,0,0.0,3.425170023799865,-15.443652153773655,5.566667897362376,-16.6049661286128,48.17192194049511,45.43624604518755,70.35322520439384,61.67231180156702,53.75855779355307,0.0,218.03586431643416,9.811213412615155,39.21967167607963,15.818918469310562,0.40334143028939834
20260910_100810,STILL_1P_NA1,66,359,368,STILL,NA1,1,P01,LAB01,0,0.0,-42.07163760823539,-15.530724980978448,-44.56849124795943,-20.582052576664854,57.709039012104725,59.638416326259886,70.35322520439384,70.35322520439384,57.34781238670796,34.71672850022586,218.03586431643416,11.690027810542526,46.491434573003446,44.8466956360608,0.9646227535878682
20260910_100810,STILL_1P_NA1,67,364,373,STILL,NA1,1,P01,LAB01,0,0.0,-26.566767044523317,-31.31187389698789,-37.56344946865619,-36.51709984254647,58.668854712320375,55.110623023313046,70.35322520439384,70.35322520439384,19.786767297615665,4.856224851718469,85.21427533208005,7.06158203247639,45.83393290144506,41.06368904687987,0.8959233137417542
20260910_100810,STILL_1P_NA1,68,369,378,STILL,NA1,1,P01,LAB01,0,0.0,-12.113630511332076,-33.48117487338595,-16.95305912169114,-41.79660037181487,47.78445822731679,52.75802127370857,53.62505165873438,52.84472431221115,29.237582307926665,21.512987875127052,75.75676728165041,7.749877254910342,37.610419190936156,35.60518382296778,0.9466840463067313
20260910_100810,STILL_1P_NA1,69,374,383,STILL,NA1,1,P01,LAB01,0,0.0,-18.91383475420116,-16.075866831957228,-21.312146477865355,-23.49465154019574,34.41317629064467,30.581205898121105,52.75802127370857,50.08331158093584,39.45889066646926,45.126095606609155,75.75676728165041,10.648346827557472,25.9895350259083,24.82270411353385,0.9551038173168059
20260910_100810,STILL_1P_NA1,70,379,388,STILL,NA1,1,P01,LAB01,0,0.0,-11.514306389809917,-3.147855882386466,-15.850574874797434,-4.484737225678984,19.31381793991579,16.158177831850146,30.581205898121105,30.363536994777498,21.930642043470414,12.726355122304472,67.63100643439077,7.756483289014821,14.110423537772306,11.93684415139498,0.8459593094028076
20260910_100810,STILL_1P_NA1,71,384,393,STILL,NA1,1,P01,LAB01,0,0.0,-5.426457300747643,14.404632545581535,-7.352788491582425,15.419372881030924,20.333899109742894,14.818348252708404,39.61577186733581,36.381195309718,37.9847487924601,33.27869157735476,91.44377513889437,10.232829387636594,16.373129509225766,15.392851510037515,0.9401288557183956
20260910_100810,STILL_1P_NA1,72,389,398,STILL,NA1,1,P01,LAB01,0,0.0,-11.828638003301876,32.453081634920636,-13.807914752243036,37.88287918615645,40.231096928970906,43.98287264525255,53.409859526359305,53.409859526359305,46.13502972850504,44.02658489935236,98.46679393738238,13.700557392960308,34.78803130352591,34.541557356552126,0.9929149785791758
20260910_100810,STILL_1P_NA1,73,394,403,STILL,NA1,1,P01,LAB01,0,0.0,-2.968240465674853,35.30999219983596,-5.175046017523497,44.13949523102809,50.37401590470678,52.16843383268761,53.409859526359305,53.409859526359305,30.342576677526807,10.362296046972855,98.46679393738238,3.138692611832068,40.57474536117652,35.43453118942801,0.8733149370133357
20260910_100810,STILL_1P_NA1,74,399,408,STILL,NA1,1,P01,LAB01,0,0.0,33.20055377899325,22.371513416829202,34.959694936063514,29.799854688153253,54.64674439654529,54.054780299511094,62.4981371511408,62.4981371511408,34.272326451959756,15.981642052934735,118.43097873187622,6.7457140684209715,44.1947242324653,40.034502417180015,0.905866098555058
20260910_100810,STILL_1P_NA1,75,404,413,STILL,NA1,1,P01,LAB01,0,0.0,30.092356941957178,8.088630415960779,39.71179422577241,11.870372266127044,47.888659446717405,54.657643601659515,62.4981371511408,62.4981371511408,55.881369751508146,22.16991533013295,316.1399202385341,16.497601978752453,35.55645772765013,31.16048600917778,0.8763664324454384
20260910_100810,STILL_1P_NA1,76,409,418,STILL,NA1,1,P01,LAB01,0,0.0,-14.164811723109324,-6.625031920926631,-10.848034143440639,-6.523168861590108,39.658958480119246,45.253186895768266,53.593814980051704,51.66278173268312,79.26274703718431,24.00003698305757,316.1399202385341,11.749540443899301,29.632536996160034,15.637549012055315,0.5277154978016808
20260910_100810,STILL_1P_NA1,77,414,423,STILL,NA1,1,P01,LAB01,0,0.0,-12.797749824721222,-10.272097492817466,-18.842718561143194,-13.312138460028024,33.0967549646055,36.92789310232208,48.133151618953804,48.133151618953804,88.78835936467172,56.50300483947745,278.97887264695305,13.337403463443012,24.97348039251187,16.410313448502404,0.6571095894756794
20260910_100810,STILL_1P_NA1,78,419,428,STILL,NA1,1,P01,LAB01,0,0.0,31.950578148227805,8.850027532999775,34.14976490380685,8.819554060478884,45.48651227036758,50.47634401860587,71.89555807722368,71.89555807722368,82.85169303259406,35.39759437398469,256.8798258476203,24.54716241936477,37.84811121752801,33.15361867641097,0.8759649454067618
20260910_100810,STILL_1P_NA1,79,424,433,STILL,NA1,1,P01,LAB01,0,0.0,58.28753219137195,19.147097585253505,71.5617447130704,22.83354963130204,74.62175277442451,71.89555807722368,85.64885701956668,85.64885701956668,67.82840704466523,11.274845467423495,256.8798258476203,7.750348753882357,61.78944439730083,61.35183579078495,0.9929177449193087
20260910_100810,STILL_1P_NA1,80,429,438,STILL,NA1,1,P01,LAB01,0,0.0,34.752484278103566,3.7946860324132103,45.80757745419558,6.744527410863777,51.9513329115754,58.44048090121358,85.64885701956668,85.64885701956668,99.38795222954472,65.81875398794591,301.6840057568889,29.758138997746727,40.624878265819504,34.95904468924212,0.8605329094279542
20260910_100810,STILL_1P_NA1,81,434,443,STILL,NA1,1,P01,LAB01,0,0.0,2.217710045334343,-3.924516762177518,6.709326200032189,-2.826043421435964,18.576752025520893,13.575063014974159,44.99925170872069,26.41642287745157,81.99515150974582,37.28919654850437,301.6840057568889,10.30208647501885,11.30650990068575,4.507778794682494,0.3986887938256785
20260910_100810,STILL_1P_NA1,82,439,448,STILL,NA1,1,P01,LAB01,0,0.0,20.9706753799569,-2.299958625681029,23.730865867924177,-2.8611120434844723,29.85398260324252,24.72266740744071,56.56145796500988,56.55671840207828,51.35651862259539,22.23938323982242,165.06328246578187,18.62431443019898,25.062160465028448,21.096422340562277,0.8417639161635753
20260910_100810,STILL_1P_NA1,83,444,453,STILL,NA1,1,P01,LAB01,0,0.0,64.80072280432819,-17.995121105626822,75.47734013617276,-20.402901378797285,78.61108872881545,69.32272403901081,125.84684645270526,124.51246915452266,115.70557137839339,91.57636030793351,285.95393089388443,35.20991565334897,67.58365080692259,67.25294089903842,0.9951066581349836
20260910_100810,STILL_1P_NA1,84,449,458,STILL,NA1,1,P01,LAB01,0,0.0,89.7537718038086,-33.54409546895977,108.81964636556916,-39.71809381238809,115.4421964748667,121.29732029853761,125.84684645270526,125.84684645270526,100.98386263402287,74.54179116475663,285.95393089388443,13.547389621508096,95.84248855154993,95.81725258971285,0.9997366933787043
20260910_100810,STILL_1P_NA1,85,454,463,STILL,NA1,1,P01,LAB01,0,0.0,68.66971287323486,-22.047618074673665,89.20289861131536,-29.61797681353953,96.07461587047139,91.77468273637548,125.84684645270526,125.84684645270526,70.91922472359491,9.72291549183622,383.7473374511837,24.638081985058665,72.47949800362218,72.12230534903327,0.9950718111407026
20260910_100810,STILL_1P_NA1,86,459,468,STILL,NA1,1,P01,LAB01,0,0.0,47.46281334432558,-27.95167289306255,60.216966269655096,-33.31552559286441,73.42206501667525,71.26290199636497,78.29913530628303,78.29913530628303,57.69302906473406,14.229976053090912,383.7473374511837,3.569794961693388,57.56331488629099,55.081890563769306,0.9568922615484633
20260910_100810,STILL_1P_NA1,87,464,473,STILL,NA1,1,P01,LAB01,0,0.0,15.254745110954673,-22.157685463588678,24.30512650668558,-29.20488405161114,63.37495946496081,68.71396653141326,78.29913530628303,78.29913530628303,68.20118770554332,19.799523937296264,291.0854589450715,14.495235021593437,45.95199189897346,26.90112030201576,0.5854179370756878
20260910_100810,STILL_1P_NA1,88,469,478,STILL,NA1,1,P01,LAB01,0,0.0,-36.76722872609946,30.901367028489858,-37.45281987794478,29.171691511746417,73.20925116268783,75.03434878040734,99.07017032037889,99.07017032037889,95.0591774476326,46.56695811660739,291.0854589450715,23.33393547328498,55.92364978166878,48.02836237502538,0.8588202408557498
20260910_100810,STILL_1P_NA1,89,474,483,STILL,NA1,1,P01,LAB01,0,0.0,-37.172367079812375,37.09567727128433,-47.82886274403444,47.20723417359723,75.11753160887133,87.24730348913573,99.07017032037889,99.07017032037889,107.10463583543472,63.40131123213779,417.892859279202,25.761885843651196,55.51194551707079,52.51546578420113,0.9460209923295123
20260910_100810,STILL_1P_NA1,90,479,488,STILL,NA1,1,P01,LAB01,0,0.0,3.389005409323545,5.013014156589634,-3.172102451773148,12.650708906523807,35.33302509161652,27.741141941112,99.07017032037889,65.67142079963791,100.6586620008731,38.63324371389512,417.892859279202,26.547080679749058,21.210580070547206,6.051088216064308,0.28528631446844716
20260910_100810,STILL_1P_NA1,91,484,493,STILL,NA1,1,P01,LAB01,0,0.0,-4.305631879548855,4.720125332888074,-0.4489329368741508,4.923153008754928,21.141030517049586,17.895837164411045,51.9232082388955,42.19322213484524,77.96311390758724,53.6158071089859,195.7394366486992,13.89634821834508,17.826794320499193,6.388900456288168,0.3583875115977253
20260910_100810,STILL_1P_NA1,92,489,498,STILL,NA1,1,P01,LAB01,0,0.0,-29.93966655545421,19.418871092257177,-34.419000610215036,21.270819806535748,39.9384341591425,45.172614874688435,59.382558835043014,59.382558835043014,84.0372376678499,98.72140577160305,176.80963779330523,18.579297349813555,36.25942987823754,35.685798126838705,0.9841797912067249
20260910_100810,STILL_1P_NA1,93,494,503,STILL,NA1,1,P01,LAB01,0,0.0,-31.850453941991987,19.641256220143077,-40.679527831201334,25.465266835084922,47.19307944860667,50.6641087634935,59.382558835043014,59.382558835043014,56.213582665264425,14.66974932478019,169.0840395337865,10.43555387487345,38.29230818320191,37.4196520857191,0.9772106686985866
20260910_100810,STILL_1P_NA1,94,499,508,STILL,NA1,1,P01,LAB01,0,0.0,-20.50732956108868,14.734968733045662,-24.76495160830962,19.184166788124333,34.678312005650284,34.43845912476482,52.09510034533867,52.09510034533867,67.92684985659488,22.292856263882907,202.73800308134966,13.989858364196916,28.634415952967576,25.25212603506752,0.8818802547446571
20260910_100810,STILL_1P_NA1,95,504,513,STILL,NA1,1,P01,LAB01,0,0.0,2.896414401648485,7.74133960806239,-2.7471755005359193,10.662559533704236,18.59534756632761,13.883207051241373,52.09510034533867,35.822030421009416,60.28100892733799,34.85153733983394,202.73800308134966,13.781337618332312,13.745352243801767,8.265443443242008,0.6013264190424199
20260910_100810,STILL_1P_NA1,96,509,518,STILL,NA1,1,P01,LAB01,0,0.0,-3.117747064865398,2.440110377217934,-4.403490211140722,2.5920141627274838,20.720625410748113,20.447496519765647,39.4774931170839,33.071688487669505,40.94725780169772,34.85153733983394,147.48726548388524,11.60059226875606,17.560820347568868,3.959101591710353,0.22545083392180218
20260910_100810,STILL_1P_NA1,97,514,523,STILL,NA1,1,P01,LAB01,0,0.0,-17.969096456548414,-19.024779405535355,-18.938149463855606,-20.797755092296264,41.313851656412695,39.916841754008544,58.16725965202569,58.16725965202569,69.7398029182186,30.070018538836532,210.17685366090222,11.967292797994936,32.159560661053426,26.16926936110412,0.8137321786487027
20260910_100810,STILL_1P_NA1,98,519,528,STILL,NA1,1,P01,LAB01,0,0.0,20.12587664667467,-1.7650251311938518,18.91906472757382,-6.988656690332556,57.38056975808704,58.16725965202569,75.9705167275483,73.94901131231953,81.03685504147798,35.11933137858118,210.17685366090222,12.799928333230966,44.50354545007354,20.203124127493517,0.4539666204832706
20260910_100810,STILL_1P_NA1,99,524,533,STILL,NA1,1,P01,LAB01,0,0.0,51.239783161804326,29.016714538738597,61.5446828785565,33.39656311991479,69.63681567130334,74.16877888614928,77.09136347946473,77.09136347946473,45.900164524206026,21.600142644852113,207.91220644344273,11.038909679681767,58.921192346536735,58.885355574127004,0.9993917846706333
20260910_100810,STILL_1P_NA1,100,529,538,STILL,NA1,1,P01,LAB01,0,0.0,25.887971502967503,33.262191872260246,36.082902010140536,41.124201764203384,63.298562532061354,65.03049607511319,77.09136347946473,77.09136347946473,33.90182080480675,15.988359716916245,178.8252904496121,12.5355953424025,48.74637067838644,42.14926424844819,0.8646646645046884
20260910_100810,STILL_1P_NA1,101,534,543,STILL,NA1,1,P01,LAB01,0,0.0,-17.899997311483958,10.334477189633617,-16.067376273407188,15.65535746539212,45.874751015620475,46.38140625930715,57.0507751393799,52.808713938344525,39.84736823105543,28.423989310069217,178.8252904496121,5.927170595941242,34.75466093213439,20.669090994385567,0.5947142178928521
20260910_100810,STILL_1P_NA1,102,539,548,STILL,NA1,1,P01,LAB01,0,0.0,-32.99908740680405,-9.492621550259173,-41.15946114505724,-10.306686606377024,43.58831141334734,40.75664349451016,54.81068037848086,54.81068037848086,31.269983055615093,18.240901397821766,114.80841341290098,6.415076597125544,34.709527983906355,34.33729217015137,0.989275687818988
20260910_100810,STILL_1P_NA1,103,544,553,STILL,NA1,1,P01,LAB01,0,0.0,-34.54279036266712,1.6436562708563542,-41.33595574339349,0.8006249627365059,43.208016388076814,42.277964907663346,54.81068037848086,54.81068037848086,50.60530631000067,60.57016846572813,114.87996272134514,9.271513341210511,36.163394234590406,34.581873459601546,0.9562673579606604
20260910_100810,STILL_1P_NA1,104,549,558,STILL,NA1,1,P01,LAB01,0,0.0,-11.50104976941418,7.122037521179664,-19.081748220465204,7.248755685937387,24.192064038562158,21.346067561843267,54.81068037848086,45.591011946272076,54.09142992034644,60.57016846572813,128.66832585645025,17.316958311635897,16.69618157071073,13.52765923031893,0.8102247315068626
20260910_100810,STILL_1P_NA1,105,554,563,STILL,NA1,1,P01,LAB01,0,0.0,-3.1550203975109525,4.2597014616721935,-4.97700887180209,5.426756881285945,13.566516454977323,10.556600222025963,37.92338271417788,24.179874106927024,58.13530555769368,28.919964161649503,172.01618851428884,9.46611223954838,10.184319735078669,5.300868820418252,0.520493165798796
20260910_100810,STILL_1P_NA1,106,559,568,STILL,NA1,1,P01,LAB01,0,0.0,-38.99757562139155,-10.599915207872073,-42.92151507420979,-11.653653529386151,48.578691592204905,43.02933034658111,91.56852000412977,91.56852000412977,95.4936715876622,72.33215924577864,247.95009805363256,33.18780145476258,43.408137986924075,40.41248701528068,0.93098872445195
20260910_100810,STILL_1P_NA1,107,564,573,STILL,NA1,1,P01,LAB01,0,0.0,-59.49838526412293,-21.24963791164828,-71.66257210157607,-24.34935653495799,74.94224154100161,77.2964711223656,91.56852000412977,91.56852000412977,99.13756842055146,97.62732028994816,247.95009805363256,14.3536905421745,63.925694135608374,63.179149728483694,0.9883216847744977
20260910_100810,STILL_1P_NA1,108,569,578,STILL,NA1,1,P01,LAB01,0,0.0,-34.37318904996016,-7.788670877853292,-45.925149450969435,-12.290791027671407,49.479954147775324,49.270172167351674,81.1599341864172,77.83692134597663,80.24595155643736,70.86692258976892,175.76240430414282,23.560125311526836,36.433135614142344,35.244567233941474,0.9673767201157536
20260910_100810,STILL_1P_NA1,109,574,583,STILL,NA1,1,P01,LAB01,0,0.0,10.160601099397809,-8.889624992578774,7.309792275247418,-9.40990110295301,32.41201131563012,27.88328191365175,47.530255110704886,47.530255110704886,72.16421035523555,46.70115956403103,269.4488716590191,11.600001433003591,27.18203123009279,13.500490628483291,0.49666967542650436
20260910_100810,STILL_1P_NA1,110,579,588,STILL,NA1,1,P01,LAB01,0,0.0,29.716415644999643,1.3916629586346971,33.52428620777449,0.3664234522113922,36.09834589801577,33.33942342959778,47.530255110704886,47.530255110704886,50.3370692670599,9.686665321387855,269.4488716590191,10.08961607245023,33.45317570850825,29.748984597407947,0.889272362559044
20260910_100810,STILL_1P_NA1,111,584,593,STILL,NA1,1,P01,LAB01,0,0.0,8.54485816064971,9.778141160906216,14.344924107011227,10.927275558460092,26.66001373349104,28.978381377161583,47.45241728453514,36.139015727343356,36.085494062938906,20.537957792753772,141.02230445666,10.046245960976597,17.73712609608311,12.985632273718146,0.7321159134447245
20260910_100810,STILL_1P_NA1,112,589,598,STILL,NA1,1,P01,LAB01,0,0.0,-16.771275618424397,-1.2493342606071565,-17.876389446646122,1.195952402130372,25.9232267582398,23.50520453896446,41.92739588243781,41.92739588243781,46.34238230508559,41.8252944586108,117.25647851987796,10.21279573141694,20.776316369165478,16.817744259081937,0.8094670855148061
20260910_100810,STILL_1P_NA1,113,594,603,STILL,NA1,1,P01,LAB01,0,0.0,-20.40200007443491,-3.402380645507037,-24.382466872543265,-5.3468296584873105,25.977566362205202,25.134927109317807,41.92739588243781,41.92739588243781,67.16041403195098,58.348999552759935,197.07836469143288,13.360992760962246,22.877725073127664,20.683756938577744,0.9041002491490305
20260910_100810,STILL_1P_NA1,114,599,608,STILL,NA1,1,P01,LAB01,0,0.0,-16.256224629261624,-0.8344669115667784,-22.426937226213493,-1.5007570249167435,24.104515465119334,28.284649245328055,41.92739588243781,35.51329567296941,66.58386619361958,14.71591250387223,228.55962448397923,12.579401600649394,18.776879446656526,16.277628028171428,0.866897402969154
20260910_100810,STILL_1P_NA1,115,604,613,STILL,NA1,1,P01,LAB01,0,0.0,-15.029473253522724,1.4500463365629912,-18.081620243278962,1.5838413105385694,22.743766409509455,23.6624698446111,34.800617871917375,34.800617871917375,72.46639877939603,32.110888922408186,228.55962448397923,10.458315639140741,19.860153666512982,15.09926159308907,0.7602791925295398
20260910_100810,STILL_1P_NA1,116,609,618,STILL,NA1,1,P01,LAB01,0,0.0,28.029167746025223,9.290212204512954,29.274279300012335,10.003434022626662,39.90685776045896,36.353393554943416,72.18152632629966,72.18152632629966,96.52894387829073,114.2969100805464,261.086326505598,25.400272868425308,33.50087419406264,29.528668905653404,0.8814298019389228
20260910_100810,STILL_1P_NA1,117,614,623,STILL,NA1,1,P01,LAB01,0,0.0,43.3076593062267,20.9917008625157,53.41793713013188,24.169066966858743,58.86591113806229,61.481463262328234,72.18152632629966,72.18152632629966,88.88090523597188,98.50467575511956,261.086326505598,12.107433889939783,48.93384991529902,48.12696603449615,0.9835107214699124
20260910_100810,STILL_1P_NA1,118,619,628,STILL,NA1,1,P01,LAB01,0,0.0,24.21228179587081,7.8673498713583285,34.00942412572787,11.605409572877116,43.999229258821245,41.41061642534205,72.18152632629966,64.36195296331957,61.606548821282004,52.840228572135445,140.5349986855899,13.74229765667399,31.686423955256334,25.45839318890764,0.8034479758541654
20260910_100810,STILL_1P_NA1,119,624,633,STILL,NA1,1,P01,LAB01,0,0.0,6.563286170260653,-21.881676582566797,9.161882099714386,-22.235249671840485,37.81957872358473,41.064681071536256,42.07363924487538,41.57093465202329,27.703501944088988,0.0,135.61785996025006,5.479589043500818,30.44108211342074,22.844791428612055,0.7504592426607705
20260910_100810,STILL_1P_NA1,120,629,638,STILL,NA1,1,P01,LAB01,0,0.0,-22.053272746245398,-17.516749169803006,-22.789828845875856,-24.14080987354442,42.9470820935968,42.07363924487538,47.3747298637159,46.91429035186746,7.599157472205015,3.13683813090766,30.08204452403057,2.264634647748163,33.8821321066332,28.16351079496454,0.8312201459556582
20260910_100810,STILL_1P_NA1,121,634,643,STILL,NA1,1,P01,LAB01,0,0.0,-37.15272649930375,-1.3402066717198977,-45.14497619849756,-4.349229590702449,48.12203711486558,49.540596057690216,51.70646225166453,51.70646225166453,10.837316339346284,0.612216688241293,48.7533189414586,3.9201272000425633,38.03898625463653,37.17689121288909,0.9773365400440356
20260910_100810,STILL_1P_NA1,122,639,648,STILL,NA1,1,P01,LAB01,0,0.0,-35.166008525033135,-9.42451573617609,-44.8969464468324,-9.734214829975265,47.33764387162114,49.83929101324681,51.70646225166453,51.70646225166453,29.82418963924541,0.0,133.97762780666693,6.702808276718423,37.84409608464698,36.407000047300436,0.9620258855137629
20260910_100810,STILL_1P_NA1,123,644,653,STILL,NA1,1,P01,LAB01,0,0.0,-18.172339938526534,-3.5419667878850305,-25.30450528461798,-6.478017563539635,29.15533648081639,23.636235184009692,47.97211977482908,47.97211977482908,46.598894018918436,26.55702208326136,163.265076635122,14.74631870485614,21.87720075500599,18.514304404104603,0.8462830602250664
20260910_100810,STILL_1P_NA1,124,649,658,STILL,NA1,1,P01,LAB01,0,0.0,18.11656074600137,-1.2143435858042722,18.887601736277592,-1.0354973842071682,35.01134767936682,17.865945624667987,101.49037517658101,84.33383567776403,115.76947301834142,26.61764305153339,379.5934615213175,30.770017857936743,28.77706540462116,18.15721354194915,0.6309612633063474
20260910_100810,STILL_1P_NA1,125,654,663,STILL,NA1,1,P01,LAB01,0,0.0,65.47564193408277,-10.96532946031357,72.81492958957435,-12.160584597062165,75.81738537050613,88.08358044294985,107.4957805295256,107.4957805295256,144.69089555931714,110.99699795392289,379.5934615213175,33.4805909780656,66.45876114070487,66.38748479083569,0.9989275101033215
20260910_100810,STILL_1P_NA1,126,659,668,STILL,NA1,1,P01,LAB01,0,0.0,19.077495162697232,-6.562262522283618,32.214252759651444,-9.83511838349925,77.7568395339343,79.53525691206167,107.4957805295256,107.4957805295256,124.74603860460472,110.99699795392289,314.16870160993767,25.302705813452057,55.87700214060919,20.174590729283814,0.3610535632981233
20260910_100810,STILL_1P_NA1,127,664,673,STILL,NA1,1,P01,LAB01,0,0.0,-62.597997058923966,-15.711286918339738,-66.3032818126618,-17.56452133375447,81.03937196232602,89.34009756714822,109.39652749801084,109.39652749801084,119.16288485009913,128.1741164906419,314.16870160993767,26.252849511001322,64.9285882303626,64.53955200045509,0.99400824443422
20260910_100810,STILL_1P_NA1,128,669,678,STILL,NA1,1,P01,LAB01,0,0.0,-50.712055663124715,-11.48283026680383,-66.49169663016525,-15.060100976213922,69.66731328495752,81.4288410153759,109.39652749801084,109.39652749801084,127.9253696209532,128.1741164906419,283.73754667641276,37.04602236046052,53.117277395765264,51.995845800564545,0.9788876303496286
20260910_100810,STILL_1P_NA1,129,674,683,STILL,NA1,1,P01,LAB01,0,0.0,-11.657035713540154,1.799836406796203,-20.0725499656523,0.7890207248024967,26.556273580101305,20.27176980045497,70.76587671555886,48.07246261111705,98.8414557792893,39.707324478811756,283.73754667641276,17.16104165967168,16.374989885835006,11.795163954688364,0.7203158009209907
20260910_100810,STILL_1P_NA1,130,679,688,STILL,NA1,1,P01,LAB01,0,0.0,42.46265007462887,25.65793051843366,45.76272769046172,27.631195319220495,65.38070557308588,38.61529888253763,159.64251074433838,148.75259283748457,166.17819481950067,129.4046923798169,456.1603748171847,56.00777154454582,55.76300610775903,49.61255939627735,0.8897038172655851
20260910_100810,STILL_1P_NA1,131,684,693,STILL,NA1,1,P01,LAB01,0,0.0,109.44771866692474,47.90149937374417,126.17951182991337,57.824315662193975,139.37589126507254,160.39753731021392,167.1539076886474,167.1539076886474,165.44529495700186,110.1889369550251,456.1603748171847,38.595627750104406,119.69829340316355,119.47115452546326,0.9981024050448636
20260910_100810,STILL_1P_NA1,132,689,698,STILL,NA1,1,P01,LAB01,0,0.0,87.2667540021871,31.024416689680038,113.48073729698449,41.27462145765945,120.7457209185875,144.739966506324,167.1539076886474,167.1539076886474,167.09384273077188,120.63320730295169,377.03464273212546,50.758690921762835,92.80832239232534,92.61749718607783,0.9979438782931466
20260910_100810,STILL_1P_NA1,133,694,703,STILL,NA1,1,P01,LAB01,0,0.0,28.872284654292002,0.5707749206130757,44.589721384063395,4.85386153721619,49.18672293733862,25.961857371992227,128.32736913655853,98.17473994987819,159.0137129852035,113.91248183724784,377.03464273212546,36.390400625808546,31.388944481764113,28.877925915281146,0.9200030900069996
20260910_100810,STILL_1P_NA1,134,699,708,STILL,NA1,1,P01,LAB01,0,0.0,-2.7771065043293675,-7.518903521062384,-3.023453514298659,-9.001038691885693,24.3394521233708,22.80137932939889,31.89786813837115,30.80558117663319,20.887356923659578,0.0,124.32525017288941,5.032772658361475,19.408228506672515,8.015374644733258,0.4129884724913243
20260910_100810,STILL_1P_NA1,135,704,713,STILL,NA1,1,P01,LAB01,0,0.0,-28.332182564160007,-4.2874553890769675,-31.774596084298913,-5.451931473228009,33.950414139195104,33.55304751413471,45.512705004947456,45.512705004947456,40.645349275997546,6.817351479063453,124.32525017288941,9.161337011671295,29.240273608251528,28.65475253011649,0.9799755267006186
20260910_101021,STILL_1P_NA,0,29,38,STILL,NAN,1,P01,LAB01,0,0.0,30.007312548291907,46.27178725971385,35.52874409199275,61.52237827203735,68.5312659651114,74.03576627319686,118.44587406986147,118.44587406986147,193.4714826039012,217.51708758540462,462.09177973545405,42.553180679466934,56.24460176280377,55.14995106597189,0.9805376753941958
20260910_101021,STILL_1P_NA,1,34,43,STILL,NAN,1,P01,LAB01,0,0.0,2.5780597181228586,12.946372095943843,6.8267753352936795,19.769698074908693,22.042507216273087,14.917548078802923,65.27019005228257,44.25987494905742,99.23007161070244,63.78613997078779,262.9214388910809,17.251541800001174,13.426694463056736,13.200565986231087,0.983158291309314
20260910_101021,STILL_1P_NA,2,39,48,STILL,NAN,1,P01,LAB01,0,0.0,-0.008167960337232216,14.431179479568755,-0.018695769763164803,16.78425913312904,20.609681125973296,25.07836024542317,27.152245705465834,27.152245705465834,20.690009157011296,0.0,74.49908971675625,7.5505985637151065,17.02089918773116,14.431181791076655,0.8478507293832513
20260910_101021,STILL_1P_NA,3,44,53,STILL,NAN,1,P01,LAB01,0,0.0,-11.922879595780614,-4.167044086716487,-12.248533121219065,-1.6580499358145733,30.09204506766674,27.214013083663502,39.779668437854966,35.41801037480348,18.8435717215127,6.316268644992041,54.34884755774205,4.1640103714176755,23.461612427738363,12.630095576681933,0.5383302454416787
20260910_101021,STILL_1P_NA,4,49,58,STILL,NAN,1,P01,LAB01,0,0.0,-19.596790229298676,-22.102696343778007,-24.37993816114299,-26.216346093172444,35.79505207632139,35.56280958618377,43.215171880157435,43.215171880157435,36.290293284886275,35.307820522903796,103.64714558729919,6.071628544043709,30.147705161978656,29.539183688050585,0.9798153301998084
20260910_101021,STILL_1P_NA,5,54,63,STILL,NAN,1,P01,LAB01,0,0.0,-15.66553657331474,-11.28785888549055,-20.424248455796054,-16.1710337743585,27.77535590094168,22.327145072043578,43.215171880157435,43.215171880157435,36.033196289726284,15.160325492155419,104.09153750375987,11.707075740924372,21.194280676990726,19.30867148067442,0.9110321682979602
20260910_101021,STILL_1P_NA,6,59,68,STILL,NAN,1,P01,LAB01,0,0.0,-5.524658459661396,-11.424295309115678,-7.900637885650967,-12.513910029517403,19.44916944200089,19.55557352331953,22.209625447431865,22.209625447431865,18.98061742651931,4.884939324846866,104.09153750375987,2.516128416795964,15.234405208553374,12.690010811886282,0.8329836733475791
20260910_101021,STILL_1P_NA,7,64,73,STILL,NAN,1,P01,LAB01,0,0.0,-0.5327025042072364,-14.244174961939962,-0.5986248330036709,-18.150645184795515,18.410075992357765,20.412422889945653,22.209625447431865,22.209625447431865,17.441450321737804,10.991685726368235,57.90664177818783,4.235808768917811,14.469007590964056,14.254132464108293,0.9851492837013954
20260910_101021,STILL_1P_NA,8,69,78,STILL,NAN,1,P01,LAB01,0,0.0,2.177626652845447,-6.121210141919846,1.9446888814223393,-9.25203973625695,11.269743032081205,9.839884211596885,19.414443375172443,18.563189981529295,17.326641864357875,11.96897085384387,57.90664177818783,4.367372933952833,7.780152880303409,6.497020197038427,0.835076160712289
20260910_101021,STILL_1P_NA,9,74,83,STILL,NAN,1,P01,LAB01,0,0.0,-8.606534208495418,-6.34511577413241,-8.684208225964868,-7.644550725610287,15.689762998542514,12.309109252576167,30.535983652584953,28.63948617981328,30.50153522170737,26.924450106920926,93.48670132036058,8.940066913698502,12.771046544895006,10.692657540066724,0.8372577378430212
20260910_101021,STILL_1P_NA,10,79,88,STILL,NAN,1,P01,LAB01,0,0.0,-18.682793408085786,-0.7068375222265786,-22.180134353433512,-1.880204845401304,27.158644311375998,30.535983652584953,30.670982939697232,30.54948358129618,25.71146860763891,12.61021594700745,93.48670132036058,5.134714137375771,23.07842825870178,18.696159734342267,0.8101140825000868
20260910_101021,STILL_1P_NA,11,84,93,STILL,NAN,1,P01,LAB01,0,0.0,-0.04712762902124723,19.04126661745636,-3.4918928889130982,20.021377350936476,33.846051435271455,32.778646691092476,40.43684125860664,37.52527832700873,11.10388297282439,0.7615203812827459,47.124431284060115,3.527370850712722,26.867525937490324,19.041324938419464,0.7087115122814356
20260910_101021,STILL_1P_NA,12,89,98,STILL,NAN,1,P01,LAB01,0,0.0,15.766872762886806,24.311687189436043,18.004885560864476,30.797427464323146,42.45781654069034,42.071980318639696,53.90560523410382,53.90560523410382,26.05411662524988,13.036635304964882,114.1293641986937,6.5221514409709895,32.49781944805746,28.976756387112246,0.8916523286562943
20260910_101021,STILL_1P_NA,13,94,103,STILL,NAN,1,P01,LAB01,0,0.0,-11.397062659765425,-37.41508960261649,-10.693872120033404,-38.230497548735,75.87076938772161,53.90560523410382,122.11445114492824,122.11445114492824,91.78517485100772,0.0,513.4155032242628,33.94984326834224,66.0986791009079,39.11242727372516,0.5917278197649781
20260910_101021,STILL_1P_NA,14,99,108,STILL,NAN,1,P01,LAB01,0,0.0,-21.96824737066629,-65.15866839494493,-25.588001851978504,-78.53874443389442,81.07561319461824,78.9170909524081,122.11445114492824,122.11445114492824,164.03479387779362,113.09153221372064,513.4155032242628,32.542302944907696,69.5914194451577,68.76231496642025,0.9880861105385149
20260910_101021,STILL_1P_NA,15,104,113,STILL,NAN,1,P01,LAB01,0,0.0,21.417240165313615,-23.72612327011393,20.86422210865531,-35.43621536163327,57.527329236583796,58.24488411428801,93.24018834478822,67.45861303850398,103.38273432070847,38.95586171766088,324.2477574412119,13.771270490950174,41.97418073503787,31.962901960356547,0.7614895967147627
20260910_101021,STILL_1P_NA,16,109,118,STILL,NAN,1,P01,LAB01,0,0.0,27.453276360218524,-0.7353514022906893,34.177721512556715,-4.623621571557176,43.077492102889615,51.56899202648811,58.63617977870469,58.63617977870469,59.82372905996679,38.26048194768799,200.46659438881892,16.72984994567901,32.49474588704145,27.463122994215066,0.8451558011772932
20260910_101021,STILL_1P_NA,17,114,123,STILL,NAN,1,P01,LAB01,0,0.0,16.695863543629457,6.586489428684217,23.60400366876537,9.463644988286484,30.263409131161175,32.96624746804243,52.60782614631583,36.56353968442208,64.81503993801563,25.499087594899855,200.46659438881892,10.043143969208954,20.119189975510356,17.948083531721824,0.8920877805502476
20260910_101021,STILL_1P_NA,18,119,128,STILL,NAN,1,P01,LAB01,0,0.0,11.889179769595444,5.339174818576566,15.35293246586983,6.582252218134509,23.629226271367095,23.025358849588287,34.78084118865612,34.78084118865612,42.900277746343775,14.038322625172295,159.22070924309384,9.16446386864582,19.584474017524062,13.03301129198773,0.6654767077392977
20260910_101021,STILL_1P_NA,19,124,133,STILL,NAN,1,P01,LAB01,0,0.0,-3.1206739924398335,-2.3263630512772124,-1.8108365586011854,-0.7182642025649102,15.602973167720402,14.86204412002444,25.415999643932402,16.39308015825475,22.474189357323787,0.01901416616848892,136.37695777512522,3.378812437376018,10.078771045456813,3.8923734678776896,0.3861952464563868
20260910_101021,STILL_1P_NA,20,129,138,STILL,NAN,1,P01,LAB01,0,0.0,-7.402708565211128,1.0921386511258788,-8.159561433881018,-0.501529694169838,14.75127001402808,15.124597847539865,15.390533548735016,15.390533548735016,2.5907881650717357,0.0,19.94988110802367,0.7705676437343538,10.654463072091097,7.482837759482244,0.7023195546177463
20260910_101021,STILL_1P_NA,21,134,143,STILL,NAN,1,P01,LAB01,0,0.0,3.562264102717677,5.183091073809919,2.004493544663991,7.181687425998024,18.34781811755412,15.390533548735016,28.00816434708368,25.59792614127892,18.15845821731492,7.113775810058842,77.85279875877471,5.127423105449183,13.986811121858803,6.289209697324382,0.44965286529790255
20260910_101021,STILL_1P_NA,22,139,148,STILL,NAN,1,P01,LAB01,0,0.0,-1.7931919607841564,25.429929823146267,-0.577626745482128,28.203581849143326,35.266623598208255,28.33549991504185,53.67569005041017,53.67569005041017,47.915199301266234,21.468515876122552,281.4702590154684,14.968135007752352,30.57714356383258,25.493074907087312,0.833729771188999
20260910_101021,STILL_1P_NA,23,144,153,STILL,NAN,1,P01,LAB01,0,0.0,-13.147807382092196,29.289849979320707,-15.5067712965569,35.69208884602627,38.01909244889688,42.422297971932736,53.67569005041017,53.67569005041017,75.14392869435014,40.02419781325957,281.4702590154684,15.380194353222771,32.25531044911306,32.105453598535426,0.9953540409783358
20260910_101021,STILL_1P_NA,24,149,158,STILL,NAN,1,P01,LAB01,0,0.0,-4.114451514474695,5.24170289636595,-6.517137266297939,10.20610877498603,21.135364745607035,14.892565531316128,47.131067488745245,38.65528235848272,62.44004628777444,40.02419781325957,127.20744002016157,12.082263521347272,14.151618086217871,6.663644687311464,0.4708751074763052
20260910_101021,STILL_1P_NA,25,154,163,STILL,NAN,1,P01,LAB01,0,0.0,-6.330712826926174,-12.613477939531094,-7.13809419140496,-13.269740834077249,20.99753419313692,24.89620120148831,28.466676476721883,28.466676476721883,23.053822027999338,13.702551435271996,120.28331146820287,7.71059029806158,17.85355661470478,14.113034777397992,0.7904887010453722
20260910_101021,STILL_1P_NA,26,159,168,STILL,NAN,1,P01,LAB01,0,0.0,-10.064877299264936,-12.810705020188152,-12.497592394928152,-17.59377560980427,22.662753355758873,26.699398175863816,28.466676476721883,28.466676476721883,30.576968624679967,19.87005298815607,98.19020261400122,8.084886453377957,17.300539701226313,16.291590412342575,0.9416810512095053
20260910_101021,STILL_1P_NA,27,164,173,STILL,NAN,1,P01,LAB01,0,0.0,-6.342717027211165,-7.271620968456546,-9.371937959227068,-10.094578251108771,14.821048999888111,16.651183001826094,28.466676476721883,25.97148187200965,39.90096850198354,15.566926353357577,133.29975117124926,8.07935940495017,11.217375436645847,9.649172544636734,0.8601987692338461
20260910_101021,STILL_1P_NA,28,169,178,STILL,NAN,1,P01,LAB01,0,0.0,-2.0323876353703554,-6.099249363825265,-1.8516845224199727,-6.64583540898727,11.918992535347309,10.848491497202598,16.651183001826094,16.651183001826094,19.891778669157127,0.0,133.29975117124926,4.382091001746608,10.10934364985101,6.428953437576696,0.6359417248291332
20260910_101021,STILL_1P_NA,29,174,183,STILL,NAN,1,P01,LAB01,0,0.0,8.088408968031445,-4.265155810638134,8.55720488814095,-6.328754337415437,14.510249061308969,13.907851106944513,19.35747300180723,19.35747300180723,16.163472506792168,4.212224724389206,60.68098691353151,3.6130305146096364,11.136660761731715,9.144064398458255,0.8210777533854217
20260910_101021,STILL_1P_NA,30,179,188,STILL,NAN,1,P01,LAB01,0,0.0,14.44453550967728,0.03002828237504218,16.922769717057875,-1.3641191982625291,19.954777999226497,19.35747300180723,27.41846916965626,27.41846916965626,18.640350508193535,5.408229289910572,83.98771204777226,4.383328697713962,16.571940604141453,14.444566722060937,0.8716279563813505
20260910_101021,STILL_1P_NA,31,184,193,STILL,NAN,1,P01,LAB01,0,0.0,12.483596538435904,-2.800096784047355,16.00032530855814,-2.8638686184074067,21.575737354573544,19.928528996948152,27.41846916965626,27.41846916965626,22.885001956881943,6.540038663736405,100.74405999707416,4.714761295614391,18.132449447270048,12.793776789301948,0.7055735534521581
20260910_101021,STILL_1P_NA,32,189,198,STILL,NAN,1,P01,LAB01,0,0.0,-1.984237184517042,-0.2297472922621182,1.581928335247097,-0.7805330602341745,18.084843954094488,16.64327896721357,27.41846916965626,26.054896151840037,25.070441215879118,15.519085098250095,100.74405999707416,4.984811178569811,12.900387286933025,1.9974936852771006,0.1548398230881323
20260910_101021,STILL_1P_NA,33,194,203,STILL,NAN,1,P01,LAB01,0,0.0,1.8183076947029804,11.008637012066629,0.7735511474109733,12.084475283920057,17.199999006179723,17.074782657686846,22.945465723654785,21.091532330158724,22.60111421998023,20.63417637777919,70.37542248841186,3.6416256972909133,13.395271284649388,11.157792422162162,0.8329650206449111
20260910_101021,STILL_1P_NA,34,199,208,STILL,NAN,1,P01,LAB01,0,0.0,7.7688918496529595,4.031447769413035,9.62056376692349,6.245445271018985,14.769332481760605,14.184282354674,22.945465723654785,21.091532330158724,16.46303633917153,16.834496288392184,49.43764217969695,4.525581668092501,11.513970946307724,8.752613991780372,0.7601733609191659
20260910_101021,STILL_1P_NA,35,204,213,STILL,NAN,1,P01,LAB01,0,0.0,-0.308484637020797,-3.1706642697970437,0.8686120199168539,-4.13748212437458,14.032505551215237,15.07677549301995,17.692586422169146,17.692586422169146,13.316630274000582,0.6630112033603862,70.70881709496166,3.2111902337218705,10.996397550139,3.1856356795850767,0.2896981184119529
20260910_101021,STILL_1P_NA,36,209,218,STILL,NAN,1,P01,LAB01,0,0.0,3.8794380667707173,-1.0375354527268428,2.6744675956017874,-1.2437472004027168,18.383250313537772,18.24450643756608,20.250154934444556,20.250154934444556,12.739252159229322,0.6630112033603862,70.70881709496166,1.4229300306075252,14.237209491445913,4.015783800153441,0.2820625630722248
20260910_101021,STILL_1P_NA,37,214,223,STILL,NAN,1,P01,LAB01,0,0.0,-6.4534824380859845,-4.266576140890493,-5.557719269727198,-5.897697061332618,21.960839297877378,20.250154934444556,27.181280856209618,27.181280856209618,13.919328216128722,0.0,70.16266059915596,3.487868168459699,19.74925554346172,7.736349755840944,0.3917286775096783
20260910_101021,STILL_1P_NA,38,219,228,STILL,NAN,1,P01,LAB01,0,0.0,-14.581740892151402,-7.792654017212499,-18.21603944358116,-9.188456377771578,19.626751879397755,17.279269054201123,27.181280856209618,27.181280856209618,24.92404213604198,5.481281152360377,130.7622798414501,5.310703582619976,18.059787987481972,16.533379088311573,0.91548024261257
20260910_101021,STILL_1P_NA,39,224,233,STILL,NAN,1,P01,LAB01,0,0.0,-0.12257791283411734,7.5118753474957884,-0.8169426300715902,7.050350735160738,17.505055150880686,16.9905097524944,21.37852954362867,21.37852954362867,21.823412638339278,12.185753763095189,130.7622798414501,2.6752302088478235,16.549589887843982,7.512875387029239,0.45396142369350206
20260910_101021,STILL_1P_NA,40,229,238,STILL,NAN,1,P01,LAB01,0,0.0,11.455817712190765,9.784503354187109,11.515518721930272,12.209549110425206,17.952016519909023,19.421486929180592,21.37852954362867,21.37852954362867,23.00459121416148,7.393559776697654,95.42456932722357,3.4328448376593594,16.247515973623585,15.065598738285923,0.927255511719059
20260910_101021,STILL_1P_NA,41,234,243,STILL,NAN,1,P01,LAB01,0,0.0,12.010236539316338,2.13053143871457,15.45610816792049,3.2523784872051125,18.404011997129867,20.432728086217683,21.37852954362867,21.28292245002884,20.665243684361577,0.6438245536841888,95.42456932722357,3.6457705239552762,14.616580743410674,12.197743477450263,0.8345141515363741
20260910_101021,STILL_1P_NA,42,239,248,STILL,NAN,1,P01,LAB01,0,0.0,10.873223048560249,-1.424619559539451,13.908985114944517,-0.3335757561129933,17.880985548961412,18.428380999388224,21.272299439628856,21.272299439628856,31.945158192331995,9.440162747774862,125.36895550552364,4.382646344457731,13.786003478405078,10.966153398214171,0.7954555803929668
20260910_101021,STILL_1P_NA,43,244,253,STILL,NAN,1,P01,LAB01,0,0.0,-9.057735435821996,-2.44183508441256,-9.30377520928825,-4.207268095489419,23.121293104015262,18.528336014957684,37.7751962192804,37.7751962192804,51.179802076132944,30.51431199421826,158.08328249052775,10.46615412385276,18.15580336005476,9.381104935177603,0.5167000737525782
20260910_101021,STILL_1P_NA,44,249,258,STILL,NAN,1,P01,LAB01,0,0.0,-25.073637113491486,-10.980166023124184,-28.205203407602227,-11.74281662851875,31.8992894599625,32.40435125850691,37.7751962192804,37.7751962192804,29.237886287490532,0.0,158.08328249052775,5.614839371075662,27.764383840694748,27.37245557114722,0.9858837757107697
20260910_101021,STILL_1P_NA,45,254,263,STILL,NAN,1,P01,LAB01,0,0.0,1.1578518922563035,1.986080692742462,-0.8538745680632047,0.6705348022036018,37.67542701034539,35.27911768000877,48.521146880390404,48.521146880390404,24.145874436401396,0.0,80.19383757524123,6.232016948177319,29.428125492685396,2.2989426966511974,0.07812059579610732
20260910_101021,STILL_1P_NA,46,259,268,STILL,NAN,1,P01,LAB01,0,0.0,26.132033844572334,6.8091021433281185,27.403340522884527,8.423912483787037,35.87825569961245,38.83289831952655,48.521146880390404,48.521146880390404,60.77248991267315,62.956025632434105,150.42977528220797,12.68285012652076,28.319167939038945,27.00457488745471,0.9535793899589816
20260910_101021,STILL_1P_NA,47,264,273,STILL,NAN,1,P01,LAB01,0,0.0,9.921488513204054,-0.805110636842528,15.973450886062551,-0.3413711934122546,18.27699892447637,10.473546640240984,48.521146880390404,40.41283597182728,47.953826438339384,25.225002561820045,150.42977528220797,14.550399560167785,11.466357872360684,9.954101539325231,0.8681136285933739
20260910_101021,STILL_1P_NA,48,269,278,STILL,NAN,1,P01,LAB01,0,0.0,19.5060625732915,2.6340068925987907,22.957635306867093,2.7465188527801567,23.872184746454177,14.642040588420468,48.36561216438517,48.36561216438517,50.80361160561106,6.77163359669967,192.0860762105919,18.11316030173042,22.002043821784937,19.683101112970522,0.8946033046930688
20260910_101021,STILL_1P_NA,49,274,283,STILL,NAN,1,P01,LAB01,0,0.0,24.450575153445357,-5.658468337133172,28.675618542760212,-4.897254862085984,33.83510146490945,32.28955649445203,48.36561216438517,48.36561216438517,74.88463385269219,65.65962234671228,192.0860762105919,11.730530462779832,29.023557668865507,25.096790417434217,0.8647041380580418
20260910_101021,STILL_1P_NA,50,279,288,STILL,NAN,1,P01,LAB01,0,0.0,21.66991512514005,-8.848845838843545,28.361052020203005,-11.511276369765438,31.894478238687675,27.34058321866516,43.36272700299168,43.36272700299168,74.35592678133199,51.625442086018865,213.07576160420734,9.481256979410968,25.768707023843465,23.406992421291385,0.9083495108867194
20260910_101021,STILL_1P_NA,51,284,293,STILL,NAN,1,P01,LAB01,0,0.0,12.678293998924573,-3.613846724388168,16.813004249769392,-4.420281763610034,26.14292131023503,25.25374406689518,43.36272700299168,43.36272700299168,76.35609353581584,51.47274891639722,213.07576160420734,12.537211559662072,22.496537977054683,13.183285890495508,0.5860139859716097
20260910_101021,STILL_1P_NA,52,289,298,STILL,NAN,1,P01,LAB01,0,0.0,-19.3408463082053,5.192144690050554,-20.567251814673615,5.546630581816052,25.58867890729271,27.872778549804757,37.59938750394786,37.59938750394786,53.23535576633352,49.889574131675374,139.45287216816814,10.659740895263527,22.66102498757753,20.025651110514204,0.8837045597669124
20260910_101021,STILL_1P_NA,53,294,303,STILL,NAN,1,P01,LAB01,0,0.0,-3.396422765097668,-4.437149069249017,-7.124027464598283,-5.756145090015407,34.45228159764978,37.59938750394786,37.66123074073579,37.66123074073579,32.45150164586089,0.0,105.91989811245725,4.200790483328468,31.659693508204313,5.5878421114067915,0.17649703747001702
20260910_101021,STILL_1P_NA,54,299,308,STILL,NAN,1,P01,LAB01,0,0.0,13.51174218821211,-19.899220746677656,16.477175887079397,-21.051443572793776,30.091936487883423,28.495159259694567,37.66123074073579,37.66123074073579,35.772138429518506,0.0,165.20055668378157,6.491703429360437,25.94454818039391,24.05298657725725,0.927092135504364
20260910_101021,STILL_1P_NA,55,304,313,STILL,NAN,1,P01,LAB01,0,0.0,6.328837591339948,0.2944186347822324,8.26289194153812,-3.153994022425139,25.341582611644515,21.991424789446736,36.72814044842343,29.545455323865838,33.30399936245391,0.0,165.20055668378157,4.925616486211397,17.32534307571154,6.335682093513268,0.3656886946380463
20260910_101021,STILL_1P_NA,56,309,318,STILL,NAN,1,P01,LAB01,0,0.0,-6.088356532562102,18.928101743176285,-3.855335716251761,22.104858240913238,28.167031188345725,30.218612972268254,32.25464244708435,32.25464244708435,20.90118607601809,0.7024336598963795,115.03453688054074,4.538196795569471,23.122508456466363,19.883186889118775,0.8599061354676815
20260910_101021,STILL_1P_NA,57,314,323,STILL,NAN,1,P01,LAB01,0,0.0,-6.130406925639022,17.664855837665527,-9.026995305201227,22.20736471119087,24.316773383397827,31.54017276615869,32.25464244708435,32.25464244708435,36.864362588269024,4.159847681439439,126.31995022905679,9.729338642133545,20.214330121870553,18.69836947007489,0.9250056448739058
20260910_101021,STILL_1P_NA,58,319,328,STILL,NAN,1,P01,LAB01,0,0.0,6.692852756674711,-8.636023025458144,6.358891397214525,-6.799520600732583,24.284215685931827,25.394593681001663,38.33609817109822,38.33609817109822,55.72640800915703,28.89293689153822,160.34470738959345,11.64676592924403,19.359191186416343,10.925894550048135,0.5643776356583764
20260910_101021,STILL_1P_NA,59,324,333,STILL,NAN,1,P01,LAB01,0,0.0,9.743029493307404,-20.777596217872087,10.780021255151022,-24.848988325138677,28.833370891352736,29.15294414102174,38.33609817109822,38.33609817109822,55.142461239492526,41.40314431947095,160.34470738959345,7.837691184097467,25.204860608783942,22.948532160040006,0.9104804234482613
20260910_101021,STILL_1P_NA,60,329,338,STILL,NAN,1,P01,LAB01,0,0.0,-3.4450207344817727,-10.94270469766343,-2.153935695506224,-14.872739230950078,18.149261678900313,14.340145185491892,30.862380078374624,29.16309079176312,31.755616306321294,17.422609397258597,88.13146269030885,8.314216333929213,12.673427265791123,11.472181743734478,0.905215416724794
20260910_101021,STILL_1P_NA,61,334,343,STILL,NAN,1,P01,LAB01,0,0.0,-7.765439713615024,0.3271529202156671,-9.121865547429968,-0.6843354075408834,11.273505589503824,10.993081289925561,12.788492250022038,12.719104896748595,10.856259737995751,1.8350179963532973,69.12749902880834,1.012846338634321,9.113473078779839,7.772328028267658,0.852839302983738
20260910_101021,STILL_1P_NA,62,339,348,STILL,NAN,1,P01,LAB01,0,0.0,-13.69471981487095,-1.0619966908732295,-16.454257673230263,-0.919926655293937,17.072222703237507,12.788492250022038,39.56200319627185,29.651116525396084,32.6929014401537,3.2621406026182527,132.07377883339004,8.969879073443904,14.618929241285178,13.735835896633475,0.9395924742451199
20260910_101021,STILL_1P_NA,63,344,353,STILL,NAN,1,P01,LAB01,0,0.0,-18.44608362631959,-1.1115393554200637,-21.466929366746417,-0.8833450393094623,24.71142421716978,22.69289706226366,39.56200319627185,39.56200319627185,58.45238776721391,22.710360228520596,162.81976815296142,11.205582249925566,21.25806247114291,18.479543308421434,0.8692957476019642
20260910_101021,STILL_1P_NA,64,349,358,STILL,NAN,1,P01,LAB01,0,0.0,-1.4415767899585035,6.495350068159041,-5.974629068638149,7.106123302804123,21.518659413890738,15.749409289349488,39.56200319627185,39.56200319627185,32.855220811841626,7.181633009788048,162.81976815296142,9.899826271488338,16.20761426120656,6.653398841891318,0.41051068557427595
20260910_101021,STILL_1P_NA,65,354,363,STILL,NAN,1,P01,LAB01,0,0.0,4.775334571539361,3.785231254017617,6.627662309500627,4.925117914093313,11.274873305082235,11.661895852266,17.03015299378296,15.877483659792835,16.18652131596098,14.393108952273028,75.84932759440039,4.590486236954635,9.880115117603097,6.093586457623359,0.6167525767758114
20260910_101021,STILL_1P_NA,66,359,368,STILL,NAN,1,P01,LAB01,0,0.0,9.230756968459445,-5.227694728750748,12.038022697264285,-6.1946757182135475,16.09077939254256,9.720083113225154,40.73843423853334,40.73843423853334,51.42623758938483,34.02736667552872,230.08488104541954,13.05661766649391,14.941907153394737,10.608282914202984,0.7099684668963311
20260910_101021,STILL_1P_NA,67,364,373,STILL,NAN,1,P01,LAB01,0,0.0,8.163199827215522,-16.76040764341292,9.295801567004242,-18.31405918856981,26.91771660107745,23.75685832439903,40.73843423853334,40.73843423853334,66.28006646572278,51.89398197127736,230.08488104541954,10.407465429803477,24.610200808760723,18.642668687514288,0.7575179427580243
20260910_101021,STILL_1P_NA,68,369,378,STILL,NAN,1,P01,LAB01,0,0.0,-12.193367202047966,-9.072980323482852,-11.91637097766448,-13.857640117199571,26.771750433588533,23.75685832439903,40.73843423853334,31.444609346602544,36.58139580725767,0.0,190.63714850057457,5.880080880010036,20.192188199102922,15.19859123979213,0.7526965918665198
20260910_101021,STILL_1P_NA,69,374,383,STILL,NAN,1,P01,LAB01,0,0.0,-17.72455746517153,5.743574973985233,-22.648994660625753,3.9460240826187003,26.394643136722514,27.76326015703585,30.411962136388016,30.411962136388016,18.554304230063572,4.904700479057192,100.33056181298164,3.534500237609277,20.955832052409505,18.63192396984158,0.8891044709293363
20260910_101021,STILL_1P_NA,70,379,388,STILL,NAN,1,P01,LAB01,0,0.0,-19.07951159841116,0.8236788071301362,-22.958375515931458,2.9022905329650293,24.592147859637123,26.151207945791285,29.074712769035962,29.074712769035962,24.216752350581086,25.801503406335755,48.81591627619405,4.858990312708896,20.18705252037816,19.09728278083616,0.9460164014314664
20260910_101021,STILL_1P_NA,71,384,393,STILL,NAN,1,P01,LAB01,0,0.0,-10.867171281221772,-2.26881932020774,-15.278570534372601,-2.8994440840790037,16.11965874864297,14.379233676726283,29.074712769035962,25.178528990551126,25.278823198324563,22.999034495111665,48.81591627619405,6.699345876932998,11.363562613085179,11.101484259465451,0.9769369552011845
20260910_101021,STILL_1P_NA,72,389,398,STILL,NAN,1,P01,LAB01,0,0.0,-6.921160195786911,2.8740175837942843,-9.123565304780001,3.010896658823983,11.31202962623955,12.623337594309486,15.334800970695131,15.334800970695131,19.42892965120523,7.648681624182071,98.45610754696344,3.641572938178687,8.664828416681818,7.494160094880803,0.8648942292328368
20260910_101021,STILL_1P_NA,73,394,403,STILL,NAN,1,P01,LAB01,0,0.0,-7.674358541429456,3.5193533158560513,-8.306959190696963,3.835948228022853,10.318433704704425,8.58990412424809,15.334800970695131,15.334800970695131,20.852794426787423,8.945682204778555,98.45610754696344,4.0957595432524245,9.085378969332734,8.442844709233862,0.9292782103787067
20260910_101021,STILL_1P_NA,74,399,408,STILL,NAN,1,P01,LAB01,0,0.0,-4.132382689351061,2.4926475783452133,-5.944557223428605,3.497395854623406,8.862677658801406,8.58990412424809,14.71692515788663,12.06208549744629,17.986857941761592,11.104010121614492,57.334319902557844,2.7283012837551746,5.90538292927618,4.825958831266442,0.8172135302761743
20260910_101021,STILL_1P_NA,75,404,413,STILL,NAN,1,P01,LAB01,0,0.0,-1.7251746143366518,14.736924249158164,-2.2553779233914,16.66378594725699,18.60474054375206,13.062833351671706,39.807702241833084,34.47934756079734,38.47466856389868,26.534223790688365,113.61492689760128,11.71621064256859,15.753265530931985,14.837559225673795,0.9418719691190265
20260910_101021,STILL_1P_NA,76,409,418,STILL,NAN,1,P01,LAB01,0,0.0,-11.624194455650013,16.35543619226337,-13.069388413279878,19.815789745361975,32.56140094635849,36.09915757951994,39.807702241833084,39.807702241833084,35.653861048717175,26.534223790688365,113.61492689760128,7.8034572493476135,27.05898430485869,20.06544765964525,0.7415447466016791
20260910_101021,STILL_1P_NA,77,414,423,STILL,NAN,1,P01,LAB01,0,0.0,7.3894759274932085,10.580980615666704,4.456271439880796,12.858757301027955,34.01208242220547,36.09915757951994,39.807702241833084,38.19183506635515,32.23874968467281,0.0,136.09464023824893,7.168647477571835,28.828245974362346,12.905870961392576,0.44768145009134713
20260910_101021,STILL_1P_NA,78,419,428,STILL,NAN,1,P01,LAB01,0,0.0,14.319050214233357,0.36960626116660933,19.091216731820474,2.785863754970098,20.685948889591646,12.574223073408884,38.012294269079824,38.012294269079824,33.65799000556643,1.8585847404941138,136.09464023824893,12.348475205329736,17.36341041866041,14.323819596253994,0.824942753231256
20260910_101021,STILL_1P_NA,79,424,433,STILL,NAN,1,P01,LAB01,0,0.0,11.516992847248048,0.49214288047733135,13.035232686909737,-0.22847323510184142,14.900017614962735,11.042094343681068,23.13672828170459,23.13672828170459,20.05180504254633,1.8585847404941138,71.01428074502769,5.724112153604315,13.812960813826484,11.527503149354036,0.8345425216739374
20260910_101021,STILL_1P_NA,80,429,438,STILL,NAN,1,P01,LAB01,0,0.0,11.815030257885383,5.865230377037733,13.922156946066355,6.8080277496563415,14.452981594794235,13.495590789394667,23.13672828170459,23.13672828170459,34.05784015258774,15.652395406147724,90.04481616754329,6.4487923290920826,13.972106969652122,13.190749310424838,0.9440773205555598
20260910_101021,STILL_1P_NA,81,434,443,STILL,NAN,1,P01,LAB01,0,0.0,1.1789709467316243,8.160487806994297,2.761364025969271,9.647257723564659,10.120586876374102,9.532943848986301,15.161639003378056,12.216367110441434,26.01631961278333,13.597742269845885,90.04481616754329,2.407052042400053,8.666192087904927,8.245212777202287,0.951422804106756
20260910_101021,STILL_1P_NA,82,439,448,STILL,NAN,1,P01,LAB01,0,0.0,-2.8715447938359375,5.860610937288129,-3.521854846279414,7.167694550280631,9.754497615829179,9.458621714248913,11.889114677892922,11.889114677892922,10.682143544719334,9.431177055727794,31.185205755044088,1.550414525525172,9.040067509418787,6.5262952784307515,0.7219299271416997
20260910_101021,STILL_1P_NA,83,444,453,STILL,NAN,1,P01,LAB01,0,0.0,-9.16037077535566,0.7713140052308063,-10.61198169123598,1.5084641981961737,11.001040108460998,11.487785264722692,14.25996895376872,13.367777450547988,10.392641560440875,9.3989182434781,38.217747767349465,2.51304667172888,9.361963238351379,9.1927861955261,0.9819293198960403
20260910_101021,STILL_1P_NA,84,449,458,STILL,NAN,1,P01,LAB01,0,0.0,-9.239680795716936,-2.497307034079995,-11.80658625900988,-2.7638441960115556,14.34955678222698,13.26864506130124,18.26018959151481,18.233726709145017,11.75586297877013,0.32659099781203516,55.80142060815614,1.9709650165479782,11.208999354879976,9.571219547644166,0.8538870638329743
20260910_101021,STILL_1P_NA,85,454,463,STILL,NAN,1,P01,LAB01,0,0.0,-3.799816188026398,-8.058067068938954,-5.591686027702141,-8.942257299215694,14.204701726477463,13.26864506130124,18.26018959151481,18.26018959151481,15.973793968915341,0.16499558170376535,79.53863145100794,3.6105752127401476,10.536780813596366,8.909043043464651,0.8455184938428891
20260910_101021,STILL_1P_NA,86,459,468,STILL,NAN,1,P01,LAB01,0,0.0,-6.2300684849689105,-7.037368717571326,-8.22278809468607,-9.257713570546247,15.069714899721571,14.695413528831748,23.53341564344486,22.769098125061483,26.632191621865537,7.138720639852558,120.64680576921738,5.7582114798171435,11.552687516617551,9.398846301246461,0.8135636221205694
20260910_101021,STILL_1P_NA,87,464,473,STILL,NAN,1,P01,LAB01,0,0.0,-10.687082443121653,-6.014358669766352,-12.165410288454975,-6.663037697199225,16.722075984087873,16.11414539239955,23.53341564344486,23.53341564344486,29.170204713434742,7.138720639852558,120.64680576921738,5.948656963341437,13.490276435459345,12.263206813663087,0.90904043904016
20260910_101021,STILL_1P_NA,88,469,478,STILL,NAN,1,P01,LAB01,0,0.0,5.853380968264219,-0.4835157104917016,4.692100117109011,-1.8036191167030402,17.94246206396601,18.186737049026185,24.152264017598565,23.838253304620494,26.52469189623948,9.290848490584523,119.42072378873081,5.258652228844457,12.934666041701597,5.873317308125797,0.4540756822936221
20260910_101021,STILL_1P_NA,89,474,483,STILL,NAN,1,P01,LAB01,0,0.0,15.600661993702943,7.76132750040756,18.491766921799602,9.57973521404389,23.789230972583166,24.41596493526182,30.460691441486283,30.460691441486283,20.707893188876017,7.467619373133422,67.7407279131468,5.801465809232169,20.4404200875614,17.42466238440074,0.8524610702597136
20260910_101021,STILL_1P_NA,90,479,488,STILL,NAN,1,P01,LAB01,0,0.0,6.614742060508888,4.895857366127757,9.806070193664,5.275147224598595,24.811175875595506,24.679665852925076,30.460691441486283,30.460691441486283,26.04369243848738,2.9595066121597733,119.18858106213031,4.256754548693651,18.00208352605771,8.22947336568585,0.4571400501377425
20260910_101021,STILL_1P_NA,91,484,493,STILL,NAN,1,P01,LAB01,0,0.0,-0.5180520550399024,-10.237932322174629,0.19329877713071256,-9.683101155195896,20.569177704243,19.81905816993513,26.10013407711439,26.10013407711439,32.50491223749124,16.69458549762252,119.18858106213031,4.2503515473987745,13.342572595456462,10.25103098059698,0.7682949376709973
20260910_101021,STILL_1P_NA,92,489,498,STILL,NAN,1,P01,LAB01,0,0.0,3.953695280727402,-4.216340501780451,3.379777737043264,-7.211382858382956,16.62037320373155,14.094410295002666,26.10013407711439,26.10013407711439,16.410404990440586,0.4623984831475051,101.84911339633615,4.902430889718938,11.18518095266646,5.780072110259556,0.5167616093758082
20260910_101021,STILL_1P_NA,93,494,503,STILL,NAN,1,P01,LAB01,0,0.0,-1.821587380666415,-2.613586785602365,-0.5467004706247404,-2.827755287696491,11.189154345102757,11.560560439384496,14.094410295002666,14.094410295002666,10.869067981721976,0.6643005874020169,41.37928095952685,3.1346410906659963,8.904226825646475,3.185752104492506,0.3577797563867888
20260910_101021,STILL_1P_NA,94,499,508,STILL,NAN,1,P01,LAB01,0,0.0,-5.7591764510406165,-3.7430563994957993,-7.926668166394644,-4.9396152695095905,8.257378535848545,8.69946217539307,14.930787540244994,14.930787540244994,23.269042347709114,5.5771441442515615,135.0494069671342,4.6145503103438905,7.10617949624972,6.8686668724016045,0.9665766078701696
20260910_101021,STILL_1P_NA,95,504,513,STILL,NAN,1,P01,LAB01,0,0.0,-2.580076219386342,-8.169974887417993,-3.173628930898028,-9.26711544665477,10.526788301293974,11.464971322289225,17.37763187783763,15.175471974004257,25.80884108999635,0.0,135.0494069671342,5.312424847302766,10.018028361207651,8.567688308924618,0.8552269967712292
20260910_101021,STILL_1P_NA,96,509,518,STILL,NAN,1,P01,LAB01,0,0.0,0.5039758625861168,-8.678826714335855,-0.47916974701696036,-11.512075308082624,15.218550331449103,16.67463714801392,17.37763187783763,17.37763187783763,12.124841643968605,0.0,66.51959313670014,2.57344490651943,11.600082374809716,8.69344723383878,0.7494297844571457
20260910_101021,STILL_1P_NA,97,514,523,STILL,NAN,1,P01,LAB01,0,0.0,-6.295349778141372,-3.0396801897645673,-5.8487780336946305,-5.370594765047021,13.67132574299518,15.971642418190216,17.37763187783763,17.37763187783763,12.299088719582873,0.0,107.1574942561854,4.7766453865468055,10.273894682029818,6.990785684398555,0.6804416339429891
20260910_101021,STILL_1P_NA,98,519,528,STILL,NAN,1,P01,LAB01,0,0.0,-3.4664154078675438,-2.014626867718107,-6.342626786194045,-2.7427654995807904,8.58227117413083,7.209881685441577,15.971642418190216,15.971642418190216,15.4714481306278,0.0,107.1574942561854,3.8154567850329735,5.8226216994574065,4.009333759620565,0.6885787823025122
20260910_101021,STILL_1P_NA,99,524,533,STILL,NAN,1,P01,LAB01,0,0.0,-3.145942430010564,3.68313629575141,-3.8018604389896895,3.278843987770172,8.82257605152815,7.990495816206278,12.243420538855753,12.243420538855753,13.27837541109675,0.0,77.92297046109184,2.861406132282223,8.105756501409054,4.8438049863740575,0.5975759308254622
20260910_101021,STILL_1P_NA,100,529,538,STILL,NAN,1,P01,LAB01,0,0.0,1.6343936241670463,5.846243351455769,1.6082547562285185,7.047314357969862,10.098684305014379,11.190077639463059,12.243420538855753,12.243420538855753,14.149634405955121,3.65189829989153,77.92297046109184,2.358763998865437,9.646925398474425,6.070403927512458,0.6292578906510916
20260910_101021,STILL_1P_NA,101,534,543,STILL,NAN,1,P01,LAB01,0,0.0,10.179258409968156,0.37615726021613227,11.725440656298847,1.1687331325436503,12.671166810258345,9.19183730498209,32.31114298972891,25.899218056831216,34.631607260715285,13.503195367731905,186.66794112718026,8.355716430938568,10.550567845687734,10.186206166248589,0.9654652067293166
20260910_101021,STILL_1P_NA,102,539,548,STILL,NAN,1,P01,LAB01,0,0.0,15.571072935253937,9.278222361755525,17.88993831003821,10.004787225960545,23.389397555352144,29.271500126656278,32.31114298972891,32.31114298972891,33.690507315900724,10.718343109418417,186.66794112718026,10.76226133350415,21.04058501056639,18.12577508823217,0.861467258592362
20260910_101021,STILL_1P_NA,103,544,553,STILL,NAN,1,P01,LAB01,0,0.0,0.9254691822966379,14.641572192301055,5.0777167746875715,17.180150931966217,26.474844032665885,28.049151495976098,32.31114298972891,32.31114298972891,14.052604004277597,6.308104878117622,57.172947548039744,5.09271680518326,20.177271838047528,14.670791712438163,0.7270949130384415
20260910_101021,STILL_1P_NA,104,549,558,STILL,NAN,1,P01,LAB01,0,0.0,-14.033699303405342,2.8869447699989905,-16.131970536628135,6.016982445586533,21.89927828052159,19.796016887663935,27.96054295301546,25.98827869152685,25.219873979875626,0.9974171296138821,91.34886236129601,3.2833804058517444,16.931569199226267,14.327566654649495,0.846204299558025
20260910_101021,STILL_1P_NA,105,554,563,STILL,NAN,1,P01,LAB01,0,0.0,-10.112393536081072,-6.270070817347914,-14.208173544694796,-7.609734163000317,17.761458630078018,16.46318953390955,25.769138218028118,25.769138218028118,21.06205736116836,6.0472650194426745,91.34886236129601,4.689781065507413,14.111254224101364,11.898499530744713,0.843192202605395
20260910_101021,STILL_1P_NA,106,559,568,STILL,NAN,1,P01,LAB01,0,0.0,-8.31154872912282,-9.019067313745836,-11.139234200710279,-12.226736733047455,17.383427204180144,13.970556424260064,29.423681968989666,28.38466479233515,23.65086461347412,10.086040379305805,92.72472490899526,6.060393745123327,13.005309124383489,12.264804013373459,0.9430613218088245
20260910_101021,STILL_1P_NA,107,564,573,STILL,NAN,1,P01,LAB01,0,0.0,-14.824365894463085,-13.28805205003846,-17.285881027453154,-14.799312813552058,23.944636841125565,26.493754071355625,29.563357042148443,29.437649476305545,26.560547892024402,12.993254563583438,92.72472490899526,5.99409773499601,19.97315393307965,19.908142843004008,0.9967450764013804
20260910_101021,STILL_1P_NA,108,569,578,STILL,NAN,1,P01,LAB01,0,0.0,-15.09468821439134,-8.280383034316856,-19.18331321546313,-11.046320644509986,23.353950880681758,22.124653111102013,29.563357042148443,29.437649476305545,15.385083601558335,10.412429751296077,40.97277546489044,4.394431678534442,18.20154225116268,17.216688284472344,0.9458917297721061
20260910_101021,STILL_1P_NA,109,574,583,STILL,NAN,1,P01,LAB01,0,0.0,-7.0857112722455895,-4.680619768112592,-10.009817434751877,-6.6346500779339905,16.027480577635792,14.81627657857382,21.776527411073577,21.66558607154762,12.072570306145746,5.38388808101844,40.97277546489044,4.179351272165417,12.26396550795148,8.492084882246207,0.692442006359221
20260910_101021,STILL_1P_NA,110,579,588,STILL,NAN,1,P01,LAB01,0,0.0,9.836797501435512,-6.212221673613158,10.03693281603164,-7.613341081014694,16.398515726337905,12.87015440474634,27.515255410710402,26.101836137381465,22.540676146118816,17.32804055599506,80.94984164390603,5.985084354172518,14.215086949251655,11.634185970937418,0.8184393111679062
20260910_101021,STILL_1P_NA,111,584,593,STILL,NAN,1,P01,LAB01,0,0.0,18.939812517093856,2.37048486816866,22.34030179495149,2.427674710182149,22.94864782006507,24.37831541467031,28.456778184838377,27.6094076881232,26.097113535699407,17.64849844013871,80.94984164390603,5.2167143965148295,20.831849813707546,19.087579644703034,0.9162690694968064
20260910_101021,STILL_1P_NA,112,589,598,STILL,NAN,1,P01,LAB01,0,0.0,13.70499994028421,8.783381074424142,17.951035190613485,10.331509226671967,21.121698859195746,21.85323542723208,28.456778184838377,27.6094076881232,17.136197617705697,10.57566768149395,69.95302471215774,5.185290091210944,16.448897327574684,16.278046764330863,0.9896132512811415
20260910_101021,STILL_1P_NA,113,594,603,STILL,NAN,1,P01,LAB01,0,0.0,8.949468607133667,15.040847159145642,11.956850394481766,18.185543304336,23.173269038146305,21.06341343878377,36.35617887254585,34.65699664391264,33.759975655935705,25.00263611805524,132.6565335772189,8.311535323851942,17.92858744601463,17.50200193163201,0.9762064069092377
20260910_101021,STILL_1P_NA,114,599,608,STILL,NAN,1,P01,LAB01,0,0.0,16.409810014858977,21.41657539508151,19.032168544883486,25.625903671612235,32.321645981173035,34.12086477794537,38.97886736984635,38.97886736984635,43.287882480510326,29.969859447456397,132.6565335772189,6.821715595203909,27.672658061281982,26.98057757678617,0.9749904587060926
20260910_101021,STILL_1P_NA,115,604,613,STILL,NAN,1,P01,LAB01,0,0.0,8.474908309327247,9.171732352551771,11.941505041195597,13.470999030735552,23.964686803893855,20.87412829209481,38.97886736984635,38.97886736984635,39.56555006304261,39.09071342907494,99.66728077208057,11.987208975206778,17.153645440292962,12.487783838549932,0.7279959167872748
20260910_101021,STILL_1P_NA,116,609,618,STILL,NAN,1,P01,LAB01,0,0.0,-8.731795896595258,-3.123079056132383,-8.407423662038106,-2.6549872634660145,15.202309670297328,15.019454963965325,21.253838309352414,19.714181287061926,28.271030117351433,20.775435885357822,99.66728077208057,3.5048180838358913,11.17072773184313,9.273504319870161,0.8301611625028897
20260910_101021,STILL_1P_NA,117,614,623,STILL,NAN,1,P01,LAB01,0,0.0,-7.825395529323259,-10.442475122496262,-10.545439513985414,-11.707283550393484,17.92482469208727,18.401960077747496,21.253838309352414,21.253838309352414,14.560952875612696,9.611922827099445,53.03838739743385,2.782163046458065,14.45553373196653,13.049218439213353,0.9027143985944087
20260910_101021,STILL_1P_NA,118,619,628,STILL,NAN,1,P01,LAB01,0,0.0,3.2675660680408782,-11.95726934864274,2.509441523582054,-15.591187990033614,19.153348694078876,20.250286086123978,22.629257368157372,22.629257368157372,21.575322709859396,0.0,90.78799536730716,3.3086878547443344,14.664753697808653,12.395695958073645,0.8452713365329776
20260910_101021,STILL_1P_NA,119,624,633,STILL,NAN,1,P01,LAB01,0,0.0,2.7806248150315014,-8.949600127583153,3.4881582458463773,-11.044080062291265,15.349413630259187,15.527435205564487,22.629257368157372,22.629257368157372,28.52845904072135,21.15911858573641,90.78799536730716,6.2314491030141195,12.567843137966838,9.371617619472392,0.745682255625963
20260910_101021,STILL_1P_NA,120,629,638,STILL,NAN,1,P01,LAB01,0,0.0,-4.116681397047614,1.3273150374468514,-5.093808351618702,0.47274491766239934,10.49662702387069,11.444801024665214,16.504473598726655,14.675389307723623,23.006803264584555,21.15911858573641,65.81201108607117,3.810851464332542,8.068609088521661,4.325370612263235,0.536073883963033
20260910_101021,STILL_1P_NA,121,634,643,STILL,NAN,1,P01,LAB01,0,0.0,3.7982975043894385,7.984791181937226,4.193958334581396,9.097154068058689,13.796201381834791,13.354776791960887,19.13613299832366,19.13613299832366,20.617765220358883,10.532658731367718,59.761403195628944,4.2686796439364745,12.283487669337157,8.842169086315502,0.7198418986806085
20260910_101021,STILL_1P_NA,122,639,648,STILL,NAN,1,P01,LAB01,0,0.0,4.9591407110305,4.9570875225983855,6.099887874060739,6.744071737567725,12.489402788471562,11.776874935602137,19.13613299832366,19.13613299832366,20.37962661763715,7.431376751258004,59.761403195628944,5.025873193911176,9.193983036150934,7.01183237809495,0.7626544828856305
20260910_101021,STILL_1P_NA,123,644,653,STILL,NAN,1,P01,LAB01,0,0.0,-0.3766764899935424,1.8270790304775346,-0.0016427056150206455,2.9250650530720597,10.235008879844939,8.458569786365834,19.577662577644237,16.207063532528707,22.130753246143104,18.667489732270322,54.96168206337213,3.992395210223044,6.853664331284833,1.8655034070525263,0.27219065843903195
20260910_101021,STILL_1P_NA,124,649,658,STILL,NAN,1,P01,LAB01,0,0.0,-7.863768544999743,-4.319639482980165,-8.084752399717782,-4.468293149395608,17.158944027564285,13.742003687942177,29.16832492160724,29.16832492160724,47.07429629560554,27.87989587425187,196.63980055498618,8.512224492709628,14.667262850296929,8.972075623413376,0.6117075636393701
20260910_101021,STILL_1P_NA,125,654,663,STILL,NAN,1,P01,LAB01,0,0.0,-6.050401629493308,-4.684464969548344,-9.515394006456328,-6.986207692602134,14.257256944142373,9.640666763335231,29.16832492160724,29.16832492160724,41.54577273002384,16.1454008180754,196.63980055498618,9.937353032242232,9.931950729389712,7.6518998901645885,0.7704327275327487
20260910_101021,STILL_1P_NA,126,659,668,STILL,NAN,1,P01,LAB01,0,0.0,-1.8652496163185788,4.512043108769149,-1.658699629142656,4.263687902125348,9.421673335473383,10.392581247108946,12.432567659957517,12.432567659957517,10.943881518825743,4.628360779901154,47.02437792274728,2.861919458713681,7.821823379389333,4.882385599946789,0.624200440630247
20260910_101021,STILL_1P_NA,127,664,673,STILL,NAN,1,P01,LAB01,0,0.0,2.9431121481901528,5.387189381870257,2.343022732882522,6.767583596208814,12.906198553388588,12.341613157779872,16.172031669854583,16.172031669854583,7.202477644186478,1.0221214817796922,43.94778560824431,1.7064773735805185,11.295397546804756,6.13870658632257,0.5434697239194639
20260910_101021,STILL_1P_NA,128,669,678,STILL,NAN,1,P01,LAB01,0,0.0,4.432129043386908,0.13328990848822286,5.600368288003131,0.9933476081062563,10.986093023568777,12.250658655602225,16.172031669854583,16.172031669854583,17.155692622004143,1.0221214817796922,105.54923796244441,4.242470083679061,9.09596350600425,4.434132841598067,0.48748357869631886
20260910_101021,STILL_1P_NA,129,674,683,STILL,NAN,1,P01,LAB01,0,0.0,7.366789840283218,5.018632378122447,9.644067891601104,6.744844088980157,13.75802196034092,10.749822558757689,27.332750307902767,27.332750307902767,36.10873918367548,10.007829842896658,105.54923796244441,8.388072485445901,11.421121869530104,8.913824291382404,0.7804683631967183
20260910_101021,STILL_1P_NA,130,679,688,STILL,NAN,1,P01,LAB01,0,0.0,13.124348593802551,11.200679397365775,15.381581843518038,12.696913368340768,18.298491919983743,17.67169568573039,27.332750307902767,27.332750307902767,44.09448938656805,23.18670584705024,141.22986847672868,7.86122679008487,17.775096904252223,17.25409357150416,0.9706891424809377
20260910_101021,STILL_1P_NA,131,684,693,STILL,NAN,1,P01,LAB01,0,0.0,4.251344613262063,1.989172142339612,7.878297385242533,5.302123803770388,12.316605796170263,8.559122507545645,27.332750307902767,25.905278463369918,22.584384009840612,10.210720210621322,141.22986847672868,7.354260619790077,8.718638973188437,4.693691173540534,0.538351362864614
20260910_101021,STILL_1P_NA,132,689,698,STILL,NAN,1,P01,LAB01,0,0.0,-2.8495726576588822,-6.928850721172921,-2.452554668342583,-7.012927641582898,11.547354256624162,7.407546928065649,33.88409616562136,23.41501198024087,32.018199655902485,1.6515292819882403,165.73822665182385,8.663616453187613,9.620785664061902,7.49193143639046,0.7787234533637205
20260910_101021,STILL_1P_NA,133,694,703,STILL,NAN,1,P01,LAB01,0,0.0,-13.272211368993794,-17.333999615880202,-14.960799542338469,-20.22819256877503,24.917035657771244,33.6034112484947,35.4104307799121,34.17525575479351,34.03875847307144,5.339205078564787,165.73822665182385,11.961222296171753,22.439624219833814,21.831608674272793,0.9729043793423416
20260910_101021,STILL_1P_NA,134,699,708,STILL,NAN,1,P01,LAB01,0,0.0,-19.71624974244628,-19.096852099806256,-24.48799864394662,-24.137158466582957,33.29412606538152,33.96105512547862,35.4104307799121,35.20756762160575,14.683165204953303,11.727811989471867,52.46946374263604,2.120061075032381,27.529916613692798,27.448502036147392,0.9970426870997164
20260910_101021,STILL_1P_NA,135,704,713,STILL,NAN,1,P01,LAB01,0,0.0,-10.196074223631854,-3.9785998458417,-13.753026281090845,-6.811729784924511,23.450691694088817,21.545411076724214,35.185027270682816,34.64198924246319,27.13491937273229,13.848262270421248,136.38220513723743,9.236361547725396,18.676198751427982,10.94482463574184,0.586030636180984
20260910_101943,WALK_1P_APPROACH,0,44,53,WALK,APPROACH,1,P01,LAB01,0,0.7,-352.52603816768305,152.32236928188377,-401.3610871620143,174.27030938710715,435.6976322805707,478.1334806591305,718.681321537227,718.681321537227,966.5363276880423,748.6570997894212,2775.451597733472,249.58366418595293,386.87699750147914,384.0269675033894,0.9926332399793844
20260910_101943,WALK_1P_APPROACH,1,49,58,WALK,APPROACH,1,P01,LAB01,0,0.7,-312.10043102793543,57.461812955555615,-420.5362054030685,97.28022403441878,453.30069812946397,454.16027072150985,718.681321537227,718.681321537227,990.4368504633661,914.7999613530089,2775.451597733472,226.82871939390307,345.10852017282036,317.34608709729247,0.9195544837269585
20260910_101943,WALK_1P_APPROACH,2,69,78,WALK,APPROACH,1,P01,LAB01,0,0.9,830.3730656459184,-612.5354919044312,937.1138925980952,-702.7791481613685,1162.1390620210614,1337.2544872952703,1504.693521389921,1504.693521389921,1867.7017209025908,1272.2562659238201,7207.567483575035,441.12765819527397,1032.2943918229946,1031.8522941743183,0.9995717329744517
20260910_101943,WALK_1P_APPROACH,3,74,83,WALK,APPROACH,1,P01,LAB01,0,1.0,617.6041298946468,-664.1855916861477,821.2516806645481,-840.0401233567575,1201.4739358798117,1126.7535461437424,1504.693521389921,1504.693521389921,565.6280986938934,408.1862798907597,1395.3549216248089,193.32552872020685,931.3187489694634,906.9605071150573,0.9738454295252197
20260910_101943,WALK_1P_APPROACH,4,79,88,WALK,APPROACH,1,P01,LAB01,0,1.0,307.43789350030397,-713.4840152793513,427.8682092373194,-874.461180551026,1005.1921239271651,988.2863082713536,1099.6656828828236,1043.1987718091448,201.28495586373322,100.22625351461896,704.3695388563175,38.63249334726724,795.7125801771649,776.9025025182052,0.9763607134943478
20260910_101943,WALK_1P_APPROACH,5,84,93,WALK,APPROACH,1,P01,LAB01,0,1.0,334.48515368481526,-614.3185370265983,387.23734034518486,-791.6684077218749,914.9495232019588,974.8989008404961,975.3237038865907,974.9413811451055,230.6391020854337,2.3905361002946104,1004.4134973830108,78.39866450336746,711.3609810024577,699.4766493386712,0.9832935289098385
20260910_101943,WALK_1P_APPROACH,6,89,98,WALK,APPROACH,1,P01,LAB01,0,1.0,311.0413988022176,-606.1371883025677,414.286984774233,-760.9578096058721,890.392419540806,915.2803994527166,1000.494144281613,977.4584251846078,431.5450982718729,251.96247659395152,1532.4465348727456,78.9189399778239,685.9621682072953,681.2848470443054,0.993181371539463
20260910_101943,WALK_1P_APPROACH,7,94,103,WALK,APPROACH,1,P01,LAB01,0,1.0,279.2466740892097,-743.219780955133,352.5264739851944,-905.1868798847569,977.4261241600352,1007.370849024433,1033.4921454634982,1032.501196066116,289.32537749978076,127.84774451073434,1532.4465348727456,71.50280572300751,796.3697855229045,793.9485800685592,0.9969596969920757
20260910_102239,WALK_1P_APPROACH,0,23,32,WALK,APPROACH,1,P01,LAB01,0,0.9,-368.1262803416648,379.01535369343765,-427.0862796104849,445.04211997623315,775.8388092799075,875.7100021778027,976.7447898340992,976.7447898340992,1148.1235741890587,991.343022412713,3755.330995183248,252.21032756100573,591.7731456789858,528.365022132949,0.8928506235725112
20260910_102239,WALK_1P_APPROACH,1,28,37,WALK,APPROACH,1,P01,LAB01,0,1.0,604.4615903103443,-70.47875571284385,599.2042693068195,-16.33074550720861,1275.441045523935,1092.90630697415,1760.5899920947975,1760.5899920947975,1105.7264842217392,0.0,5307.022247014878,391.7108093926221,976.9916087676661,608.556545579243,0.6228882010018993
20260910_102239,WALK_1P_APPROACH,2,33,42,WALK,APPROACH,1,P01,LAB01,0,1.0,1092.2401553909685,-481.8280689515277,1347.1687484984836,-561.0320970918267,1457.4078209655975,1622.9374890367535,1760.5899920947975,1760.5899920947975,2104.3553272101517,2017.8490763681377,5307.022247014878,331.17918313214426,1200.4871992360816,1193.7951436817143,0.9944255502610726
20260910_102239,WALK_1P_APPROACH,3,38,47,WALK,APPROACH,1,P01,LAB01,0,0.9,510.8596550048685,-275.2660369391315,723.6138913226049,-385.46803526847987,821.1077457720836,694.5939965203266,1681.7021405075166,1575.925767860143,1806.8645403259536,1512.401377751487,3276.8359159723987,527.8785835694647,581.3618995415334,580.3007652966421,0.9981747440867245
20260910_102239,WALK_1P_APPROACH,4,48,57,WALK,APPROACH,1,P01,LAB01,0,0.7,-206.04622441462163,60.878133612305646,-235.638636431399,66.72795673954424,235.93951162389254,261.2789260536808,292.2857667743733,290.77006210577173,257.543106969149,0.0,1726.2434152775045,65.83283991927294,217.45369618354653,214.85156212519928,0.9880336177125687
20260910_102239,WALK_1P_APPROACH,5,53,62,WALK,APPROACH,1,P01,LAB01,0,0.7,-179.82345806299304,84.72609089478556,-230.4089980887648,101.22286084249552,229.690713622766,261.2789260536808,292.2857667743733,292.2857667743733,301.80173622586636,0.0,1277.0217825738844,79.86361802644765,201.23091312052975,198.78376832137096,0.9878391209322146
20260910_102239,WALK_1P_APPROACH,6,63,72,WALK,APPROACH,1,P01,LAB01,0,0.8,126.48243634341156,-336.84766575649974,142.4815312220412,-384.1532069297367,409.22239993964223,475.07629131294766,570.9178217488226,570.9178217488226,778.2340337937849,635.1885110740417,2238.409778067903,174.92820603197114,360.13330313963644,359.8112791853081,0.9991058201184924
20260910_102239,WALK_1P_APPROACH,7,68,77,WALK,APPROACH,1,P01,LAB01,0,1.0,118.53014538664195,-299.2136826130409,152.99278769708977,-391.3571301771018,422.11736788343313,429.515014756637,585.9553428010182,572.4215738540421,740.6952924697607,223.83020947147196,3630.019772442399,141.17016655613835,322.20168488197186,321.83570844180116,0.9988641386518362
20260910_102239,WALK_1P_APPROACH,8,73,82,WALK,APPROACH,1,P01,LAB01,0,1.0,343.76253414720077,-658.0288955807637,396.6105035965269,-764.9224141433076,849.7156789374815,842.287247058501,1459.0339356295901,1459.0339356295901,1459.8870573348186,554.6785502606554,5763.63502849945,536.8255052784731,743.2217083411795,742.4114137744281,0.998909753902964
20260910_102239,WALK_1P_APPROACH,9,78,87,WALK,APPROACH,1,P01,LAB01,0,1.0,460.74951612222395,-992.8602855396457,571.8904078005403,-1211.6144985139913,1324.454920902304,1328.9946629281608,1459.0339356295901,1459.0339356295901,1276.0017573335322,392.79578176452696,5763.63502849945,122.9225041456485,1096.7004665905436,1094.560031797585,0.9980482959037915
20260910_102239,WALK_1P_APPROACH,10,83,92,WALK,APPROACH,1,P01,LAB01,0,1.0,305.95472252799027,-839.0611149996466,401.0861471106636,-1074.3039802193875,1148.1788473177783,1162.8666771748935,1432.122737344398,1300.5615846192052,633.0802216553157,567.8161611940459,1641.041554874415,154.5157800551631,894.1734863415868,893.1023720389671,0.9988021180240961
20260910_102239,WALK_1P_APPROACH,11,88,97,WALK,APPROACH,1,P01,LAB01,0,1.0,190.22110555987032,-695.7863386161143,255.63774805760985,-886.8787211335253,929.025179030725,889.411825939742,1128.903408990632,1082.3344730449342,509.81160517760463,633.4067740670919,927.9872425837002,107.99448811581881,724.1651435125289,721.3201078614386,0.9960712888813034
20260910_102239,WALK_1P_APPROACH,12,93,102,WALK,APPROACH,1,P01,LAB01,0,1.0,120.57973529582529,-641.1466131324355,145.1156867694053,-799.2490503169245,821.4551636503022,813.0401827011344,883.0626863744382,883.0626863744382,302.14970043067603,0.0,927.9872425837002,45.38456124076846,661.1657326288291,652.3867350699309,0.9867219410721839
20260910_102239,WALK_1P_APPROACH,13,98,107,WALK,APPROACH,1,P01,LAB01,0,1.0,-52.23757635712721,-649.9425998218067,-24.965518137808893,-815.9674483998404,828.7016173041586,840.7472326380662,883.0626863744382,882.7935574050315,261.12832530198455,153.36703981736613,668.643627466482,45.456710219046364,660.3185505707595,652.0384554969099,0.9874604536451498
20260910_102711,WALK_1P_APPROACH,0,18,27,WALK,APPROACH,1,P01,LAB01,0,0.9,-1058.3386952856076,318.50758267341007,-1189.8716095944276,358.0696566465841,1262.625307334241,1559.5799388410105,1776.3927583331433,1776.3927583331433,2170.4001893120458,1708.0242122937093,8030.563166470199,603.1479832941926,1105.9847706566138,1105.2275214449292,0.9993153167821334
20260910_102711,WALK_1P_APPROACH,1,23,32,WALK,APPROACH,1,P01,LAB01,0,1.0,-909.3888953714622,247.7267027792368,-1200.9255340867228,332.52228044750893,1227.8694002000068,1349.3987418734746,1776.3927583331433,1776.3927583331433,1743.4923186440842,2015.7528757625814,3048.6639164336384,524.169076806282,942.920476265978,942.5267541533241,0.9995824439891123
20260910_102711,WALK_1P_APPROACH,2,43,52,WALK,APPROACH,1,P01,LAB01,0,1.0,1444.8467603988702,-435.3722267735229,1701.1335629164853,-505.49808848418087,1763.9906386274365,1973.3858988178436,2692.9757163780932,2692.9757163780932,5209.483023121896,5353.548562716922,14811.858106253949,838.3221995387431,1509.589436104745,1509.0166125264645,0.9996205434639511
20260910_102711,WALK_1P_APPROACH,3,58,67,WALK,APPROACH,1,P01,LAB01,0,1.0,559.6765070676543,-480.7380243912712,661.3624020602292,-563.7305394293401,847.9750408149888,893.1318541111795,1116.199657608381,1116.199657608381,1704.553707509543,1387.986775235178,5619.882827148651,255.59689452546215,752.1325348083874,737.798645064541,0.9809423351863138
20260910_102711,WALK_1P_APPROACH,4,63,72,WALK,APPROACH,1,P01,LAB01,0,1.0,310.62086198083466,-391.16589884072164,430.68485448070714,-513.4800593512734,689.2668804091543,611.4534937807633,1102.073006504405,981.7804243588968,1332.5888544292875,843.2248373862053,5647.3690598701105,239.21097755339102,501.06519749189874,499.49582612228744,0.9968679298074046
20260910_102711,WALK_1P_APPROACH,5,68,77,WALK,APPROACH,1,P01,LAB01,0,1.0,488.12339928357824,-598.779369399459,580.6378102773342,-703.8179843971218,924.3425916793756,1101.8982125099133,1320.1092078691465,1320.1092078691465,1213.8659820212854,262.44412227246687,5647.3690598701105,396.6615059753438,774.0270221474377,772.5290843370037,0.9980647473956682
20260910_102711,WALK_1P_APPROACH,6,73,82,WALK,APPROACH,1,P01,LAB01,0,1.0,576.8771916531867,-806.1497648132599,739.5561114943861,-1001.3658452455202,1239.7587785342744,1219.1751994088281,1320.1092078691465,1320.1092078691465,564.7515304150917,171.4989860785654,3952.202298884823,59.14394462714021,992.5720885456515,991.294475702423,0.9987128261433379
20260910_102711,WALK_1P_APPROACH,7,78,87,WALK,APPROACH,1,P01,LAB01,0,1.0,436.9431206626521,-754.1457145708787,557.2555917639124,-945.6944510442605,1102.5528641339265,1159.51047236416,1202.9685556961144,1202.9685556961144,369.86889200873554,293.5032374212133,973.2475660455365,104.57799019073397,877.1406848592366,871.5819235734746,0.9936626343051753
20260910_102711,WALK_1P_APPROACH,8,83,92,WALK,APPROACH,1,P01,LAB01,0,1.0,175.05186471881197,-717.7198421250519,259.90981168936554,-901.8713300424673,962.7547383315317,926.9763135694883,1149.689127661038,1071.3054232125926,363.14629717570983,329.2435119935349,973.2475660455365,83.30083009609264,752.6719408017564,738.7590453737556,0.9815153260354298
20260910_102711,WALK_1P_APPROACH,9,88,97,WALK,APPROACH,1,P01,LAB01,0,1.0,70.59218250220059,-773.8385010444172,95.29061230744301,-957.4995696128833,963.396134136788,951.1107970145063,1098.1911823633695,1080.6427401373296,236.145108840717,148.28788318208302,961.4672216810296,70.83362025980058,778.2181477871587,777.051659755704,0.998501078348312
20260910_102711,WALK_1P_APPROACH,10,93,102,WALK,APPROACH,1,P01,LAB01,0,1.0,120.67024913055924,-827.7823229900887,153.06981594466043,-1025.3809135040017,1034.6574756453704,1038.3172769024839,1098.1911823633695,1098.1911823633695,307.15560354531823,213.07450185379435,961.4672216810296,57.650043648384305,838.5572595674223,836.5314598268847,0.9975841843625769
20260910_102711,WALK_1P_APPROACH,11,98,107,WALK,APPROACH,1,P01,LAB01,0,1.0,83.23684494076024,-785.3144987656124,116.5550260913371,-991.9179000778416,1002.8725460100826,974.8055901551328,1098.1911823633695,1098.1911823633695,174.5112001985537,0.0,935.4547040440727,61.191079066490936,794.0749071059762,789.7133874559663,0.9945074203819063
20260910_102711,WALK_1P_APPROACH,12,103,112,WALK,APPROACH,1,P01,LAB01,0,1.0,37.21830402143428,-748.557097871932,36.45682273323219,-933.6127827841565,944.4532967214334,942.9650507921481,974.8055901551328,974.8055901551328,66.97347810529853,0.0,358.3144579571074,16.288552056290843,751.8760078094131,749.4817749142944,0.9968156546155872
20260910_102816,WALK_1P_APPROACH,0,35,44,WALK,APPROACH,1,P01,LAB01,0,0.9,-322.301435662034,65.53143199910483,-374.23322986311666,74.03189311767339,381.9177045157728,398.74241949480916,504.0070062635698,504.0070062635698,762.040133059118,732.1912840991672,2064.168687915842,119.81138508689297,348.2248984243772,328.8960078955984,0.9444930830154973
20260910_102816,WALK_1P_APPROACH,1,45,54,WALK,APPROACH,1,P01,LAB01,0,0.7,274.8596502254545,-16.2961491443848,313.7600613938767,-0.9127509859749097,330.4295267601906,268.2488318676741,549.8103010397137,549.8103010397137,781.0115956752708,135.6724156558229,3255.091338871862,164.78013097913689,297.56190615056767,275.34231748678815,0.925327845384428
20260910_102816,WALK_1P_APPROACH,2,55,64,WALK,APPROACH,1,P01,LAB01,0,0.8,515.7308457367653,-336.344739942484,590.3419324141923,-386.284333969593,705.0515541030845,860.9232124069895,1114.2083988412016,1114.2083988412016,1151.1045801943753,830.3850268038371,4104.249470829813,406.5559348593135,618.4203520025438,615.7159160938886,0.9956268646400497
20260910_102816,WALK_1P_APPROACH,3,60,69,WALK,APPROACH,1,P01,LAB01,0,1.0,612.062646220669,-588.2076804773333,775.7380369646382,-707.1214017235058,1066.4946882363306,1052.5054575362144,1114.2083988412016,1114.2083988412016,502.98869933912664,0.7716066374767045,2967.8529408900176,36.42469212193092,857.8676532486842,848.8868936855913,0.9895312994620051
20260910_102816,WALK_1P_APPROACH,4,65,74,WALK,APPROACH,1,P01,LAB01,0,1.0,544.9109409697533,-572.8494685335845,676.3886147946594,-720.7967660178637,1004.3311015757266,1052.436869240936,1052.5054575362144,1052.5054575362144,212.46389547480408,80.7481948328133,835.9802989530554,65.66027081762108,796.972650293437,790.6228223291763,0.9920325647788255
20260910_102816,WALK_1P_APPROACH,5,70,79,WALK,APPROACH,1,P01,LAB01,0,1.0,536.0961096892133,-501.4275124125752,672.6710513166388,-644.6994308870482,957.7767496833018,934.4857353272405,1150.951246785308,1062.2883069953732,501.7963784702659,210.83837271992797,1811.8114562527428,86.18486701188756,753.9859368732247,734.0494459014136,0.9735585373720794
20260910_102816,WALK_1P_APPROACH,6,75,84,WALK,APPROACH,1,P01,LAB01,0,1.0,399.5106549546367,-770.0090004269382,525.7746620719115,-904.5429688269818,1086.5259505857143,1154.769482669658,1231.2955727081883,1231.2955727081883,478.2228351017828,157.6522223938063,1811.8114562527428,148.2777326915656,893.7559090122403,867.480618896339,0.9706012683653861
20260910_102816,WALK_1P_APPROACH,7,80,89,WALK,APPROACH,1,P01,LAB01,0,1.0,159.91463925314747,-827.1001602485994,224.52673820927288,-1046.3933451408461,1080.8797749295884,1095.5548706275767,1231.2955727081883,1231.2955727081883,450.47036248398365,259.70885749360167,1417.23284302616,138.05779357348837,855.1475178009441,842.4175727812918,0.9851137438223665
20260910_102816,WALK_1P_APPROACH,8,85,94,WALK,APPROACH,1,P01,LAB01,0,1.0,68.6432259850684,-733.8871258747445,103.83694731643762,-924.5698481689348,942.2139289256105,929.621673535147,1032.522022701146,987.2002959987168,358.0608693166356,200.85127765009295,1417.23284302616,37.62260015325,743.0999756050415,737.090364879592,0.9919127830403218
20260910_102816,WALK_1P_APPROACH,9,90,99,WALK,APPROACH,1,P01,LAB01,0,1.0,217.80516884552313,-798.3448551960664,249.94475457740114,-985.3650084239149,1017.5606328948485,1011.8258155179035,1116.276991453003,1116.276991453003,237.57578240656403,93.52433030828766,768.9179874464529,85.74553413113712,829.7052285905017,827.5225673018562,0.9973693533396752
20260910_102816,WALK_1P_APPROACH,10,95,104,WALK,APPROACH,1,P01,LAB01,0,1.0,149.09516704880025,-795.3842329125978,190.26815172352616,-995.4552274046137,1034.7884104529026,1043.107263223429,1116.276991453003,1116.276991453003,336.91736044897175,73.3059128413949,982.8785596378913,72.0714534317559,823.9522404290269,809.2375712998447,0.9821413567350453
20260910_102816,WALK_1P_APPROACH,11,100,109,WALK,APPROACH,1,P01,LAB01,0,1.0,-93.17791316904679,-760.83599780963,-77.2187588322125,-955.6706465810867,990.192312319635,1007.2935589619991,1044.7274439983867,1016.1773420852605,249.11614951179408,32.045230300383786,982.8785596378913,32.65114663567921,778.0655788813452,766.520410077588,0.9851617021532348
20260910_102816,WALK_1P_APPROACH,12,105,114,WALK,APPROACH,1,P01,LAB01,0,1.0,-59.741693723210915,-812.4683422296034,-101.70349280644908,-1007.7938881762362,1021.2124518179893,1019.6414908977706,1035.3686137016416,1035.3686137016416,105.2891652472453,19.8201104452662,635.782748765417,12.066202667122184,821.075718183534,814.6618176238763,0.992188417684733
20260910_103326,WALK_1P_APPROACH,0,36,45,WALK,APPROACH,1,P01,LAB01,0,0.8,526.180154190123,30.61244765738411,600.7045445792619,34.44464798967063,554.900318473364,502.547122664566,941.4101090522674,941.4101090522674,1802.7891767878373,1695.0939029904976,4962.014849828153,316.09079035588223,529.6631512227443,527.0698972765545,0.9951039562782436
20260910_103326,WALK_1P_APPROACH,1,66,75,WALK,APPROACH,1,P01,LAB01,0,1.0,135.46156350217728,-1173.1155708058832,122.66807629341675,-1412.14614597532,1492.574025827189,1482.1152187648377,1846.625211695918,1846.625211695918,1700.6660856706305,1252.6935282556224,5574.29651865726,298.6300090903209,1244.222938594367,1180.9106560843913,0.9491150013827094
20260910_103326,WALK_1P_APPROACH,2,71,80,WALK,APPROACH,1,P01,LAB01,0,1.0,336.9391438429419,-1212.3790273847585,414.2817051275912,-1519.1414912540345,1578.072709742703,1553.7045815897163,1846.625211695918,1846.625211695918,1172.4180181428142,973.9958154395274,2780.489640981877,208.34631674489984,1264.877274060399,1258.3286107754318,0.9948226887941901
20260910_103326,WALK_1P_APPROACH,3,76,85,WALK,APPROACH,1,P01,LAB01,0,1.0,127.6470364171492,-951.5286422546155,182.23455884618642,-1213.9337760685696,1229.7645879070215,1232.9607437983786,1501.1478624343947,1410.982713104335,851.654616411956,771.8616997188676,2170.6943471244517,174.75717785611167,961.0694416414176,960.0523542687623,0.9989417129204335
20260910_103326,WALK_1P_APPROACH,4,81,90,WALK,APPROACH,1,P01,LAB01,0,1.0,65.55360190388518,-801.5355322402011,87.48142211982807,-1017.5055747777254,1029.4438695221638,1029.2387158701338,1174.7541106150347,1117.352913413501,565.1492280900306,583.6146897493086,1309.1763066844453,80.932678242152,807.7147059974332,804.2117160090094,0.9956630850442446
20260910_103326,WALK_1P_APPROACH,5,86,95,WALK,APPROACH,1,P01,LAB01,0,1.0,65.53343297240602,-854.3482810537689,71.88238438543581,-1052.4035011333804,1061.8600771122817,1092.7655652233184,1157.6555759235816,1157.6555759235816,312.2031444865305,285.03207736991624,761.5642843828518,86.49971630401286,860.0052625612627,856.8579906709621,0.9963404039169161
20260910_103326,WALK_1P_APPROACH,6,91,100,WALK,APPROACH,1,P01,LAB01,0,1.0,42.79952029019488,-875.4931444741555,65.86291996875198,-1093.6361706555706,1096.3193776536743,1089.0474791719769,1157.6555759235816,1157.6555759235816,236.491442829826,190.78056048717423,632.2408248206484,46.06752065401501,877.5863500476491,876.5386728252869,0.9988061833205298
20260910_103326,WALK_1P_APPROACH,7,96,105,WALK,APPROACH,1,P01,LAB01,0,1.0,70.71065758972102,-780.1623206535137,78.12137931892089,-984.5356244056695,998.0071210565848,996.296109508055,1076.680364992293,1066.6693182686251,194.82726787051325,148.11652699234557,546.1297580968425,61.083631758774295,784.8794036246522,783.3602259907294,0.9980644445160529
20260910_103352,WALK_1P_APPROACH,0,65,74,WALK,APPROACH,1,P01,LAB01,0,0.9,-685.6579361550731,-549.0238852719549,-782.4368092821992,-624.0591830475006,1791.4473377218935,2147.880337570903,3385.261196056487,2539.2473642685577,3705.035975843514,1744.363028752776,10589.216846191435,989.4477944609924,1954.1936685442572,878.3814843287323,0.4494853803221394
20260910_103352,WALK_1P_APPROACH,1,70,79,WALK,APPROACH,1,P01,LAB01,0,1.0,875.9502974722419,-1214.4001307607114,764.6735628158636,-1395.777336914794,2487.1576448792193,2389.808663851579,3385.261196056487,3385.261196056487,3867.3579488346163,1715.013514616161,11702.08178609978,686.6704139928261,2535.643061726474,1497.3498593292557,0.5905207566201123
20260910_103352,WALK_1P_APPROACH,2,75,84,WALK,APPROACH,1,P01,LAB01,0,1.0,638.6864455623003,-1050.5799942970425,1135.1614141910209,-1460.290046623848,1844.1249027486313,1310.5211483910305,3385.261196056487,3385.261196056487,2456.5376564812623,110.61206180692464,11702.08178609978,834.7974091900589,1314.039993253933,1229.487169580138,0.9356542996348091
20260910_103352,WALK_1P_APPROACH,3,80,89,WALK,APPROACH,1,P01,LAB01,0,1.0,52.38140076005101,-1017.6270474445414,104.6399166124882,-1236.9148737709545,1283.8156893421542,1284.8602861500513,1310.5211483910305,1310.5211483910305,116.01304265727217,72.600078421543,422.1474390956537,21.561148220936392,1024.3597102940469,1018.9742974365349,0.9947426545544572
20260910_103352,WALK_1P_APPROACH,4,85,94,WALK,APPROACH,1,P01,LAB01,0,1.0,-7.912577364874494,-962.6170147896328,-19.42478451338217,-1212.039150758697,1221.9668273149894,1254.7735897472796,1310.5211483910305,1294.0645038391751,220.8047190637049,155.78061803208936,1128.2876777541223,73.73846229372359,966.6721455103384,962.6495343805342,0.9958387017268605
20260910_103352,WALK_1P_APPROACH,5,90,99,WALK,APPROACH,1,P01,LAB01,0,1.0,-25.960392058605095,-876.6842135225897,-23.168852361796997,-1109.4044777876663,1114.6955243824118,1114.1513873532986,1244.9823597280558,1154.6847070760177,266.386983394646,178.96838806645988,1128.2876777541223,58.668107261167286,881.5646765126554,877.0684991467646,0.9948997759487402
20260910_103352,WALK_1P_APPROACH,6,95,104,WALK,APPROACH,1,P01,LAB01,0,1.0,23.271057234807586,-825.3713099035758,12.445770300629642,-1043.4760484225158,1042.9482883583883,1020.2763664696222,1114.1513873532986,1114.1513873532986,113.583705913094,0.0,510.86384135797533,39.40377382788129,827.706167982461,825.699304418243,0.9975753913141546
20260910_103352,WALK_1P_APPROACH,7,100,109,WALK,APPROACH,1,P01,LAB01,0,1.0,-14.557871358161464,-815.6387905525089,-8.89537224589494,-1016.4461168968967,1018.0449982706126,1014.6439638937452,1030.7687008766834,1030.7687008766834,36.24359114805623,0.0,163.2555519583101,6.827389298977102,815.9227510756014,815.7686977767904,0.9998111913185312
20260910_103428,WALK_1P_AWAY,0,40,49,WALK,AWAY,1,P01,LAB01,0,0.9,-259.0467458074917,353.6360972611292,-303.8956847387309,415.8719412766717,512.7948949495839,560.1977436184577,625.2298851722619,625.2298851722619,838.9272978172137,687.2235937293976,2770.6448539211897,130.14239109818035,439.9190365896487,438.3648090341354,0.9964670145498544
20260910_103428,WALK_1P_AWAY,1,60,69,WALK,AWAY,1,P01,LAB01,0,0.9,141.15893612992696,-481.2769571174538,159.12562839870927,-558.4003430668205,574.6167214042198,677.3477875410051,767.3657069558691,767.3657069558691,732.0785616179406,690.4436877398774,2626.6210397165896,218.49068276667572,502.72907063824954,501.5509492579675,0.9976565481308126
20260910_103428,WALK_1P_AWAY,2,65,74,WALK,AWAY,1,P01,LAB01,0,1.0,35.6659408976528,-371.0943744496908,63.67518716555689,-487.4412673066472,562.867704135479,652.5000704369687,767.3657069558691,767.3657069558691,667.3929382208232,432.47939778906346,2429.8145986400436,205.69692086332554,435.0223086147335,372.8043643632974,0.856977577886614
20260910_103428,WALK_1P_AWAY,3,70,79,WALK,AWAY,1,P01,LAB01,0,1.0,-244.0876315019649,171.58439200857833,-255.7763579912124,136.6258972402203,534.4775992184666,556.7077759811698,836.9500492466608,767.2111920125566,1067.8798808069228,858.910387734614,2497.392200601372,194.68088868616076,416.0380731852844,298.3621548273046,0.7171510831760527
20260910_103428,WALK_1P_AWAY,4,75,84,WALK,AWAY,1,P01,LAB01,0,1.0,-147.45277592601852,617.2680189568878,-213.62924505399474,714.3574732688866,803.1991881867181,865.9390612692284,950.728082092476,915.8247506136174,730.9092379829509,568.2447118023673,2497.392200601372,132.7299292481801,668.3204539118667,634.6354294831399,0.9495974958845581
20260910_103428,WALK_1P_AWAY,5,80,89,WALK,AWAY,1,P01,LAB01,0,1.0,-62.46641860371858,757.4670601757998,-83.0749254992104,939.6580160607075,949.6653023449277,969.0970995548535,988.6051690134811,988.6051690134811,171.64288236336176,37.847830777797164,650.67812943454,41.16143121852195,761.9978694100557,760.0384205450035,0.9974285376065826
20260910_103428,WALK_1P_AWAY,6,85,94,WALK,AWAY,1,P01,LAB01,0,1.0,-36.129333738321975,783.6209469293292,-54.55881083933533,978.4308872379204,983.291874635223,987.4661170172309,988.6051690134811,988.6051690134811,79.87471706390917,0.0,425.37972576176713,10.14964050275724,788.3039535178889,784.4533875398803,0.995115379085916
20260910_103428,WALK_1P_AWAY,7,90,99,WALK,AWAY,1,P01,LAB01,0,1.0,43.245317590092895,765.8305841400725,40.756809623566646,958.8591733725182,957.7202247780278,957.4696228648141,987.4661170172309,987.4661170172309,108.58833335227453,29.562532576671117,385.90855280782574,24.877593759091937,768.4138567017894,767.0506118228396,0.9982258975849275
20260910_103428,WALK_1P_AWAY,8,95,104,WALK,AWAY,1,P01,LAB01,0,1.0,84.83756521999322,738.7735828365999,108.76415914488652,923.9236727212768,939.8268045317978,935.9448579320804,959.561043442037,959.561043442037,112.7754423737614,29.562532576671117,385.90855280782574,15.795046892657947,747.1026115797274,743.6288181409345,0.9953503128152
20260910_103428,WALK_1P_AWAY,9,100,109,WALK,AWAY,1,P01,LAB01,0,1.0,73.49149065725842,749.5710224662967,95.92705952842985,938.5726127104105,950.2215106531646,953.331328429922,972.7362322663255,972.7362322663255,95.45313759968285,0.0,288.8212498143008,19.57561273054606,757.5849800604842,753.1651325706703,0.9941658723362479
20260910_103428,WALK_1P_AWAY,10,105,114,WALK,AWAY,1,P01,LAB01,0,1.0,-42.3142996748108,782.4982683264311,-35.69386555473735,971.1046828623091,978.9358508329897,976.7910671857762,1047.8347460958532,996.4895996418904,139.72322443930082,47.227315879975045,642.4712575353734,30.56117674766141,788.414950953304,783.6415251190004,0.9939455412044992
20260910_103456,WALK_1P_AWAY,0,49,58,WALK,AWAY,1,P01,LAB01,0,1.0,-65.95013155744718,-334.7357344884165,-42.58865718177934,-398.11880745146493,481.4757750290114,505.30153664891225,529.7234765285405,529.7234765285405,219.1189546987961,109.47023644159859,837.2684475254225,60.04723227397776,396.61787756474877,341.17067839417894,0.8601999498584934
20260910_103456,WALK_1P_AWAY,1,54,63,WALK,AWAY,1,P01,LAB01,0,1.0,-283.8444906863623,-50.79413502043985,-321.46599788868895,-109.75278279560283,514.8866082129691,520.8956207722649,529.7234765285405,529.7234765285405,87.50486259314762,0.0,394.40584274894945,15.429019539462024,405.9863390821828,288.3534966763453,0.710254185715285
20260910_103456,WALK_1P_AWAY,2,59,68,WALK,AWAY,1,P01,LAB01,0,1.0,-167.1540257751286,394.77142194557996,-243.3000738055092,431.9310745102674,596.1435595733632,549.3953806961914,779.4535833730565,750.5536420725895,359.4766807187381,377.5068389090793,765.1649660222381,105.98889656809627,478.0113260559514,428.701462462828,0.8968437338086176
20260910_103456,WALK_1P_AWAY,3,64,73,WALK,AWAY,1,P01,LAB01,0,1.0,-29.151401466289016,621.1469104901374,-49.29344414880198,752.8452609301298,758.0404825776438,785.696908106077,865.2346347214325,848.6868658790535,395.8932134156454,339.29901902397404,765.1649660222381,91.0013810761893,623.5803184339532,621.8305947916133,0.9971940685255525
20260910_103456,WALK_1P_AWAY,4,69,78,WALK,AWAY,1,P01,LAB01,0,1.0,105.24568365480536,692.0810086989422,112.95104466034452,855.7105639061068,875.4193748716625,868.3619647114951,951.5632852942865,944.4562008220479,193.5856423491705,152.38160091364153,503.32386237699626,53.80803755665216,709.1123684678925,700.0376965062044,0.9872027729804025
20260910_103456,WALK_1P_AWAY,5,74,83,WALK,AWAY,1,P01,LAB01,0,1.0,328.9099548816386,667.0826028008928,381.20767825228916,836.0587404980146,935.2648071020913,946.5921823214126,951.5632852942865,951.5632852942865,102.64200531474425,57.41184202732014,503.32386237699626,24.07162286027704,756.2889691063045,743.761357815701,0.9834354171456352
20260910_103456,WALK_1P_AWAY,6,79,88,WALK,AWAY,1,P01,LAB01,0,1.0,470.6277796493338,584.6590337005473,575.0539897481088,742.2582766578115,944.0205100811736,946.5921823214126,951.5632852942865,951.5632852942865,26.122271129298944,0.0,205.28223199615462,8.095587031518527,753.086200515516,750.5442642944648,0.9966246410844986
20260910_103456,WALK_1P_AWAY,7,84,93,WALK,AWAY,1,P01,LAB01,0,1.0,531.5055034966688,543.9316792499303,658.4560384101393,683.7568333196634,950.7381256817291,946.5921823214126,975.9424905922322,975.9424905922322,97.75881927760744,0.0,536.8720973671433,18.679140076746076,761.3229469246448,760.4996856928321,0.9989186438749308
20260910_103456,WALK_1P_AWAY,8,89,98,WALK,AWAY,1,P01,LAB01,0,1.0,473.1170915343089,557.90505186992,596.0658761571898,692.7526168848053,921.0099669718918,920.0782637054511,975.9424905922322,975.9424905922322,187.68792750158232,134.15247850031255,536.8720973671433,46.309474330612936,736.2230634698492,731.5038135265337,0.993589918358339
20260910_103456,WALK_1P_AWAY,9,94,103,WALK,AWAY,1,P01,LAB01,0,1.0,429.8047997709526,548.903943569981,540.2523548363943,688.037549965684,880.1305346857586,871.7475534300759,922.4954117309659,912.9441604826053,184.5119225864411,142.35611040737288,483.2115383828282,23.539739001039987,701.3026730632018,697.1568727143308,0.9940884292786698
20260910_103456,WALK_1P_AWAY,10,99,108,WALK,AWAY,1,P01,LAB01,0,1.0,423.231442350424,557.7647349749777,522.0130819729394,698.6091360044218,879.150242371529,876.3816815849607,922.4954117309659,922.4954117309659,175.79058019272446,87.79195749038594,545.0629397294113,33.286891394107194,709.1886745691282,700.1616623150167,0.9872713530576387
20260910_103456,WALK_1P_AWAY,11,104,113,WALK,AWAY,1,P01,LAB01,0,1.0,137.00963653894246,631.6013427322073,221.60113035717035,778.6613835516773,850.3973779460446,830.7685074834073,922.4954117309659,922.4954117309659,141.89054980474847,0.0,545.0629397294113,40.82058259975722,671.6128195371516,646.2908761893984,0.9622968135640948
20260910_103456,WALK_1P_AWAY,12,109,118,WALK,AWAY,1,P01,LAB01,0,1.0,36.137260618579376,636.1010888584597,40.81567201617565,794.7252594663187,806.7612878500682,819.5893248787826,835.4742124014492,830.2533675615957,144.42795541623545,12.316792165115617,449.9606313908527,26.93854060064412,641.6310579092352,637.1267510095092,0.9929799113615178
20260910_103523,WALK_1P_AWAY,0,62,71,WALK,AWAY,1,P01,LAB01,0,0.8,131.74606145314348,578.5333811160632,151.26697659954854,658.5960022043506,681.0799358176665,702.1272183279618,1179.5773028618976,1179.5773028618976,1258.4681750401805,1153.4715940193466,3753.2860385018284,420.05493065672925,598.1159727826041,593.344670300492,0.9920227803649606
20260910_103523,WALK_1P_AWAY,1,67,76,WALK,AWAY,1,P01,LAB01,0,1.0,243.18889168597562,859.6529614608519,305.3306262984211,1046.5027515863253,1104.9496611311583,1117.1450604068336,1179.5773028618976,1179.5773028618976,805.6087177157253,326.65780619103856,3753.2860385018284,89.23413646862483,906.4119038318438,893.3890816368119,0.9856325560818673
20260910_103523,WALK_1P_AWAY,2,72,81,WALK,AWAY,1,P01,LAB01,0,1.0,431.22751536273785,747.8843390686513,504.53868824818164,957.0463481173047,1097.3184831011845,1104.7226941663826,1179.5773028618976,1155.426959321519,173.5448239792487,137.30054507195482,351.1069106424474,46.15185589779118,870.4708044879663,863.3007324392084,0.991762995367805
20260910_103523,WALK_1P_AWAY,3,77,86,WALK,AWAY,1,P01,LAB01,0,1.0,470.92177620674283,691.5307159080678,594.7823802195802,865.7480216274487,1054.09496612441,1049.5019332871393,1102.3028168383307,1084.357106891362,156.49368452829083,117.68062660327631,437.587525719468,26.931092254601314,839.0553401541674,836.6492994977276,0.9971324410425685
20260910_103523,WALK_1P_AWAY,4,82,91,WALK,AWAY,1,P01,LAB01,0,1.0,531.7320456416032,665.8200969067673,645.864998159346,837.7170400916523,1057.5323142930497,1069.6507102115652,1089.8135948567942,1089.8135948567942,164.98672921889366,88.86941851405605,665.0805853910878,29.620947698186683,855.5507205511808,852.0888274159807,0.995953608533028
20260910_103523,WALK_1P_AWAY,5,87,96,WALK,AWAY,1,P01,LAB01,0,1.0,356.3183491945024,683.0352450752512,473.36403044716354,847.5471136502836,1002.053632264961,991.1257967190852,1089.8135948567942,1089.8135948567942,198.05343118632007,109.77783983826458,665.0805853910878,70.25113964070931,800.3192397381376,770.3894547485082,0.962602692146421
20260910_103523,WALK_1P_AWAY,6,92,101,WALK,AWAY,1,P01,LAB01,0,1.0,114.27335932108576,752.460121640539,180.36318150666855,927.7972398150187,961.7665793764897,947.8843824330763,1033.8355943060972,1033.8355943060972,224.49416817825676,194.8657899717449,562.51692857409,41.97091839852507,771.1468255045947,761.0877973728266,0.9869557549884406
20260910_103523,WALK_1P_AWAY,7,97,106,WALK,AWAY,1,P01,LAB01,0,1.0,-2.4135536242488342,804.8760568575876,-6.522517778404523,996.0607168309685,1014.5109785542263,1033.8355943060972,1063.1117018544064,1048.3502482094382,159.92919448207735,72.47437197978813,562.51692857409,42.18144900108257,821.4940786185927,804.879675568787,0.9797753830706314
20260910_103523,WALK_1P_AWAY,8,102,111,WALK,AWAY,1,P01,LAB01,0,1.0,-197.4475133018152,788.4002302433828,-206.2583341658774,987.9862005431753,1020.0958003788637,1033.8355943060972,1063.1117018544064,1063.1117018544064,176.99550558591244,0.0,783.08513026876,46.926044402372355,814.5926059103068,812.7486964350602,0.9977364028817988
20260910_103523,WALK_1P_AWAY,9,107,116,WALK,AWAY,1,P01,LAB01,0,1.0,-290.5052932988659,783.6121745899236,-359.56683054181264,987.8481258594329,1044.1362977524918,1052.095787394284,1158.5509853034828,1158.5509853034828,395.3209367811298,0.0,1318.0785248400575,88.49128024198556,838.6816531490716,835.7280452397233,0.9964782728962078
20260910_103552,WALK_1P_AWAY,0,23,32,WALK,AWAY,1,P01,LAB01,0,0.7,-144.12890015018354,159.8392564673859,-178.42855015996616,175.5875363000187,307.57206929298,290.2490886492738,395.3011470721679,395.3011470721679,473.0076556355489,139.2607307838014,2551.4127624112534,77.27305397172759,259.97352320715066,215.2248307388075,0.8278721159127933
20260910_103552,WALK_1P_AWAY,1,28,37,WALK,AWAY,1,P01,LAB01,0,0.8,-63.11187210108187,195.9364531411079,-90.25913180289704,245.7640397461433,291.7967020907273,261.76178424065307,364.59662929575086,356.16276180505355,284.8042311686704,102.53834659299565,1030.0018463505555,46.233038020052156,222.25224911615265,205.84995037556092,0.9261996276491239
20260910_103552,WALK_1P_AWAY,2,33,42,WALK,AWAY,1,P01,LAB01,0,1.0,-207.16941197750845,183.48629546753773,-230.13445500911857,224.0962679330326,342.5063565048616,359.91114735647454,374.874620596189,374.874620596189,167.50244866666645,87.90254713690311,1030.0018463505555,43.922722667248536,283.40420714643625,276.7424540678701,0.9764938102167128
20260910_103552,WALK_1P_AWAY,3,58,67,WALK,AWAY,1,P01,LAB01,0,1.0,228.35939847513134,-689.7075029212709,272.6585609861356,-837.6069034247096,899.6983172639821,982.3578537484402,1257.9364730548295,1257.9364730548295,1789.4379763416769,2004.3419018880913,4848.65760507261,315.1358252158302,742.6677279834681,726.5290458459447,0.9782693100434778
20260910_103552,WALK_1P_AWAY,4,63,72,WALK,AWAY,1,P01,LAB01,0,1.0,320.0634250431335,-2.657265275670966,396.58764536881364,-104.94359816692277,659.2335792576665,619.3115392398876,1084.261895669861,910.2256594168603,1324.271739312107,1191.7211564610004,2882.6749874487523,204.9251944210703,475.2800197707011,320.0744555710231,0.6734439535780257
20260910_103552,WALK_1P_AWAY,5,68,77,WALK,AWAY,1,P01,LAB01,0,1.0,401.2951216482938,527.5829075012501,490.6728767184983,600.1837507418333,799.1990312934796,854.675387284667,1012.3987401491335,1009.9600335238043,634.0575595998486,776.2737979258492,1270.5410859134317,206.99114019212234,671.3555904028549,662.8585814079739,0.9873435045207828
20260910_103552,WALK_1P_AWAY,6,73,82,WALK,AWAY,1,P01,LAB01,0,1.0,480.910369875675,726.2643438983943,593.7971610843525,887.413656528686,1068.3562255697243,1039.5647100066321,1191.047124021346,1191.047124021346,420.3804120347935,438.7041996769168,1024.748442905129,99.32060842106885,872.6654857713604,871.0537762228711,0.9981531187210129
20260910_103552,WALK_1P_AWAY,7,78,87,WALK,AWAY,1,P01,LAB01,0,1.0,555.1214465507028,752.6384393872083,676.8588533678504,937.7575071573268,1156.217008067386,1159.7279732194852,1191.047124021346,1191.047124021346,261.87878265183997,128.85502179427345,803.6640086620839,36.09570708539105,935.3961294076959,935.2135803460925,0.9998048430436429
20260910_103552,WALK_1P_AWAY,8,83,92,WALK,AWAY,1,P01,LAB01,0,1.0,463.7312257044219,780.997300961061,592.19898089543,971.651816901351,1147.798455480962,1141.879539457556,1179.461029451913,1166.5629844673635,70.32571604343887,71.21953355476995,161.11660720124743,13.862057838974406,913.2379546341148,908.296996472953,0.9945896267932257
20260910_103552,WALK_1P_AWAY,9,88,97,WALK,AWAY,1,P01,LAB01,0,1.0,454.62183687046013,796.2946474580422,574.266925318085,988.9272038960956,1153.4581399054855,1141.879539457556,1177.9805073139612,1177.9805073139612,90.87348043318754,10.354778985487293,445.45209837153936,18.36757120242796,921.4825549020592,916.9330292501187,0.9950628195534054
20260910_103552,WALK_1P_AWAY,10,93,102,WALK,AWAY,1,P01,LAB01,0,1.0,392.6541292741074,775.4645498558248,495.9075210358859,972.099885843372,1103.548648134903,1109.3844865321912,1177.9805073139612,1177.9805073139612,223.41773956197062,165.08735807948273,652.4473373107378,67.460144105412,879.1665399522738,869.2079919783897,0.9886727400084805
20260910_103552,WALK_1P_AWAY,11,98,107,WALK,AWAY,1,P01,LAB01,0,1.0,225.86011050642833,771.8728803467561,304.33196207643533,962.9446300281312,1022.074303692288,1019.8855164266682,1080.4595387271938,1058.4299814080491,242.79114596296102,165.08735807948273,652.4473373107378,29.824689902663287,805.3014818026892,804.239101842713,0.9986807674094949
20260910_103552,WALK_1P_AWAY,12,103,112,WALK,AWAY,1,P01,LAB01,0,1.0,59.2756800032073,820.7579451133083,88.09506431432771,1014.6854604403928,1047.1017988516883,1055.982252817033,1150.3174408642917,1108.3357014304024,206.83763856633877,201.74450675110683,605.2567577812747,52.16442145123049,838.2790474222967,822.8956256454783,0.9816488055807642
20260910_103552,WALK_1P_AWAY,13,108,117,WALK,AWAY,1,P01,LAB01,0,1.0,-268.40183967017765,919.9851011609235,-293.30962248891,1141.3362875588825,1187.9599260451132,1190.4673470820808,1319.630121493758,1297.176365153082,296.42674710267096,267.45042491872385,904.3179021079561,104.15283115611663,968.9777904429438,958.3382147741007,0.9890197940821951
20260910_103929,WALK_1P_APPROACH,0,34,43,WALK,APPROACH,1,P03,LAB01,0,0.9,-245.98421314185612,102.14408863494918,-284.1045370688333,117.23006023847354,784.1756913786297,788.7383856708803,1091.5465151609976,1041.3170257194793,1759.7773055505222,379.8034041488177,6363.183738004875,295.5705190603232,625.6884187239467,266.3487337271992,0.4256890902190601
20260910_103929,WALK_1P_APPROACH,1,39,48,WALK,APPROACH,1,P03,LAB01,0,1.0,598.2179689218501,-534.0255590307697,609.3774156098967,-557.5453448352044,1134.2959854779008,1210.0954683655768,1474.014829479082,1474.014829479082,1191.4687471771008,719.2528292082357,3153.6401483373,315.11254487246435,853.8618698065866,801.9027597153596,0.939148108226221
20260910_103929,WALK_1P_APPROACH,2,44,53,WALK,APPROACH,1,P03,LAB01,0,1.0,712.1074101046561,-584.9028071528783,899.3161149496784,-745.7415356734983,1162.2691116053643,1318.6813242226917,1474.014829479082,1474.014829479082,1667.7591387933928,1550.1553904658733,3853.992741566723,367.57885586014356,921.8492785578104,921.5249629506941,0.9996481902034748
20260910_103929,WALK_1P_APPROACH,3,49,58,WALK,APPROACH,1,P03,LAB01,0,0.7,103.40529613124636,-155.13674999256637,218.60672894590007,-255.3416524505354,656.6940888483841,531.9958759023326,1308.7182268752274,1191.3238056521625,2331.8062123759437,2108.7343394343225,7088.566151892296,414.15681900822784,444.9928322299678,186.44051723337068,0.41897420302046595
20260910_103929,WALK_1P_APPROACH,4,54,63,WALK,APPROACH,1,P03,LAB01,0,0.7,-557.6157957448563,-43.348351660933986,-608.8158135308943,-57.99634796894712,694.4695445373696,835.7822726630332,1066.5039437073815,1066.5039437073815,1419.3102372831931,196.46385389733635,7088.566151892296,369.1649280677852,612.0361810300013,559.2981809874669,0.913831891516967
20260910_103929,WALK_1P_APPROACH,5,59,68,WALK,APPROACH,1,P03,LAB01,0,1.0,-483.2377689529669,-464.1413811041384,-674.7192866969484,-497.17184219731223,934.6390376478679,926.4076956793145,1066.5039437073815,1066.5039437073815,360.33616622134303,0.0,2191.6903660406583,86.74602536023768,753.3433233975893,670.0342998652368,0.8894142671144577
20260910_103929,WALK_1P_APPROACH,6,64,73,WALK,APPROACH,1,P03,LAB01,0,1.0,-301.11597842120455,-677.3633055669688,-385.03174847703553,-829.8748816790836,911.6157837311508,910.8194824110906,982.8023285813065,978.0879080274502,265.1397685964929,29.40290456481665,1074.178026925787,43.30126814001229,742.3843770705628,741.2771952442421,0.9985086137848299
20260910_103929,WALK_1P_APPROACH,7,69,78,WALK,APPROACH,1,P03,LAB01,0,1.0,-362.52086874248266,-655.7023630668364,-447.31241437930566,-813.7045720541713,931.5417523691882,914.6305526872011,982.8023285813065,982.8023285813065,239.88271073995392,0.0,1074.178026925787,42.739086441119504,751.4769045598539,749.2442653802814,0.9970289982752295
20260910_103929,WALK_1P_APPROACH,8,74,83,WALK,APPROACH,1,P03,LAB01,0,1.0,-362.7855921618759,-549.9906279656793,-461.69908575773087,-704.2141114306846,878.1692811523299,918.4547737073792,982.8023285813065,982.8023285813065,387.2328538262942,0.0,3020.1106630523063,115.50431790360977,672.2052100908081,658.864991276912,0.9801545441575884
20260910_103929,WALK_1P_APPROACH,9,79,88,WALK,APPROACH,1,P03,LAB01,0,1.0,-371.2737996470498,86.61914774085653,-459.56290990158016,15.252305676016453,833.2350444421523,909.7693038931836,989.3950656722034,989.3950656722034,688.8973152040005,43.02243269896308,3020.1106630523063,135.94982868769625,630.9896584837743,381.24416200082334,0.60420033335717
20260910_103929,WALK_1P_APPROACH,10,84,93,WALK,APPROACH,1,P03,LAB01,0,1.0,-362.59878559135996,597.1126600694206,-451.97680038863245,697.2154860557309,850.0527931589452,879.077387323348,989.3950656722034,989.3950656722034,723.5676682696434,872.9593663700583,1861.2252008730613,124.81006910990583,700.838401426915,698.5852905175634,0.9967851206429839
20260910_103929,WALK_1P_APPROACH,11,89,98,WALK,APPROACH,1,P03,LAB01,0,1.0,-211.41806215580414,409.60635715473654,-286.2323286511833,546.4493570558479,622.4305450894238,639.0442215597161,989.3950656722034,942.6290294846734,786.9864318666747,915.6339855756598,1582.4932169726762,252.77291019302288,460.9832479383729,460.95006760742433,0.9999280226969266
20260910_103929,WALK_1P_APPROACH,12,94,103,WALK,APPROACH,1,P03,LAB01,0,1.0,-290.86598329750484,-1815.432528697796,-353.8740186805934,-1989.77104570844,1774.1150811526154,525.6883563537817,4171.355888613139,4171.355888613139,6177.411701938227,854.1577894937064,43677.69902651564,1743.3234113409596,2088.562180283339,1838.5859475405816,0.8803118072793767
20260910_103929,WALK_1P_APPROACH,13,99,108,WALK,APPROACH,1,P03,LAB01,0,1.0,-490.48485704265016,-2554.21006933681,-560.0673367722917,-2855.317267215228,2335.9561117058806,1944.1187395131028,4171.355888613139,4171.355888613139,7809.810317112024,2747.406743180336,43677.69902651564,1369.5141776136213,2629.016623972271,2600.8776352011837,0.9892967627079622
20260910_103949,WALK_1P_APPROACH,0,17,26,WALK,APPROACH,1,P03,LAB01,0,1.0,-513.1431020171367,355.0711146223148,-576.5904939428749,399.1094405394651,768.0010560215102,861.0148552957028,933.2972252877645,933.2972252877645,853.8286677539921,254.28593579121883,2892.489405925759,211.334289101761,651.3036864724032,624.0122912146063,0.958097281153723
20260910_103949,WALK_1P_APPROACH,1,22,31,WALK,APPROACH,1,P03,LAB01,0,1.0,-673.4703502428902,388.70110417545766,-848.8340800291966,477.77821449244874,1013.11156340794,903.637163938226,1404.3968969310688,1380.4431973938588,716.6898263455403,277.05648362719785,2726.303879021211,205.45326867135825,817.00362008253,777.5929918945394,0.9517619907436768
20260910_103949,WALK_1P_APPROACH,2,27,36,WALK,APPROACH,1,P03,LAB01,0,1.0,-947.4265655477293,266.52413033519315,-1137.5046767848562,347.39618101016043,1183.4640195817296,1209.5234952195092,1404.3968969310688,1404.3968969310688,1166.8725659131728,1025.0171501893249,2726.303879021211,204.02329400789966,984.9810906667065,984.2013051995496,0.9992083244292242
20260910_103949,WALK_1P_APPROACH,3,32,41,WALK,APPROACH,1,P03,LAB01,0,1.0,-726.2117615005978,270.18893091391965,-949.5891636755343,337.42116429697364,1011.5602460323902,903.2533033436877,1404.3968969310688,1380.4431973938588,861.1079200694774,702.8736050723403,2465.0878358570626,246.9799958980823,777.0219480015335,774.8455206879679,0.9971990143661151
20260910_103949,WALK_1P_APPROACH,4,37,46,WALK,APPROACH,1,P03,LAB01,0,1.0,-376.78401361338797,206.15753303931888,-492.99110946260424,264.15898307388574,708.7727561802736,773.5306147783871,908.8203145779618,908.8203145779618,850.8593602720799,0.0,5593.173325540541,201.6323188394677,528.9155790137999,429.49635777672387,0.8120319665712058
20260910_103949,WALK_1P_APPROACH,5,42,51,WALK,APPROACH,1,P03,LAB01,0,1.0,199.2418644479513,-16.99819971413399,135.82091273842053,23.1147422831493,571.9647095336885,556.6150207354528,908.8203145779618,908.8203145779618,1048.7376922549415,0.0,5593.173325540541,189.15476361879797,399.4300190780633,199.96564540494796,0.5006274837992768
20260910_103949,WALK_1P_APPROACH,6,57,66,WALK,APPROACH,1,P03,LAB01,0,1.0,250.39989741664772,-367.2884971586773,301.2967875866733,-431.5213668327621,535.5174252626948,584.1804428836025,742.3760012790203,689.0929674138854,694.1083350841099,587.35411465532,1664.6769860647578,159.99250383440787,464.64915975832116,444.52328259760185,0.9566858634347097
20260910_103949,WALK_1P_APPROACH,7,62,71,WALK,APPROACH,1,P03,LAB01,0,1.0,163.44709628484998,-556.5149296798545,242.7471549019795,-682.8840244468795,723.5401551846527,736.3589640303746,800.8991839102187,800.8991839102187,337.95814731224584,358.3309397037734,789.3016951012363,68.41563765717443,584.5623270176607,580.0205343266067,0.9922304389435675
20260910_103949,WALK_1P_APPROACH,8,67,76,WALK,APPROACH,1,P03,LAB01,0,1.0,102.3932536627783,-679.2576074330073,146.7431121869268,-832.711458888101,852.905347228141,800.8991839102187,1190.2707902265854,1111.3220539148917,661.3110911231522,328.4369685903389,2484.4595532822473,154.4224294653014,692.659701999634,686.9317838412076,0.9917305451119929
20260910_103949,WALK_1P_APPROACH,9,72,81,WALK,APPROACH,1,P03,LAB01,0,1.0,198.43430541631687,-882.0241499489457,220.84504085450135,-1064.4821048899537,1092.721840250743,1198.2943421552045,1277.4251365805872,1277.4251365805872,694.7863059898347,490.04468978531406,2484.4595532822473,214.094976687195,909.0704640610959,904.0701160082754,0.9944994934380748
20260910_103949,WALK_1P_APPROACH,10,77,86,WALK,APPROACH,1,P03,LAB01,0,1.0,229.67815517529402,-889.8434955334351,290.73049923768474,-1120.6945990535285,1157.0266637600646,1185.802245636498,1277.4251365805872,1277.4251365805872,403.93675102855076,362.2581432389817,1045.4515358550534,111.62730875041211,920.2801378156914,919.0068016657378,0.9986163602824506
20260910_103949,WALK_1P_APPROACH,11,82,91,WALK,APPROACH,1,P03,LAB01,0,1.0,89.527698521719,-804.4732490584674,135.5535679169397,-1014.3897202118424,1040.7549192543709,1017.6227524693097,1165.286597189172,1102.5924189653274,330.54709652675916,168.82126829119517,1045.4515358550534,51.24347408754753,813.5056770916345,809.4395698588517,0.995001746948688
20260910_103949,WALK_1P_APPROACH,12,87,96,WALK,APPROACH,1,P03,LAB01,0,1.0,47.50083930225787,-814.6088675195833,64.50348928791574,-1015.2993654712105,1027.9573695091462,1013.423774392008,1095.6263991626781,1095.6263991626781,317.4224358908077,116.23941502554638,971.8055390532716,56.985250151704484,821.4750979107826,815.9926082851223,0.9933260428227177
20260910_103949,WALK_1P_APPROACH,13,92,101,WALK,APPROACH,1,P03,LAB01,0,1.0,-237.12915902279587,-649.3787238274836,-244.62986886782232,-843.8676649196223,960.6963620815235,906.518873656184,1095.6263991626781,1095.6263991626781,266.1521089733666,52.27372785432873,971.8055390532716,86.83424266610953,757.704575178197,691.319727057365,0.9123868981453362
20260910_103949,WALK_1P_APPROACH,14,97,106,WALK,APPROACH,1,P03,LAB01,0,1.0,-413.2393846378285,-547.7398620331496,-505.1310477680489,-694.6289113363005,877.9735807703422,869.5210939802138,906.518873656184,898.4816414599272,65.40915856818846,2.2336184986076257,429.7805110477538,18.245400929999867,701.6735582314516,686.1382845140948,0.97785968484189
20260910_103949,WALK_1P_APPROACH,15,102,111,WALK,APPROACH,1,P03,LAB01,0,1.0,-389.3737299501041,-548.8471198730858,-497.7048417802649,-670.1839657276643,854.5428092053995,858.8805771922332,869.5210939802138,869.5210939802138,50.780451636682585,22.2444817323681,197.13823418817336,13.715183454382446,682.1803800857926,672.9376364628732,0.9864511734832405
20260910_103949,WALK_1P_APPROACH,16,107,116,WALK,APPROACH,1,P03,LAB01,0,1.0,-540.3404972857388,-444.2142130246989,-665.2361557934826,-563.9417548133894,880.3985528412334,859.062438495906,943.0422911468823,943.0422911468823,270.6509752496392,95.45133162658962,1103.9096720621283,45.76610369522662,704.6293535010501,699.495618328058,0.9927142757430066
20260910_104011,WALK_1P_APPROACH,0,57,66,WALK,APPROACH,1,P03,LAB01,0,0.9,-465.47765574323034,48.08337587504866,-534.679711349137,62.71473048163499,516.9232760730365,547.4590636464768,654.9765191547534,617.3958417187328,816.9112778858641,640.2929475161097,3654.050406527201,134.77675074355102,498.97527246023685,467.9545480404635,0.9378311388722267
20260910_104011,WALK_1P_APPROACH,1,62,71,WALK,APPROACH,1,P03,LAB01,0,1.0,-146.6385250730848,-401.1122312878824,-211.4260855559133,-443.64487292351896,696.2247080784842,699.7180835113575,902.3830159048996,866.8885840903037,520.9109356260399,454.7405041818387,1149.4193400753416,147.47343903660473,566.1883520933184,427.0759641145278,0.7543001591882584
20260910_104011,WALK_1P_APPROACH,2,67,76,WALK,APPROACH,1,P03,LAB01,0,1.0,214.58519753438713,-690.0315202161164,219.08708026291734,-836.8105680439003,892.8960558969477,912.0385945020867,980.6307592972005,972.7974171193586,365.90521637510847,237.71217169387273,1006.7405687548704,73.12330193695345,728.5986995957484,722.6273630943106,0.9918043547089078
20260910_104011,WALK_1P_APPROACH,3,72,81,WALK,APPROACH,1,P03,LAB01,0,1.0,111.25288867129257,-804.9684569486262,160.4205876265121,-992.0805731307177,1020.1065407785834,1012.3288848999832,1104.1532807869037,1104.1532807869037,226.82000046225306,215.49819520693467,712.5015588923607,70.04512540263266,831.1245937676729,812.6200969210394,0.9777355922500759
20260910_104011,WALK_1P_APPROACH,4,77,86,WALK,APPROACH,1,P03,LAB01,0,1.0,-63.87732350205306,-899.007635089321,-57.200019933222976,-1113.7156556449033,1108.8625714349694,1104.1532807869037,1151.0992496155172,1151.0992496155172,191.71437098608402,28.690912477490034,712.5015588923607,32.194396828380775,902.3746701492189,901.2741205685868,0.998780385113813
20260910_104011,WALK_1P_APPROACH,5,82,91,WALK,APPROACH,1,P03,LAB01,0,1.0,-54.530137523452595,-914.3380587047559,-74.1443925113324,-1133.595090355476,1137.55437053522,1142.9341206071667,1151.0992496155172,1151.0992496155172,70.57589930676184,21.182518697107877,471.5099228815774,17.152906476317707,916.7622743268182,915.9626747276924,0.9991278004979939
20260910_104011,WALK_1P_APPROACH,6,87,96,WALK,APPROACH,1,P03,LAB01,0,1.0,-65.90829823484228,-913.6504905720822,-77.61659325136284,-1141.6589430236722,1147.9226879677494,1149.2081654777348,1155.6857989331168,1155.6857989331168,40.65860945244155,34.525977523005054,143.5337099531773,5.427407730469891,916.8333507859088,916.0246299629827,0.9991179194973296
20260910_104011,WALK_1P_APPROACH,7,92,101,WALK,APPROACH,1,P03,LAB01,0,1.0,-194.57064711765906,-845.8766745612438,-223.2463991811967,-1064.1626277222576,1098.2443637447846,1131.8834705289291,1155.6857989331168,1155.6857989331168,220.70922725009967,109.88873726279968,638.0880207748374,63.48206379928989,875.4201443344207,867.966062289634,0.9914851376301673
20260910_104011,WALK_1P_APPROACH,8,97,106,WALK,APPROACH,1,P03,LAB01,0,1.0,-345.7314754000803,-721.1519191024588,-420.06351394285264,-917.7046028252598,1016.6734673554238,1011.8105161703741,1115.7441017145459,1074.7021840139364,252.45263917028714,246.27533210761106,638.0880207748374,45.77633960770471,803.7800206277864,799.7439237077551,0.9949786050704783
20260910_104011,WALK_1P_APPROACH,9,102,111,WALK,APPROACH,1,P03,LAB01,0,1.0,-375.13150177991304,-691.8596235935343,-470.1000718665041,-858.9863016742302,987.1527836034222,974.4266387615544,1020.640463793463,1020.640463793463,123.20464563334205,27.30115214000374,616.6437210923451,24.726953807551084,789.9676477551693,787.0154905633304,0.9962629391213325
20260910_104034,WALK_1P_APPROACH,0,49,58,WALK,APPROACH,1,P03,LAB01,0,0.9,-264.6515109255515,-99.26643733554283,-303.5120758017082,-113.41668276440751,440.6132052197762,467.2885840651712,847.19654301752,511.9927369607397,900.5702118669151,59.0613524218699,4270.932176368706,185.1567221401643,388.0261937406242,282.655705437673,0.7284449091254237
20260910_104034,WALK_1P_APPROACH,1,54,63,WALK,APPROACH,1,P03,LAB01,0,1.0,-104.86707357690011,-641.5789104117566,-165.19081048330324,-719.9551594347589,816.3418045090227,937.1625191435194,1105.628772983564,1105.628772983564,814.3436885652047,41.815889070356135,4270.932176368706,292.6817435032447,687.036728822766,650.0927636927825,0.9462270886255428
20260910_104034,WALK_1P_APPROACH,2,59,68,WALK,APPROACH,1,P03,LAB01,0,1.0,-37.219608859246364,-847.4164035573476,-28.956258713321535,-1062.0366206597228,1057.1387914414443,1031.0007882119396,1105.628772983564,1105.628772983564,391.94189837575857,21.71502457192339,2906.77033266272,37.73989466864453,854.0457142151758,848.2333760833187,0.9931943477554964
20260910_104034,WALK_1P_APPROACH,3,64,73,WALK,APPROACH,1,P03,LAB01,0,1.0,160.7669630524449,-835.918308351881,159.56615643400596,-1039.3216106641066,1070.0270252342693,1033.0431346421642,1234.666809556368,1187.2072386869831,241.3566272513598,44.62489736881727,1378.7293136051255,71.22392947149233,857.9505660715275,851.2375900105544,0.9921755677699343
20260910_104034,WALK_1P_APPROACH,4,69,78,WALK,APPROACH,1,P03,LAB01,0,1.0,190.16288437894764,-872.8056388946552,235.05465882149315,-1081.5067228465582,1118.6168741885629,1120.3116463632482,1234.666809556368,1234.666809556368,588.398675045131,296.943283470304,1979.542490144168,107.62944224622372,901.0219154348433,893.2813699398573,0.9914091484764271
20260910_104034,WALK_1P_APPROACH,5,74,83,WALK,APPROACH,1,P03,LAB01,0,1.0,-15.950192240714841,-741.2679575256598,16.130928786181688,-953.664433272851,977.4992063486097,922.6272143213363,1234.666809556368,1234.666809556368,652.8156767061131,482.89259953484407,1979.542490144168,176.64405698428524,751.1945370393593,741.4395413563935,0.9870140220648934
20260910_104034,WALK_1P_APPROACH,6,79,88,WALK,APPROACH,1,P03,LAB01,0,1.0,-75.92387647738497,-718.6605936729925,-100.62663598828598,-891.262422298358,906.6555456813736,934.7119203304841,995.5092401473439,995.5092401473439,429.3448718589335,321.29156729589346,1559.327660691003,85.87321496261683,724.4682381898153,722.6600057549686,0.9975040556099949
20260910_104034,WALK_1P_APPROACH,7,84,93,WALK,APPROACH,1,P03,LAB01,0,1.0,-168.95174277153683,-713.1502208770712,-191.7250447740941,-900.6906901604756,930.5015267692706,918.8246989831189,995.5092401473439,995.5092401473439,225.42890932556628,130.11854225701666,723.6753474890849,54.24674539466151,741.1121388819898,732.8901206337516,0.9889058378390055
20260910_104034,WALK_1P_APPROACH,8,89,98,WALK,APPROACH,1,P03,LAB01,0,1.0,-280.34985825902265,-642.2140837375346,-334.04633103225103,-809.7766414422223,876.2509948272625,877.115226004086,899.2292716788266,890.0261063579761,141.26895938109664,51.11652354727045,438.9312510061387,15.931107072680536,701.8591241057597,700.7388760277934,0.9984038847120585
20260910_104034,WALK_1P_APPROACH,9,94,103,WALK,APPROACH,1,P03,LAB01,0,1.0,-333.47393653830204,-591.8150452478624,-412.79344252694165,-746.8925529999018,859.6900385782774,848.1478771212687,889.0035324334372,889.0035324334372,71.8592204706732,25.896827140280354,422.4259355416335,19.4001345871892,682.4794580721655,679.3010482341984,0.9953428490771792
20260910_104034,WALK_1P_APPROACH,10,99,108,WALK,APPROACH,1,P03,LAB01,0,1.0,-416.65345728722366,-545.6002433110048,-510.7008333846975,-685.6434952246528,861.0173503823283,859.240457176062,879.6988072370908,879.6988072370908,65.44967482290261,9.415707308930719,356.26197703251785,15.501215669959679,689.5997367985361,686.4981638507302,0.9955023576978075
20260910_104054,WALK_1P_APPROACH,0,70,79,WALK,APPROACH,1,P03,LAB01,1,0.9,9.52751824584766,-703.7904766672909,10.64444302048258,-790.9616235723495,833.7488380982853,1029.8401519439353,1171.6115606919989,1120.9250823684695,1037.2566425630087,805.580013011069,4003.5281669185756,340.3277741073092,711.6406580124105,703.8549627952463,0.9890595132114718
20260910_104054,WALK_1P_APPROACH,1,75,84,WALK,APPROACH,1,P03,LAB01,1,1.0,-9.877259739982719,-969.6110963916344,-4.280286080705766,-1196.6704999394417,1185.419588217937,1194.6250066599973,1275.4560783826653,1275.4560783826653,334.3735706368587,226.95858425719635,977.5869666412644,82.0962897645996,974.6264538587448,969.6614040507947,0.9949056894687267
20260910_104054,WALK_1P_APPROACH,2,80,89,WALK,APPROACH,1,P03,LAB01,1,1.0,-80.32815481269904,-907.0572793164188,-99.57152027662184,-1140.3130871799585,1149.08225876397,1181.5773788489475,1275.4560783826653,1275.4560783826653,443.8093952694736,290.4070281166589,1363.1801366082052,121.31790537333806,929.7735590567984,910.6072262048642,0.9793860207517868
20260910_104054,WALK_1P_APPROACH,3,85,94,WALK,APPROACH,1,P03,LAB01,1,1.0,-324.9035726827724,-726.1117185653848,-369.7603268912602,-930.5827318045269,1014.4514384229396,998.7033792747619,1145.5163050698993,1050.4546720657836,333.82088862169655,101.89480571283222,1363.1801366082052,46.33739276650955,800.0884814323579,795.4876236498001,0.9942495637803445
20260910_104054,WALK_1P_APPROACH,4,90,99,WALK,APPROACH,1,P03,LAB01,1,1.0,-350.8458403787828,-691.5859191629056,-436.7051639967598,-863.7437962944359,970.2321723903015,978.6189910986739,998.7033792747619,998.7033792747619,90.21524463517531,43.38471549345782,290.4806150165188,25.83700167016805,776.5133854449089,775.4894501509968,0.9986813681346584
20260910_104129,WALK_1P_APPROACH,0,18,27,WALK,APPROACH,1,P03,LAB01,0,0.8,111.22388717163281,-261.01838194206357,124.98084799783449,-293.3092285076842,344.2175539777061,344.9557340511132,448.35818830329873,448.35818830329873,513.1025578913777,649.8052917518203,987.8717343349247,89.43062395466386,284.94163792293597,283.72759610094516,0.9957393316370311
20260910_104129,WALK_1P_APPROACH,1,33,42,WALK,APPROACH,1,P03,LAB01,0,0.8,1177.8375614642716,-1284.4171562801794,1331.9265701562247,-1456.2662537633514,1524.7385758600965,813.6166108231266,3399.475292052505,3399.475292052505,6847.429860503666,0.0,36904.61077919696,1323.7077804678768,1908.134930416306,1742.7073054712787,0.9133040214776975
20260910_104129,WALK_1P_APPROACH,2,38,47,WALK,APPROACH,1,P03,LAB01,0,1.0,-76.46332165351419,310.1380333728948,48.95355852187543,202.15330026357552,845.929582210542,733.4508152142364,1986.3311435784042,1129.6180767942296,3328.248050563313,231.38092377026402,15879.9868351605,399.3153583998029,532.998316977516,319.4248570520078,0.5992980594448714
20260910_104129,WALK_1P_APPROACH,3,43,52,WALK,APPROACH,1,P03,LAB01,0,1.0,-176.8728884645932,514.764416820351,-230.43663038054075,643.5189096924454,682.9304677832738,709.3380235647674,744.7884429157293,744.7884429157293,405.586343317894,295.3549650842285,1250.0308322529131,65.49710376558978,550.5995521770062,544.3036133429619,0.9885653033876418
20260910_104129,WALK_1P_APPROACH,4,48,57,WALK,APPROACH,1,P03,LAB01,0,0.8,-48.66773074271373,334.02597081702515,-85.79660293084916,439.72011774525197,453.9140907716972,503.41618093810155,715.034077720345,660.926370531449,738.684712954996,657.6990224743666,1749.7731756420412,212.53119891960083,340.31902030278405,337.5528065294398,0.9918717038769002
20260910_104129,WALK_1P_APPROACH,5,63,72,WALK,APPROACH,1,P03,LAB01,0,0.8,31.779654598153684,-741.3120543763789,34.49474502719109,-846.4912630979558,846.8173028283129,1021.6576503611541,1291.2150900266895,1291.2150900266895,1338.4990418398738,1083.777520705655,4089.847500822808,449.77964282757347,743.0552599137349,741.9929301618077,0.9985703220080153
20260910_104129,WALK_1P_APPROACH,6,68,77,WALK,APPROACH,1,P03,LAB01,0,1.0,25.199890404597454,-970.3502201892406,28.063970589034955,-1201.2767269532562,1199.6915412379933,1241.361352000851,1291.2150900266895,1291.2150900266895,705.3661405017787,497.93422414116685,2024.42955295119,91.73601368309582,971.532181887749,970.6773842516943,0.9991201550993466
20260910_104129,WALK_1P_APPROACH,7,73,82,WALK,APPROACH,1,P03,LAB01,0,1.0,-46.457691903751765,-797.713981657726,-49.321223595844145,-1026.0441058823199,1033.8048475928008,1018.350812225628,1276.1738185334443,1234.0615401891614,524.5040533480296,497.93422414116685,964.4571453594201,147.26122611615654,805.18854895481,799.0656504125594,0.9923956959519624
20260910_104129,WALK_1P_APPROACH,8,78,87,WALK,APPROACH,1,P03,LAB01,0,1.0,-234.442414625006,-615.590526372388,-258.13501871401104,-793.5026940358903,862.206779752406,821.9509660185334,1014.4920137580827,988.0323626083717,270.6793639673998,102.132294578511,894.2644514571525,74.96827592338819,674.8302743047636,658.7222039180378,0.9761301900639817
20260910_104129,WALK_1P_APPROACH,9,83,92,WALK,APPROACH,1,P03,LAB01,0,1.0,-282.0494557666757,-555.4153166588699,-360.2154190352201,-693.2622175894247,783.0460334749079,799.1106095044488,819.7985960451082,814.2579655399602,159.74701260397106,93.31795369861398,414.2621693253409,39.665839518836044,625.9456028810492,622.9270177778058,0.9951775600158388
20260910_104129,WALK_1P_APPROACH,10,88,97,WALK,APPROACH,1,P03,LAB01,0,1.0,-268.42125830624263,-499.4574197400691,-333.0801412660477,-638.0669920479731,723.682932574501,713.8889408892929,799.1106095044488,794.2805739517053,177.95635877387605,149.86787773165568,414.2621693253409,43.125386548933186,574.0258093097317,567.0164777536136,0.9877891700295726
20260910_104129,WALK_1P_APPROACH,11,93,102,WALK,APPROACH,1,P03,LAB01,0,1.0,-391.3073085188436,-406.34633617110967,-463.41430221878954,-520.2893859818685,710.4561801864235,713.8889408892929,742.6788418873384,742.6788418873384,150.61670188480937,93.805646746086,411.2935421775171,25.02762844579315,574.5307227662325,564.1265413184757,0.9818909920122929
20260910_104200,WALK_1P_APPROACH,0,43,52,WALK,APPROACH,1,P03,LAB01,0,0.8,-123.17898388985645,468.0340005388289,-134.44003640753985,548.9414690554275,571.9122904279074,520.5711347862182,998.1772930536662,998.1772930536662,1742.2997761029787,1201.8616294586943,4194.581754536266,317.251116676784,522.7750552057811,483.9719906487544,0.9257748353318952
20260910_104200,WALK_1P_APPROACH,1,58,67,WALK,APPROACH,1,P03,LAB01,0,1.0,139.68086057669916,-780.7173524731679,142.38314948992368,-915.5709012030977,938.5818539884497,1037.3616887852766,1174.275192604787,1174.275192604787,1143.1937822485627,1352.5863732016032,2270.2093171012934,255.99532898145142,803.0420302976098,793.1143216864514,0.9876373735911691
20260910_104200,WALK_1P_APPROACH,2,63,72,WALK,APPROACH,1,P03,LAB01,0,1.0,74.09144586440789,-813.1148293599426,122.04494765499734,-1024.54761556631,1040.2840707681153,1006.495576786665,1174.275192604787,1174.275192604787,481.7673807437353,249.14604590022978,1563.0842712894505,105.32414531746117,820.2787346387214,816.4834769150733,0.9953732096622989
20260910_104200,WALK_1P_APPROACH,3,68,77,WALK,APPROACH,1,P03,LAB01,0,1.0,7.274148190416781,-780.074970105482,11.02974645536277,-965.9081861022835,974.6883981238485,973.2728039197741,1071.2036222231586,1038.169466277569,284.50845343099235,165.76485924292473,1246.9854489301679,44.42486544781426,780.798061900039,780.10888484683,0.9991173427716613
20260910_104200,WALK_1P_APPROACH,4,73,82,WALK,APPROACH,1,P03,LAB01,0,1.0,66.7901944700202,-825.5817743360549,74.28593711183291,-1023.1524345333019,1028.945571085659,1033.9841367740246,1092.7780271660404,1092.7780271660404,302.53224940174994,170.91844950886667,1015.0648318746315,54.58160288103217,831.8021985479032,828.2790569567794,0.9957644478491711
20260910_104200,WALK_1P_APPROACH,5,78,87,WALK,APPROACH,1,P03,LAB01,0,1.0,-6.86002635145087,-731.3260817932987,-8.227806227566612,-933.4538911807142,954.301746650739,915.651982619279,1092.7780271660404,1092.7780271660404,306.40486612391294,212.06559482214882,1015.0648318746315,106.05972624196757,749.8867610381843,731.3582554895249,0.9752915953296635
20260910_104200,WALK_1P_APPROACH,6,83,92,WALK,APPROACH,1,P03,LAB01,0,1.0,-242.88156273878394,-638.9223609022742,-261.810195886511,-805.8608196135002,865.127924395478,864.3070665455452,888.930177371432,888.930177371432,166.63833194559163,94.81057087388403,620.9566954470849,20.740257795268825,689.8157919375675,683.5299823558363,0.9908876983461403
20260910_104200,WALK_1P_APPROACH,7,88,97,WALK,APPROACH,1,P03,LAB01,0,1.0,-337.8245875231162,-615.6979906707775,-419.4528007971617,-765.9833111871774,876.564889561356,877.5482364250702,908.617396316788,890.8988992659677,121.23001494457438,11.749332372113178,453.2685819566904,18.418976894953957,704.4160849029385,702.2887352444124,0.9969799814284206
20260910_104200,WALK_1P_APPROACH,8,93,102,WALK,APPROACH,1,P03,LAB01,0,1.0,-404.4596598672565,-576.9202575156639,-501.3835096744139,-723.8317912791143,881.9232669231769,878.5933630382344,919.5624443330737,919.5624443330737,218.90655453964078,61.32435379310371,730.4954577447002,36.40971550736433,705.4943601684447,704.5740557186851,0.9986955183461144
20260910_104200,WALK_1P_APPROACH,9,98,107,WALK,APPROACH,1,P03,LAB01,0,1.0,-301.8254498409665,-589.0101478668007,-395.2439630622882,-736.0091911050142,857.8991502118354,863.7814495693565,919.5624443330737,919.5624443330737,256.3707283626264,147.08248356911076,730.4954577447002,50.93372495439539,675.0653896017091,661.8395247050241,0.980408024021957
20260910_104220,WALK_1P_APPROACH,0,64,73,WALK,APPROACH,1,P03,LAB01,0,1.0,-137.91679641625706,-846.787222253126,-167.5377005354776,-1003.670841045242,1013.3174524728629,1175.1743519097058,1231.995028095161,1231.995028095161,982.7963971460898,636.6342318864926,3780.8032719946573,266.55188048135744,859.9336607235302,857.9450113526439,0.9976874386226338
20260910_104220,WALK_1P_APPROACH,1,69,78,WALK,APPROACH,1,P03,LAB01,0,1.0,-130.19180346618168,-922.77692034751,-163.3750790182608,-1161.8374976426335,1175.5327947769376,1154.0274186778802,1231.995028095161,1231.995028095161,153.81753966949785,101.82569154567892,473.6271061855584,39.99641034994378,939.8317513319948,931.9158494283761,0.9915773202039623
20260910_104220,WALK_1P_APPROACH,2,74,83,WALK,APPROACH,1,P03,LAB01,0,1.0,93.36040647363461,-863.238019402058,71.3937577039191,-1079.8731062203888,1107.9408853319708,1114.102220189036,1147.4990919619515,1147.4179736691403,160.06329169208897,132.17909240135924,589.7649555397894,40.21504265118724,883.7794145647649,868.2718719606838,0.9824531525078369
20260910_104220,WALK_1P_APPROACH,3,79,88,WALK,APPROACH,1,P03,LAB01,0,1.0,145.77643356275462,-770.4729762305778,189.41558011959313,-972.7590582912969,1000.1935648105755,1011.6677704383774,1101.614970009733,1092.21011282502,282.6553644774955,242.9825576862256,803.3664659706205,85.55139381202028,788.7561274766333,784.1424460414579,0.9941506870445047
20260910_104220,WALK_1P_APPROACH,4,84,93,WALK,APPROACH,1,P03,LAB01,0,1.0,-116.49181301661997,-703.6114871136188,-105.77579839767468,-888.4058229068123,932.5380807821593,930.9222877017422,1005.0499403844384,986.7892877883056,284.0207070018249,218.49541462143748,803.3664659706205,49.63147566848462,731.9783055302644,713.189643291416,0.9743316678965815
20260910_104220,WALK_1P_APPROACH,5,89,98,WALK,APPROACH,1,P03,LAB01,0,1.0,-209.76319022824373,-734.501989339024,-253.72455165184016,-905.8879129230602,942.2078929735089,958.5693130574427,984.7603263887353,984.7603263887353,237.02181474120735,218.49541462143748,727.5142211130643,41.53581699107768,768.5141951470022,763.8676379568086,0.993953843377864
20260910_104220,WALK_1P_APPROACH,6,94,103,WALK,APPROACH,1,P03,LAB01,0,1.0,-232.36845443419224,-683.3529862898918,-277.00756439461964,-868.8842020923914,908.4223593006496,877.397739137374,984.7603263887353,979.2731802204759,127.61643355926904,34.32860596076471,450.19945861965607,45.76578165715148,729.048121798731,721.780023613461,0.9900307017219413
20260910_104220,WALK_1P_APPROACH,7,99,108,WALK,APPROACH,1,P03,LAB01,0,1.0,-268.04388486007326,-646.1143247932914,-328.4832163192515,-808.394669496319,886.8327273595147,877.5933858468658,926.196160949456,926.196160949456,75.66596324421774,0.0,384.74679027460803,20.888308239901537,704.0294662698001,699.5078590794897,0.993577531329381
20260910_104220,WALK_1P_APPROACH,8,104,113,WALK,APPROACH,1,P03,LAB01,0,1.0,-329.4641469191722,-628.5268624985863,-396.5522987102111,-782.565506936161,900.4816276006713,895.622696607701,926.196160949456,926.196160949456,120.67102882564215,83.24232044442574,384.74679027460803,20.918448104751782,718.052947393746,709.6426149742522,0.9882873088258741
20260910_104241,WALK_1P_APPROACH,0,17,26,WALK,APPROACH,1,P03,LAB01,0,1.0,188.58520605316585,243.51966499822993,211.7883674509444,273.76994041147464,541.7815783175071,549.2864418107638,621.4817635715539,621.4817635715539,318.51642229448635,405.61081399884887,631.4427332171243,66.43734136553547,462.5890297628383,308.0035830683876,0.6658255238484491
20260910_104241,WALK_1P_APPROACH,1,22,31,WALK,APPROACH,1,P03,LAB01,0,1.0,370.6438805972182,257.18574936755886,456.8828658206333,317.1900555415821,571.8791000399376,564.923362758738,621.4817635715539,621.4817635715539,213.74505150949727,182.98152058109775,512.4748899543375,37.75449604794955,478.7008722747247,451.13345686383946,0.9424120217707387
20260910_104241,WALK_1P_APPROACH,2,27,36,WALK,APPROACH,1,P03,LAB01,0,1.0,249.60423198705735,257.2470682624771,322.7655539685778,325.11214538819655,490.12375197448245,471.278060351551,575.8048766299238,556.2181516617894,220.13271776416096,89.85650493171384,798.8378115707131,57.848585790854415,377.73139020049007,358.4387350098874,0.9489249353082289
20260910_104241,WALK_1P_APPROACH,3,32,41,WALK,APPROACH,1,P03,LAB01,0,1.0,344.6319953459906,8.066977723869059,408.58754590067724,46.701536073173145,474.18215707704996,470.72535461619816,522.6160723637863,522.6160723637863,195.32378388519652,73.60484536057737,798.8378115707131,39.8221327078062,376.05786586494315,344.7263963576858,0.9166844457961433
20260910_104241,WALK_1P_APPROACH,4,47,56,WALK,APPROACH,1,P03,LAB01,0,0.9,-737.4570390654893,264.26573651729086,-843.3856565474243,305.6792207208286,877.7145569465811,910.370244691305,1436.7679654987771,1436.7679654987771,1580.4905477992677,1285.6115155323791,5651.604613239923,496.77941101494486,785.5508074311011,783.3768339466421,0.9972325488512088
20260910_104241,WALK_1P_APPROACH,5,52,61,WALK,APPROACH,1,P03,LAB01,0,1.0,-767.9711766892947,163.1086940964733,-972.5884456361473,223.18389730993167,1003.6245591633076,1116.1485145163801,1436.7679654987771,1436.7679654987771,2023.0350907418826,2065.3027670800025,5651.604613239923,400.8332366889751,799.6740258836257,785.1013783680403,0.9817767652269523
20260910_104241,WALK_1P_APPROACH,6,57,66,WALK,APPROACH,1,P03,LAB01,0,1.0,-3.6466990957809458,-421.9366461383861,-109.25530326920482,-455.43973347083767,842.1106049999516,682.1248322984505,1520.6493531469055,1499.465733548349,2246.668533124763,2065.3027670800025,6885.582693876133,418.66666137629625,643.1346644422904,421.9524046249823,0.6560871742015156
20260910_104241,WALK_1P_APPROACH,7,62,71,WALK,APPROACH,1,P03,LAB01,0,1.0,363.15892879769694,-990.9722009858306,398.509600690031,-1143.8115769682859,1220.9011650920518,1382.2707905491566,1520.6493531469055,1520.6493531469055,1558.4974114718684,895.4534232369106,6885.582693876133,387.0783542019685,1060.6167572618817,1055.419495126081,0.9950997736927917
20260910_104241,WALK_1P_APPROACH,8,67,76,WALK,APPROACH,1,P03,LAB01,0,1.0,235.5061625469009,-990.6877813814481,321.25885592378916,-1259.5885538775908,1297.71839249661,1219.4518850949125,1520.6493531469055,1520.6493531469055,402.076519123348,195.1063237105716,1342.9117132758518,136.92585442863063,1021.978672825627,1018.2953563559362,0.9963958969324604
20260910_104241,WALK_1P_APPROACH,9,72,81,WALK,APPROACH,1,P03,LAB01,0,1.0,215.1895336282896,-878.6225935663938,255.20468219973932,-1106.0322760313284,1135.9249182198885,1162.603942585898,1197.3750399072317,1197.3750399072317,251.96498780774033,164.06769715311367,766.2126821933657,63.506040393424975,906.9230567471533,904.5906241546489,0.9974281913166151
20260910_104241,WALK_1P_APPROACH,10,77,86,WALK,APPROACH,1,P03,LAB01,0,1.0,157.05843453420266,-748.0432598853276,212.83846855357024,-951.1411479383072,978.6717597608647,993.0095801389539,1162.580014063968,1117.8410601304984,402.52533264146825,536.511104971929,766.2126821933657,122.14003966518311,766.5199751052542,764.3533675717026,0.9971734493504177
20260910_104241,WALK_1P_APPROACH,11,82,91,WALK,APPROACH,1,P03,LAB01,0,1.0,-4.442398958278773,-650.9125147164382,21.082037941002817,-824.8482515483149,843.273630856085,817.229545917309,968.5949232945042,922.4246049776133,287.9506401055674,167.75711891419752,679.7563922981343,53.93054080187249,659.8230502953944,650.9276739569319,0.986518542608537
20260910_104241,WALK_1P_APPROACH,12,87,96,WALK,APPROACH,1,P03,LAB01,0,1.0,-80.46363082388007,-678.5814079145653,-94.37267047605565,-843.4448646391336,853.0405640085995,857.7151196666383,896.3309554815248,896.3309554815248,135.66364919002314,86.21702276942607,636.2020418534099,39.84326312069993,683.9849722355509,683.3352932877646,0.9990501561084553
20260910_104241,WALK_1P_APPROACH,13,92,101,WALK,APPROACH,1,P03,LAB01,0,1.0,-161.59045308734085,-674.0019214652575,-187.33211724611877,-847.0752719617261,878.9699114416928,875.5685770866609,896.3309554815248,896.3309554815248,111.33576803034605,33.38811009820288,636.2020418534099,14.482296552178742,700.4629567946722,693.1017707868241,0.9894909703126443
20260910_104241,WALK_1P_APPROACH,14,97,106,WALK,APPROACH,1,P03,LAB01,0,1.0,-291.7519078431743,-609.7270520083121,-347.46882328523407,-765.3947804910124,848.9052467278749,842.5560110339591,875.5685770866609,875.5685770866609,51.16767088838602,3.7142196137580554,253.13915148987888,18.93425774443798,677.7801460670015,675.9336163269874,0.9972756213785117
20260910_104241,WALK_1P_APPROACH,15,102,111,WALK,APPROACH,1,P03,LAB01,0,1.0,-336.96260066212994,-569.7457329129131,-418.02086184439713,-713.8140679965351,832.6513815736325,831.2582024781528,847.1749987356028,832.8499555936115,44.75760735896995,0.0,253.13915148987888,4.850241711473298,663.1871449603976,661.9320164620069,0.9981074293916453
20260910_104241,WALK_1P_APPROACH,16,107,116,WALK,APPROACH,1,P03,LAB01,0,1.0,-372.9420059023888,-564.1248610657608,-457.5876906414055,-711.1149089150595,850.8992973097477,850.8220750824271,877.4936044482943,877.4936044482943,52.031258523713475,13.629934973583513,179.57687434365607,18.444016350261332,681.0303516476447,676.2563113487084,0.9929899742538842
20260910_104303,WALK_1P_APPROACH,0,56,65,WALK,APPROACH,1,P03,LAB01,0,0.9,58.119019458783896,-581.7257273891819,67.81170250263409,-678.0207588432577,681.8392943328612,772.7093582314882,785.069768073904,785.069768073904,655.5213619012889,127.34097249011438,2548.1947464569757,174.77143759468441,586.0789800500949,584.6217942647394,0.997513669940473
20260910_104303,WALK_1P_APPROACH,1,61,70,WALK,APPROACH,1,P03,LAB01,0,1.0,19.379600028721825,-792.0974664060977,34.31459913258153,-967.9952931618598,972.8404262983664,910.4884646554877,1218.0786448180195,1211.4635471826352,513.4484614399082,116.63295696965702,2833.729009862295,201.35267159250347,793.7400775185893,792.3345033407496,0.9982291757495303
20260910_104303,WALK_1P_APPROACH,2,66,75,WALK,APPROACH,1,P03,LAB01,0,1.0,191.48958276045732,-989.2284273732248,206.47007297759825,-1214.6484585046812,1235.6913822548586,1227.9682373866717,1322.2743166379676,1322.2743166379676,618.942357934174,163.18686960099512,2833.729009862295,85.63622149109413,1017.8934435889876,1007.59175355353,0.9898794023084235
20260910_104303,WALK_1P_APPROACH,3,71,80,WALK,APPROACH,1,P03,LAB01,0,1.0,284.58395239121205,-860.0027273389642,344.96403886910633,-1087.5194209040005,1133.1672111717155,1206.579238839306,1322.2743166379676,1322.2743166379676,729.3696769821115,756.2539783934259,1783.249620187075,195.58405360921412,908.5662182223415,905.8657279029053,0.997027745182162
20260910_104303,WALK_1P_APPROACH,4,76,85,WALK,APPROACH,1,P03,LAB01,0,1.0,49.98657419849724,-659.0901642630838,94.83158362955169,-851.842061832054,889.7996557494941,863.712150326958,1175.300647723288,1032.8379055163152,754.9697947957526,768.2577592782512,1783.249620187075,125.72332939793304,679.7798144650169,660.9829817994112,0.9723486454501467
20260910_104303,WALK_1P_APPROACH,5,81,90,WALK,APPROACH,1,P03,LAB01,0,1.0,-84.5780868456618,-710.4746388624167,-104.02789687250569,-871.3033779583354,884.9008646944707,923.9459429988376,960.8680208030107,960.8680208030107,211.90469540879926,80.91903263220665,783.2715854206829,79.18258769039168,715.7607933555382,715.4912055652072,0.9996233549073467
20260910_104303,WALK_1P_APPROACH,6,86,95,WALK,APPROACH,1,P03,LAB01,0,1.0,-187.58408768724576,-708.4910640897319,-220.24664556725878,-890.7367281632181,928.6077339465744,928.3967431817218,960.8680208030107,960.8680208030107,142.73000476604415,118.97612842974448,453.8762184775821,27.382242071879457,742.7358961509743,732.9033891642588,0.9867617722023807
20260910_104303,WALK_1P_APPROACH,7,91,100,WALK,APPROACH,1,P03,LAB01,0,1.0,-327.6780770842687,-613.550736768459,-387.2317726042374,-779.5098601386873,881.1152530456129,874.5026121819587,920.4952772932114,912.0507114567689,119.96384145561554,72.62990634840028,453.8762184775821,24.378591019520652,697.4183966157502,695.5698590298194,0.9973494568039775
20260910_104303,WALK_1P_APPROACH,8,96,105,WALK,APPROACH,1,P03,LAB01,0,1.0,-377.7139969608902,-553.4054345959285,-473.57128155804384,-693.877517915021,847.689968945922,854.0741368063285,865.9328182002718,860.9965215889781,66.70835900075735,51.15215326654322,192.49312627328982,13.334455446464306,672.0127309026154,670.0189837164913,0.9970331705123411
20260910_104303,WALK_1P_APPROACH,9,101,110,WALK,APPROACH,1,P03,LAB01,0,1.0,-431.3079090855,-506.02803344607037,-536.3924378948075,-636.7066637287571,832.7911087123691,832.1370284416321,854.0741368063285,840.0411122843035,43.51598542400204,0.4066475066206385,175.80022627396488,8.545600194752033,666.6818988762002,664.8991525584938,0.9973259416211667
20260910_104303,WALK_1P_APPROACH,10,106,115,WALK,APPROACH,1,P03,LAB01,0,1.0,-352.6264251525258,-512.2696986319665,-442.080308022027,-641.5765237237204,798.5410744412918,823.8135588833162,864.842837054813,835.4076093029502,284.45722607582024,0.0,1189.1603128602326,49.736489389043534,631.579872928368,621.9048479086939,0.9846812328347084
20260910_104328,WALK_1P_APPROACH,0,35,44,WALK,APPROACH,1,P03,LAB01,0,0.9,-149.35395109294655,174.69332509888682,-179.261476155916,216.24266808768533,705.8630282380302,616.4012068988342,985.0397185686802,976.1773738752704,1661.6419593964754,804.7047698043866,4223.304900680232,247.46225712895722,559.137734480096,229.8355075726543,0.411053472873482
20260910_104328,WALK_1P_APPROACH,1,40,49,WALK,APPROACH,1,P03,LAB01,0,1.0,446.8133907615145,-438.7885088262701,442.83588515723585,-415.7117709036764,988.7056045188243,1045.6619477895483,1366.384613720425,1272.2393854008378,1247.1639578794006,683.145607075437,4149.979304842383,267.5719053632114,742.8838311269092,626.2408176107523,0.8429861996872154
20260910_104328,WALK_1P_APPROACH,2,45,54,WALK,APPROACH,1,P03,LAB01,0,1.0,775.1642150925045,-377.8113858773859,934.3703161317011,-515.2105646677205,1120.225194280676,1203.3485110856286,1366.384613720425,1366.384613720425,1296.0125654037645,683.145607075437,6847.986302105062,277.4363856217254,877.336008539051,862.3346239474381,0.9829012095188098
20260910_104328,WALK_1P_APPROACH,3,50,59,WALK,APPROACH,1,P03,LAB01,0,1.0,-76.70839190176866,-209.4424227801792,47.4545001900766,-279.75038475130407,958.8051597889204,1007.4950148638045,1366.384613720425,1366.384613720425,1552.0612114574337,927.3507718404514,6847.986302105062,309.52690884134245,678.7197520464532,223.04776584441873,0.32863013809734065
20260910_104328,WALK_1P_APPROACH,4,55,64,WALK,APPROACH,1,P03,LAB01,0,1.0,-725.6789018607446,-228.06368608791217,-833.5798894088508,-276.2290143025365,957.6727718819151,955.2970970168544,1204.8904249978975,1204.8904249978975,1066.1254887448865,745.2540416960883,3393.228821906298,208.807722789041,819.9682680673171,760.6726717306348,0.9276854987615029
20260910_104328,WALK_1P_APPROACH,5,60,69,WALK,APPROACH,1,P03,LAB01,0,1.0,-377.7730526589319,-525.8725356870746,-564.918655360423,-599.2311418529246,958.3210178365462,901.9016071828535,1204.8904249978975,1204.8904249978975,443.703816128574,125.23563615043187,2775.4309422634647,126.20435410540797,748.4165353419054,647.4985738248399,0.8651580279810864
20260910_104328,WALK_1P_APPROACH,6,65,74,WALK,APPROACH,1,P03,LAB01,0,1.0,-175.02767907527914,-686.9099363727692,-198.04233528799816,-860.1539741631684,901.4451579897341,901.2357578338807,920.4210773766099,920.4210773766099,83.78895735153121,23.06455731524946,324.2903791099942,18.029615706216415,718.8143639079428,708.8582010036426,0.9861491876008542
20260910_104328,WALK_1P_APPROACH,7,70,79,WALK,APPROACH,1,P03,LAB01,0,1.0,57.83994092284456,-702.9776571892662,31.729598691992248,-875.8156474603072,914.0313847371013,901.4309599809213,954.2766066487047,938.9030999370858,81.23984623341616,0.0,402.2989296140852,17.903576437472843,722.2137969057283,705.3531351551984,0.9766541959974067
20260910_104328,WALK_1P_APPROACH,8,75,84,WALK,APPROACH,1,P03,LAB01,0,1.0,195.08927787033304,-759.101731647117,241.09841106793792,-940.3608409850792,967.101884702691,954.2766066487047,1038.2888238287371,1038.2888238287371,189.97497297705166,1.0946733234668953,941.883236692598,55.57507682049407,790.5285089259925,783.7699058586135,0.9914505258304205
20260910_104328,WALK_1P_APPROACH,9,80,89,WALK,APPROACH,1,P03,LAB01,0,1.0,43.24251007759699,-777.0058397651424,67.88888327603743,-966.3347611727675,981.834855895015,977.139709266864,1038.2888238287371,1038.2888238287371,250.46378270826204,156.15917188417333,941.883236692598,46.56824866473542,799.9043840850536,778.2081917500902,0.9728765177855853
20260910_104328,WALK_1P_APPROACH,10,85,94,WALK,APPROACH,1,P03,LAB01,0,1.0,-140.44318740804965,-713.3389675824747,-165.64876575295762,-898.8503963995676,918.214960623686,897.9481115502635,980.175339089994,974.7112054083598,145.93860941911348,67.55789905299046,536.4253674848594,38.508374046988905,729.144473437551,727.0328545265086,0.9971039773488412
20260910_104328,WALK_1P_APPROACH,11,90,99,WALK,APPROACH,1,P03,LAB01,0,1.0,-225.7661119944678,-678.0678375908124,-260.49187325141986,-853.7933279940853,899.1169683656033,884.7154311871841,956.5023436655929,956.5023436655929,115.8085735016427,42.82618302097958,840.7660941292286,29.495415324644284,716.9582227339671,714.665187133233,0.9968017165742376
20260910_104328,WALK_1P_APPROACH,12,95,104,WALK,APPROACH,1,P03,LAB01,0,1.0,-311.7019584439879,-648.5172298820644,-383.29679762538996,-804.3599013426854,905.0664675314099,881.4530398053349,956.5023436655929,956.5023436655929,177.10506188278322,0.0,840.7660941292286,34.52890339043301,725.0722580681651,719.5364538032273,0.9923651688458099
20260910_104328,WALK_1P_APPROACH,13,100,109,WALK,APPROACH,1,P03,LAB01,0,1.0,-480.2203519551699,-524.971357448313,-572.3925289045204,-679.7466066689553,905.3725395159976,906.6887802613594,970.3360190346558,970.3360190346558,453.72266888558545,146.31169779185907,2637.2842415307955,67.91095013159442,722.9750257028944,711.481913032982,0.9841030294805294
20260910_104328,WALK_1P_APPROACH,14,105,114,WALK,APPROACH,1,P03,LAB01,0,1.0,-438.1509087932785,-481.6322300690799,-559.690926340517,-601.7546649720102,841.2905867588601,871.0669881259994,970.3360190346558,970.3360190346558,661.5030526813473,369.6148041082695,2637.2842415307955,115.32571942211425,660.3028224982592,651.1112223865374,0.9860797200942664
20260910_104353,WALK_1P_APPROACH,0,17,26,WALK,APPROACH,1,P03,LAB01,0,1.0,-585.8748762915782,275.3337466972971,-658.3485346369959,309.3938585087154,767.9741343433366,774.8064129517794,974.9409192995955,974.9409192995955,946.5629934438286,808.8864979052023,2047.7185730634449,181.88322039172814,647.3476480315538,647.3469261068932,0.9999988847960399
20260910_104353,WALK_1P_APPROACH,1,22,31,WALK,APPROACH,1,P03,LAB01,0,1.0,-346.2517504509152,163.06685556639968,-473.43259994730136,222.87276630743895,523.270790243015,460.79524709126,931.6226986401178,767.6889023800924,737.1126598758203,488.26352473694385,2047.7185730634449,184.5047151151816,382.72981435798056,382.7284599747397,0.9999964612549374
20260910_104353,WALK_1P_APPROACH,2,37,46,WALK,APPROACH,1,P03,LAB01,0,1.0,971.2510816904128,-584.6281386960936,1157.7878140073756,-674.8061911462867,1353.4414174822555,1422.952116595865,1648.721447979354,1648.721447979354,1602.491270461459,959.5863949684699,5220.649724729351,282.94234387733434,1146.578336070092,1133.630770683319,0.9887076486800275
20260910_104353,WALK_1P_APPROACH,3,42,51,WALK,APPROACH,1,P03,LAB01,0,0.8,736.7270818356496,-542.5860042190279,941.6795767307827,-694.3181384933434,1185.8572567873766,1453.1247612904372,1648.721447979354,1648.721447979354,1896.4937860664952,701.5924495363618,8757.334885304836,569.9397063188087,915.1263674344474,914.967958501522,0.9998268993894587
20260910_104353,WALK_1P_APPROACH,4,47,56,WALK,APPROACH,1,P03,LAB01,0,0.7,-169.14956487624863,38.59753116734464,-55.445929806566504,-53.334115938470475,814.1511472652713,628.8438413306022,1648.721447979354,1467.7000708408384,3047.0321605162835,2300.0142356193737,8941.167134111229,569.8687968024461,577.4918723689306,173.49739107559625,0.30043261104938546
20260910_104353,WALK_1P_APPROACH,5,52,61,WALK,APPROACH,1,P03,LAB01,0,0.9,-867.0231676223743,291.2042300436615,-981.8833997815207,332.69024066041305,1026.1092712843424,1175.4497883327424,1447.5865844921145,1447.5865844921145,1940.5435580172682,1424.9697052588513,8941.167134111229,449.4816818760113,922.7988909029098,914.6196350337431,0.9911364697662741
20260910_104353,WALK_1P_APPROACH,6,57,66,WALK,APPROACH,1,P03,LAB01,0,1.0,-608.9879096800043,-161.2762677544997,-824.6298634901856,-126.24041886675286,1054.1168721976162,938.4537775632089,1447.5865844921145,1447.5865844921145,726.7138461399003,362.0191164935483,2453.2506828897967,231.00920158469646,796.8961641563158,629.9811970822957,0.7905436434736324
20260910_104353,WALK_1P_APPROACH,7,62,71,WALK,APPROACH,1,P03,LAB01,0,1.0,50.644582828494435,-726.2812413385527,-25.11363574053754,-843.1773613297322,1015.4289919525365,1021.3249251774694,1173.3629119925993,1173.3629119925993,502.7267122722669,77.73486665742043,2700.4558771097286,152.36961386992078,824.7347798969088,728.0448580205352,0.8827624052808107
20260910_104353,WALK_1P_APPROACH,8,67,76,WALK,APPROACH,1,P03,LAB01,0,1.0,278.71305159129383,-894.8010746688497,352.5611206122579,-1112.1868024948621,1157.5460220504276,1171.2611514280902,1173.3629119925993,1173.3629119925993,366.9563696877476,23.65382437126716,2700.4558771097286,21.366026715168005,938.7662557709812,937.2032481569083,0.9983350406936078
20260910_104353,WALK_1P_APPROACH,9,72,81,WALK,APPROACH,1,P03,LAB01,0,1.0,167.08523970765214,-863.2519191928186,216.95838385476821,-1082.0444212232896,1104.9666421241554,1119.4560924771808,1173.3629119925993,1169.5797429764832,206.9736754731145,77.49521094502876,529.2913818059609,56.21318615262094,883.6137444046133,879.2731960649364,0.9950877310734889
20260910_104353,WALK_1P_APPROACH,10,77,86,WALK,APPROACH,1,P03,LAB01,0,1.0,41.15379497086656,-814.2788849477674,64.42530578341098,-1022.0052721407807,1022.6207351229874,1016.0647344272927,1119.4560924771808,1085.6119770342546,272.4721821721158,367.62806609608594,529.2913818059609,55.36435207376559,816.9050499382585,815.3181816397102,0.9980574629834053
20260910_104353,WALK_1P_APPROACH,11,82,91,WALK,APPROACH,1,P03,LAB01,0,1.0,-19.28031281371318,-811.910039696535,-22.330472596727084,-1006.8082335698576,1003.80620830505,1012.0722765324319,1042.36604318823,1042.36604318823,210.71398367799875,78.57421395931,688.7613997250442,36.88601123780272,813.1367571738871,812.1389308623394,0.998772867783009
20260910_104353,WALK_1P_APPROACH,12,87,96,WALK,APPROACH,1,P03,LAB01,0,1.0,-128.13614974548204,-776.2574648028267,-146.32801481276044,-981.1737969995902,995.3734001621267,971.5752365932967,1042.36604318823,1042.36604318823,98.90963659289105,19.64467148368538,688.7613997250442,35.38530154689231,791.2722347204509,786.7620507712026,0.9943000856704624
20260910_104353,WALK_1P_APPROACH,13,92,101,WALK,APPROACH,1,P03,LAB01,0,1.0,-264.9726020148279,-739.4148071496984,-316.5952836091093,-925.6064517095589,982.5470315424075,979.0499084364037,1002.8760791717983,1002.8760791717983,54.443169356196734,29.099842123656103,191.25940473527774,16.821068941109633,787.5284506104497,785.4582973339412,0.9973713289025892
20260910_104353,WALK_1P_APPROACH,14,97,106,WALK,APPROACH,1,P03,LAB01,0,1.0,-350.95891228746586,-704.5059646846976,-430.1859887480482,-882.0888509491093,987.5245498277093,987.1079566895742,1002.8760791717983,1002.8760791717983,86.59227012840321,56.725835180665996,285.1849770681069,12.664525774899754,789.5475060143721,787.083739122031,0.9968795203916505
20260910_104353,WALK_1P_APPROACH,15,102,111,WALK,APPROACH,1,P03,LAB01,0,1.0,-457.2928204437344,-608.0570731705234,-551.3324933493207,-773.1001950612241,964.3461525294039,972.4068907546442,988.370336642598,988.370336642598,120.18422718867978,28.10079642520163,560.2614265909198,24.989645975996584,766.0528681367962,760.8220080032443,0.9931716721506775
20260910_104442,WALK_1P_AWAY,0,73,82,WALK,AWAY,1,P03,LAB01,0,0.9,497.6282931027649,638.2513131644871,572.4497640579323,732.9134325330831,928.5700427930942,1130.0559173022095,1247.2407817625772,1247.2407817625772,1329.0048488111693,1052.4897172973474,3993.9221013611987,370.18353957706574,813.2627126113199,809.3198730122494,0.9951518254336162
20260910_104442,WALK_1P_AWAY,1,78,87,WALK,AWAY,1,P03,LAB01,0,1.0,634.627675572189,650.2818721308694,790.358673328857,831.4058650483485,1145.3951662318582,1112.5246983311295,1247.2407817625772,1247.2407817625772,335.7258816596279,74.4727391008147,1371.3381612530009,74.03976517350225,911.6032605666989,908.6356804705547,0.9967446583129822
20260910_104442,WALK_1P_AWAY,2,83,92,WALK,AWAY,1,P03,LAB01,0,1.0,547.1940807956953,620.6926166090896,690.411216868255,775.8216604179397,1060.0988504837358,1061.249470978088,1090.148446203157,1083.784149953833,108.4558490766844,58.094159319318095,502.9558014356729,19.997593359971432,845.8005667663963,827.4543409583904,0.9783090405364164
20260910_104442,WALK_1P_AWAY,3,88,97,WALK,AWAY,1,P03,LAB01,0,1.0,310.7577052627737,705.866140218325,438.65692361485964,848.3850729137187,992.1624994771266,1038.405641696825,1052.0385693677044,1039.7689344639127,247.02669448700271,83.77445862354551,1183.7119635282659,74.82494433845636,787.2206809295599,771.2440335502771,0.9797049953509639
20260910_104442,WALK_1P_AWAY,4,93,102,WALK,AWAY,1,P03,LAB01,0,1.0,314.537892393791,633.1968496250261,380.45618403514226,813.8049462492185,912.9110403812969,904.1141105815758,1038.405641696825,1020.1301212258212,271.439824856517,7.282096841989196,1183.7119635282659,66.70120162082897,718.8814330819057,707.0165034329722,0.9834952899004951
20260910_104442,WALK_1P_AWAY,5,98,107,WALK,AWAY,1,P03,LAB01,0,1.0,312.83729521267765,621.3331421524449,403.84077563039557,762.8079927129527,866.9776238164692,855.1731969994701,904.1141105815758,904.1141105815758,144.44860642508596,105.22477578497578,604.4496894654062,27.12213544312229,699.5719604988602,695.6450580669817,0.9943867069385139
20260910_104442,WALK_1P_AWAY,6,103,112,WALK,AWAY,1,P03,LAB01,0,1.0,207.19840557856264,624.0563454216272,276.2245551199993,777.537783250341,827.8970413826057,824.4143347943004,878.8503435184846,861.834892897504,141.65130347610912,117.25989939476175,305.8017435540664,28.12584041286448,658.660534723172,657.5541814446136,0.998320298210939
20260910_104442,WALK_1P_AWAY,7,108,117,WALK,AWAY,1,P03,LAB01,0,1.0,93.1190601882754,612.4707345814477,129.27490777076048,766.4671757354565,790.4438600021465,790.3438825523086,819.4248824574042,811.7281294368543,100.32286646551921,89.63114589961864,305.8017435540664,19.02069094834432,627.8787704702172,619.5091283339463,0.9866699711315244
20260910_104501,WALK_1P_AWAY,0,60,69,WALK,AWAY,1,P03,LAB01,0,0.9,-501.37087217186445,-10.85493872237771,-581.3391727151007,-22.52371358648522,599.1113322268441,600.7718348458201,771.9790251455145,771.9790251455145,951.212051463886,828.9356352470311,3235.864306105843,162.38963738761512,545.925978144706,501.4883659239191,0.9186013965266769
20260910_104501,WALK_1P_AWAY,1,65,74,WALK,AWAY,1,P03,LAB01,0,1.0,-90.44916601290873,372.8842772615477,-177.96964721514715,407.5760042122012,674.9115381681947,649.4969202816872,890.7335099543571,788.1090160146048,604.3680280635815,566.1984835156486,1492.041121889966,105.47122497917219,526.2901964400003,383.69745355070773,0.7290606136047437
20260910_104501,WALK_1P_AWAY,2,70,79,WALK,AWAY,1,P03,LAB01,0,1.0,407.99389587611535,541.1715281116474,442.1551356087231,666.9492937533893,852.1277917090281,923.2839525555903,985.451996197833,985.451996197833,475.3531844856419,546.141639106753,1286.9162630620547,140.33015664169992,705.0592220365725,677.7356725972642,0.9612464476950122
20260910_104501,WALK_1P_AWAY,3,75,84,WALK,AWAY,1,P03,LAB01,0,1.0,496.2490354942282,606.4203116209866,626.224729999051,747.8288307765296,981.5923993426117,985.451996197833,992.5299081194615,989.4715046006913,114.29735540545089,38.95248125555261,730.8465265892786,11.778212627171115,789.636922661982,783.5870721084201,0.9923384401363009
20260910_104501,WALK_1P_AWAY,4,80,89,WALK,AWAY,1,P03,LAB01,0,1.0,450.8765481674244,658.0194655508408,567.4835856380184,817.067452278476,995.5643059670326,992.5299081194615,1006.21390576156,1006.21390576156,27.353651639175506,19.135880101624487,113.85069332391402,7.564197936611238,798.8075413722371,797.671159520755,0.998577402199371
20260910_104501,WALK_1P_AWAY,5,85,94,WALK,AWAY,1,P03,LAB01,0,1.0,464.12763568710227,651.5627682571153,584.2526054065936,808.6900846693065,999.1523991692554,998.4244670905211,1006.21390576156,1006.21390576156,30.262652672314136,20.03687358619416,113.85069332391402,4.95577490757734,800.5392370708175,799.9678138446413,0.9992862021001406
20260910_104501,WALK_1P_AWAY,6,90,99,WALK,AWAY,1,P03,LAB01,0,1.0,443.1460747616161,609.0488168482777,556.5178441349858,765.2626749793296,952.1155999141722,992.992240515221,998.4244670905211,998.4244670905211,180.3659951610732,44.56122393039079,745.9106839088023,61.70074732859413,754.0333285500974,753.2057520232535,0.9989024669129212
20260910_104501,WALK_1P_AWAY,7,95,104,WALK,AWAY,1,P03,LAB01,0,1.0,498.5272595426454,449.99653636063977,618.8051034860118,585.3130261010485,871.2399282418294,842.1264585473893,992.992240515221,965.7037580452406,212.3395525369226,37.888413497912524,745.9106839088023,57.278003468022355,684.8013342227475,671.5849248186507,0.9807003743368907
20260910_104501,WALK_1P_AWAY,8,100,109,WALK,AWAY,1,P03,LAB01,0,1.0,552.4785146179274,332.66408655467194,686.7866888482334,427.09314003243827,810.940369427535,810.0733253096786,842.1264585473893,842.1264585473893,74.7364575441482,17.041040745623402,325.8587391747536,26.36181827729462,646.0110175887146,644.9014681311291,0.9982824604730011
20260910_104501,WALK_1P_AWAY,9,105,114,WALK,AWAY,1,P03,LAB01,0,1.0,517.254398165011,251.09009834035714,644.0604279089564,325.11852220742577,740.5176622451809,758.5474234823599,810.0733253096786,784.5439032930644,164.44489396020896,0.0,631.8519430151968,49.96098468610521,578.2703810749302,574.9768255378802,0.9943044713254591
20260910_104519,WALK_1P_AWAY,0,68,77,WALK,AWAY,1,P03,LAB01,0,0.9,-410.1969869416571,38.79399361250432,-480.3793682178431,36.056584649933555,538.318769084816,536.3383065444414,647.9219537540617,647.9219537540617,770.2663160671833,271.3381089954927,3105.487900665444,126.43613090588595,485.1877479955421,412.0273559321286,0.8492122021513089
20260910_104519,WALK_1P_AWAY,1,73,82,WALK,AWAY,1,P03,LAB01,0,1.0,-31.804283397665245,430.3148291469898,-100.63055285390902,480.76035267505085,654.3699862579143,661.4109087214777,808.9675118588304,789.9006610296509,479.432150638315,252.08670204908316,1494.0883524538594,114.9569089185083,512.1780753543478,431.4885451854337,0.8424580550171159
20260910_104519,WALK_1P_AWAY,2,78,87,WALK,AWAY,1,P03,LAB01,0,1.0,218.43912943888466,668.6902746432729,253.716072407992,818.2926421151042,858.18849383549,842.4582400384807,993.8131206082444,993.8131206082444,491.0021095377322,452.2425738677873,1326.0118483188885,110.20798595447306,707.917622436194,703.4645241037487,0.9937095811838661
20260910_104519,WALK_1P_AWAY,3,83,92,WALK,AWAY,1,P03,LAB01,0,1.0,396.31987521460997,673.0169119197267,472.27609315885604,839.8007629791709,978.6238188483239,992.5323388363241,1026.3384278839853,999.3494512829654,249.95552736588303,43.13604117982043,749.644171406026,40.5458424500842,791.7696168826608,781.0385440041287,0.986446723074848
20260910_104519,WALK_1P_AWAY,4,88,97,WALK,AWAY,1,P03,LAB01,0,1.0,469.1040291962682,651.190959774191,583.152010536353,810.7578723325163,1001.113356466585,993.8011165847391,1026.3384278839853,1026.3384278839853,105.01039770150946,43.10285028947188,455.67169728217704,20.119768533764606,804.4756956701146,802.5635528104957,0.997623119169528
20260910_104519,WALK_1P_AWAY,5,93,102,WALK,AWAY,1,P03,LAB01,0,1.0,495.71300166011565,591.5476325085742,619.6391539510489,750.1946914729932,975.727320208385,967.219061009142,1026.3384278839853,1026.3384278839853,120.54917028905773,78.12459746643674,455.67169728217704,34.449557036970255,777.9753206851055,771.7901149544357,0.9920496119012837
20260910_104519,WALK_1P_AWAY,6,98,107,WALK,AWAY,1,P03,LAB01,0,1.0,590.4608636016842,453.9667169115646,729.2482692615821,580.5637628485094,934.9510316857916,922.9938931728086,964.0419214062814,962.5351384351081,62.26478229659413,32.037770276283524,262.5535225196981,18.00709037869392,748.4727613048677,744.8018605701193,0.9950954785203556
20260910_104519,WALK_1P_AWAY,7,103,112,WALK,AWAY,1,P03,LAB01,0,1.0,585.5109635716435,345.500003506952,728.855665145724,445.8822892374309,855.8880981838544,883.0974710759075,922.9938931728086,922.9938931728086,195.76534999955607,61.03050888958589,851.8061401466365,69.41256734094965,681.0305405385861,679.8480277870182,0.9982636421112145
20260910_104519,WALK_1P_AWAY,8,108,117,WALK,AWAY,1,P03,LAB01,0,1.0,561.1256916241896,236.11678962565793,702.3992857481524,310.4292322280154,776.2951682652113,770.0055603414105,847.2223297822053,801.3822260489014,224.23589909961797,112.88641721817656,851.8061401466365,28.313390569167687,612.4037580722381,608.7800753505754,0.9940828535522552
20260910_104535,WALK_1P_AWAY,0,17,26,WALK,AWAY,1,P03,LAB01,0,0.9,846.4952837894492,947.9932705393694,951.1739072307166,1065.2051075288898,1451.8174793755331,1774.174038029414,2053.92461806645,2053.92461806645,2540.6086346165152,2166.831442682931,9645.159617548488,698.9439900861795,1271.1299540903206,1270.9230922702247,0.9998372614700565
20260910_104535,WALK_1P_AWAY,1,22,31,WALK,AWAY,1,P03,LAB01,0,1.0,754.2885151262612,697.1674054369919,989.5699840793911,944.0501993396132,1369.4820247559169,1490.8134249382497,2053.92461806645,2053.92461806645,1843.5328514861728,1806.0396083148275,4124.497290520017,621.1509614487211,1045.0546544261197,1027.1287919511979,0.9828469617364026
20260910_104535,WALK_1P_AWAY,2,27,36,WALK,AWAY,1,P03,LAB01,0,0.7,311.7476789521171,71.04722389591143,449.47667116271407,165.9004871529981,530.9033468433583,448.58223481364564,1313.6958967035064,983.2828312096777,1664.7393920803352,1220.4748859371525,4124.497290520017,348.6884289978261,349.0095214077397,319.7410254492658,0.9161384026418001
20260910_104535,WALK_1P_AWAY,3,42,51,WALK,AWAY,1,P03,LAB01,0,0.8,33.28424463843669,-207.61596088352803,42.87824408768396,-254.98578086878592,258.44233580196504,261.45567619987077,270.19374889203203,270.19374889203203,67.23280857447733,41.512612993309716,206.58448631276104,13.064889300089463,210.41475587077585,210.26704010553328,0.9992979781069475
20260910_104535,WALK_1P_AWAY,4,47,56,WALK,AWAY,1,P03,LAB01,0,1.0,-82.57349592358139,-222.58072405135226,-88.74815047422254,-277.2832518581633,324.40525754325245,262.9949281132846,738.5754365117364,409.276209040977,557.2368977719851,41.512612993309716,4123.518353278056,142.39211017593416,264.25176038560795,237.403793036813,0.8984000435432589
20260910_104535,WALK_1P_AWAY,5,52,61,WALK,AWAY,1,P03,LAB01,0,1.0,-418.80501375686066,-268.86581742974954,-471.722639312169,-327.85859871169316,590.871978385469,690.8218413069536,855.3013886079286,855.3013886079286,912.0313595879122,649.1680657855152,4123.518353278056,248.0502896065169,512.2481804902677,497.6810899864005,0.971562435829591
20260910_104535,WALK_1P_AWAY,6,57,66,WALK,AWAY,1,P03,LAB01,0,1.0,-465.1083974915082,-66.54280998467016,-599.4194616270872,-120.85280982343093,655.1088142070652,611.9173919933562,855.3013886079286,855.3013886079286,556.9086847541072,503.3599102272997,1384.3293003384902,154.91060359418975,510.25523223657916,469.84440720069733,0.9208027228672387
20260910_104535,WALK_1P_AWAY,7,62,71,WALK,AWAY,1,P03,LAB01,0,1.0,-87.0425285093171,283.42071795386323,-152.22949800617167,309.2016308072367,551.7390176680924,507.7975672834933,746.251081758943,699.8804170709318,490.368882965786,365.88364885524516,1888.7762740343785,91.3568958496458,438.2131011083572,296.48559009634613,0.6765785626820727
20260910_104535,WALK_1P_AWAY,8,67,76,WALK,AWAY,1,P03,LAB01,0,1.0,301.8373173319344,464.9590295722635,316.40618087126745,564.3911797856603,687.6331252203641,750.4289200890619,873.332814468203,795.2073040068109,445.90604972776435,184.62832820294372,1888.7762740343785,130.13967881931555,568.3620922263948,554.3398464073459,0.975328675133627
20260910_104535,WALK_1P_AWAY,9,72,81,WALK,AWAY,1,P03,LAB01,0,1.0,421.0609984575394,554.7434165521795,524.1634954951253,679.6626650684583,856.7280201135727,894.2352794590381,934.875984342057,931.5704968175355,215.95738755701336,73.5285138668932,974.9224804285811,76.70834062867277,697.7890305897083,696.4428351487614,0.9980707701297494
20260910_104535,WALK_1P_AWAY,10,77,86,WALK,AWAY,1,P03,LAB01,0,1.0,494.96466759384214,560.4598826130964,618.8841771357751,699.364104169999,936.3059572774197,936.1401396050185,948.3473778996905,948.3473778996905,92.35280469134693,47.10900571599271,468.3658422495738,11.637641354958493,751.8158113540485,747.7334432703733,0.9945699890557999
20260910_104535,WALK_1P_AWAY,11,82,91,WALK,AWAY,1,P03,LAB01,0,1.0,460.85375916403757,534.1293803734577,571.186320466543,676.304503941926,892.8772262517439,927.9229555552145,948.3473778996905,948.3473778996905,227.35832107133743,146.94271363271702,684.5589840166547,69.11180697975799,710.8252728427287,705.464657026671,0.9924586026681078
20260910_104535,WALK_1P_AWAY,12,87,96,WALK,AWAY,1,P03,LAB01,0,1.0,304.45499712540413,547.9533943834381,402.6217221850403,685.3637960606075,801.62920381237,765.7977262601456,918.441616242449,900.5748895940683,217.2735658470634,123.58980171556036,684.5589840166547,58.07169904169042,629.8844154646083,626.8538647013046,0.9951887192492794
20260910_104535,WALK_1P_AWAY,13,92,101,WALK,AWAY,1,P03,LAB01,0,1.0,55.72364320240081,604.4773977065029,100.81553058609425,745.395473287608,791.3183644815971,779.464894872089,830.9849497591347,830.9849497591347,79.42494607922377,7.8722472340551395,247.3554292281958,29.964920061694805,633.149958279344,607.0404012500107,0.9587624437340423
20260910_104535,WALK_1P_AWAY,14,97,106,WALK,AWAY,1,P03,LAB01,0,1.0,-133.8202785451408,657.1119926333249,-150.95602126119425,814.6925390952335,846.5629973635732,831.0396213865533,995.8719312337063,893.031783678798,255.4059619503888,110.61173533176468,1282.3264834816503,54.171987794220136,682.843294462706,670.5997597766032,0.9820697738626303
20260910_104535,WALK_1P_AWAY,15,102,111,WALK,AWAY,1,P03,LAB01,0,1.0,-420.7309336505816,636.8921790877516,-474.1569485468188,798.4221697875738,975.9187925432467,1000.4731294171944,1156.5174251769445,1151.038791967004,365.93789199566027,116.35594800201807,1282.3264834816503,119.98358276657028,797.9329474283865,763.3126268532669,0.9566124939611838
20260910_104535,WALK_1P_AWAY,16,107,116,WALK,AWAY,1,P03,LAB01,0,1.0,-600.7459151712267,644.3313449531333,-744.4448511273848,800.4025277174936,1089.8320008689375,1093.1206394414817,1156.5174251769445,1156.5174251769445,344.65884319414994,218.25797905791725,1199.9586490274007,61.913835830782105,883.1915088976289,880.9418463690032,0.9974528032641147
20260910_104552,WALK_1P_AWAY,0,17,26,WALK,AWAY,1,P03,LAB01,0,1.0,-553.3130060475119,524.9753131651191,-621.7391871879879,589.8185455280792,948.6627656588911,979.0226366502934,1154.4143891483993,1154.4143891483993,1130.626180205522,1604.662865037068,2072.443609503102,192.51758052523667,777.7796771995066,762.7282360671779,0.980648194374886
20260910_104552,WALK_1P_AWAY,1,22,31,WALK,AWAY,1,P03,LAB01,0,1.0,-28.744923423249702,458.8097381096926,-121.66083718880182,593.8996427417327,841.7197780048697,868.5648165524913,1156.7362611858211,1154.6465763521414,1381.8701557058928,1472.9620790567315,4192.738696613255,244.22658515329405,622.9983175456041,459.70930641753733,0.7378981507183383
20260910_104552,WALK_1P_AWAY,2,27,36,WALK,AWAY,1,P03,LAB01,0,1.0,695.0854375460661,458.1569334662379,760.6948718980481,564.8938582564521,1042.9033437580633,1220.0576595101547,1371.2259696691399,1371.2259696691399,1175.5027572444812,493.01645475367894,4192.738696613255,354.26412527167275,861.597899581202,832.497171870147,0.9662246997988272
20260910_104552,WALK_1P_AWAY,3,32,41,WALK,AWAY,1,P03,LAB01,0,1.0,1086.5179444883722,263.4712841554626,1342.1153220758638,360.96100223841194,1442.6720854633543,1371.2259696691399,1769.029178791776,1769.029178791776,883.9327487330335,182.66168569051257,3392.7404669445423,183.27345976307748,1173.411563397436,1118.0064227318937,0.9527828577851022
20260910_104552,WALK_1P_AWAY,4,37,46,WALK,AWAY,1,P03,LAB01,0,1.0,1161.4761650509129,-244.8607104662708,1412.7771763552635,-220.24612206116413,1473.8992489885445,1422.5143422963015,1769.029178791776,1769.029178791776,1205.9800060092346,779.3425365139813,3392.7404669445423,225.3527038862579,1211.530233104161,1187.006170797533,0.9797577793467087
20260910_104552,WALK_1P_AWAY,5,42,51,WALK,AWAY,1,P03,LAB01,0,1.0,601.7423055469527,-363.86519492848515,845.9513199519682,-456.9087782938162,1052.337816464306,1109.980878853366,1769.029178791776,1550.0887839009658,1410.6928346945836,1195.3625010395695,4340.440789193407,420.0807882156003,766.7307235045262,703.2010255718536,0.9171420995857648
20260910_104552,WALK_1P_AWAY,6,47,56,WALK,AWAY,1,P03,LAB01,0,1.0,-159.3242100457984,-366.2394611939317,-85.74469440733765,-456.87878702536955,713.9187490705801,746.8541651566861,1039.5212407144236,913.297231205663,1031.8388663171904,578.0129127710584,4340.440789193407,164.6157817679777,530.8933959626814,399.3939744692439,0.7523054110421047
20260910_104552,WALK_1P_AWAY,7,52,61,WALK,AWAY,1,P03,LAB01,0,1.0,-543.825950912667,-392.64531727033705,-652.8149241872641,-492.09958341565897,815.379130190038,763.0279690398659,954.6463244207029,954.6463244207029,497.1525042017091,90.88449024038937,1663.2488160526518,102.03968356027505,672.2912915128318,670.758533348917,0.9977200981430747
20260910_104552,WALK_1P_AWAY,8,57,66,WALK,AWAY,1,P03,LAB01,0,1.0,-589.6674664975678,-376.5920568078924,-723.3300066856657,-462.7689416126115,857.3412521978686,892.4119814900428,954.6463244207029,954.6463244207029,577.6642505071725,614.734144801429,1284.2006325791688,108.45366499206774,703.030791012146,699.6637037151914,0.9952106119106007
20260910_104552,WALK_1P_AWAY,9,62,71,WALK,AWAY,1,P03,LAB01,0,0.7,-273.3942958244629,-234.55955923386637,-387.78387663149726,-315.46756992371263,526.9552371928402,565.1061819767306,953.9221424005574,924.9698336549935,994.5644381105296,1193.4026367743706,1792.2880180553561,323.4242983284189,379.36402456194753,360.2258011544143,0.9495518231344361
20260910_104552,WALK_1P_AWAY,10,72,81,WALK,AWAY,1,P03,LAB01,0,0.8,284.1381984394304,498.01012221759663,322.8684582020705,563.7002794199936,652.8617093929944,734.0860256552348,1052.738692034247,1038.264358298421,1103.2305917593583,1176.9867472850192,2677.050704288801,344.2246560459012,574.9971346380214,573.3660241447784,0.9971632719626162
20260910_104552,WALK_1P_AWAY,11,77,86,WALK,AWAY,1,P03,LAB01,0,1.0,545.2461912853661,603.5801729089181,653.2012822078672,747.368554683998,1006.4358584908368,1041.4519133661147,1062.1260403732792,1062.1260403732792,463.06908407315734,206.2364579019892,1426.0438714231486,81.72226094815275,828.5076620997752,813.3894726635928,0.9817525049824322
20260910_104552,WALK_1P_AWAY,12,82,91,WALK,AWAY,1,P03,LAB01,0,1.0,613.5373750315366,551.5112909812094,762.0016884148155,697.1167025650911,1031.228506675756,1037.495206639841,1062.1260403732792,1062.1260403732792,92.47094717497372,62.58820605133862,278.17747352772574,26.67161127079101,827.6809082408893,824.980493490815,0.9967373721887417
20260910_104552,WALK_1P_AWAY,13,87,96,WALK,AWAY,1,P03,LAB01,0,1.0,546.0125929961202,584.1516671132147,688.543959183514,727.443082401381,1000.131852175603,1000.852277329121,1033.5384999135672,1018.8160122674809,110.25272731916122,62.58820605133862,384.2012791987035,17.56540724200164,800.1676971248111,799.6017270500951,0.9992926856748283
20260910_104552,WALK_1P_AWAY,14,92,101,WALK,AWAY,1,P03,LAB01,0,1.0,446.01562677853394,585.1260324804584,561.8274679893798,730.2720017594337,928.4393790863644,933.4974961917255,1000.852277329121,1000.852277329121,222.02321937375382,65.72971804280536,746.747414613894,65.75329121256227,740.5385271233055,735.7325690880967,0.9935101850083642
20260910_104552,WALK_1P_AWAY,15,97,106,WALK,AWAY,1,P03,LAB01,0,1.0,352.65997847296296,637.7986921805518,451.7164782068232,787.0927207521847,901.0112518031065,907.7530052406978,945.0806676626012,945.0806676626012,242.00806855467778,168.4836463069483,746.747414613894,39.842113841326764,730.4249441307342,728.8046598120603,0.9977817237326114
20260910_104552,WALK_1P_AWAY,16,102,111,WALK,AWAY,1,P03,LAB01,0,1.0,163.5140219959883,669.1078321299356,219.05514015412245,836.6749656599826,900.308034587974,924.3960635150747,970.6924861870892,947.64184951505,349.1155456784121,119.43869775483776,1531.7087845705964,53.2543941592164,723.1315107698487,688.7975946582034,0.9525205089250042
20260910_104552,WALK_1P_AWAY,17,107,116,WALK,AWAY,1,P03,LAB01,0,1.0,-174.78553444720114,689.3257919734442,-170.3229401968563,854.8567237900254,900.2953370828687,904.649328596283,970.6924861870892,970.6924861870892,351.9317116595532,55.33090435336148,1531.7087845705964,56.60639476581409,719.8432102640909,711.1399514383999,0.987909507651676
20260910_104615,WALK_1P_AWAY,0,20,29,WALK,AWAY,1,P03,LAB01,0,0.9,2.805320907193078,540.2034589063169,10.553168817212997,621.3923471523584,755.8571351127658,910.0124730632131,942.0668805073071,942.0668805073071,1096.2196253827044,678.42772268677,3779.3354462582533,263.2704794182831,671.9870624694319,540.2107429880871,0.803900511124291
20260910_104615,WALK_1P_AWAY,1,25,34,WALK,AWAY,1,P03,LAB01,0,0.8,-265.1474274951267,373.14322870865726,-258.2832861321155,513.937787479182,665.663602686341,824.2685131952584,942.0668805073071,942.0668805073071,888.0686133223738,555.5223065201759,3269.512333978721,303.3892579243776,508.4269460283629,457.7543308789167,0.9003345209271827
20260910_104615,WALK_1P_AWAY,2,45,54,WALK,AWAY,1,P03,LAB01,0,1.0,-59.40459834227747,-286.38527558318583,-16.146437347961246,-361.0480350631352,438.3964099725348,445.4164991004021,465.82503741849507,465.82503741849507,204.44241817567163,0.0,563.9795655682009,28.922285801697285,333.28768052708574,292.48150774889103,0.8775647131221268
20260910_104615,WALK_1P_AWAY,3,50,59,WALK,AWAY,1,P03,LAB01,0,1.0,-213.6365901663435,-119.83277441472114,-255.82871144996702,-179.5128302956928,401.02192174305316,404.80273766064204,465.82503741849507,465.82503741849507,337.9596234912585,411.5111660556928,924.1454710671084,56.2873909487612,304.1430645197288,244.94996730318553,0.8053774551459364
20260910_104615,WALK_1P_AWAY,4,55,64,WALK,AWAY,1,P03,LAB01,0,1.0,-167.08297483519755,267.955378027886,-214.81255601414165,282.1911189539912,467.2753491461879,468.8781452699488,677.6237491226078,611.3785093826929,449.0300300806336,527.2681065177745,924.1454710671084,119.84137316470316,373.01071773381716,315.77967808876895,0.8465699859973229
20260910_104615,WALK_1P_AWAY,5,60,69,WALK,AWAY,1,P03,LAB01,0,1.0,-15.346126867339137,583.7898781794088,-42.871505241953976,698.3418920622621,710.6806632561971,707.0232235813169,890.0054175807703,890.0054175807703,498.51353586091653,554.8159713737634,1061.2364252533298,149.97941390835825,592.6034173517801,583.9915457218174,0.9854677320821953
20260910_104615,WALK_1P_AWAY,6,65,74,WALK,AWAY,1,P03,LAB01,0,1.0,28.810562661576625,712.0173360121457,40.33668888424987,873.4622489589601,876.5990737411887,888.9280225150889,943.0553382059845,924.2781051340404,303.0170575039309,129.3504248033898,1061.2364252533298,54.00500408352412,712.9727076320484,712.599982671,0.9994772240829719
20260910_104615,WALK_1P_AWAY,7,70,79,WALK,AWAY,1,P03,LAB01,0,1.0,17.940605700720255,728.4303333562368,20.14285453647934,903.7193797034928,914.3455825962762,909.5153943642543,943.0553382059845,943.0553382059845,101.9830409800812,0.0,385.65160482011834,21.70311631985211,728.7935749994416,728.6512306216102,0.9998046849166701
20260910_104615,WALK_1P_AWAY,8,75,84,WALK,AWAY,1,P03,LAB01,0,1.0,-13.2560617773633,729.9701558633865,-13.937260798232128,914.59607505643,914.3623222690679,915.1697327449072,943.0553382059845,943.0553382059845,110.63533564614802,0.0,375.47795537391414,20.738782941628777,730.7128477049874,730.0905092007854,0.9991483131764322
20260910_104615,WALK_1P_AWAY,9,80,89,WALK,AWAY,1,P03,LAB01,0,1.0,49.30641595453045,695.3161222128074,52.649940204232124,873.424410424275,882.4117779160858,866.6047284527714,920.82407112556,920.82407112556,100.77042485793726,63.542601344640076,363.3653935204444,28.020360680239605,710.7359410711468,697.0621439034951,0.9807610726044838
20260910_104615,WALK_1P_AWAY,10,85,94,WALK,AWAY,1,P03,LAB01,0,1.0,280.9251372184392,620.8667662389876,309.3207506140623,782.8700898314889,861.3547686582802,863.2665782437111,866.1230578777298,866.1230578777298,33.47147057975594,4.461183299857894,143.93218373408413,4.909266162646714,696.6567931507178,681.4649471111896,0.9781932133743775
20260910_104615,WALK_1P_AWAY,11,90,99,WALK,AWAY,1,P03,LAB01,0,1.0,348.7809740541394,578.484808824117,442.0026019384177,726.7430067062171,852.1246038507097,857.9673494289138,866.1230578777298,864.9001599374228,39.510475209777944,4.461183299857894,269.6988196083815,14.298692939557926,676.2438423712542,675.494516559853,0.9988919295608316
20260910_104615,WALK_1P_AWAY,12,95,104,WALK,AWAY,1,P03,LAB01,0,1.0,527.9302516248387,500.1261378508543,638.9316231639078,634.9102166963942,917.0799290427494,877.7375095314785,1039.3002556094818,1039.3002556094818,423.3011625247532,33.76003709182257,2337.3194992143103,87.23530738722584,749.4362294384798,727.211457790839,0.9703446794074888
20260910_104615,WALK_1P_AWAY,13,100,109,WALK,AWAY,1,P03,LAB01,0,1.0,585.2101827864191,410.9820512815804,742.3541394057305,521.9816189209212,905.234658679603,897.7742131137757,1039.3002556094818,1039.3002556094818,528.1769320407672,244.10710982710626,2337.3194992143103,103.59623910352515,718.596200770337,715.1064288010069,0.9951436259117582
20260910_104615,WALK_1P_AWAY,14,105,114,WALK,AWAY,1,P03,LAB01,0,1.0,502.84271824916175,349.8210302395287,641.7528630194811,439.4278942367229,778.066707034465,775.3381427489717,895.0323321681817,860.8191561230605,252.92571449870496,54.53843319552067,897.7623692979536,60.34878864381564,616.1837882654855,612.5565708520733,0.994113416349978
20260910_104633,WALK_1P_AWAY,0,17,26,WALK,AWAY,1,P03,LAB01,0,1.0,274.15652051709964,-357.12095155972264,308.1902953414061,-401.27582929608633,534.1806755151727,517.2887538961163,681.0189977092175,681.0189977092175,618.4977711942254,344.5648224673537,1972.1804329089182,117.6156090944215,483.31201389159213,450.2190264581947,0.9315287299255502
20260910_104633,WALK_1P_AWAY,1,32,41,WALK,AWAY,1,P03,LAB01,0,1.0,448.61544374462784,72.24757855362458,576.6689605171389,83.11251703629972,872.5933228509411,895.6801778659274,956.6568066542588,956.6568066542588,1117.8622160339078,505.3834601434753,4975.035273956488,83.86543062192446,651.8909745932854,454.3957845018498,0.6970426071404765
20260910_104633,WALK_1P_AWAY,2,37,46,WALK,AWAY,1,P03,LAB01,0,1.0,-486.1028915767893,189.21378599497217,-459.1591228167684,219.2999010494509,1001.1699431294348,910.6033568895427,1337.1293266136597,1337.1293266136597,1500.522750367268,729.0605090371344,5027.171248972892,246.62875185734086,768.7393255392496,521.6300202345211,0.6785525377781498
20260910_104633,WALK_1P_AWAY,3,42,51,WALK,AWAY,1,P03,LAB01,0,1.0,-605.495347475694,121.39731757607223,-807.9444378793127,174.71010492743955,810.8622454127255,591.7293583094576,1337.1293266136597,1337.1293266136597,1468.3723570968973,316.4264163213131,5027.171248972892,395.640273909267,621.7797338846858,617.5450789451545,0.9931894613015537
20260910_104633,WALK_1P_AWAY,4,47,56,WALK,AWAY,1,P03,LAB01,0,0.7,-224.53851376571652,-30.99390180163357,-301.69862726837994,-21.83495475685822,345.0442316474757,399.4596502491722,509.90257418312547,486.6702936992172,594.9466355842136,303.6297528716044,2010.2706524060777,139.36612551030876,258.08572941739624,226.66752328687534,0.8782644580874561
20260910_104633,WALK_1P_AWAY,5,67,76,WALK,AWAY,1,P03,LAB01,0,0.9,-84.54195439154057,489.04880958480106,-97.51916611478563,561.925367519777,590.4018538961361,647.8274488766804,950.7968203882766,846.2752001928733,991.3466621324203,991.0954087245971,1788.221966542514,239.93453434706953,514.1542734424096,496.3024080222182,0.9652791655300887
20260910_104633,WALK_1P_AWAY,6,72,81,WALK,AWAY,1,P03,LAB01,0,1.0,142.8697128525318,691.6001817678653,132.12815349780823,837.6186138690231,895.1603711942158,974.9198776898854,1023.5256703385031,1021.7732820647266,441.7396575035658,354.50172071021484,1306.9450095706463,135.80927997360743,736.2526606136582,706.2029214552352,0.959185561199362
20260910_104633,WALK_1P_AWAY,7,77,86,WALK,AWAY,1,P03,LAB01,0,1.0,139.20130415442338,809.5213350903553,199.23912955569307,999.9877509087544,1032.808052536471,1022.5521212975161,1075.7230752993778,1075.7230752993778,228.06214208850346,126.42658682991056,614.3390466743582,32.0493568386706,836.3129968571677,821.4023344529546,0.9821709545824987
20260910_104633,WALK_1P_AWAY,8,82,91,WALK,AWAY,1,P03,LAB01,0,1.0,-59.89043224268488,794.2040728342827,-49.27543148466715,998.0640656593887,1000.506545780178,991.8483510480066,1075.7230752993778,1075.7230752993778,270.8914791982163,288.8092207920092,614.3390466743582,65.1076210533054,802.1030717486049,796.4590216582258,0.9929634353873313
20260910_104633,WALK_1P_AWAY,9,87,96,WALK,AWAY,1,P03,LAB01,0,1.0,-52.885697268338504,711.8576324421433,-78.66778630067962,896.9738382105681,910.0791390415027,900.6128274610684,985.7991580480007,984.8152703084974,212.94373319956034,144.20886641742112,595.6787952390356,47.14173845884216,720.1777185254557,713.8194350406075,0.9911712299321525
20260910_104633,WALK_1P_AWAY,10,92,101,WALK,AWAY,1,P03,LAB01,0,1.0,153.51237212629582,716.1705684132312,157.7494304924581,890.7072840656987,925.7314009834918,938.2912219374159,980.9720645288342,980.9720645288342,183.95072383476423,80.60567985594571,747.1068359030266,53.33178856194086,746.4921490093207,732.4386195833566,0.9811739086008947
20260910_104633,WALK_1P_AWAY,11,97,106,WALK,AWAY,1,P03,LAB01,0,1.0,181.95699224496528,671.2141099555797,234.2211655975474,848.8104853061493,890.3124445719193,931.8964205751905,980.9720645288342,980.9720645288342,325.6130587629597,104.15193718536871,913.4685730055639,95.95512128050818,699.8979629140874,695.4399531449824,0.993630486148947
20260910_104633,WALK_1P_AWAY,12,102,111,WALK,AWAY,1,P03,LAB01,0,1.0,204.8361476630031,591.8196526649176,255.84935727607285,751.3058073036244,823.3377597038434,804.1122214127631,927.0204609731594,921.5557334018566,419.8886874968277,347.78306679069624,1134.439084036779,66.84614447486413,646.6996041361045,626.2653979502966,0.9684023214872614
20260910_104633,WALK_1P_AWAY,13,107,116,WALK,AWAY,1,P03,LAB01,0,1.0,495.1315483669498,508.72095634278594,566.0419979633245,646.7860660722124,889.8703278642255,927.9155111003565,943.5611283820631,943.5611283820631,218.9569792535852,86.59858742485218,1134.439084036779,67.93145585278157,727.5996706034985,709.8959512566414,0.975668324131905
20260910_104656,WALK_1P_AWAY,0,17,26,WALK,AWAY,1,P03,LAB01,0,0.9,161.3865936146816,-355.6171485595586,181.4275971351098,-399.57051474888806,478.4215782547405,542.4397278739355,571.1636094558356,559.4263658477569,394.05960577913913,176.27775380518577,1233.3256923760118,109.1266439657508,405.7687934037632,390.52424886065853,0.9624304658442882
20260910_104656,WALK_1P_AWAY,1,32,41,WALK,AWAY,1,P03,LAB01,0,0.8,740.4358671391155,130.84288223719034,824.6974786003905,141.215631951782,858.4723495753251,1086.0387484034022,1224.7005931336082,1224.7005931336082,1427.2866051126744,471.74905747196846,6523.173547853911,443.2553883604706,754.3287914473096,751.9076626675574,0.9967903534808649
20260910_104656,WALK_1P_AWAY,2,37,46,WALK,AWAY,1,P03,LAB01,0,0.9,603.1699657555262,130.89882196077917,806.0249465713687,169.67689351328767,810.0699787601155,948.356400333704,1224.7005931336082,1224.7005931336082,1214.7631696332828,1134.8597182634633,2749.8416443292954,404.39076995689356,617.3711746036606,617.210263346489,0.9997393605924751
20260910_104656,WALK_1P_AWAY,3,57,66,WALK,AWAY,1,P03,LAB01,0,1.0,-213.5335209435553,-66.09057395420422,-265.138400714069,-82.96805815608468,276.1049545393723,265.0962245148257,306.3207513126544,306.3207513126544,171.3198783568687,79.98233262048727,621.96917338169,22.97488188933281,224.0641819110025,223.52746706422434,0.9976046379113315
20260910_104656,WALK_1P_AWAY,4,62,71,WALK,AWAY,1,P03,LAB01,0,1.0,-277.5740526849048,17.605448914006786,-336.27101642704764,9.550351201357675,348.9865417954903,261.2603059906771,534.6314773240937,530.3938697283534,363.0221575122559,90.08133322542957,1604.1915989659979,118.2642537525662,287.00345609577255,278.1318150722531,0.9690887310410681
20260910_104656,WALK_1P_AWAY,5,67,76,WALK,AWAY,1,P03,LAB01,0,1.0,-456.05114679485513,266.1905502948838,-538.0726842877914,297.8035179533669,632.6509052413414,539.9493784203853,1039.7799440757603,945.1643390217431,879.7613006975726,966.033430434344,2310.7537042218887,236.8088287306804,540.0836428523165,528.0530821415547,0.9777246341932789
20260910_104656,WALK_1P_AWAY,6,72,81,WALK,AWAY,1,P03,LAB01,0,1.0,-542.7551210771569,599.5910443720744,-658.4344519695048,698.1192991936705,956.9716095301865,1048.4779970108475,1106.1593115896032,1106.1593115896032,675.6163213770452,443.55139298476024,2310.7537042218887,179.49969612767768,818.0590971042284,808.7598790411614,0.9886325840077026
20260910_104656,WALK_1P_AWAY,7,77,86,WALK,AWAY,1,P03,LAB01,0,1.0,-259.0286509906566,705.6968570743877,-366.63411077755956,867.0292154367219,982.4886791849591,1005.2708760977669,1106.1593115896032,1106.1593115896032,402.89454676116765,266.76433028584296,1381.0473849072528,112.6561167877386,793.0118097132986,751.7339264119374,0.947947958913393
20260910_104656,WALK_1P_AWAY,8,82,91,WALK,AWAY,1,P03,LAB01,0,1.0,159.91456971491448,680.9158669230378,142.65545098888228,852.8177663709881,903.29480817698,926.9831868681848,953.365702249599,937.06246781756,371.7271192285555,73.59443977095094,1381.0473849072528,41.10215742591038,718.6640480071551,699.441982893977,0.9732530586906627
20260910_104656,WALK_1P_AWAY,9,87,96,WALK,AWAY,1,P03,LAB01,0,1.0,113.21978666661244,699.7011549929543,164.84627853469524,872.1275225147668,911.3332642390571,921.7923197550035,935.2509973251113,935.2509973251113,154.09526694643037,22.911088815445254,623.8113665728218,30.19922038064048,725.9517304529967,708.8021066498798,0.9763763579812456
20260910_104656,WALK_1P_AWAY,10,92,101,WALK,AWAY,1,P03,LAB01,0,1.0,9.723533203377087,702.3920612314998,25.582910702885524,880.4242094032882,889.8737446977935,895.37686092646,926.5335760847648,921.9694176733008,158.56297829140084,78.0460851986371,552.837474766686,30.186620373876202,706.6197919394856,702.4593616565959,0.9941122081063277
20260910_104656,WALK_1P_AWAY,11,97,106,WALK,AWAY,1,P03,LAB01,0,1.0,50.05156681677545,748.4954714346336,49.27105639788688,922.9497989531197,929.0226412070118,936.7886565704691,978.4547792783312,978.4547792783312,139.94905200421377,137.57139197829642,335.26536912522715,45.98989411884388,752.8928302864239,750.1670681248067,0.9963796146649714
20260910_104656,WALK_1P_AWAY,12,102,111,WALK,AWAY,1,P03,LAB01,0,1.0,34.876804499406546,764.9239147110557,51.99606849812541,950.6623859204971,956.1363763087189,961.7228306374424,989.9268429362227,979.6019856441203,198.54758506464864,176.53447311740405,766.0665789683599,25.11473798383878,767.3782396701265,765.7186080989388,0.9978372704809807
20260910_104656,WALK_1P_AWAY,13,107,116,WALK,AWAY,1,P03,LAB01,0,1.0,156.33873824156194,713.1053037702541,179.42502949307456,897.2358112370755,919.7015460981172,929.7364633121641,989.9268429362227,989.9268429362227,415.8792727098138,317.7980556002085,1338.9898853969069,75.92131588004868,735.7350941656829,730.0417627370573,0.9922617101266838
20260910_104712,WALK_1P_AWAY,0,17,26,WALK,AWAY,1,P03,LAB01,0,1.0,80.8238651573555,-564.3375755506972,90.8539924646921,-634.2279414544469,681.1738112130358,767.3650039827498,847.1431809496057,847.1431809496057,637.2084859540458,621.3707057371649,1409.282210064945,192.91130690612687,573.1699614414498,570.0959536406248,0.994636830246487
20260910_104712,WALK_1P_AWAY,1,22,31,WALK,AWAY,1,P03,LAB01,0,1.0,126.07778511433435,-679.1275882621704,157.78086136136412,-841.4333086630802,853.9365295346813,847.1431809496057,893.5243574451662,893.5243574451662,193.35493814766113,0.0,695.8839654128436,29.216688979800313,701.2520621167054,690.7314159918661,0.9849973401959303
20260910_104712,WALK_1P_AWAY,2,27,36,WALK,AWAY,1,P03,LAB01,0,1.0,444.73706345889264,-512.8081930089456,502.9266912826326,-654.6536778969353,908.9424518799682,907.2862381737523,983.199910418467,983.199910418467,161.34894824921093,0.0,698.6801510424093,46.6722778169734,745.050634196943,678.795476142217,0.9110729458996576
20260910_104712,WALK_1P_AWAY,3,32,41,WALK,AWAY,1,P03,LAB01,0,1.0,593.7115598446384,-192.60538918964704,712.7352371206305,-292.7390730756731,811.5061888723573,921.0481189023384,983.199910418467,983.199910418467,815.1092563251952,503.52445224194133,2219.315454177944,206.78913204912118,640.3767878932723,624.171652863256,0.9746943747237804
20260910_104712,WALK_1P_AWAY,4,57,66,WALK,AWAY,1,P03,LAB01,0,0.9,-541.5177064247872,341.12891131136973,-615.5380187628523,390.03265105888084,740.0551122657002,872.9529493698963,943.7730751957678,940.5308591824885,881.625730501536,612.5919290084814,3404.9905853124455,261.03281675151754,643.1668495748825,640.0080940926,0.995088746435905
20260910_104712,WALK_1P_AWAY,5,62,71,WALK,AWAY,1,P03,LAB01,0,1.0,-560.6513758661182,490.9976596461039,-708.8432424635342,595.6770907782579,932.9101628703553,941.9718440772792,950.3600434363271,944.4317720198237,182.15556677258343,74.02475257478332,601.6298936882683,19.081151894292532,751.2499882523726,745.257450173108,0.9920232436965424
20260910_104712,WALK_1P_AWAY,6,67,76,WALK,AWAY,1,P03,LAB01,0,1.0,-126.5454688435808,620.9972315759314,-210.28619529072867,760.4445827868501,930.607574435867,943.7730751957678,968.871711784971,952.2112102711915,158.81499738896636,74.02475257478332,577.4189844792453,26.774738005453568,738.3503694338192,633.759668415254,0.8583454341618774
20260910_104712,WALK_1P_AWAY,7,72,81,WALK,AWAY,1,P03,LAB01,0,1.0,225.27976476145625,728.8714594073506,253.31912182937612,900.3432838187842,941.305624317806,959.1486322745302,974.248551414345,974.248551414345,187.93757005436305,30.19203780925143,956.3101406642758,35.39531055803942,764.517304584261,762.892244520534,0.9978743972778867
20260910_104712,WALK_1P_AWAY,8,77,86,WALK,AWAY,1,P03,LAB01,0,1.0,101.7667527179924,681.974706493042,140.63050653947056,857.6390344441612,884.3282346848985,859.9317681435989,974.248551414345,974.248551414345,223.68321585113864,30.19203780925143,956.3101406642758,75.9649128566267,698.9929905228981,689.5259039768091,0.9864561066070106
20260910_104712,WALK_1P_AWAY,9,82,91,WALK,AWAY,1,P03,LAB01,0,1.0,151.571985599038,635.1464370931003,182.07676706383793,793.3055327207032,837.2819126230586,839.0966425827405,865.8616384549464,865.8616384549464,162.1492314250856,56.3077082430503,937.8732850419194,26.24487587206609,671.2734775882698,652.9816715425438,0.9727505902490827
20260910_104712,WALK_1P_AWAY,10,87,96,WALK,AWAY,1,P03,LAB01,0,1.0,244.53116976531987,631.5964562711279,297.4415451653767,791.6935765841444,845.156189697429,851.5593694412778,865.8616384549464,865.8616384549464,107.69866132280251,111.95321881373476,265.6103538834601,21.229262110595815,682.1381109427783,677.2810174226371,0.9928796039361761
20260910_104712,WALK_1P_AWAY,11,92,101,WALK,AWAY,1,P03,LAB01,0,1.0,107.29244394239845,604.7566175119614,159.43510545584635,755.7204919069185,781.1069638743727,800.8959496405164,855.6080508425779,834.3520244913107,221.06521683628944,200.66700034351106,575.5370962921327,59.39430851780818,617.6498739739851,614.200484330354,0.9944152993646099
20260910_104712,WALK_1P_AWAY,12,97,106,WALK,AWAY,1,P03,LAB01,0,1.0,264.42175699647026,503.2511839955837,310.4358569901711,641.6646361101971,763.905567142829,741.9740282951711,1012.3313541276447,890.9171202805503,539.7413515860328,310.0057084066689,1519.2826654040236,104.60208816118264,606.8948299997152,568.4897710302774,0.9367187574007579
20260910_104712,WALK_1P_AWAY,13,102,111,WALK,AWAY,1,P03,LAB01,0,1.0,589.2365370064033,460.65975901852244,693.1490266904301,573.1988265779522,872.1050322817216,874.2155925096192,1012.3313541276447,1012.3313541276447,567.1590723304682,152.2885306913816,1519.2826654040236,132.95437597963658,753.0013434787022,747.935231234832,0.9932721072973577
20260910_104712,WALK_1P_AWAY,14,107,116,WALK,AWAY,1,P03,LAB01,0,1.0,537.7861151670995,435.4970793453949,706.7571610333117,552.2581776214774,888.3991024726481,861.1897086988135,1012.3313541276447,1012.3313541276447,367.75866177602774,71.98579072602143,1504.6200732187087,87.11403631455597,700.3310454689743,692.0054998227182,0.9881119854672716
20260910_104754,WALK_1P_AWAY,0,69,78,WALK,AWAY,1,P03,LAB01,0,1.0,-228.8275076510912,653.606349824382,-271.02888386839777,759.5745188456292,818.8108705447706,989.3348635717514,1102.2441720781617,1102.2441720781617,1087.8678169553627,654.1092731273525,3363.694570637222,307.32993119936964,705.8090938275493,692.5050821391585,0.9811506938565439
20260910_104754,WALK_1P_AWAY,1,74,83,WALK,AWAY,1,P03,LAB01,0,1.0,-7.620965561967637,803.3245492016699,-66.56885876485913,992.1078695802213,1021.2835135545153,1053.9270548122336,1102.2441720781617,1102.2441720781617,409.56757551677435,413.5935593092689,1016.5335684058944,83.39507911694113,814.2022783655775,803.3606976110812,0.9866844136370391
20260910_104754,WALK_1P_AWAY,2,79,88,WALK,AWAY,1,P03,LAB01,0,1.0,172.43974307300016,726.8469730771046,204.34015841218906,926.0783189521177,948.7021186105009,945.6248083415321,1102.2441720781617,1057.823354412108,331.72762243363485,154.783897067131,1016.5335684058944,72.37666797503536,751.0633716990624,747.0220795012899,0.9946192394010239
20260910_104754,WALK_1P_AWAY,3,84,93,WALK,AWAY,1,P03,LAB01,0,1.0,202.44068297650102,719.7339872420991,241.58454770739758,895.0191105684887,924.5217193976814,927.5520384646978,945.6248083415321,945.6248083415321,130.2754144691114,0.0,470.6961178848922,21.284959106218178,749.8325218485853,747.6625191323973,0.9971060168064754
20260910_104754,WALK_1P_AWAY,4,89,98,WALK,AWAY,1,P03,LAB01,0,1.0,149.7207682826231,694.5700526015876,192.65105402373206,865.295677568192,891.7445574958723,918.0518990315134,937.0521778978823,937.0521778978823,183.65625267423778,0.0,802.7705749905014,48.59164359709068,710.9811693409882,710.5236564859125,0.9993565049613061
20260910_104754,WALK_1P_AWAY,5,94,103,WALK,AWAY,1,P03,LAB01,0,1.0,152.16677350561253,640.4916273564381,188.38423485055404,811.9373332660416,838.1680742664806,834.5489515576996,937.0521778978823,896.2174751449395,255.85114073751234,66.58931230870942,802.7705749905014,47.51102379165304,658.709047528333,658.3192627234956,0.9994082595247477
20260910_104754,WALK_1P_AWAY,6,99,108,WALK,AWAY,1,P03,LAB01,0,1.0,147.87186807350605,617.6012618112672,186.08933134490033,776.8847101553215,805.419445953941,802.8424225909472,848.9468837086094,848.9468837086094,186.58540232472302,100.82555394775721,786.968129776748,33.40456362281632,637.1460875325953,635.057011581179,0.9967211978660869
20260910_104754,WALK_1P_AWAY,7,104,113,WALK,AWAY,1,P03,LAB01,0,1.0,333.9053495351926,589.6113647817783,399.4543041501605,732.9883417041044,858.8466929625567,847.9398707026592,943.6183079593603,943.6183079593603,198.6549587032808,125.91939525163679,579.0808237922438,70.94877787015375,702.5402763528939,677.5945276697934,0.9644920732337202
20260910_104754,WALK_1P_AWAY,8,109,118,WALK,AWAY,1,P03,LAB01,0,1.0,566.8214799828032,538.2397557699751,684.9288467073712,677.7072932840592,951.3892085828329,932.9268336536527,1134.0557623699553,1021.7349268078746,415.7002186416688,283.4560623052637,1399.082177555566,69.17011962986804,788.234472013893,781.65761357593,0.991656215667453
20260910_104810,WALK_1P_AWAY,0,17,26,WALK,AWAY,1,P03,LAB01,0,1.0,162.68380463615816,-44.120387077826194,182.9269186861769,-49.535506061180406,658.3994875325272,600.2540433763168,986.3936755463363,986.3936755463363,785.1498494304176,62.252549317657895,3319.3123854489963,241.494467578291,568.7133890371352,168.5604605083674,0.2963891192956615
20260910_104810,WALK_1P_AWAY,1,22,31,WALK,AWAY,1,P03,LAB01,0,1.0,265.46715371086657,480.0754956627227,284.72463345264146,526.6916204791527,1004.638424080484,1040.2202469978843,1216.746819233372,1216.746819233372,783.014683995978,62.252549317657895,3319.3123854489963,178.42571652437005,846.0694729636294,548.5848076962739,0.6483921536309303
20260910_104810,WALK_1P_AWAY,2,27,36,WALK,AWAY,1,P03,LAB01,0,1.0,-488.9172272178847,695.7845275034687,-495.23529294662,858.2148202032944,1106.7793139710354,1095.3109137773445,1216.746819233372,1216.746819233372,664.8999449612031,675.4609051252015,1454.6817758043348,111.20892819655465,887.3247870282411,850.3858911010047,0.9583704901888865
20260910_104810,WALK_1P_AWAY,3,32,41,WALK,AWAY,1,P03,LAB01,0,1.0,-183.88372126419065,362.5367254907329,-297.5566689716297,499.0795874465251,786.2365220451519,738.1648618490111,1216.746819233372,1200.9271048191895,944.8280481177171,1010.425335287302,2622.9215427805407,303.69572092079414,583.3918614523908,406.5047358586485,0.6967953492642652
20260910_104810,WALK_1P_AWAY,4,37,46,WALK,AWAY,1,P03,LAB01,0,1.0,509.1613820252046,-24.72295830699045,544.1780270237678,27.808570039002056,656.6871713315049,592.5546277409944,953.3793100870292,953.3793100870292,1012.9969884448449,574.6705087157565,3594.935181307736,203.7367807410318,565.8383289054932,509.7612555042464,0.9008955906014404
20260910_104810,WALK_1P_AWAY,5,42,51,WALK,AWAY,1,P03,LAB01,0,1.0,315.85797750508885,-393.7242041745865,410.67754260468865,-451.0375317727019,824.6396698937976,827.7415005926332,953.3793100870292,953.3793100870292,731.3974409592915,335.3548185248596,3594.935181307736,127.11540264914504,714.9251110843263,504.76233110892565,0.706035252200546
20260910_104810,WALK_1P_AWAY,6,47,56,WALK,AWAY,1,P03,LAB01,0,1.0,-296.6277634244384,-617.6871902939359,-272.44393807587176,-748.4019664194572,881.6133710886636,876.4030555677538,950.3229422778452,950.3229422778452,423.30195266077925,274.25818126757616,1556.4265785054163,57.5085102532861,704.9094951049304,685.2193043744473,0.9720670655350555
20260910_104810,WALK_1P_AWAY,7,52,61,WALK,AWAY,1,P03,LAB01,0,0.9,-211.48444942660936,-490.55498342056444,-298.8665823198154,-623.9430584096451,694.3663175591921,808.8609925376779,950.3229422778452,950.3229422778452,925.5504579325673,887.4568891732717,1957.56546906065,278.08062114609106,539.8873556933951,534.2002097603728,0.9894660508844144
20260910_104810,WALK_1P_AWAY,8,67,76,WALK,AWAY,1,P03,LAB01,0,1.0,-154.61697058146922,814.9698701959596,-186.24670736763883,943.9198003603958,948.7095849439887,1136.393203417701,1249.234184061286,1249.234184061286,1404.6982246447901,1138.57964671746,4429.137487936032,355.3577586695012,841.3096543702427,829.5072615227731,0.9859714044809051
20260910_104810,WALK_1P_AWAY,9,72,81,WALK,AWAY,1,P03,LAB01,0,1.0,136.34547441934205,909.5187815670837,111.04299475517432,1155.6626567140142,1164.5643839452118,1129.432507208373,1249.234184061286,1249.234184061286,170.80602463091472,0.0,1066.1953186990527,56.30218200213167,941.1534032751305,919.6817397436506,0.977185798344074
20260910_104810,WALK_1P_AWAY,10,77,86,WALK,AWAY,1,P03,LAB01,0,1.0,200.15831538549395,868.5244821763708,252.49829036358292,1082.1457273243427,1112.6704184100859,1114.1378735439555,1129.432507208373,1129.432507208373,67.41840011592598,0.0,228.73863788809032,15.011134854047484,898.0601938394432,891.2901476835094,0.9924614784149489
20260910_104810,WALK_1P_AWAY,11,82,91,WALK,AWAY,1,P03,LAB01,0,1.0,52.654106685758165,832.7972964252226,85.55352096219102,1041.6051511582386,1053.2489874878347,1064.9347840090322,1109.8470676840418,1109.8470676840418,159.94828677158196,160.84780644156885,374.9007088544558,50.89679511483192,837.3242286774131,834.4601799271403,0.9965795224213245
20260910_104810,WALK_1P_AWAY,12,87,96,WALK,AWAY,1,P03,LAB01,0,1.0,119.05165476052343,793.6357039317527,128.34390647825026,996.5372373789365,1006.3089577817667,1005.5270050813936,1049.5073602207815,1036.0339011745136,267.1806216911766,337.0739540450678,593.6384923768611,32.40665447995756,806.8200220864385,802.5153749657806,0.9946646748930126
20260910_104810,WALK_1P_AWAY,13,92,101,WALK,AWAY,1,P03,LAB01,0,1.0,180.9890772034372,756.3412841937288,220.2462797546096,951.6205074666366,972.6885817114177,940.6415790940159,1034.5368501693727,1034.5368501693727,165.61358132865192,1.6548029105340794,593.6384923768611,43.26511747490188,779.0261281387917,777.6947886174695,0.9982910207074788
20260910_104810,WALK_1P_AWAY,14,97,106,WALK,AWAY,1,P03,LAB01,0,1.0,346.5758882631549,709.1703638850445,402.172244517147,887.389055761414,991.5506052878906,940.9769369232718,1075.713333734699,1075.713333734699,155.14907529358953,1.6548029105340794,1252.5213562896106,64.29958826607431,807.0276660660918,789.3272143656528,0.9780671066870347
20260910_104810,WALK_1P_AWAY,15,102,111,WALK,AWAY,1,P03,LAB01,0,1.0,421.85758508777855,644.0667562243657,503.1214128306818,813.6398284334305,967.9638281168278,973.0794843228564,1075.713333734699,1075.713333734699,462.6895271796061,195.1760405767671,1299.6526395005224,101.3618445453379,783.1514418450456,769.9258461497891,0.9831123394677049
20260910_104810,WALK_1P_AWAY,16,107,116,WALK,AWAY,1,P03,LAB01,0,1.0,106.41262354374891,783.0813831621285,181.80096767876518,955.3288282424597,967.3471563680438,941.0235277563054,1239.2370578651878,1239.2370578651878,806.1944814580286,360.3327209440446,3715.072739593518,170.34486910458014,827.8892466537102,790.2784946489282,0.9545703097886549
20260910_104915,STILL_1P_NA,0,29,38,STILL,NAN,1,P03,LAB01,0,0.4,-110.96193790356256,-48.10039812429477,-171.34723447884213,-67.95598289588888,214.5143570203915,128.0730082096517,444.3465320032364,444.3465320032364,425.1998298251257,121.81998447764269,1461.008889362824,153.97194431806327,153.57757911623037,120.93882735924693,0.7874771047648705
20260910_104915,STILL_1P_NA,1,34,43,STILL,NAN,1,P03,LAB01,0,0.0,58.12808037186642,-76.09643003773863,62.29206932544497,-93.7210858984927,115.98548319412392,95.97291615857858,175.34387608810835,175.34387608810835,296.97645336092864,121.81998447764269,1018.0627503898755,42.038289648082205,97.42053946026118,95.75771714178764,0.982931501635219
20260910_104915,STILL_1P_NA,2,39,48,STILL,NAN,1,P03,LAB01,0,0.0,42.344597607972446,-62.36525306187559,60.053914527257135,-84.12374273277057,102.2153580615184,90.56884570046667,175.34387608810835,175.34387608810835,251.01675400847563,174.77432482639176,1018.0627503898755,54.96659756614385,78.1515831263657,75.38229059966862,0.9645651128753295
20260910_104915,STILL_1P_NA,3,44,53,STILL,NAN,1,P03,LAB01,0,0.0,4.139200837392764,-27.377397782844582,9.32123335511632,-36.85704794041544,40.70408574413601,41.42348220760072,76.9015664333,51.53458695321861,91.2348286159906,30.841971872084923,316.76612184499646,15.083856918897402,28.1750875125159,27.688533600253667,0.9827310594138847
20260910_104915,STILL_1P_NA,4,49,58,STILL,NAN,1,P03,LAB01,0,0.0,9.157086967661598,-18.006248798432807,11.200429581099268,-24.14208706375087,28.064330239458986,25.992151707643636,40.155398242794824,31.43075998325974,30.351622652593335,29.38852684804191,114.99446550823703,4.5085922205404625,20.85972767467164,20.200921699872527,0.9684173261955357
20260910_104915,STILL_1P_NA,5,54,63,STILL,NAN,1,P03,LAB01,0,0.0,-14.777494596411543,-5.203228792224763,-14.780140108618287,-7.703298181210002,37.675376188793265,32.45304365992511,57.8444296523071,57.8444296523071,38.939623074275396,0.5556212284708926,261.5601938773684,13.570561070014223,32.082141024820594,15.66677811201809,0.4883333097967921
20260910_104915,STILL_1P_NA,6,59,68,STILL,NAN,1,P03,LAB01,0,0.0,-32.80014884412026,8.365382991265506,-37.892886340054886,8.048662629554542,41.41672651424055,40.19389385732807,57.8444296523071,57.8444296523071,68.79016959355226,29.495862895645402,261.5601938773684,12.385299976110003,34.95242837852394,33.850101872623625,0.968462090989431
20260910_104915,STILL_1P_NA,7,64,73,STILL,NAN,1,P03,LAB01,0,0.0,-20.97333395774399,-8.831855266569619,-27.591685036465275,-8.285023629484488,35.672733382253185,39.32554092300654,43.520549222790834,42.73631648594888,59.18020161131152,27.933727591325486,161.31253674276107,7.881156334872227,27.35025184766302,22.757029787577522,0.8320592407825315
20260910_104915,STILL_1P_NA,8,69,78,STILL,NAN,1,P03,LAB01,0,0.0,-23.548233151616387,-10.741178449216022,-28.38894113295874,-13.485985966448647,36.61656805839497,39.02028718142359,42.64917951518867,42.64917951518867,34.722257038853414,12.795724362302227,154.29348939401706,6.153372955629129,28.581606170034544,25.882275770124767,0.9055570780784251
20260910_104915,STILL_1P_NA,9,74,83,STILL,NAN,1,P03,LAB01,0,0.0,19.18509245888663,-8.846287303107601,17.378972114868837,-10.530559694477063,48.113812505366425,42.64917951518867,79.6807167473073,79.6807167473073,69.042124219599,25.59483229648994,231.05439504140966,18.627731176957116,41.2027967419286,21.12639514221845,0.5127417751407128
20260910_104915,STILL_1P_NA,10,79,88,STILL,NAN,1,P03,LAB01,0,0.0,55.576027354480175,-7.7551151723851035,64.95656705536699,-8.963819912932703,63.083746978697356,63.09102063212835,79.6807167473073,79.6807167473073,76.63756174641074,13.063463953077733,231.05439504140966,14.942885126311712,57.33387598246624,56.11449570158219,0.9787319405850573
20260910_104915,STILL_1P_NA,11,84,93,STILL,NAN,1,P03,LAB01,0,0.0,50.33458435141438,-3.556204993031315,64.3626824366384,-5.620394566366609,65.8719191335327,64.57839668256705,79.6807167473073,67.57212971431511,26.8825327296247,13.063463953077733,186.8209021979612,4.829366253588196,51.244060200197005,50.46005326772961,0.9847005305706752
20260910_104915,STILL_1P_NA,12,89,98,STILL,NAN,1,P03,LAB01,0,0.0,34.56089838362209,5.681874368600802,44.96540500856853,5.341804387146218,53.6796760080377,57.19012411113873,66.22673115509376,66.22673115509376,36.941439098178975,19.69756647528162,161.6908996213807,12.454885254655814,41.771901325596325,35.02483966306791,0.8384784640292622
20260910_104915,STILL_1P_NA,13,94,103,STILL,NAN,1,P03,LAB01,0,0.0,37.564579576109736,15.229755993731033,47.18021708712806,17.846024783530076,56.53463657017154,47.51547114474309,88.48791929833484,88.48791929833484,89.81312768026707,53.03345668122428,294.9820285718694,20.42531784506645,45.700366028876076,40.53446812724286,0.8869615639758966
20260910_104915,STILL_1P_NA,14,99,108,STILL,NAN,1,P03,LAB01,0,0.0,45.750991701422436,0.15561556005650345,53.97913352937925,2.7715214838458744,63.06066354977736,62.9191533403267,88.48791929833484,88.48791929833484,120.54480168623175,80.18095827568136,318.13229629052984,21.7266012558187,55.01050967865678,45.75125635287141,0.8316821025677968
20260910_104915,STILL_1P_NA,15,104,113,STILL,NAN,1,P03,LAB01,0,0.0,1.1174549880611266,3.471720302543872,16.028430617178792,0.36574235691868145,44.05097047449102,33.25980519798889,88.48791929833484,71.59249543185636,62.08886769634745,0.0,318.13229629052984,18.29338066538072,25.20069128591077,3.6471286664221223,0.14472335798427732
20260910_104915,STILL_1P_NA,16,109,118,STILL,NAN,1,P03,LAB01,0,0.0,12.803717254650792,-5.934189860533934,9.071894605075634,-5.427137748581311,31.594633904120208,33.25824448281317,35.242813528794386,35.242813528794386,17.185459339775086,0.0,149.4507051303339,4.891360980780528,22.489895351084886,14.112043963859598,0.6274837540842025
20260910_104915,STILL_1P_NA,17,114,123,STILL,NAN,1,P03,LAB01,0,0.0,19.924832684572266,-15.948310986214892,27.243144220777914,-20.013828259325095,32.98783453063514,35.242813528794386,39.88495498216549,39.88495498216549,37.29406443532705,0.0,186.6481901374686,7.4435146107537085,26.490983172681837,25.52151211862694,0.9634037344806954
20260910_104915,STILL_1P_NA,18,119,128,STILL,NAN,1,P03,LAB01,0,0.0,5.6106380943601835,2.801404302811534,7.262978707687877,1.1681220934419265,37.65994247260262,39.24381981087211,44.77075440762181,43.519950085369416,34.18276680324428,7.236451966109693,186.6481901374686,5.940760756718166,29.53970084493369,6.271134338674036,0.21229512010273419
20260910_104915,STILL_1P_NA,19,124,133,STILL,NAN,1,P03,LAB01,0,0.0,-30.657310109384753,26.804114939938245,-32.853750871594755,30.321055352299833,49.737529418444545,46.76149967623558,67.05977467704696,67.05977467704696,39.14596309652687,20.78106745885924,180.0029963037642,12.361054680049694,41.359504204885376,40.7226133844134,0.9846011011805904
20260910_104915,STILL_1P_NA,20,129,138,STILL,NAN,1,P03,LAB01,0,0.0,-37.104505513263575,30.03177414012316,-44.473807378196526,37.2782179728585,59.55232134440287,59.29651186862722,67.05977467704696,67.05977467704696,37.23611200618685,17.002321545993606,180.0029963037642,6.250051686440459,48.19117657190245,47.73522585457386,0.9905387095779182
20260910_104915,STILL_1P_NA,21,134,143,STILL,NAN,1,P03,LAB01,0,0.0,-43.96850473922973,49.214318286190064,-53.97908239864616,58.635966065069894,75.59854251091184,61.926407758703704,103.20371255550256,103.20371255550256,63.944210616517616,6.2967997150736315,423.7500665264201,21.035334689056075,66.13634402469044,65.99453411744103,0.9978557945810178
20260910_104915,STILL_1P_NA,22,139,148,STILL,NAN,1,P03,LAB01,0,0.0,-15.133320009419776,28.73038183732342,-20.293230014247563,36.87661578940255,72.73428546113307,58.43769216972864,103.20371255550256,103.20371255550256,121.72959867600787,0.0,601.0516926474941,23.504569805479505,64.63297400088571,32.4723299907153,0.5024111994331301
20260910_104915,STILL_1P_NA,23,144,153,STILL,NAN,1,P03,LAB01,0,0.0,23.94156537929439,-3.46552979264834,24.69190392814505,0.5591735151772219,45.062117089724204,49.66924039477494,58.43769216972864,58.43769216972864,108.41916954779552,42.116725098880515,601.0516926474941,12.08333293436079,34.66671362628147,24.19108202529934,0.6978187285384801
20260910_104915,STILL_1P_NA,24,149,158,STILL,NAN,1,P03,LAB01,0,0.0,1.4957864482421428,4.4879512645929935,7.02321784720872,2.669047063753813,24.436988412636573,18.60192209768109,58.43769216972864,40.82320491648503,54.033305852159955,28.055347754687777,220.44369421628173,15.085804436300926,15.952975353111471,4.730653617853108,0.2965373864838599
20260910_104915,STILL_1P_NA,25,154,163,STILL,NAN,1,P03,LAB01,0,0.0,0.3495850117894861,9.507523090276209,0.16190246594500196,11.008999659827968,18.491136770334332,15.753401973795327,27.920308103268027,27.920308103268027,32.37020380844954,7.176553559105439,141.25019957969045,7.095631133534178,15.978483755280951,9.513947918325133,0.5954224483396765
20260910_104915,STILL_1P_NA,26,159,168,STILL,NAN,1,P03,LAB01,0,0.0,-2.8156086038177364,20.772921490862245,-3.40808667795476,24.347287023696488,28.15249331563619,27.920308103268027,33.468255999796085,33.468255999796085,23.059955260787333,0.0,62.959490406704546,4.517060633874044,24.365495008112433,20.962870010459422,0.8603506722715827
20260910_104915,STILL_1P_NA,27,164,173,STILL,NAN,1,P03,LAB01,0,0.0,-11.748942426668009,20.774847918472005,-12.697170599757559,25.318676524729476,32.118577802429385,30.694282051532056,47.04829491512801,47.04829491512801,43.62704891040373,0.0,263.06937274923825,8.387261676712656,27.07248051891521,23.86696365650227,0.8815950071448649
20260910_104915,STILL_1P_NA,28,169,178,STILL,NAN,1,P03,LAB01,0,0.0,-8.839045962632781,14.49429081506014,-9.373442107156574,17.820477837841615,25.133172275981185,23.614601329371194,47.04829491512801,47.04829491512801,81.60557077487154,0.0,353.1411093596689,15.592960484163065,21.457717112517013,16.9768430446026,0.7911765709083485
20260910_104915,STILL_1P_NA,29,174,183,STILL,NAN,1,P03,LAB01,0,0.0,-11.190798091438637,16.4809708498733,-16.664851781630237,21.455469873725995,29.85613674236729,21.690742198542594,72.30642468028488,57.869749080358964,116.62527820098035,106.43117401610613,353.1411093596689,21.767450780128744,22.11550831149358,19.921254028743274,0.9007821004227183
20260910_104915,STILL_1P_NA,30,179,188,STILL,NAN,1,P03,LAB01,0,0.0,-29.817512186176373,36.890978471800736,-33.99084680613399,43.029303706522526,55.84004899352776,66.81709234440942,72.30642468028488,72.30642468028488,79.80552679307858,73.59628024219083,180.50068742664865,19.57681683018331,48.09929653873567,47.43446347941169,0.986177904726973
20260910_104915,STILL_1P_NA,31,184,193,STILL,NAN,1,P03,LAB01,0,0.0,-26.25680579754453,32.53598252179063,-34.85347557128561,41.42975609659449,55.020320664849905,64.5878492193806,72.30642468028488,72.30642468028488,54.84624265545371,25.01793115101902,256.91881385154306,18.48124838680713,42.78373669154539,41.80920962357735,0.9772220207179655
20260910_104915,STILL_1P_NA,32,189,198,STILL,NAN,1,P03,LAB01,0,0.0,-12.219908185933946,3.652575799519582,-17.266363172536554,9.894735367769494,28.790342168399388,22.28160808277675,63.4596731576154,57.81045897404779,62.995123375671994,36.42570616567793,256.91881385154306,16.80056292799943,18.681731463887914,12.754115651188505,0.6827052233269927
20260910_104915,STILL_1P_NA,33,194,203,STILL,NAN,1,P03,LAB01,0,0.0,13.83985175935004,-20.80438411677096,14.527677543791048,-23.55846884112939,35.44642145074151,24.44389527455233,98.09564578364905,77.25057944443125,102.12323452814842,61.94075724907762,373.5578884865694,27.207940026844096,29.48033286681634,24.987274665295857,0.8475913341338842
20260910_104915,STILL_1P_NA,34,199,208,STILL,NAN,1,P03,LAB01,0,0.0,31.143193462276486,-22.969752247458928,34.74938588311811,-28.594132786582065,56.592375875022626,40.221266102441774,98.09564578364905,98.09564578364905,171.73799257411574,115.55918509938465,666.6448164261384,30.344144845511597,47.957352548581284,38.69764873139485,0.806917952616207
20260910_104915,STILL_1P_NA,35,204,213,STILL,NAN,1,P03,LAB01,0,0.0,1.5678617906842192,-2.0025497566302874,10.614522183328756,-8.359203633090074,38.450066425820644,20.077603956246143,98.09564578364905,98.09564578364905,90.27645852673659,0.4334427849828084,666.6448164261384,30.829623803420542,23.08843020458256,2.5433041741930023,0.1101549196570415
20260910_104915,STILL_1P_NA,36,209,218,STILL,NAN,1,P03,LAB01,0,0.0,-28.835326841297046,-0.4043089708716252,-34.20248002270817,0.8699462832426157,35.711074637788876,22.59130165684038,67.96156880270262,67.59092071977746,61.333076850163806,2.7516595215444393,335.7732037015608,21.776286855777627,29.34532902015472,28.838161172105846,0.9827172546710741
20260910_104915,STILL_1P_NA,37,214,223,STILL,NAN,1,P03,LAB01,0,0.0,-6.739615940276735,-22.429785653350336,-10.304909277555518,-25.236072538763473,64.27586238021281,71.29268737992356,76.26310712251451,74.78773607368151,65.53344131343722,11.508051839711095,335.7732037015608,16.382253184035886,50.86833210275817,23.420454894763953,0.4604132655156204
20260910_104915,STILL_1P_NA,38,219,228,STILL,NAN,1,P03,LAB01,0,0.0,44.92868899333962,-38.554010438934256,49.254339891357695,-46.62228773456553,77.82137356720219,76.26310712251451,83.44876514779206,83.44876514779206,17.359364740327962,0.0,74.66364624500564,3.7644136396573966,59.96823662905949,59.20303045947638,0.9872398087288046
20260910_104915,STILL_1P_NA,39,224,233,STILL,NAN,1,P03,LAB01,0,0.0,50.588809913251225,-32.06641006184509,60.075639503916875,-39.81772652035808,73.91375400829122,76.55455463877651,83.44876514779206,83.44876514779206,34.38142572931633,7.5658351335427305,161.11288447837174,9.356447130668228,60.13412513451041,59.895595353026295,0.9960333707200268
20260910_104915,STILL_1P_NA,40,229,238,STILL,NAN,1,P03,LAB01,0,0.0,28.50029968722538,-23.81056768471626,39.1351461471706,-31.05923560210548,52.50552410055542,55.19775363782894,83.01914082980245,70.12980395705216,60.97755501223912,62.792571514226395,161.11288447837174,16.932043979035786,37.96516085629259,37.13771958171521,0.9782052477609815
20260910_104915,STILL_1P_NA,41,234,243,STILL,NAN,1,P03,LAB01,0,0.2,-117.82431100882218,37.01877434144944,-129.27768328261118,37.56385870124431,162.95173293048686,47.8182386923222,517.2243745250933,517.2243745250933,583.9354868052009,88.5360641781983,3090.134915032207,188.3471292520228,143.85760000719526,123.50286603333062,0.8585077606407547
20260910_104915,STILL_1P_NA,42,239,248,STILL,NAN,1,P03,LAB01,0,0.5,-245.6605468460623,100.3419911817382,-278.6512130163003,112.62642215450492,289.221446213645,264.6395311246308,517.2243745250933,517.2243745250933,1084.478818011314,917.8803531270979,3090.134915032207,199.04405910635907,266.0074074546314,265.36318409120435,0.997578175098237
20260910_104915,STILL_1P_NA,43,244,253,STILL,NAN,1,P03,LAB01,0,0.3,-57.567132943785964,24.085771853699953,-119.81615586837692,49.2388341833168,171.29944534708613,61.9662426245758,517.2243745250933,509.6991065362676,559.3491792324992,80.84324623078516,2494.482049767782,184.55207700083068,103.90936227709332,62.40271789879037,0.6005495225000237
20260910_104915,STILL_1P_NA,44,249,258,STILL,NAN,1,P03,LAB01,0,0.0,63.956388908719646,-28.79257703472649,72.33982100923548,-31.382423695500655,84.06529611810707,65.67072574942023,173.09270257378003,146.12487275869674,148.94473485368536,117.97875983181106,358.91079020980413,42.338139527165445,71.22117559473972,70.13866390617986,0.9848007045724781
20260910_104915,STILL_1P_NA,45,254,263,STILL,NAN,1,P03,LAB01,0,0.0,93.15444609596375,-14.243960407797658,109.58401881921702,-19.729403567218704,114.1381637429981,114.53927702467297,173.09270257378003,173.09270257378003,270.63910196863446,234.89066269385,716.7703980302781,47.823268057644356,100.19082460617243,94.23715422032184,0.9405766904379406
20260910_104915,STILL_1P_NA,46,259,268,STILL,NAN,1,P03,LAB01,0,0.0,63.55523304822145,-16.1594674349044,90.69480860064311,-21.9498823087333,104.11184353343427,90.12964513566806,185.82029787754485,174.3654621041565,306.1525262168908,167.8216933970733,925.4431173976097,57.74112921440784,76.5007040497994,65.57740491658294,0.8572130901422063
20260910_104915,STILL_1P_NA,47,264,273,STILL,NAN,1,P03,LAB01,0,0.3,143.06342442005416,-49.18195441947137,161.56591234914245,-52.85986427520551,165.88137489579913,172.41998999471159,262.64301278625203,262.64301278625203,362.898094583639,276.76355284170813,925.4431173976097,86.11830578810782,154.45178725037334,151.28122172732316,0.9794721344472981
20260910_104915,STILL_1P_NA,48,269,278,STILL,NAN,1,P03,LAB01,0,0.3,81.4551734509987,1.1597639367910233,115.9683830604068,-8.544385009282115,160.56726660202224,124.21742957467188,262.64301278625203,262.64301278625203,292.2355440120901,58.20223266778245,859.5260009029876,80.56181528383485,133.53612331377192,81.46342942892451,0.610047883728874
20260910_104915,STILL_1P_NA,49,274,283,STILL,NAN,1,P03,LAB01,0,0.0,-7.109126338705664,8.97554663480696,0.7175435225756559,12.107259341689753,84.67183070834899,79.03946501977958,138.21770196578316,94.2954295302972,181.54031362470928,0.0,791.8315792776444,19.729960732765317,62.82160965186061,11.449895837660408,0.18226046580328736
20260910_104915,STILL_1P_NA,50,279,288,STILL,NAN,1,P03,LAB01,0,0.0,73.60338723572613,-29.28033355103844,74.8046521362967,-32.28488518695182,103.4502866638355,100.09546510357183,138.21770196578316,138.21770196578316,145.74679594945636,4.129856821552073,791.8315792776444,30.70457045178475,83.72127494674668,79.21361338452073,0.9461587085828163
20260910_104915,STILL_1P_NA,51,284,293,STILL,NAN,1,P03,LAB01,0,0.0,38.63053545528555,-13.337752464114601,58.964573461507555,-19.56637362647667,88.54893265725218,85.14079655102478,138.21770196578316,138.21770196578316,150.65465070579458,114.14901220073257,425.7078399658444,38.58993798155187,65.23834861296251,40.86825063978234,0.6264452045259471
20260910_104915,STILL_1P_NA,52,289,298,STILL,NAN,1,P03,LAB01,0,0.0,-33.656629249750495,22.618082460731785,-32.54423665944849,21.603686006423978,60.85113110735161,59.729705510426456,80.0135890527229,80.0135890527229,125.80277909411953,63.99915190628897,425.7078399658444,15.259223561624871,46.22043705664342,40.550540645663695,0.8773292341647217
20260910_104915,STILL_1P_NA,53,294,303,STILL,NAN,1,P03,LAB01,0,0.0,-52.599444013758784,12.369726465966778,-66.96244917193624,20.90781190516011,66.73835889323861,67.76182390317842,80.0135890527229,80.0135890527229,54.3047849118952,7.243387481854993,161.95703213941272,10.731342084670432,57.05869861506061,54.03435613939879,0.9469959436673246
20260910_104915,STILL_1P_NA,54,299,308,STILL,NAN,1,P03,LAB01,0,0.0,-36.98846636443773,-12.025940359772903,-46.935172030637126,-14.278094846685075,64.1358535761962,65.2192868733043,76.78289896605223,76.78289896605223,76.55750003774052,10.61742523245934,323.72057920446815,11.710698441286006,57.02558734358798,38.89434259027855,0.6820507144614596
20260910_104915,STILL_1P_NA,55,304,313,STILL,NAN,1,P03,LAB01,0,0.0,-33.06400551307843,-3.3140979606250767,-47.11838511509385,-4.0449453290745625,76.11983074740185,76.48310558979779,95.69739044986368,95.69739044986368,87.40647795844401,53.219786383127555,323.72057920446815,17.56052720180264,57.59605861356221,33.2296810978002,0.57694366416204
20260910_104915,STILL_1P_NA,56,309,318,STILL,NAN,1,P03,LAB01,0,0.0,-46.021345249677324,30.4091114455955,-57.17426284236186,30.92887986116502,74.47798816749957,73.22782814780624,95.69739044986368,95.69739044986368,96.04618757094211,97.50558000583729,285.21640922780847,17.81480143720892,57.83725369410814,55.16047749521975,0.953718822594077
20260910_104915,STILL_1P_NA,57,314,323,STILL,NAN,1,P03,LAB01,0,0.0,-18.649784169308532,17.923401004989955,-25.436546931680635,25.55921222266095,38.149343100305074,39.10560314171288,70.27234408206915,66.72957082105493,100.22906055937827,80.59034329185342,285.21640922780847,23.506557180750306,28.05798097808175,25.86624737273395,0.921885555234358
20260910_104915,STILL_1P_NA,58,319,328,STILL,NAN,1,P03,LAB01,0,0.0,13.559111152007972,1.811240102921147,9.741187322052841,4.877424317995514,27.26229481619894,13.683841734526077,104.83433010125049,52.88834427991644,150.8668546999219,80.59034329185342,648.0336157872267,29.115056431358745,20.290617668270613,13.679549917410908,0.6741810496386347
20260910_104915,STILL_1P_NA,59,324,333,STILL,NAN,1,P03,LAB01,0,0.0,46.61199251780067,-19.019316008895657,52.056677940775764,-20.96317089289352,50.55177490559031,38.39463492108291,104.83433010125049,104.83433010125049,194.97234053617265,62.517667077648454,648.0336157872267,37.96571506614025,52.067670766124536,50.34294615858055,0.9668753262405182
20260910_104915,STILL_1P_NA,60,329,338,STILL,NAN,1,P03,LAB01,0,0.0,44.52970079309716,-34.988375280903256,65.5001784441156,-44.864090695047004,70.54142017180087,64.27586873326032,115.20048345574665,112.67301637866743,180.56532719004383,133.2872877925729,608.2984685097427,34.5758126478974,58.31570371561305,56.63109267460836,0.9711122230605328
20260910_104915,STILL_1P_NA,61,334,343,STILL,NAN,1,P03,LAB01,0,0.0,60.983289123928444,-44.90140463224088,69.27318336970005,-53.333336887881345,86.65276945703675,87.2604547109983,115.20048345574665,115.20048345574665,139.8662145015847,120.3134725495994,388.54731115404377,28.326935054467558,76.90774637417549,75.73042777061855,0.9846918072747967
20260910_104915,STILL_1P_NA,62,339,348,STILL,NAN,1,P03,LAB01,0,0.0,46.238753552715934,-40.19942475941207,62.96954175117561,-50.34909254068415,81.50771918404767,74.40111910288631,115.20048345574665,115.20048345574665,64.61693155215379,27.81458736347612,215.94489048893698,19.197220483210724,61.377602434671545,61.270025959652024,0.9982473007945525
20260910_104915,STILL_1P_NA,63,344,353,STILL,NAN,1,P03,LAB01,0,0.0,60.525220788390016,-69.55938969287399,73.20676223778686,-83.20635856797571,109.58942267945595,96.65253069755745,164.6050754506854,164.6050754506854,146.88056139981217,56.130466562321445,571.2079206248527,44.50338367531345,92.509088410717,92.20526582537715,0.9967157541971341
20260910_104915,STILL_1P_NA,64,349,358,STILL,NAN,1,P03,LAB01,0,0.0,53.93981056318262,-73.42629921163643,68.8868004621649,-91.3379449431636,119.72202483848282,134.16751333441215,164.6050754506854,164.6050754506854,243.2991268534459,215.32470028957127,571.2079206248527,45.5040950816098,93.71718027153699,91.10940993941728,0.9721740418932373
20260910_104915,STILL_1P_NA,65,354,363,STILL,NAN,1,P03,LAB01,0,0.2,-82.78403934892617,48.982674402129305,-84.92817184957576,42.776286013280085,171.2507432293723,131.23202862515026,589.9845187827611,328.99878036877396,730.9096869017638,456.1230937324187,3249.63191753687,159.57891685727742,135.29077457132286,96.1899140373333,0.7109864980972794
20260910_104915,STILL_1P_NA,66,359,368,STILL,NAN,1,P03,LAB01,0,0.7,-284.48557197561877,181.16472503962177,-322.1778732806039,207.08241209034526,364.63526427458004,341.1367823139732,589.9845187827611,589.9845187827611,971.0216620661495,906.9668271129115,3249.63191753687,193.545299275537,337.47668460270705,337.2724392252897,0.9993947867016123
20260910_104915,STILL_1P_NA,67,364,373,STILL,NAN,1,P03,LAB01,0,0.5,-179.20382827360754,103.5628944544178,-260.2593551050599,152.6996738204111,289.01844527089116,245.66834774957962,589.9845187827611,589.9845187827611,601.2647927328119,600.6374010585357,1724.1025355222353,210.56583748937078,207.60277226866498,206.97653291060197,0.9969834730470142
20260910_104915,STILL_1P_NA,68,369,378,STILL,NAN,1,P03,LAB01,0,0.0,-42.36132000349812,6.886655240832624,-67.12367629374137,17.81527006539385,77.21467902249327,59.77429213057121,219.53372904701206,144.86216169191027,297.31051618474606,73.72558944370228,934.644679197233,55.1891889857059,45.1076253207231,42.91744928167164,0.9514455477653959
20260910_104915,STILL_1P_NA,69,374,383,STILL,NAN,1,P03,LAB01,0,0.0,-2.8375179962681614,3.1553659013547986,-10.562035039529912,4.804260488715551,42.25041059420746,37.91675208122315,64.66485845602426,64.66485845602426,69.35795883314611,18.751934113861264,387.0060235973929,15.504112434825428,30.81302144036065,4.243564816351727,0.137719854074202
20260910_104915,STILL_1P_NA,70,379,388,STILL,NAN,1,P03,LAB01,0,0.0,17.469289197066246,2.5829222723787097,20.45224235116475,2.018729267280217,34.83667415489826,34.50562973567974,41.21612128631539,41.21612128631539,23.585374619822158,1.2558225878902478,84.97009275218426,4.7473863972761965,26.546622806877686,17.659205885766365,0.6652147813390119
20260910_104915,STILL_1P_NA,71,384,393,STILL,NAN,1,P03,LAB01,0,0.1,60.73748524807684,-24.8625650127251,72.90559826168793,-29.154867351526782,80.41628339324822,48.776745272405094,266.03020838738536,163.25052503693496,268.23813721649043,42.05606166196156,1285.87278791104,71.1783654795155,72.66427360343019,65.62917989181591,0.9031835954212005
20260910_104915,STILL_1P_NA,72,389,398,STILL,NAN,1,P03,LAB01,0,0.3,133.29995440944185,-44.96206448477187,154.97933104697648,-53.322772590587746,140.6314669442167,121.02482916575045,266.03020838738536,266.03020838738536,526.226912279569,358.371251480429,1285.87278791104,90.2935435181764,141.110000982786,140.6785878813548,0.9969427177490854
20260910_104915,STILL_1P_NA,73,394,403,STILL,NAN,1,P03,LAB01,0,0.2,46.7179128039204,-11.333549940232842,92.59564540675444,-23.80824789465047,84.87498147202741,22.850385789230124,266.03020838738536,266.03020838738536,285.48387147286746,20.151625244914186,1255.9388722575263,99.60262743065574,51.55671252676078,48.07299378031767,0.9324293855114428
20260910_104915,STILL_1P_NA,74,399,408,STILL,NAN,1,P03,LAB01,0,0.0,4.3528774995957065,8.783027888137894,6.509042209362873,9.623473913260309,14.44182513099219,14.061031681611977,16.495787711904978,16.362580364065163,26.72598383486408,15.00331197508805,146.91171301774972,1.330101937476116,11.520756719951365,9.802505874024998,0.8508560776263298
20260910_104915,STILL_1P_NA,75,404,413,STILL,NAN,1,P03,LAB01,0,0.0,-22.597599704544564,4.931178679271852,-25.189562997822303,7.135246356454614,35.9074300780756,18.27759791625507,72.78852467437906,72.78852467437906,70.11298463646007,18.99674050632806,305.90000597325775,25.716136676891633,32.30241293211409,23.12937603079119,0.716026263406368
20260910_104915,STILL_1P_NA,76,409,418,STILL,NAN,1,P03,LAB01,0,0.0,-17.597364870968704,-14.19255496082451,-18.85906611485496,-16.807985208947947,54.41078053694902,52.575687332377996,72.78852467437906,72.78852467437906,94.59159400164607,56.13971872956099,305.90000597325775,16.451300723917573,47.363978585202375,22.607429458433078,0.4773127202091965
20260910_104915,STILL_1P_NA,77,414,423,STILL,NAN,1,P03,LAB01,0,0.0,-4.621913873448875,-6.679654784083596,-8.394047246383714,-9.584209062058395,57.697767735122206,46.32257530563729,103.94142876013493,78.28092321487165,97.84356933654442,52.643114892524096,320.53595084959255,18.570712688992423,42.934656471397275,8.122799756740902,0.1891898159742409
20260910_104915,STILL_1P_NA,78,419,428,STILL,NAN,1,P03,LAB01,0,0.0,-58.57310133369219,28.125500605080106,-62.63696115301006,31.124704366592447,78.17480869422553,75.83995952453499,117.50503702647359,117.50503702647359,173.05887999868088,92.53148928478234,464.1376375031707,31.982264730800807,67.65943673147223,64.97577998095394,0.9603358100486526
20260910_104915,STILL_1P_NA,79,424,433,STILL,NAN,1,P03,LAB01,0,0.0,16.79889733953405,2.2411282800503614,5.278252708947266,6.541891580146933,94.16245123211073,96.87760007173947,173.77679203526995,173.77679203526995,261.2210785209912,75.97553446746286,1312.439275996403,51.11210236738845,81.40037708523134,16.947731641486588,0.20820212692308834
20260910_104915,STILL_1P_NA,80,429,438,STILL,NAN,1,P03,LAB01,0,0.0,93.62656343433991,-23.681823361724128,106.30802258610511,-25.77731767660915,101.26624009905638,80.23878170990582,173.77679203526995,173.77679203526995,296.41426269432446,151.720076700983,1312.439275996403,58.36316493443132,99.05947436105022,96.57516315420014,0.9749210136347453
20260910_104915,STILL_1P_NA,81,434,443,STILL,NAN,1,P03,LAB01,0,0.0,14.26365456788335,-0.4788107004515041,39.07428183662712,-7.831370023925281,71.95549544922889,44.87079719977191,173.77679203526995,156.95549736504788,155.51911489458905,68.63993616851207,578.0034922854001,50.365416449644805,46.71420331372179,14.271688804019181,0.3055106967825999
20260910_104915,STILL_1P_NA,82,439,448,STILL,NAN,1,P03,LAB01,0,0.0,6.7643881548353875,-14.520259706688194,5.32517067516798,-13.94730453483624,45.87601134212776,38.75454037534688,62.367760190320254,62.367760190320254,44.11349943758922,0.0,194.65857837452623,11.946414799808197,37.13259151624258,16.01857949566534,0.4313886761353157
20260910_104915,STILL_1P_NA,83,444,453,STILL,NAN,1,P03,LAB01,0,0.0,27.601019053491655,-11.059568058523837,32.927078854709066,-14.6251358298508,40.83519948123599,44.011575900690815,62.367760190320254,62.367760190320254,88.1207597649691,42.289019068693975,284.9108893059294,20.308965636141266,33.204482749462244,29.73432861916223,0.8954913962526275
20260910_104915,STILL_1P_NA,84,449,458,STILL,NAN,1,P03,LAB01,0,0.0,12.302859427321437,-3.1334647509847855,19.5105630782163,-4.915057347676229,23.273089753925696,15.266432492620932,58.466894436383264,35.69117492744502,80.69781912880231,39.48833400269092,284.9108893059294,14.573044064155543,17.719971934041002,12.69562725642558,0.7164586548828901
20260910_104915,STILL_1P_NA,85,454,463,STILL,NAN,1,P03,LAB01,0,0.0,4.425436120421409,-2.9900779774338844,4.047854190973495,-2.826426798676475,28.70655733763966,31.453793229386267,55.268155949083074,39.6644479708321,49.63261776490309,0.0,194.1658077898095,12.85896216245691,23.471472353245176,5.340884867422776,0.22754792656560138
20260910_104915,STILL_1P_NA,86,459,468,STILL,NAN,1,P03,LAB01,0,0.0,-22.18802610829357,11.993687805476384,-22.524330152935455,11.42801259645753,38.402734248912665,34.6922479346508,55.268155949083074,55.268155949083074,68.87560413479227,0.0,368.3239861046359,14.142794913381753,29.72573905905002,25.22215394762212,0.8484954368171789
20260910_104915,STILL_1P_NA,87,464,473,STILL,NAN,1,P03,LAB01,0,0.0,-28.7374568055709,-4.429076148012882,-38.21406208246862,-1.07065675306328,39.56429009529066,48.54090151485302,55.268155949083074,55.268155949083074,91.09849522095419,0.0,368.3239861046359,15.165485428028648,32.72449560727049,29.076762873073577,0.8885320410137509
20260910_104915,STILL_1P_NA,88,469,478,STILL,NAN,1,P03,LAB01,0,0.0,-23.649211421784685,-9.233924053195096,-28.091345373576267,-11.303112440908698,31.82294160689954,31.240231727925483,48.54090151485302,48.54090151485302,89.15564499320642,45.83668817028149,345.8562421324645,12.805261772221307,27.475674417570417,25.388000202702973,0.9240173622987613
20260910_104915,STILL_1P_NA,89,474,483,STILL,NAN,1,P03,LAB01,0,0.0,-21.768724892633827,13.287000823911512,-26.819294499673795,13.699323022238465,36.707912563307616,36.93767717119506,91.91477314346847,47.90589909406188,101.9433568275135,30.830576095286204,548.4074350225354,20.46698353312403,29.005261783092635,25.50336790202033,0.8792669444854456
20260910_104915,STILL_1P_NA,90,479,488,STILL,NAN,1,P03,LAB01,0,0.0,-69.7107831786127,35.95374606153473,-81.03503995129329,43.03662154918978,86.56214896130268,94.62159229932928,133.45175548573573,133.45175548573573,148.82213844503698,30.830576095286204,548.4074350225354,41.125990279331404,79.24633398994109,78.43637642849697,0.989779242513011
20260910_104915,STILL_1P_NA,91,484,493,STILL,NAN,1,P03,LAB01,0,0.0,-30.51742400585522,21.829439761382673,-46.57594276952459,29.91800353689853,93.65743601148151,93.3773550337478,133.45175548573573,133.45175548573573,171.04965228826288,107.4330793521591,465.63513639669725,32.79721644557563,72.75495988763109,37.52116213883817,0.5157196457367171
20260910_104915,STILL_1P_NA,92,489,498,STILL,NAN,1,P03,LAB01,0,0.0,45.16107565268521,-22.256795257086196,46.94084415368026,-20.932447356630224,70.62970216524998,62.2787935913468,89.42629861230553,89.42629861230553,117.6275172962211,39.04288452701675,464.04744097342314,14.846536470733591,57.614249101117515,50.34766816073423,0.87387528165767
20260910_104915,STILL_1P_NA,93,494,503,STILL,NAN,1,P03,LAB01,0,0.0,4.929912581972758,-0.5989063379338404,19.84826625675398,-6.961661015323233,62.29869307959878,55.9173875511822,89.42629861230553,89.42629861230553,68.78159200674193,38.38436771052143,259.1077742993978,18.0622517572538,47.6959442230517,4.966158159735816,0.10412118348074648
20260910_104915,STILL_1P_NA,94,499,508,STILL,NAN,1,P03,LAB01,0,0.0,10.444651260093224,19.684135396584225,5.64381142911855,23.703331824250654,46.79796684289171,46.52560501014879,52.37557472855706,50.468235588828904,35.774242015976725,3.5600217228896773,184.00327320206782,2.6741291647884324,36.96583975104241,22.2835348689571,0.6028142473979297
20260910_104915,STILL_1P_NA,95,504,513,STILL,NAN,1,P03,LAB01,0,0.3,126.38430371884806,-49.028684473811154,144.99415664218373,-51.04198766460215,142.7194677691323,56.468825505164936,306.7882792832906,306.7882792832906,294.08401795067226,0.0,1601.6525495054382,117.16298426785255,140.32506709420593,135.56107157930907,0.9660502887078715
20260910_104915,STILL_1P_NA,96,509,518,STILL,NAN,1,P03,LAB01,0,0.4,159.7369422752131,-78.37266167010466,184.7931873619473,-92.02806413135863,187.62950190980996,193.25330705861103,306.7882792832906,306.7882792832906,588.9851054044167,427.63234416895625,1601.6525495054382,104.17789207975531,179.98511489846027,177.92741448324216,0.988567385606421
20260910_104915,STILL_1P_NA,97,514,523,STILL,NAN,1,P03,LAB01,0,0.1,30.123747658809407,-19.074953021711735,59.275693046491824,-33.76215002713481,78.65096526725765,40.078097748258386,282.43333689659437,188.51853785386834,327.6459864517769,199.6656803629631,1171.46904569291,84.30263900084402,44.17853921538893,35.6552100792035,0.807070824713542
20260910_104915,STILL_1P_NA,98,519,528,STILL,NAN,1,P03,LAB01,0,0.0,-9.558960425161786,7.975863583658793,-10.33574791404638,5.355061210844388,26.426605918869747,19.102858119663345,52.95744609255198,47.1108946616735,74.38604390994797,55.243505400767546,194.33086410137517,13.469457324040432,18.45630788606522,12.449422649863875,0.6745348379923468
20260910_104915,STILL_1P_NA,99,524,533,STILL,NAN,1,P03,LAB01,0,0.0,-50.61701752910608,16.627376974239723,-56.54991219865185,18.57712534441908,60.177262230462894,53.837359054324935,109.89779184852699,109.89779184852699,106.38287266245716,105.85425658428915,303.9027577196238,34.21848047846237,53.835445254493294,53.27806423459198,0.9896465791772235
20260910_104915,STILL_1P_NA,100,529,538,STILL,NAN,1,P03,LAB01,0,0.0,-65.80314696544792,21.563224274655113,-79.35890959036313,25.045386200765726,83.7932913882606,90.46271391534371,109.89779184852699,109.89779184852699,137.87953710639243,106.18090308453175,367.7085510847522,25.432573772115195,70.16384455442154,69.24613196183172,0.9869204346138984
20260910_104915,STILL_1P_NA,101,534,543,STILL,NAN,1,P03,LAB01,0,0.0,-15.597802764450535,-0.5647524279347635,-29.639668320505155,3.7649304042318192,54.744896192792226,40.78783070795266,109.89779184852699,107.46166670432433,97.62643408561641,54.06828465010078,367.7085510847522,31.44558133338783,34.7971427482154,15.608023461782691,0.44854324893049335
20260910_104915,STILL_1P_NA,102,539,548,STILL,NAN,1,P03,LAB01,0,0.0,8.461892193180574,7.5972782427425045,11.431050863369393,5.68968954402939,33.15139268670233,34.33347605870092,47.64027397869812,43.0060558841588,51.46251451053949,31.462491534369654,170.5099601151424,8.612480218720169,25.61893628263656,11.37199438034767,0.4438901855599341
20260910_104915,STILL_1P_NA,103,544,553,STILL,NAN,1,P03,LAB01,0,0.0,26.241791355650776,-3.5682352404428457,29.32891412571351,-1.7269990122766337,46.79063038209476,47.64027397869812,64.95651343740275,64.74901486674885,47.15324327090524,41.76652966791612,170.5099601151424,13.781164833557751,39.90128397800871,26.483276162224456,0.6637198987586592
20260910_104915,STILL_1P_NA,104,549,558,STILL,NAN,1,P03,LAB01,0,0.0,35.99223544931647,-35.68436773972826,45.039413193538564,-41.40146038739651,62.72003658756658,61.92693245849394,75.37554019108285,75.37554019108285,55.73345638357415,59.641672408525636,181.56419082218423,9.674773860831156,51.60538891145718,50.68347969134708,0.9821354079572604
20260910_104915,STILL_1P_NA,105,554,563,STILL,NAN,1,P03,LAB01,0,0.0,0.09649502396314347,-27.823950297246483,5.40650692765807,-36.6248484761341,54.17456695206279,53.43292295309023,75.37554019108285,75.37554019108285,55.206383653150496,6.276553753600229,181.56419082218423,15.810480872111127,42.55149748300519,27.82411762182751,0.653892795028901
20260910_104915,STILL_1P_NA,106,559,568,STILL,NAN,1,P03,LAB01,0,0.0,-10.558346585333538,-14.077859680535767,-13.979367977235885,-17.96912277362709,32.32108818328577,36.567485794193324,53.43292295309023,39.26058053887709,41.37359650254187,6.278625945472263,176.84965664409626,10.824694170435821,26.285371804713506,17.59729569567094,0.6694710588995886
20260910_104915,STILL_1P_NA,107,564,573,STILL,NAN,1,P03,LAB01,0,0.0,-7.719195993346148,3.9440913267608266,-6.8289749525569885,1.2586082129615797,22.473628699649545,22.282525133877822,36.56730147272631,28.151646762630484,28.80968739663614,6.547236971247223,105.01597528849169,5.712548807111252,17.689913094530777,8.668439489176883,0.49002159834560866
20260910_104915,STILL_1P_NA,108,569,578,STILL,NAN,1,P03,LAB01,0,0.0,-1.3471795118616683,8.076722344058453,-3.0544264411075184,9.67306506032006,19.4454730236514,19.143599119458496,22.282525133877822,22.282525133877822,12.227754977759066,6.183183401475656,50.67334353348896,2.2509643346709565,17.168494805496056,8.18830485877223,0.47693784175832077
20260910_104915,STILL_1P_NA,109,574,583,STILL,NAN,1,P03,LAB01,0,0.0,-10.209928538280792,0.8618035841545861,-12.345925427779543,2.470674988572672,28.281064712797114,19.143599119458496,50.9004083312628,47.844845626258866,43.77364899625219,11.668854582512381,181.64953073214363,13.758285766723732,22.26996288118749,10.246235707539732,0.4600921771717555
20260910_104915,STILL_1P_NA,110,579,588,STILL,NAN,1,P03,LAB01,0,0.0,-49.92444531148885,19.19837207442788,-56.56361985784781,21.143133709575423,60.75415193480129,59.065998561185594,87.94147301885022,87.94147301885022,84.51019577464291,43.71217292216083,232.65873039906194,24.619633620969196,54.300544915915914,53.48857569582512,0.9850467574248449
20260910_104915,STILL_1P_NA,111,584,593,STILL,NAN,1,P03,LAB01,0,0.0,-38.54104471032474,15.885538175821239,-49.31544662463635,20.85029545934372,60.72002366409905,65.84771053526129,87.94147301885022,87.94147301885022,110.86937827519318,86.02074727030299,262.20741795074,24.92727341457436,47.58915959230859,41.68647802943689,0.8759658373159064
20260910_104915,STILL_1P_NA,112,589,598,STILL,NAN,1,P03,LAB01,0,0.0,2.5089387144903412,-4.0739158981514265,-3.439750232095615,-2.963323937436978,25.494071409326857,20.033809237085983,64.46383227941419,43.51104727690468,82.70986478262924,31.540388671770174,262.20741795074,16.33895879765285,17.03157322551454,4.7845129551793875,0.2809201999033089
20260910_104915,STILL_1P_NA,113,594,603,STILL,NAN,1,P03,LAB01,0,0.0,2.416773556912176,-3.1064513923656705,6.4979051096800955,-5.429512684590774,11.97496583160807,11.56350090901011,13.662048746205265,13.662048746205265,21.752445845435897,8.057513496490106,143.27739093308497,1.2360731580799578,8.777307061749532,3.9358397678920496,0.4484108554255752
20260910_104915,STILL_1P_NA,114,599,608,STILL,NAN,1,P03,LAB01,0,0.0,-10.118869342416474,-2.742155830257616,-11.690545191711035,-2.405609115733898,20.842877354719562,13.565462335818383,54.93683576133619,47.046501822502975,50.503762885212836,15.740335157604168,296.0370480972289,15.215142809694054,17.88008172449931,10.483841632069412,0.5863419302890791
20260910_104915,STILL_1P_NA,115,604,613,STILL,NAN,1,P03,LAB01,0,0.0,-37.58029761086027,7.517413667285837,-41.497193408631055,7.2202439013930855,46.72684180185296,54.43179008128418,67.58978709342117,67.58978709342117,76.75089153702834,48.093862675764505,296.0370480972289,20.791448120217428,40.84950586954349,38.32479976158944,0.9381949413043839
20260910_104915,STILL_1P_NA,116,609,618,STILL,NAN,1,P03,LAB01,0,0.0,-36.446444512758944,12.47975439774018,-46.235059535250265,15.546833739277673,50.9854722821863,49.77994924285883,67.58978709342117,67.58978709342117,64.78628193504004,25.93219021086437,222.6467506492774,13.492122690931017,39.12702625979753,38.52385738019405,0.9845843413808519
20260910_104915,STILL_1P_NA,117,614,623,STILL,NAN,1,P03,LAB01,0,0.0,-18.04345178827407,10.081805453000015,-22.324017966580932,11.506019393001187,34.10891858601674,34.113855354454145,45.6331540844855,45.6331540844855,60.43029498424983,4.819662574616311,222.6467506492774,8.394358479408933,25.262035115966132,20.669033688779734,0.8181856130710734
20260910_104915,STILL_1P_NA,118,619,628,STILL,NAN,1,P03,LAB01,0,0.0,-13.613882607757205,8.588916185018661,-18.93721546389325,12.411374221890718,36.732281058928706,30.7381497270362,63.29077348849784,55.69469086907082,70.23373212266645,62.46968278171433,212.22254905845887,13.653773038990877,26.665653867786048,16.09680964946376,0.603653288581452
20260910_104915,STILL_1P_NA,119,624,633,STILL,NAN,1,P03,LAB01,0,0.0,-28.57799353596306,17.961833892838513,-29.883898466008713,17.517393699593903,44.18974403157981,46.01734299030794,63.29077348849784,63.29077348849784,84.83543272632991,94.68622144109504,229.514525390446,14.278286160173966,34.12833608897382,33.753950751511574,0.9890300735293333
20260910_104915,STILL_1P_NA,120,629,638,STILL,NAN,1,P03,LAB01,0,0.0,16.75355532689082,-13.537551502632596,14.420505514914893,-12.124633239962597,54.02196395386876,49.568651876918366,124.27510871142671,80.47484065231811,148.44248411021354,110.89323924193974,549.42496455239,27.925381031413867,47.22179062829832,21.53942702992867,0.45613321187826505
20260910_104915,STILL_1P_NA,121,634,643,STILL,NAN,1,P03,LAB01,0,0.0,63.05181244312121,-39.56334565939551,72.94192644597489,-45.406140478911816,75.29114003653127,65.12789497401579,124.27510871142671,124.27510871142671,200.48886243834812,134.48356813492416,549.42496455239,36.08354363648159,74.5388681444323,74.4364787730273,0.998626362675556
20260910_104915,STILL_1P_NA,122,639,648,STILL,NAN,1,P03,LAB01,0,0.0,-1.2088929382985043,-0.25097259372341796,12.265028708556448,-9.39032337243317,83.76945795268485,74.12884086604917,169.27374910507748,128.77497275079176,234.55012210417485,162.3841368047009,896.0987999562665,41.51872278643353,59.30928089995157,1.2346697449392088,0.020817479595174406
20260910_104915,STILL_1P_NA,123,644,653,STILL,NAN,1,P03,LAB01,0,0.0,-86.67816265179363,47.96534301023621,-96.06792696312736,52.71841770350816,104.01434517479292,92.73140397091927,169.27374910507748,169.27374910507748,264.7423139034786,245.93021654404436,896.0987999562665,50.97897275368094,99.15021346567258,99.06451438724366,0.9991356642065266
20260910_104915,STILL_1P_NA,124,649,658,STILL,NAN,1,P03,LAB01,0,0.0,-56.35648751421036,29.523945656968863,-83.80112116302519,45.39840328826557,83.43480234284422,57.33559314453278,169.27374910507748,169.27374910507748,156.4120950058587,64.2016907640025,521.2516292978843,53.744392976874444,64.01933505161807,63.62167124569268,0.9937883796261745
20260910_104915,STILL_1P_NA,125,654,663,STILL,NAN,1,P03,LAB01,0,0.0,-19.182272287066553,-0.3488211391209006,-26.711340924798662,1.226073770432479,35.9503350151205,34.781845790023745,54.018041564168804,42.50181977286278,41.05096576964969,35.6069208521945,143.94935359418272,7.09552085533332,24.340263487270125,19.185443603999857,0.7882184025671611
20260910_104915,STILL_1P_NA,126,659,668,STILL,NAN,1,P03,LAB01,0,0.0,-0.2904241950877804,-14.563355889752529,-0.9197961068367568,-18.04236595387982,31.950034583925138,31.56879216972037,36.05068363051244,36.05068363051244,20.83120716476956,0.0,83.20807911651552,2.7006257476154243,25.890476136410147,14.566251439017591,0.5626104117310096
20260910_104915,STILL_1P_NA,127,664,673,STILL,NAN,1,P03,LAB01,0,0.0,-14.069791397083009,-6.6787075307411214,-12.419086193424832,-10.247169008771538,40.45075274412812,34.12548221847878,54.04861548315277,54.04861548315277,41.830736044629795,16.296878059212904,232.73149345204305,10.81869504453284,31.816622391337063,15.574471555677553,0.48950738277983036
20260910_104915,STILL_1P_NA,128,669,678,STILL,NAN,1,P03,LAB01,0,0.0,-8.590502517874256,-12.086547923503531,-11.897650577432806,-16.050241774723602,47.27136397124144,48.001416605072805,54.04861548315277,54.04861548315277,42.42354791187508,13.9890460021638,232.73149345204305,6.626093795684587,38.45722816829567,14.828397560652043,0.38558154778499215
20260910_104915,STILL_1P_NA,129,674,683,STILL,NAN,1,P03,LAB01,0,0.0,-10.229225141052893,-16.15620113692603,-10.418701706163041,-20.468187611311276,43.56920765140263,42.615168990319674,51.8814474153596,44.89739195684337,20.450057680641347,12.859340121310524,113.41085375971541,2.937164966127655,37.00017549609491,19.122235281555305,0.5168147184483899
20260910_104915,STILL_1P_NA,130,679,688,STILL,NAN,1,P03,LAB01,0,0.0,-12.154868028218289,-1.0018332464792365,-16.060534018562475,-3.4613401713078895,47.39874137813318,42.615168990319674,77.31183839013967,51.1218824430534,45.74819615137479,9.518464550974,327.024533088161,10.361326539170427,35.64091325164052,12.19608488971581,0.34219338891812584
20260910_104915,STILL_1P_NA,131,684,693,STILL,NAN,1,P03,LAB01,0,0.3,105.11893049537457,-48.09195145986996,112.6317074890178,-53.530450778253375,138.84204445839697,95.86343524550207,263.9037061165278,263.9037061165278,300.80636959355104,36.626980534700905,1684.2086325405874,95.7861715656795,122.05135232188333,115.59768744966259,0.9471233644736632
20260910_104915,STILL_1P_NA,132,689,698,STILL,NAN,1,P03,LAB01,0,0.3,125.65185783138122,-56.1191977916842,151.5324065862463,-68.15403364702783,158.41630164611024,128.80741953553544,263.9037061165278,263.9037061165278,458.22133967427345,313.3390217243844,1684.2086325405874,82.02329108017588,137.9791160265826,137.6145113614833,0.9973575373172483
20260910_104915,STILL_1P_NA,133,694,703,STILL,NAN,1,P03,LAB01,0,0.0,25.90179132805838,-11.210700095521133,42.40418345843163,-17.338024603529156,51.533325808000846,29.548239295365516,141.58331584688364,118.5867024864569,235.05769709338614,239.05200420018554,869.6461431156469,47.434813170076175,33.506606009032154,28.22379475963496,0.842335232402436
20260910_104915,STILL_1P_NA,134,699,708,STILL,NAN,1,P03,LAB01,0,0.0,9.290608064865182,-1.073267022051823,11.761641906960495,-2.08675274546918,18.976194062619747,13.588298482757875,34.846003437786464,34.846003437786464,65.82653632154131,12.77249517190978,306.70705473022946,10.707079320292777,16.556709188906524,9.352395431950146,0.5648704295788757
20260910_104915,STILL_1P_NA,135,704,713,STILL,NAN,1,P03,LAB01,0,0.0,8.669025543821135,5.708178271119323,8.972683894503048,6.960105500823163,24.98411053315231,24.163141754947006,34.846003437786464,34.846003437786464,56.33466072485851,9.104368126387845,188.99963996502706,8.08804925570115,21.59882163192844,10.379561794907438,0.48056148487118666
20260910_105035,STILL_1P_NA,0,29,38,STILL,NAN,1,P03,LAB01,0,0.0,15.068288850138742,-5.2350335820674445,19.56199443175684,-7.154362776405696,43.97835305507478,48.90568020677098,72.95962602353376,51.470701847827925,74.9974688492072,0.0,385.9456534636058,13.385740232733692,35.357734763814946,15.95176809875913,0.45115356527545836
20260910_105035,STILL_1P_NA,1,34,43,STILL,NAN,1,P03,LAB01,0,0.0,-49.96401369623936,32.15961896131648,-53.39287519751282,35.80420059843741,82.5575627276678,84.85219352270613,139.67559490471697,139.67559490471697,149.4705927871395,165.59797795911538,385.9456534636058,47.00553703273534,71.85877716974392,59.41922042887353,0.8268888334756126
20260910_105035,STILL_1P_NA,2,39,48,STILL,NAN,1,P03,LAB01,0,0.0,-3.722560792911736,49.472033875937996,-13.849141080625946,55.619837928788954,117.15180150083054,112.66410443805775,139.67559490471697,139.67559490471697,124.39314268291965,53.32145132253879,388.55562877655115,15.573519356240602,96.7500509447807,49.611889650353774,0.512784119138804
20260910_105035,STILL_1P_NA,3,44,53,STILL,NAN,1,P03,LAB01,0,0.0,88.09617569859938,-32.22225003940639,97.22278739796738,-25.83519607776035,129.34515031967675,116.05785766099079,208.5082260437945,179.39126174611704,154.89153156275407,57.533190556012265,542.724392762353,33.118207582332765,103.66230980937864,93.80410209751233,0.9049007519705642
20260910_105035,STILL_1P_NA,4,49,58,STILL,NAN,1,P03,LAB01,0,0.5,228.811243863644,-145.24955590121317,267.6833680057042,-169.69926108279432,314.1529165387998,304.3353912534676,510.64906021169594,510.64906021169594,444.53169075973557,211.94266447420472,2150.761198735794,168.43288678577855,271.05229487132345,271.02032914142734,0.9998820680344681
20260910_105035,STILL_1P_NA,5,54,63,STILL,NAN,1,P03,LAB01,0,1.0,195.03099942745757,-186.35541354975976,252.1529368358381,-232.04140964345348,401.4874415957122,428.606025525781,510.64906021169594,510.64906021169594,623.9085152615428,300.7544957330072,2150.761198735794,107.85942243718807,313.5246005586333,269.7506828480235,0.8603812344147345
20260910_105035,STILL_1P_NA,6,59,68,STILL,NAN,1,P03,LAB01,0,1.0,-152.76831191549445,-97.58326642597876,-128.04080076617748,-137.26352213795482,330.28996336924945,345.9878486181462,510.64906021169594,373.16024606329404,514.2882396027912,51.754581235948066,1882.2214066817996,75.5085931401247,248.3656813868126,181.2750700230822,0.7298716513927649
20260910_105035,STILL_1P_NA,7,64,73,STILL,NAN,1,P03,LAB01,0,0.5,-165.23021151126204,-37.79300148159382,-219.29799580118615,-54.71149001081725,218.7394806362773,214.57280593159493,357.8837111579161,357.8837111579161,437.548624580432,271.82370206989077,1130.0491924778607,123.446980452769,172.5081023360828,169.4972971968702,0.9825468769382965
20260910_105035,STILL_1P_NA,8,69,78,STILL,NAN,1,P03,LAB01,0,0.0,-38.65555153832838,-28.475328405970686,-60.54525913603069,-35.5977311210125,76.07017789789163,64.66731952330144,174.71090953805285,122.9929151638388,241.1086058062188,116.96044644330823,890.5994703473564,39.21500239778178,52.39439927149649,48.011415231799226,0.9163463251675893
20260910_105035,STILL_1P_NA,9,74,83,STILL,NAN,1,P03,LAB01,0,0.0,8.705927907086334,-13.247559721824473,3.773133997550282,-18.202904132815746,48.343072146919226,48.29107464621366,60.38348969138801,60.3448587635964,45.72806544090575,18.067898369407985,121.38716602637224,7.329910040602529,37.38179412022333,15.852161344961473,0.42406100932393576
20260910_105035,STILL_1P_NA,10,79,88,STILL,NAN,1,P03,LAB01,0,0.0,56.42849752825214,-2.106042247435653,65.47484995540354,-3.7316635729369074,66.04875502567172,61.522167112594786,90.10396468125548,90.10396468125548,63.0629154727241,18.067898369407985,241.93694625389693,20.170810601569155,56.67187673503819,56.46778503929423,0.9963987129507257
20260910_105035,STILL_1P_NA,11,84,93,STILL,NAN,1,P03,LAB01,0,0.0,60.72262722898677,-9.679403982556323,75.4889146426168,-10.58274038917077,77.37415939963154,74.06632575867673,90.10396468125548,90.10396468125548,71.02352555109523,52.59268474158729,241.93694625389693,9.828758564729545,62.06200720239571,61.48925368751854,0.9907712698848216
20260910_105035,STILL_1P_NA,12,89,98,STILL,NAN,1,P03,LAB01,0,0.2,163.7135760724159,35.76477939284541,190.98912890369905,38.91995581198556,204.83492142059276,103.51873905725826,704.9957237879037,509.61798663123636,737.4301156310294,197.9444843284664,3199.9946154531876,206.996895751461,174.18819366401954,167.57462348290568,0.9620320410815537
20260910_105035,STILL_1P_NA,13,94,103,STILL,NAN,1,P03,LAB01,0,0.7,444.22245025020493,211.5684491359716,512.2490160745431,236.26302140872934,563.9031830402321,704.0013130955604,811.157225578853,811.157225578853,957.913893943324,613.7712647668874,3199.9946154531876,274.5042307120387,495.2338490670578,492.0312936959356,0.9935332462085228
20260910_105035,STILL_1P_NA,14,99,108,STILL,NAN,1,P03,LAB01,0,0.7,296.9519388189842,120.82622443282617,405.6542389532377,172.86430815471667,525.5669782583639,559.8301566514976,811.157225578853,811.157225578853,854.4831541234513,368.0757925934811,3206.86150809054,269.52176017271773,385.35986288354934,320.59231194625585,0.8319296917622545
20260910_105035,STILL_1P_NA,15,104,113,STILL,NAN,1,P03,LAB01,0,0.7,-88.30801805627607,-146.42968957864468,-62.27832515484515,-145.4011147804709,308.82328499054927,330.9966515194973,416.6534108997783,381.98122724135084,738.4519798954244,325.2283703733573,3206.86150809054,73.92925831614025,223.54488458538944,170.99695916338928,0.7649334471711968
20260910_105035,STILL_1P_NA,16,109,118,STILL,NAN,1,P03,LAB01,0,0.8,-209.22656185880305,-100.17065554147575,-246.471766149654,-141.98890146168432,317.4493631217116,330.9966515194973,378.12876239041447,378.12876239041447,296.20147736645794,290.4362370013773,858.2134868112083,55.934031771959205,257.98484617200717,231.96964115776987,0.8991599491200655
20260910_105035,STILL_1P_NA,17,114,123,STILL,NAN,1,P03,LAB01,0,0.3,-103.43336151007497,-38.04178787748697,-150.88011892647418,-63.05709423213774,242.70532918833845,222.93408584547325,378.12876239041447,309.5488368379819,199.536436343871,94.31333795588318,858.2134868112083,54.89903429966283,171.55541005435006,110.20724975331511,0.6424003167163345
20260910_105035,STILL_1P_NA,18,119,128,STILL,NAN,1,P03,LAB01,0,0.0,4.364376220262329,-114.13737798324928,-16.626221027226013,-123.68276621191157,182.8284558355957,200.60563034460094,219.9923084215735,202.54429815229818,102.5047354814478,33.09458233659327,507.9770326879572,30.121840557127552,126.13546450364103,114.22078984441978,0.9055406446861951
20260910_105035,STILL_1P_NA,19,124,133,STILL,NAN,1,P03,LAB01,0,0.0,42.271975418733746,-93.22881421360489,52.600224378421785,-124.30644897470756,141.18420582297463,134.62377265759199,200.60563034460094,191.64563749828338,146.8553680797191,14.208721824076454,698.8540890823418,33.70276674701525,111.64702854458763,102.36469950855562,0.9168600440420589
20260910_105035,STILL_1P_NA,20,129,138,STILL,NAN,1,P03,LAB01,0,0.0,44.64467455285876,-38.94366316119067,57.68445724401052,-54.882848115307866,71.55036742570265,50.43982920646115,134.62377265759199,134.62377265759199,147.27178139753764,14.208721824076454,698.8540890823418,53.00635857494776,60.8182877391399,59.24319257385572,0.974101619367516
20260910_105035,STILL_1P_NA,21,134,143,STILL,NAN,1,P03,LAB01,0,0.0,-5.992930891013657,-11.898810476908693,-4.308100712051009,-14.546657178861441,30.578105957671124,32.32701065791831,40.75562704221767,40.75562704221767,85.64373946953897,19.51451225084115,482.69063992755406,9.80547090100972,25.59817349833288,13.322796681998033,0.5204588789456287
20260910_105035,STILL_1P_NA,22,139,148,STILL,NAN,1,P03,LAB01,0,0.0,-14.444386652911362,-8.49369938700147,-13.958117068823238,-12.860640667659563,26.55156976004435,29.56514949961724,40.75562704221767,40.75562704221767,46.89818612886408,12.455443721720577,173.20140999185884,13.480276397445488,20.895313211687082,16.756587810635942,0.8019304444435758
20260910_105035,STILL_1P_NA,23,144,153,STILL,NAN,1,P03,LAB01,0,0.0,-5.2501030167250065,14.563984335469286,-7.47109188038524,14.379905503349852,21.632816010059578,20.56845062643267,34.03994488846413,34.03994488846413,63.07715395969244,27.523619868960147,177.6615786248022,10.050992755787192,18.193246098619916,15.48138305869407,0.8509412215266213
20260910_105035,STILL_1P_NA,24,149,158,STILL,NAN,1,P03,LAB01,0,0.0,-16.633107343559004,26.793164511209397,-18.607031738623554,31.682786483891544,37.962394407674324,39.338079354306174,49.32656256134751,49.32656256134751,47.17282213369069,27.523619868960147,177.6615786248022,9.976385974133752,32.76963799294033,31.536231931337124,0.9623613156218288
20260910_105035,STILL_1P_NA,25,154,163,STILL,NAN,1,P03,LAB01,0,0.0,-23.314722601534868,12.073950447143943,-27.908925355915652,15.97483825227727,40.978049011447844,44.63621382014822,49.32656256134751,49.32656256134751,45.03967092457618,0.0,227.48605186172705,9.396026644603236,30.2281317417453,26.25560072416185,0.8685816559381554
20260910_105035,STILL_1P_NA,26,159,168,STILL,NAN,1,P03,LAB01,0,0.2,-86.61648446840354,44.105411338553495,-102.24743905539222,50.72332276493192,108.55037433833112,48.26458419467257,357.84575869942296,314.9463459788601,396.74694786955683,190.6015198903118,2103.0261029617313,116.56965214553229,99.06868219541624,97.19929367545936,0.9811303786572082
20260910_105035,STILL_1P_NA,27,164,173,STILL,NAN,1,P03,LAB01,0,0.5,-174.24272948991484,105.33508327878826,-199.56723215776282,119.92554293157733,210.44863031600403,204.76896296215094,357.84575869942296,357.84575869942296,694.0646568907829,524.591628287958,2103.0261029617313,124.26010189766652,203.63136787111878,203.60748647690951,0.9998827224191492
20260910_105035,STILL_1P_NA,28,169,178,STILL,NAN,1,P03,LAB01,0,0.3,-55.19267898765656,31.432068148697,-103.38910321576775,60.34740718355482,137.67379991090166,55.69144357784717,357.84575869942296,357.84575869942296,364.8826063343699,40.43314553349143,1168.5283120065428,129.40110753696464,88.85535499101614,63.51540539065179,0.7148179802677466
20260910_105035,STILL_1P_NA,29,174,183,STILL,NAN,1,P03,LAB01,0,0.0,9.879937387698192,-13.930972850269427,9.54937846206458,-15.173185406480709,27.689610582310557,27.05715839103915,40.41104717077473,40.41104717077473,60.55324420340686,13.13305494004294,343.33340239680916,8.802887049090375,20.957430640785176,17.0787929122576,0.8149278031735735
20260910_105035,STILL_1P_NA,30,179,188,STILL,NAN,1,P03,LAB01,0,0.0,22.018154872653668,-7.099427719529558,25.459177276801576,-9.95511722921095,35.65092027700022,22.62948083177514,87.84883352412535,74.29116814560051,95.05765112050639,36.83137589598902,265.57507073612345,24.18912895737226,29.471597090769194,23.134411986064983,0.7849731358234032
20260910_105035,STILL_1P_NA,31,184,193,STILL,NAN,1,P03,LAB01,0,0.0,72.22878211785383,-11.055222130083166,83.32453587401783,-11.347353023220142,81.54888986015058,92.7694707649475,119.33734675845885,119.33734675845885,112.32836617816454,82.93308895919496,265.57507073612345,35.202666204577135,73.33855618130792,73.06993159004517,0.9963371982590078
20260910_105035,STILL_1P_NA,32,189,198,STILL,NAN,1,P03,LAB01,0,0.0,70.68897881215116,-19.299624559483163,88.85123024626593,-24.10050099061658,91.61568373716783,98.66352278914175,119.33734675845885,119.33734675845885,112.63041874869467,110.20059756466767,338.5040422096625,25.564043939014763,75.78834616514337,73.2762392160089,0.9668536513033209
20260910_105035,STILL_1P_NA,33,194,203,STILL,NAN,1,P03,LAB01,0,0.0,13.959408128156156,-16.31225515673941,26.452142563814967,-20.363858889130444,54.43983793930985,45.24921191008749,109.54350223099843,82.43572617640271,94.08279986447715,81.57945950112614,338.5040422096625,23.21977585367387,36.10702605481979,21.469856627071444,0.5946171416741621
20260910_105035,STILL_1P_NA,34,199,208,STILL,NAN,1,P03,LAB01,0,0.0,-5.154660149335086,13.292763076901792,-4.626822706435217,11.111143686633302,34.99630563390981,36.24003228641675,43.37515701639819,43.37515701639819,53.969520818469434,7.089751604238226,284.0183855394407,8.98980883000732,25.34153996913947,14.257211209552407,0.5626024001270095
20260910_105035,STILL_1P_NA,35,204,213,STILL,NAN,1,P03,LAB01,0,0.0,-11.2598428846336,7.890861212848904,-14.293153736464081,13.945923368046,33.986034874831425,37.36442065231604,52.45796644028083,44.28343795878645,75.6929801496711,54.84049382756177,284.0183855394407,11.911431886605671,26.582425591201684,13.749536445534343,0.5172416037942451
20260910_105035,STILL_1P_NA,36,209,218,STILL,NAN,1,P03,LAB01,0,0.0,-3.1173296388014933,12.066757353844878,-3.46292949664542,11.746117361054589,52.14102500673098,52.45796644028083,110.02155427007403,66.96118903603637,103.20804818640597,57.37950090007219,536.9430819478283,24.088522481792808,43.400717216364825,12.462920087745074,0.2871593118061598
20260910_105035,STILL_1P_NA,37,214,223,STILL,NAN,1,P03,LAB01,0,0.0,102.46139103950645,-29.71575858181768,110.26217853539647,-29.273800103099653,142.64764333300226,137.58330874831802,242.34706038786834,242.34706038786834,213.28728574271003,135.87637005208336,619.9155312747978,77.31722114705919,120.38513772965695,106.68347089330908,0.8861847309830135
20260910_105035,STILL_1P_NA,38,219,228,STILL,NAN,1,P03,LAB01,0,0.0,112.65708445725977,-68.03907254722617,142.8331557385174,-79.6608088272763,179.25973943093038,214.3524597723552,242.34706038786834,242.34706038786834,352.53047310347745,227.50259452451303,1225.4789814541236,69.25030514125666,141.1195899055692,131.6090197193827,0.932606307936761
20260910_105035,STILL_1P_NA,39,224,233,STILL,NAN,1,P03,LAB01,0,0.0,-5.439332543940964,-17.712381676023142,13.775459215088745,-33.86478424082301,100.08353207012813,60.78202497279721,242.34706038786834,228.87193870352752,231.90721795735908,79.18948100726044,1225.4789814541236,69.7901212910915,63.41603787231975,18.528756114771863,0.29217776348748237
20260910_105035,STILL_1P_NA,40,229,238,STILL,NAN,1,P03,LAB01,0,0.0,-32.729500343199106,-5.976161665510517,-43.0336171901179,-4.824055640759876,50.24605539024615,54.6617010909098,60.731376051234825,60.731376051234825,52.29062522832476,32.39061596711245,164.81853202656873,10.222843608826752,39.51988250880915,33.27062820218139,0.841870625368515
20260910_105035,STILL_1P_NA,41,234,243,STILL,NAN,1,P03,LAB01,0,0.0,-15.392749490914866,13.83428437710154,-22.72524618459814,15.806804265345255,52.02961773215708,47.01992783401873,76.55437197870867,76.55437197870867,72.81084739232598,3.2918639038369832,439.01924803645016,17.587328512176136,42.86057725945017,20.695993842204718,0.4828678278625269
20260910_105035,STILL_1P_NA,42,239,248,STILL,NAN,1,P03,LAB01,0,0.0,-29.22514004272807,32.34693904663345,-30.768983608350517,36.018289563746656,59.089643375452134,37.47726871098501,208.07993466165615,89.70692824700338,336.79991765859467,23.27055066105939,1950.601890347335,55.33908056567961,50.84198971533827,43.593959171010006,0.8574400690274
20260910_105035,STILL_1P_NA,43,244,253,STILL,NAN,1,P03,LAB01,0,0.5,-269.385383100589,245.58207563732594,-303.68012116791255,277.04933066675176,395.6150535202047,276.0920049408335,884.9345480691107,884.9345480691107,1046.8660708545385,465.91846844002146,3651.536203213687,373.893607822963,369.396328240567,364.52577481241076,0.9868148298837872
20260910_105035,STILL_1P_NA,44,249,258,STILL,NAN,1,P03,LAB01,0,1.0,-188.8860203273648,227.35325237800316,-241.2885632419026,273.5039433516908,528.4572207438734,407.5967179932324,884.9345480691107,884.9345480691107,1483.673952453795,995.9236721878556,4649.1623580594,260.31637824269035,446.66665520482155,295.5798200858199,0.6617458828447359
20260910_105035,STILL_1P_NA,45,254,263,STILL,NAN,1,P03,LAB01,0,0.9,47.23464526705948,-139.85530402025506,27.852797495232345,-117.37209124408696,290.6214314155767,271.4430920343048,471.08936076645404,344.34090843637733,817.9249823381941,279.8276113476302,4649.1623580594,67.10500235204748,202.44106104805658,147.616454963879,0.7291823812800358
20260910_105035,STILL_1P_NA,46,259,268,STILL,NAN,1,P03,LAB01,0,0.4,-40.65807964214264,-106.44390324862252,-40.76114679826657,-144.4241383636582,164.14193002521273,164.74675579387744,277.1485769811345,276.5613741117434,274.4206803229414,116.92942847922107,908.2419280224622,98.27286378814912,122.3589332197867,113.9446531390961,0.9312328094134615
20260910_105035,STILL_1P_NA,47,264,273,STILL,NAN,1,P03,LAB01,0,0.0,-11.49700136392812,0.05485963472256117,-20.808635276639002,-9.555744455668485,53.25216801831139,48.02202210260402,124.40446583497707,80.16781031591931,238.36189716976196,169.14196299611822,908.2419280224622,28.257870589628507,35.44063200102647,11.497132248595166,0.3244053957125306
20260910_105035,STILL_1P_NA,48,269,278,STILL,NAN,1,P03,LAB01,0,0.0,42.29158871018217,-1.092475000513332,45.48485272634291,-0.7369895754827382,57.800015057318525,61.88360734841196,84.62395256547288,84.62395256547288,86.02720335994728,69.36775653750712,229.8604226379673,23.928438835946313,49.25837489634053,42.305696747104335,0.8588528719457873
20260910_105035,STILL_1P_NA,49,274,283,STILL,NAN,1,P03,LAB01,0,0.3,152.71514870217834,-53.93733603761484,178.0992892278733,-60.195676082937254,167.12042772492845,108.897884827629,324.12118065731136,324.12118065731136,298.39128433894246,69.36775653750712,1728.709970774903,106.8387020717062,162.35837480685305,161.96034348556756,0.9975484398525238
20260910_105035,STILL_1P_NA,50,279,288,STILL,NAN,1,P03,LAB01,0,0.3,106.91681240846128,-27.28503197169175,132.10099305229542,-36.59960015011348,199.9606537650327,189.93605406032776,324.12118065731136,324.12118065731136,597.6457322643145,421.9621641601177,1728.709970774903,93.10175975901873,177.72258662612992,110.34345356785938,0.6208746770042564
20260910_105035,STILL_1P_NA,51,284,293,STILL,NAN,1,P03,LAB01,0,0.0,-15.430372803257796,-18.913467929957733,3.091306280589793,-25.68898069478338,118.26246135022441,103.34295691176992,229.74843797111097,211.6032329444823,388.9239749996631,302.2837928868203,1152.8934302852288,52.632529717989016,77.39202087490813,24.409335795655267,0.31539860982709145
20260910_105035,STILL_1P_NA,52,289,298,STILL,NAN,1,P03,LAB01,0,0.2,-100.43084325288737,5.680326172463538,-112.26345290975796,-0.4711990834938291,143.74990719027704,103.34295691176992,253.34113245170883,253.34113245170883,233.53387097186237,86.50503738931783,1160.6806704257137,70.2034532714972,148.5649788625061,100.5913534152494,0.6770865797944525
20260910_105035,STILL_1P_NA,53,294,303,STILL,NAN,1,P03,LAB01,0,0.3,-141.76630002621732,68.90077917048438,-169.11855048896186,75.66690674670228,157.26902174199196,133.21623838653665,253.34113245170883,253.34113245170883,396.98962848088996,178.539911588594,1363.5956290534932,78.89441171984991,159.99257048660903,157.62297165522327,0.9851893195779107
20260910_105035,STILL_1P_NA,54,299,308,STILL,NAN,1,P03,LAB01,0,0.1,-21.23480807363603,25.059364062670284,-45.63812537320427,41.091738547630015,72.55348373619833,49.20929802220041,253.34113245170883,143.86799364309437,287.0774202532053,178.539911588594,1363.5956290534932,69.16295322762028,41.01154714883251,32.846442747268824,0.8009071842149187
20260910_105035,STILL_1P_NA,55,304,313,STILL,NAN,1,P03,LAB01,0,0.3,108.0681204393486,-45.686971730962796,119.76228876556482,-49.70980700910703,141.6697155762596,65.66942159495416,378.0826866086223,378.0826866086223,437.85083526253413,300.88292708235974,1966.0715311683396,144.8273449088018,125.10941772272795,117.32867527266875,0.9378084992186346
20260910_105035,STILL_1P_NA,56,309,318,STILL,NAN,1,P03,LAB01,0,0.5,196.46684488821484,-79.60449837340911,228.3777747807535,-93.66290982010824,244.6234647380047,257.94351005767635,378.0826866086223,378.0826866086223,669.8882011284034,578.6367829182732,1966.0715311683396,112.12468244312873,212.18561843404257,211.98136074101413,0.999037363160916
20260910_105035,STILL_1P_NA,57,314,323,STILL,NAN,1,P03,LAB01,0,0.2,112.54997319971244,-27.121634379548595,161.51327402818623,-44.85959102200684,169.41836350302586,115.45246457809549,378.0826866086223,315.846973210734,320.1570981501692,109.87006645410466,1141.0683732047435,93.63646559614048,116.718136307636,115.77166975851173,0.9918910070100019
20260910_105035,STILL_1P_NA,58,319,328,STILL,NAN,1,P03,LAB01,0,0.0,60.50038224976288,3.086560626973551,77.41945657967383,0.984505606223378,79.8291023116632,84.8628691733232,115.45246457809549,113.06204185925876,81.21441183679633,54.095838127879375,194.5112663629236,28.90838796131647,61.57645472274741,60.579064938899535,0.9838024162264831
20260910_105035,STILL_1P_NA,59,324,333,STILL,NAN,1,P03,LAB01,0,0.0,37.989570133331654,9.991325110897378,50.295586132230554,12.15048024984367,53.93063619373417,54.55705666651663,76.46244310162744,60.92445521977135,73.72484512948913,15.369061655084408,194.5112663629236,9.467397692766307,40.719602926273346,39.281471667784714,0.9646820903167326
20260910_105035,STILL_1P_NA,60,329,338,STILL,NAN,1,P03,LAB01,0,0.0,13.944057644848726,56.344298148250346,21.212593276988905,62.8462824045604,76.43913466596985,55.928007704273476,132.26792134285188,132.26792134285188,106.29116409526429,15.369061655084408,456.0556995282139,31.840385361031903,71.90076919081153,58.04409252819611,0.8072805504230097
20260910_105035,STILL_1P_NA,61,334,343,STILL,NAN,1,P03,LAB01,0,0.0,1.7071462484773292,62.53182077886231,4.116983167558601,73.63045496543154,76.98411031776921,59.55152973647426,132.26792134285188,132.26792134285188,202.0313388345566,74.42226692500697,983.2098276447006,41.613407267820214,73.66442414786256,62.55511936071617,0.8491903667793929
20260910_105035,STILL_1P_NA,62,339,348,STILL,NAN,1,P03,LAB01,0,0.0,-40.35689829623925,17.94893604138997,-47.98829900477405,33.10385860882708,84.37519059229473,42.44721419172211,210.75353562029636,210.75353562029636,314.95651121510116,66.94381605913782,1586.4163130625277,69.45743553652089,67.5626452028749,44.168354566486926,0.6537392731421281
20260910_105035,STILL_1P_NA,63,344,353,STILL,NAN,1,P03,LAB01,0,0.0,-100.76933526222001,24.657952596755422,-112.07311697948356,26.923793684937085,115.04458411073952,82.47683105759052,210.75353562029636,210.75353562029636,371.7235397017376,201.43926525080064,1586.4163130625277,69.94006231129126,104.4190306672239,103.74234215330563,0.9935194905603479
20260910_105035,STILL_1P_NA,64,349,358,STILL,NAN,1,P03,LAB01,0,0.0,22.803093500776868,-28.825738377028756,5.000083286246434,-26.655074788935433,113.66364106169738,99.72593052180335,210.75353562029636,168.29351887872468,286.9554463039857,201.43926525080064,667.2755994430684,52.09630980903483,98.87292225022858,36.75464958595145,0.37173625244869785
20260910_105035,STILL_1P_NA,65,354,363,STILL,NAN,1,P03,LAB01,0,0.0,96.03123343599509,-44.103866837257556,106.56223225396134,-52.24761219931802,107.62519480101545,96.04074927034458,163.5757392407723,163.5757392407723,236.52731696969983,21.444668296430557,808.6200417862594,47.1135663797544,119.46804910032694,105.67473144151883,0.8845438779432587
20260910_105035,STILL_1P_NA,66,359,368,STILL,NAN,1,P03,LAB01,0,0.0,36.53887992379714,-17.75111188425217,70.03077815707188,-27.770357814521397,83.38833790060468,62.019856543491315,163.5757392407723,160.1363275381819,127.70165505382076,14.444593671314788,808.6200417862594,40.055483630196456,54.31404367831174,40.622551855009114,0.7479198583630811
20260910_105035,STILL_1P_NA,67,364,373,STILL,NAN,1,P03,LAB01,0,0.0,10.298516044858388,-16.08571330776249,14.284577748512955,-22.20106512716121,72.96861477545875,62.019856543491315,173.84036734455955,90.97600179306681,152.2518896494076,17.60097198548609,1031.5096212082885,34.43350006948921,57.226279936597024,19.09998966873367,0.33376255961238804
20260910_105035,STILL_1P_NA,68,369,378,STILL,NAN,1,P03,LAB01,0,0.3,-146.61024127567453,29.956351015256587,-162.35200915959987,30.45864646235133,172.26512201293502,148.2381385061226,334.81890363420086,334.81890363420086,560.4951329856524,198.42724231341006,1832.3623561510371,114.31647676481855,174.41916983714785,149.63938590177642,0.85792969913509
20260910_105035,STILL_1P_NA,69,374,383,STILL,NAN,1,P03,LAB01,0,0.3,-89.05797134811519,25.352472011721147,-137.42421622302828,41.97830379131278,163.06345014231013,105.58794721094124,334.81890363420086,334.81890363420086,523.4635392735918,158.47596618373535,1832.3623561510371,117.38410044192749,134.518262540217,92.5962747509143,0.6883546739479388
20260910_105035,STILL_1P_NA,70,379,388,STILL,NAN,1,P03,LAB01,0,0.0,49.15485707632615,-13.477604877922204,49.60719934889308,-16.438931191569004,72.42225761755671,70.50374029117326,86.07729596223659,86.07729596223659,124.58658623887894,26.555972183564073,753.6778294860115,11.338885305885853,58.356701928409365,50.96906716273551,0.8734055468943939
20260910_105035,STILL_1P_NA,71,384,393,STILL,NAN,1,P03,LAB01,0,0.0,33.107707296387616,-34.296108858730804,47.5970315417131,-41.323863368809555,74.46128397986831,70.50374029117326,86.07729596223659,86.07729596223659,18.89024461773524,0.0,122.12415616817877,6.702471055990657,55.68937625833425,47.66910283688158,0.8559819850693265
20260910_105035,STILL_1P_NA,72,389,398,STILL,NAN,1,P03,LAB01,0,0.0,-13.725971260875667,-3.6032287957759763,-9.737392075001884,-8.224120580643056,60.296955190453595,64.57027857877718,70.50374029117326,70.50374029117326,38.007175377587984,0.0,260.20435624499095,12.61735714727477,48.46750961099514,14.191037481773273,0.29279485568109226
20260910_105035,STILL_1P_NA,73,394,403,STILL,NAN,1,P03,LAB01,0,0.0,-33.590127827301785,7.668071365852484,-44.42383848000137,10.477549537836456,47.81297967444225,46.64620975411165,59.85027902862957,59.85027902862957,50.10621494516678,0.0,260.20435624499095,9.013373587315137,39.453869219957824,34.45425961947638,0.8732796123845724
20260910_105035,STILL_1P_NA,74,399,408,STILL,NAN,1,P03,LAB01,0,0.0,-31.429968853556602,7.553014756763332,-37.99345860291542,5.998441412485669,40.3116763648336,40.74258712746726,48.64992386528201,46.846581165228685,31.374696610629393,5.9425328429558935,121.6891266318693,6.507103019690913,34.38451343886273,32.32477337973807,0.9400968676556387
20260910_105035,STILL_1P_NA,75,404,413,STILL,NAN,1,P03,LAB01,0,0.0,-13.451532320482329,5.448360158777177,-18.810886099477692,8.631501009450954,27.573144745468625,32.68283963486841,44.82170541129558,35.04888815822813,36.91631438924197,4.451996330057135,182.8633081226431,9.812371184174262,20.884461599618096,14.51304069410443,0.6949205094360595
20260910_105035,STILL_1P_NA,76,409,418,STILL,NAN,1,P03,LAB01,0,0.0,7.404439753165661,-17.587359691115125,5.16533151372653,-18.849473024317707,27.174802433337682,29.24821598463896,39.203559949202095,39.203559949202095,44.54949999144287,14.368064856688928,182.8633081226431,9.539097422503735,22.036483121164174,19.082477537335688,0.8659493183378515
20260910_105035,STILL_1P_NA,77,414,423,STILL,NAN,1,P03,LAB01,0,0.0,5.225056452897661,-7.061197981810437,7.576823001591895,-10.022861266714472,36.333967764712284,39.203559949202095,40.24580877507818,39.307784831789704,43.7883413705722,40.20333332349385,115.87875300004659,4.378658887633115,29.275614958764002,8.784175082174267,0.3000509159089285
20260910_105035,STILL_1P_NA,78,419,428,STILL,NAN,1,P03,LAB01,0,0.0,21.506431839239212,10.142140193042906,24.71529234743788,7.509634994251786,46.590634000360886,41.76381439267292,69.457200439602,64.97003447025898,51.064571033447955,44.98546337857589,142.17767321642958,11.750875842943955,34.591835012196015,23.77792291498941,0.6873854164315379
20260910_105035,STILL_1P_NA,79,424,433,STILL,NAN,1,P03,LAB01,0,0.0,69.42859674902684,-16.135210106656814,79.82010438396334,-15.534240547751944,83.89716248010939,83.9772615643933,121.56430100761396,121.56430100761396,91.38971244051697,44.98546337857589,326.67524128848106,30.6164850645287,71.67213281242016,71.27885416955677,0.9945128095477125
20260910_105035,STILL_1P_NA,80,429,438,STILL,NAN,1,P03,LAB01,0,0.0,80.08762061647985,-27.286057989415895,99.56342042760787,-32.84514599211518,103.86335048176129,98.44391201934968,121.56430100761396,121.56430100761396,93.50224755514165,4.693474164287001,326.67524128848106,11.991452838374451,84.78725524481803,84.60824981413441,0.9978887696014366
20260910_105035,STILL_1P_NA,81,434,443,STILL,NAN,1,P03,LAB01,0,0.0,39.523185912986264,-14.418359790332943,53.66692893136532,-19.56742401217569,58.14234281819631,68.14724806104805,98.39050134951476,98.39050134951476,134.98557748997717,44.66945001127469,503.6820754570267,38.30918386612373,42.19569129358625,42.07102712979522,0.9970455712427212
20260910_105035,STILL_1P_NA,82,439,448,STILL,NAN,1,P03,LAB01,0,0.0,20.808753833496667,-6.315062206759649,27.633962307304436,-8.806741925821386,29.305379030326566,35.72062067030677,45.825317681980366,39.47222628103743,122.41182854672097,22.39631489976801,503.6820754570267,12.425616783691613,22.03816288268171,21.745901838698394,0.9867384116571266
20260910_105035,STILL_1P_NA,83,444,453,STILL,NAN,1,P03,LAB01,0,0.0,27.84070394909395,-11.135802622478877,35.15403782312839,-12.968777655147289,36.507520468856356,37.09236635798912,38.766327236488216,38.766327236488216,27.747041889993415,5.7862090815708624,178.7796093533759,1.9634368015082457,30.466529604615193,29.98517794557676,0.9842006403326778
20260910_105035,STILL_1P_NA,84,449,458,STILL,NAN,1,P03,LAB01,0,0.0,9.448579528553182,-3.1178692384719398,13.06557882581915,-5.273110977656414,31.929691096957736,33.75133407925083,37.52526828511611,37.52526828511611,26.433575094053413,36.14021506536078,46.87924352964523,4.572745467071639,24.629780819639205,9.949711739322092,0.403970778797529
20260910_105035,STILL_1P_NA,85,454,463,STILL,NAN,1,P03,LAB01,0,0.0,-8.649350487845368,-11.000895007238796,-5.976464902785409,-12.993028897818936,33.023980769941915,32.42037542719281,40.55799888089053,39.35345043029149,36.14318381668603,43.55479749849334,80.88024979943921,5.832126369315324,23.50991566083461,13.99396136988674,0.595236561958383
20260910_105035,STILL_1P_NA,86,459,468,STILL,NAN,1,P03,LAB01,0,0.3,-105.26750634083828,22.507152715648772,-118.9125898343481,23.4135914802793,135.6687833403369,62.65237090118775,287.1911567700071,287.1911567700071,365.6222024552834,30.02799469260009,2275.1676089966686,112.70676316071051,123.08857359921024,107.64673620033244,0.874546946582076
20260910_105035,STILL_1P_NA,87,464,473,STILL,NAN,1,P03,LAB01,0,0.3,-126.84290507244032,39.976923829141924,-150.8926562001415,46.4841737735167,154.6198795332751,119.9703194534905,287.1911567700071,287.1911567700071,548.1751682161897,522.2620067742039,2275.1676089966686,100.58402461340464,134.54879683903815,132.9935224214214,0.9884408151231755
20260910_105035,STILL_1P_NA,88,469,478,STILL,NAN,1,P03,LAB01,0,0.0,-19.460276172831982,-23.485815318970708,-35.46727501680439,-21.549805059155126,67.88621064308361,58.52191446897999,144.28686530058678,100.51708277581346,219.0988414691154,62.57307028354216,871.5846627265349,29.049204906264173,47.292486901779725,30.500588025801918,0.6449351688598578
20260910_105035,STILL_1P_NA,89,474,483,STILL,NAN,1,P03,LAB01,0,0.0,-7.7765082253245055,-36.378436196008806,-9.861416184350116,-46.163153199714316,71.59483820974697,68.00962904098456,94.4204758744815,94.4204758744815,80.73833012313222,69.62344008588539,263.0553300700163,13.927588116843479,70.67518793365495,37.20033199106728,0.5263563221931353
20260910_105035,STILL_1P_NA,90,479,488,STILL,NAN,1,P03,LAB01,0,0.0,-14.951790958908077,-15.317830534539098,-12.49151370531026,-24.478551858769368,63.96360187533537,63.50195571659714,94.4204758744815,94.4204758744815,96.89320109739067,90.84750988979286,263.0553300700163,20.80893638407284,57.17874672879587,21.40541952786125,0.37435971847003136
20260910_105035,STILL_1P_NA,91,484,493,STILL,NAN,1,P03,LAB01,0,0.4,-184.48737072515814,76.78977867104368,-212.92313914082706,86.97551836267942,220.9348200931107,77.73061810079298,525.3918780625824,525.3918780625824,578.8098478611166,86.46861523808754,2432.714211996498,213.4519840403172,216.22000570202795,199.8305784043819,0.9242002272433927
20260910_105035,STILL_1P_NA,92,489,498,STILL,NAN,1,P03,LAB01,0,0.5,-242.71947823082974,109.77082477878321,-282.22370007836605,126.65206758243582,277.80449446093536,259.1374953416851,525.3918780625824,525.3918780625824,1098.3646909829934,752.5621708923616,2432.714211996498,186.41395487277782,266.53337916422885,266.38764814694497,0.999453235396854
20260910_105035,STILL_1P_NA,93,494,503,STILL,NAN,1,P03,LAB01,0,0.1,-27.869465072112234,8.584542763934223,-62.65793758255486,23.137187441018533,96.70276491492157,46.55172831765189,341.1207717271026,222.46219365837842,596.7791806593018,390.8821444438652,2070.18274317476,99.40437802711874,56.17955056764709,29.16164360716829,0.5190793324708798
20260910_105035,STILL_1P_NA,94,499,508,STILL,NAN,1,P03,LAB01,0,0.0,22.075481782806037,-1.7645291761100452,23.322199618796013,-3.3214032823380633,48.35268410540267,44.919022631152735,117.37505958827467,60.840875524430686,124.8637244602838,36.72985280395905,707.3926516169842,25.04968072930937,40.0236030098738,22.14589034462929,0.5533207577330285
20260910_105035,STILL_1P_NA,95,504,513,STILL,NAN,1,P03,LAB01,0,0.4,139.36787933049482,-80.33084260355736,155.1837968844413,-86.13925734643786,171.23252347771688,158.8799502654402,301.3680091467315,301.3680091467315,404.9274638318594,37.962769349258814,2059.9530845448867,114.56847567540407,171.89680534805427,160.8615866590805,0.9358032357458312
20260910_105035,STILL_1P_NA,96,509,518,STILL,NAN,1,P03,LAB01,0,0.4,142.90264656883028,-79.5510670446256,186.4125286544733,-105.35224201192429,205.32956968656111,171.30003334287142,301.3680091467315,301.3680091467315,429.11276180498146,25.440273153001826,2059.9530845448867,80.58245740644774,164.99149224444008,163.55286198753765,0.9912805791539175
20260910_105035,STILL_1P_NA,97,514,523,STILL,NAN,1,P03,LAB01,0,0.0,82.60727511015011,-14.315527917562576,103.82900030467965,-21.47325690364427,124.54006283807082,122.51295692785013,142.21522574313718,142.21522574313718,176.62829460428023,67.16458533555932,872.3284008418842,17.998996018560113,84.43768341947782,83.83851287256078,0.9929039911725145
20260910_105035,STILL_1P_NA,98,519,528,STILL,NAN,1,P03,LAB01,0,0.0,58.88300968671001,-13.31853509596749,80.52254486479755,-17.995609775198538,87.99714989221413,73.24423002182911,142.21522574313718,141.2774061147544,110.10714374802237,56.02330195642078,317.0019363357127,34.79053669989622,62.06140390705712,60.37045806408713,0.972753664330534
20260910_105035,STILL_1P_NA,99,524,533,STILL,NAN,1,P03,LAB01,0,0.0,29.54893853612748,-3.5845968285584604,38.575570323862465,-4.644567706098238,54.21072255256198,54.18400797636518,64.17560224847917,64.17560224847917,69.62564420104937,25.621556202185893,317.0019363357127,8.502799858675864,40.14227666240764,29.765569086364717,0.7415017672437976
20260910_105035,STILL_1P_NA,100,529,538,STILL,NAN,1,P03,LAB01,0,0.0,11.131508448716886,15.073700090541934,19.97516869375487,15.093632312117373,41.10369068844377,36.54135915215393,64.17560224847917,64.17560224847917,37.90243439546052,11.145254087671468,215.96478935756784,12.686157594927666,29.552788764852853,18.738380793533345,0.6340647220345889
20260910_105035,STILL_1P_NA,101,534,543,STILL,NAN,1,P03,LAB01,0,0.0,-27.04883588548455,21.309787289911583,-32.643063411459124,27.30558159722704,63.258185981026244,32.311101954496394,182.07198036756895,146.5134294691407,181.68132771400957,21.092049419213346,617.0367676279492,53.0540924386656,51.449386473661946,34.43467085803426,0.6692921571700785
20260910_105035,STILL_1P_NA,102,539,548,STILL,NAN,1,P03,LAB01,0,0.0,-68.9059098195089,28.34126682882379,-74.60968126608279,33.37483277348137,132.37517273803132,157.05520103503886,182.07198036756895,182.07198036756895,210.21357414168975,90.90607005470585,617.0367676279492,56.57414259734258,117.691013734555,74.50672327727801,0.6330706220725012
20260910_105035,STILL_1P_NA,103,544,553,STILL,NAN,1,P03,LAB01,0,0.0,38.89958532043238,5.323664995210493,11.601511129829086,14.345908093140753,129.96868377501215,146.7670449444811,182.07198036756895,182.07198036756895,162.43094808577516,36.1157404140861,758.7624662104977,52.54554952402088,95.08823951577986,39.26218469574544,0.4129026354434703
20260910_105035,STILL_1P_NA,104,549,558,STILL,NAN,1,P03,LAB01,0,0.0,-34.42994352113146,9.845473920958284,-16.852104027092103,11.135496209662062,95.00889109736715,85.21429772364786,164.87018604383425,164.87018604383425,265.9111821960785,36.1157404140861,828.221844496419,52.839244681431104,92.18378058999907,35.809975811169885,0.3884628682180005
20260910_105035,STILL_1P_NA,105,554,563,STILL,NAN,1,P03,LAB01,0,0.0,-79.10675969368458,39.24500173391698,-88.92343206871834,41.558078125783325,118.11181340973869,119.44759620771693,164.87018604383425,164.87018604383425,242.06295929175536,0.0,828.221844496419,47.11804125342649,126.63071116965084,88.30656595253552,0.6973550502628755
20260910_105035,STILL_1P_NA,106,559,568,STILL,NAN,1,P03,LAB01,0,0.0,83.16396933532906,27.31372169649603,65.6582989447318,39.87989332797888,152.03156569211407,140.67648124187812,232.18818724217323,232.18818724217323,391.2973998579785,238.73602746409207,1532.717203771963,61.49737150057243,115.84858398590774,87.5344799980053,0.7555938707775084
20260910_105035,STILL_1P_NA,107,564,573,STILL,NAN,1,P03,LAB01,0,0.0,81.26104302075737,-11.070577603170022,112.96166640119904,-4.3460661744774765,119.13624623472936,95.32918380744871,232.18818724217323,232.18818724217323,393.300437453544,216.0024663950852,1532.717203771963,79.30968038168567,84.7052204240077,82.01167478651554,0.9682009488434229
20260910_105035,STILL_1P_NA,108,569,578,STILL,NAN,1,P03,LAB01,0,0.4,136.68991138947058,-85.65388999062907,154.7978180452655,-96.71402116046606,177.4054537789803,175.02049876902475,308.5499837624974,308.5499837624974,400.6979884101525,194.49907243377393,1976.9864804291985,112.13642832565047,161.51323928444924,161.3093944759204,0.9987379065057953
20260910_105035,STILL_1P_NA,109,574,583,STILL,NAN,1,P03,LAB01,0,0.4,146.4304532092283,-91.20088118008971,190.75200200911172,-118.84834589997865,214.06597003851283,196.66134266528056,308.5499837624974,308.5499837624974,424.26312204342514,285.2863736611078,1976.9864804291985,75.64129595040848,172.723816682733,172.5093572971763,0.9987583681875754
20260910_105035,STILL_1P_NA,110,579,588,STILL,NAN,1,P03,LAB01,0,0.0,64.34952164481683,-18.950413367500005,86.60130358232925,-31.571944452988156,102.51375406496982,95.42977501847463,175.79881835110933,157.90785571003894,188.90752350307784,190.6697615152744,468.74703561622897,46.124815462899086,73.99516334587783,67.08188356565336,0.90657119374263
20260910_105035,STILL_1P_NA,111,584,593,STILL,NAN,1,P03,LAB01,0,0.0,37.3983818562715,11.961562552980467,50.21181203819789,11.544222245513339,55.43966016856702,55.047339466244296,84.09177800932734,71.4490217250103,120.31800805134363,135.89703713935245,286.6808288373858,15.454332901963737,41.973707396033284,39.264716275256106,0.9354598083219785
20260910_105035,STILL_1P_NA,112,589,598,STILL,NAN,1,P03,LAB01,0,0.0,16.084557623300498,9.616957639057546,23.666133641793664,13.152369812611116,34.54084848008664,23.328143344168573,60.68428471611673,60.68428471611673,71.46625583992628,32.81612492667652,286.6808288373858,19.197651251148326,26.45441611708748,18.740300642431045,0.7083997076135156
20260910_105035,STILL_1P_NA,113,594,603,STILL,NAN,1,P03,LAB01,0,0.0,-37.902322920741426,19.889953766461986,-42.15062518308052,24.278758472629978,53.20297122904926,35.11762708630192,151.54375047326334,127.70684850395091,158.48182760331048,64.40599824849049,648.316030753828,45.95864584111751,45.004255301832224,42.804162690329036,0.9511136758791425
20260910_105035,STILL_1P_NA,114,599,608,STILL,NAN,1,P03,LAB01,0,0.5,-182.42621818256612,119.07050768869158,-209.34877499099298,135.53767801294862,247.88756071955748,201.70649498450706,504.79769120987714,504.79769120987714,540.0095943846597,472.9877765147719,1128.6349464229575,176.98206407033885,218.42749148278057,217.84653057057386,0.9973402573629222
20260910_105035,STILL_1P_NA,115,604,613,STILL,NAN,1,P03,LAB01,0,1.0,-323.78969307114403,214.42166781601918,-384.7315293285652,254.7786076911646,459.09192042712823,503.789487356409,526.6157209225995,523.499934585917,479.61813637105087,270.24264787664856,1128.6349464229575,86.90776028847449,388.5872020883981,388.3508941255433,0.9993918791931777
20260910_105035,STILL_1P_NA,116,609,618,STILL,NAN,1,P03,LAB01,0,0.6,-180.41510078420743,131.1720188463787,-245.73923948097894,177.5066472304803,335.76450749666094,410.9549849835282,526.6157209225995,523.499934585917,513.1822966564708,217.45519264080673,1826.264787467305,188.52139312896446,249.43056052320335,223.05987339548648,0.8942764388116599
20260910_105035,STILL_1P_NA,117,614,623,STILL,NAN,1,P03,LAB01,0,0.1,58.77081437016568,-14.106409877023907,36.12940912626116,1.6999014578948575,156.02316043466172,155.0007261394632,346.9202520349161,200.61343162246473,516.4571996159254,232.42903866211316,1826.264787467305,72.55022063772408,106.57841860244126,60.44004815808034,0.5670946233827484
20260910_105035,STILL_1P_NA,118,619,628,STILL,NAN,1,P03,LAB01,0,0.0,49.5934559312318,-34.49458288827191,65.60273298127582,-42.80769078255672,123.23424098600962,117.31578513642017,168.16605459662978,168.16605459662978,216.7459496680436,234.94771189134906,471.3848422253383,37.09101688640918,101.15980845695493,60.41015742272893,0.5971754824786406
20260910_105035,STILL_1P_NA,119,624,633,STILL,NAN,1,P03,LAB01,0,0.0,12.432907822836114,-15.962556613854758,24.91564099469984,-24.19791004431004,96.86178500077801,96.42886932449798,136.36279993767693,136.36279993767693,226.34409844147507,215.1982648490822,721.2580914352328,28.756180499818015,69.45189377282476,20.233151276596974,0.2913261277335224
20260910_105035,STILL_1P_NA,120,629,638,STILL,NAN,1,P03,LAB01,0,0.0,27.704067388832755,-19.776469229009308,26.356780368752954,-20.360444310577652,96.18051873756062,82.51779731343555,136.36279993767693,136.36279993767693,157.83688003701732,19.0442909226138,721.2580914352328,26.8527808376843,74.26254626868156,34.03856761162165,0.4583544373562181
20260910_105035,STILL_1P_NA,121,634,643,STILL,NAN,1,P03,LAB01,0,0.1,10.932606966563071,-7.673775496701637,27.234740302963434,-17.895457691937857,121.98582433872093,82.51779731343555,387.5715044960696,161.4836703935161,408.1659299738642,19.0442909226138,3045.1032852200346,90.37765897442482,86.33258863767007,13.356972915264965,0.15471530653763843
20260910_105035,STILL_1P_NA,122,639,648,STILL,NAN,1,P03,LAB01,0,0.6,204.238706387011,-114.3868016017168,221.80918973519624,-126.23663897852482,290.1837099004961,358.8692721914369,456.5723152323798,456.5723152323798,565.1397183949017,12.552226733576653,3045.1032852200346,168.04108813059628,253.37862725740627,234.08927691654358,0.9238714387647751
20260910_105035,STILL_1P_NA,123,644,653,STILL,NAN,1,P03,LAB01,0,0.5,124.77656031579818,-91.5765099147211,179.71329619433507,-125.502281837853,263.6236084612391,237.9056266673097,456.5723152323798,456.5723152323798,515.2532391782362,207.3430446963586,2070.0803971257183,172.20399897406884,201.15698897767174,154.77547342005784,0.7694262784836066
20260910_105035,STILL_1P_NA,124,649,658,STILL,NAN,1,P03,LAB01,0,0.0,-6.804922059583532,-18.363653779926608,4.915711496711673,-28.020326126529646,85.98532771993116,68.55013299958024,145.64421344781522,107.8445068843933,337.23190697616786,10.234244114679775,2070.0803971257183,25.113074181766354,65.12766139557864,19.58394098198877,0.30070081686240735
20260910_105035,STILL_1P_NA,125,654,663,STILL,NAN,1,P03,LAB01,0,0.0,-15.22542591445972,31.949335905340376,-23.583890425661288,35.58119157017951,99.11566207239704,109.48143412849564,133.7848257795214,122.64100098469324,89.23671790000046,10.234244114679775,393.9783163877998,25.907805069430637,87.47727749627538,35.391717379479815,0.4045818341910187
20260910_105035,STILL_1P_NA,126,659,668,STILL,NAN,1,P03,LAB01,0,0.0,-43.088046895018124,33.30148743009431,-50.56297542423987,43.78178152063628,86.81640018323336,98.43295425170936,133.7848257795214,122.64100098469324,156.34096830492223,135.15983975129834,472.09751940609345,37.89860016026735,72.47663609278189,54.45703673800118,0.751373679488757
20260910_105035,STILL_1P_NA,127,664,673,STILL,NAN,1,P03,LAB01,0,0.0,32.788002126315405,-18.522403071129702,29.585200937599758,-17.06976094257397,63.0108141537925,68.80329010660375,81.54757973488499,79.44949059236136,150.2768925048456,116.70270328965523,472.09751940609345,17.08280626601433,47.96032870802456,37.658100044540994,0.7851927011134134
20260910_105035,STILL_1P_NA,128,669,678,STILL,NAN,1,P03,LAB01,0,0.0,37.196054272964375,-17.858810501091284,48.32499563743421,-22.7506263236298,52.635019071969886,57.89003138706051,79.2163695765254,79.2163695765254,96.49277020699472,84.03809446291376,203.16407311990045,23.925768603661744,41.85797992407898,41.26116292582166,0.9857418585574408
20260910_105035,STILL_1P_NA,129,674,683,STILL,NAN,1,P03,LAB01,0,0.0,10.95576299349068,-17.438746664807695,16.72816718201526,-21.6766696042239,30.279105879605034,29.5630759047354,48.856544039857695,45.820392255262824,85.39131350727976,69.42594231101464,203.16407311990045,10.693767223347203,22.188004291903738,20.594626192501803,0.9281874080048133
20260910_105035,STILL_1P_NA,130,679,688,STILL,NAN,1,P03,LAB01,0,0.0,-49.68538090339325,-13.082259551692005,-54.85947096481935,-16.09480802998376,72.86592485570618,53.16944524858404,139.96164395737566,139.96164395737566,136.92254466451158,94.81980912143209,502.56598661001703,48.14816597166684,64.94898898901367,51.37881460770686,0.7910641167393344
20260910_105035,STILL_1P_NA,131,684,693,STILL,NAN,1,P03,LAB01,0,0.0,-90.33633847867532,-2.59524637366394,-107.27615444409655,-4.886789683326766,106.13707909090787,116.48611426816979,139.96164395737566,139.96164395737566,192.5241808324421,156.21063017457732,502.56598661001703,32.37071283672278,90.69878771382385,90.37360982872052,0.9964147493775843
20260910_105035,STILL_1P_NA,132,689,698,STILL,NAN,1,P03,LAB01,0,0.0,-43.16292347586341,26.49668943380675,-62.4924937032805,29.28531579432812,83.63965383717557,73.84494157569733,139.96164395737566,128.77473143976187,98.20129642286592,22.81967941046441,415.3662401027661,26.37554910535579,61.750829036678915,50.64693982793874,0.8201823460192792
20260910_105035,STILL_1P_NA,133,694,703,STILL,NAN,1,P03,LAB01,0,0.0,0.5829914543364794,40.368824159358155,-3.755273275400689,48.63578713539367,70.3727488021519,70.553951533445,83.05654572677601,79.23202452144271,57.78916175189644,27.99250633163968,214.86396330704352,6.931250531144065,54.620835376342114,40.373033612115506,0.7391507898760965
20260910_105035,STILL_1P_NA,134,699,708,STILL,NAN,1,P03,LAB01,0,0.0,-64.10835167310779,32.01995869643815,-70.89731412264231,42.161335469827186,93.78793254338007,80.93181172381307,131.89702538624775,131.89702538624775,169.26179193219303,98.02277498227548,685.2995749746101,29.433834293631037,98.65889012291238,71.66002029838162,0.7263412370553256
20260910_105035,STILL_1P_NA,135,704,713,STILL,NAN,1,P03,LAB01,0,0.0,-62.859501318051116,24.936688601335845,-81.62939839820118,32.77002979535218,72.55863062449887,54.16408147852151,131.89702538624775,131.89702538624775,175.16024555094023,69.2054129521098,685.2995749746101,47.80257414411282,76.3528088776435,67.62510883062639,0.8856924823682207
20260910_105156,STILL_1P_NA,0,29,38,STILL,NAN,1,P02,LAB01,0,0.0,-62.82846336345352,-20.90041964656575,-72.8182762113366,-24.52218638522022,145.71725248647252,135.84453559366904,193.19338701042025,193.19338701042025,229.88393748904633,4.402897071122651,1382.9377464391032,37.969067510792065,141.6660503436943,66.21361906749527,0.4673922856383389
20260910_105156,STILL_1P_NA,1,34,43,STILL,NAN,1,P02,LAB01,0,0.4,314.2978510476229,-47.73431703494771,346.1264680034633,-55.358789895837035,377.3311237093786,168.30762434018092,998.9466301803336,910.507233524955,1028.6190806348018,584.0216690925504,3944.1816118951087,331.67544352066216,318.4291089667509,317.9020355328771,0.998344769937698
20260910_105156,STILL_1P_NA,2,39,48,STILL,NAN,1,P02,LAB01,0,0.9,647.6470956278204,-73.99474867964182,747.5302077901208,-87.00903985462662,750.1480389237911,853.0091551938003,998.9466301803336,998.9466301803336,1350.9103668041007,1129.4327293814758,3944.1816118951087,268.13960048512394,652.5615044986655,651.86040170217,0.9989256142269162
20260910_105156,STILL_1P_NA,3,44,53,STILL,NAN,1,P02,LAB01,0,1.0,260.09307127404395,-5.431829131720406,394.3512244238849,-19.112852826255462,677.8342200739877,590.6272696303008,998.9466301803336,998.9466301803336,660.1374451528438,429.40901265481466,1932.991890379126,217.1389426251497,485.63306576880314,260.1497847250332,0.5356920750715182
20260910_105156,STILL_1P_NA,4,49,58,STILL,NAN,1,P02,LAB01,0,0.9,-270.27469321482704,40.60464120818597,-255.27875593612208,52.97122194286159,440.16004662203306,466.0070196102029,521.4569861296873,521.4569861296873,590.3109539854789,429.40901265481466,1932.991890379126,89.77517821514967,333.38939011012195,273.30778744853643,0.8197854987474558
20260910_105156,STILL_1P_NA,5,54,63,STILL,NAN,1,P02,LAB01,0,0.4,-160.57708114619157,62.93384470253295,-248.29566754617957,74.20953200122565,262.6140475471722,227.05594027106778,521.4569861296873,521.4569861296873,533.8574074176792,453.589295543464,1423.439617509334,163.1297746310147,184.8052383270447,172.46932422455052,0.9332491101758509
20260910_105156,STILL_1P_NA,6,59,68,STILL,NAN,1,P02,LAB01,0,0.0,-0.7909334968790063,11.2864915628561,-16.948380128516792,26.250610759186486,85.93726674157793,46.094918600659845,209.75453194947391,178.64265083320274,225.32941991462744,153.2519092839245,651.7139278769447,59.240277945450586,60.4352456762563,11.314171096236223,0.18721146856661683
20260910_105156,STILL_1P_NA,7,64,73,STILL,NAN,1,P02,LAB01,0,0.0,25.922112165357362,-31.458692402547058,31.21014543679225,-36.5746112657724,49.03176430023476,46.094918600659845,88.77481408782853,56.90080147506884,61.67309622909803,0.0,398.5457177391131,13.800849166058622,45.23262604787597,40.762792185906996,0.901181199224694
20260910_105156,STILL_1P_NA,8,69,78,STILL,NAN,1,P02,LAB01,0,0.0,49.09250056006624,-22.558201024443406,53.69940032281825,-28.453052947176634,89.8837258210041,106.14218480653253,129.88802502726708,129.88802502726708,112.47704189724895,21.184425102694387,462.79377893713905,39.825687535824564,66.49738440640878,54.02727130532601,0.8124721263490636
20260910_105156,STILL_1P_NA,9,74,83,STILL,NAN,1,P02,LAB01,0,0.0,-41.20734318423479,-19.152185666553123,-33.88795400452506,-25.3022441534442,125.30367262989668,129.88802502726708,130.25300830635194,130.25300830635194,92.57161828862556,0.0,462.79377893713905,8.278295895055747,104.794175899839,45.4406354280992,0.4336179471608308
20260910_105156,STILL_1P_NA,10,79,88,STILL,NAN,1,P02,LAB01,0,0.0,-5.813559085282577,-23.309091085216096,-18.915647634821802,-26.419318463618737,126.48186478581343,130.25300830635194,148.09839608221372,148.09839608221372,90.80062904108613,0.0,516.3493133416323,17.99708142611561,110.21087982034862,24.023138771962586,0.2179742944718522
20260910_105156,STILL_1P_NA,11,84,93,STILL,NAN,1,P02,LAB01,0,0.0,109.42189131454626,-17.888282298843478,125.24672169070126,-22.897223306587975,134.0858688258353,140.69457589932105,148.09839608221372,148.09839608221372,72.02082797176976,17.775434445992143,516.3493133416323,17.20586960676608,110.98517609479387,110.87443773230821,0.9990022238430195
20260910_105156,STILL_1P_NA,12,89,98,STILL,NAN,1,P02,LAB01,0,0.0,86.66944196620375,-12.3521599998694,112.05927563930081,-15.865554160124114,116.06387282068366,126.8876964811034,148.00132442564228,144.55645135886186,109.33214278685966,58.09408434977048,349.21240818423985,30.439576965186916,87.58417743741282,87.54523417865494,0.999555361939824
20260910_105156,STILL_1P_NA,13,94,103,STILL,NAN,1,P02,LAB01,0,0.0,11.357264098736778,1.6915357678644796,25.023289914127382,0.44691617935159317,67.94146348668727,48.13862479128312,123.80593353220671,120.34286444831433,115.56902591319515,74.9622178995198,349.21240818423985,32.720900582496014,45.704252396771274,11.482540705889972,0.2512357188606184
20260910_105156,STILL_1P_NA,14,99,108,STILL,NAN,1,P02,LAB01,0,0.0,-56.331149481558555,8.008897309329768,-65.8181335523005,9.81360091863441,68.6641521360189,50.824605915897266,119.55891927831665,113.28409654760051,109.9102875658335,92.18142055169827,355.4178114814267,30.93110072278829,57.532452222194514,56.897634731376,0.9889659232954855
20260910_105156,STILL_1P_NA,15,104,113,STILL,NAN,1,P02,LAB01,0,0.0,-89.13704796389266,5.079750783959753,-105.6807932164132,6.8474995644011285,105.31885821754369,115.57062722360146,120.31310402065374,120.31310402065374,108.97950363957348,98.4224375416166,355.4178114814267,19.802360549282064,89.36362213663524,89.28167330278056,0.9990829732289792
20260910_105156,STILL_1P_NA,16,109,118,STILL,NAN,1,P02,LAB01,0,0.0,-44.06875935926803,-1.0885297163031282,-62.07065911157107,-0.698101110755955,77.4614105840394,83.22556383285544,120.31310402065374,120.31310402065374,100.61455076534517,8.066432202980716,405.48685165560056,39.9002314851339,58.59307698042309,44.08220103860909,0.7523448726431909
20260910_105156,STILL_1P_NA,17,114,123,STILL,NAN,1,P02,LAB01,0,0.0,-5.731886208993956,-0.14424295748631266,-13.123018389410452,1.3313197360463889,48.00766117288053,35.681883423227866,116.0065628809294,73.0060831877357,169.7938340054456,71.1927662713276,723.5218527678174,25.31579160090442,33.42388831406163,5.733700859274008,0.17154499815815283
20260910_105156,STILL_1P_NA,18,119,128,STILL,NAN,1,P02,LAB01,0,0.3,-132.5315947581862,40.98937518736966,-144.4749057168853,46.05304068306261,153.22890580944292,119.7112520505923,308.69836663424945,308.69836663424945,519.568778236039,80.28339571388514,2164.7602457317585,112.61712592512094,143.3261101107885,138.72545724343115,0.967900804230289
20260910_105156,STILL_1P_NA,19,124,133,STILL,NAN,1,P02,LAB01,0,0.3,-32.93746731642233,38.96412752545075,-70.22123925196827,55.44500026208201,205.98941952079923,203.09199161942118,308.69836663424945,308.69836663424945,518.0014315051964,154.05324747163868,2164.7602457317585,74.29125007555392,161.35296879131207,51.02038795462043,0.31620358978711016
20260910_105156,STILL_1P_NA,20,129,138,STILL,NAN,1,P02,LAB01,0,0.0,102.03736717115112,-7.489254749591055,111.85802592104497,-8.386012671712155,171.1754440632073,171.95978234307285,206.5850201980237,206.5850201980237,139.65640767491226,0.0,624.9328285261209,29.656225276450442,135.5921735578651,102.31184308732094,0.7545556679468561
20260910_105156,STILL_1P_NA,21,134,143,STILL,NAN,1,P02,LAB01,0,0.0,94.87435224033698,-77.20855620741804,125.24328423243801,-77.61972725275889,183.2091062556743,178.57387687207503,206.5850201980237,200.46595730334968,122.70517090040846,0.7652472219735258,524.6239923474288,16.427873380736827,139.92039973610736,122.32049650266126,0.8742148874171324
20260910_105156,STILL_1P_NA,22,139,148,STILL,NAN,1,P02,LAB01,0,0.0,75.01770464574105,-43.44392545622577,92.39171962414511,-64.80234081483405,117.10839400059713,126.1651311389158,199.78606142616368,199.78606142616368,216.65299272824086,119.45148168846589,604.1424126573116,73.03419268785537,91.69929016164706,86.68927655345693,0.945364750377473
20260910_105156,STILL_1P_NA,23,144,153,STILL,NAN,1,P02,LAB01,0,0.1,-24.09713824655273,-14.872605754506367,-17.677067087892866,-20.10751699970961,76.31349939348566,54.92934556570451,274.87679445320407,116.7762339191951,417.1161537126894,233.18098077646556,1998.4480046658769,70.58332703066544,57.93455568414315,28.317246928373006,0.48877991026214973
20260910_105156,STILL_1P_NA,24,149,158,STILL,NAN,1,P02,LAB01,0,0.4,-161.34001617218053,-7.328185440127527,-176.78183777361934,-11.345940821893096,175.61098027927343,185.61101049720455,287.2386383002001,287.2386383002001,440.43995886763776,146.26515533351355,1998.4480046658769,101.3514986693867,171.000929556572,161.50635628446446,0.9444764815213097
20260910_105156,STILL_1P_NA,25,154,163,STILL,NAN,1,P02,LAB01,0,0.3,-87.04772582019291,-21.993404048943376,-137.69038767691526,-27.372830636859128,163.54714239585024,120.59671996330493,287.2386383002001,287.2386383002001,261.3919495432234,57.209708990608384,863.259054343488,91.35549193471574,125.67372808649365,89.78316318847068,0.7144147353270076
20260910_105156,STILL_1P_NA,26,159,168,STILL,NAN,1,P02,LAB01,0,0.0,67.50721241782605,-37.63651499048228,68.62251900555377,-44.970955400725714,94.4325294437016,90.24689847627715,113.24139862529974,113.24139862529974,131.71738019274477,44.4089650542248,863.259054343488,15.274607780647592,82.86578713529879,77.28991518338137,0.9327120136708116
20260910_105156,STILL_1P_NA,27,164,173,STILL,NAN,1,P02,LAB01,0,0.0,38.9683610688287,-10.73305330011317,51.70640840602535,-16.94647456315264,72.75725363144025,71.18331224846547,113.24139862529974,113.24139862529974,130.82249067614907,57.242199586519334,670.2252683179792,37.02997370049091,65.87967611282055,40.419445784593265,0.6135343731103653
20260910_105156,STILL_1P_NA,28,169,178,STILL,NAN,1,P02,LAB01,0,0.0,-19.01591291052233,8.737314512824923,-17.246886812820076,9.118461789292368,35.92033989003383,32.35639135795882,55.94384663556779,51.43392794548017,135.8589576811255,32.27109929461705,670.2252683179792,13.912224614643637,28.430730196740303,20.92715003808667,0.7360750108516753
20260910_105156,STILL_1P_NA,29,174,183,STILL,NAN,1,P02,LAB01,0,0.0,-35.785160110089464,5.189643349191101,-38.2068234971653,6.887205297407661,48.55665041539203,55.94384663556779,65.9438448050498,64.98556741745519,54.535884031535865,21.579535286277135,317.3364234757662,17.808546558166128,41.063334402549685,36.15950887659485,0.8805789739848708
20260910_105156,STILL_1P_NA,30,179,188,STILL,NAN,1,P02,LAB01,0,0.0,-49.28058701648604,6.522237577516535,-62.09821323423131,6.587330382334336,61.810616336096714,64.87909215216689,66.445357373827,65.99399606192752,42.85359469850307,16.5852172857821,237.78193471736097,6.670801472608841,49.9504351388128,49.71031924768761,0.9951929169293939
20260910_105156,STILL_1P_NA,31,184,193,STILL,NAN,1,P02,LAB01,0,0.0,-15.87550312347264,8.408670361521217,-24.110421191528715,10.450448461720162,44.099686960739064,38.918141552904004,66.445357373827,65.99399606192752,64.2468282541056,8.805743207559251,239.15936293645296,18.592831720416786,35.112433540311926,17.964891780139254,0.5116390397582127
20260910_105156,STILL_1P_NA,32,189,198,STILL,NAN,1,P02,LAB01,0,0.0,26.376881193367637,-2.771130486081347,28.119486141243545,-1.4455597497669863,35.76023487030129,34.0213414225131,60.75094431575547,45.20592127372755,66.94479849474908,9.399229551004833,239.15936293645296,11.437153432179048,29.562550884939334,26.5220479160249,0.8971501823117902
20260910_105156,STILL_1P_NA,33,194,203,STILL,NAN,1,P02,LAB01,0,0.0,26.14377667154031,-21.10032073486491,32.74436997981723,-23.619160457302065,46.44504484810043,42.562259421946116,60.75094431575547,60.75094431575547,54.77620649799219,7.431688065646189,199.93297646145862,9.724824058150197,37.774702832611716,33.596437218335296,0.8893898482063178
20260910_105156,STILL_1P_NA,34,199,208,STILL,NAN,1,P02,LAB01,0,0.0,-4.312863040091713,-27.337424183315306,0.724196332680469,-34.05127797495267,43.68722188800571,39.115498239401944,60.75094431575547,60.75094431575547,26.806235515209046,0.0,199.93297646145862,8.621780263659547,33.3762554100614,27.6755406194911,0.829198490947196
20260910_105156,STILL_1P_NA,35,204,213,STILL,NAN,1,P02,LAB01,0,0.0,17.566700669767272,-10.420523199155468,17.993216675839154,-15.135593458450137,64.24499172784195,38.70732312988151,246.18655242715167,101.95251627064684,236.3795125613755,2.6488103768994424,1807.3557326960504,62.25524830549409,51.691458232028836,20.42489354110173,0.3951309218134254
20260910_105156,STILL_1P_NA,36,209,218,STILL,NAN,1,P02,LAB01,0,0.0,119.39113905993122,31.508323649942213,130.39441185189565,34.5663974320571,137.72925689913933,119.60853854933491,246.18655242715167,246.18655242715167,392.4277148217508,160.56204018628748,1807.3557326960504,85.00603804277101,132.67091052929572,123.47881820481334,0.9307150882751148
20260910_105156,STILL_1P_NA,37,214,223,STILL,NAN,1,P02,LAB01,0,0.1,10.109782248430975,56.75034531655001,48.0648754184527,67.97914704780746,166.9136010905301,138.5511665106187,264.50749736968197,248.0186469214047,336.8195903810852,212.52330919660187,1362.3501639131118,61.813635273056654,131.3952789933009,57.64381485171119,0.4387053727756088
20260910_105156,STILL_1P_NA,38,219,228,STILL,NAN,1,P02,LAB01,0,0.5,-199.82499769363545,26.03493748863093,-224.0110443823481,39.4948991230974,231.2012447509052,248.61748230858518,339.6239612955758,339.6239612955758,382.97666459333743,188.8741656702105,1362.3501639131118,98.00492072906067,209.21947123983006,201.51388952947718,0.9631698633750971
20260910_105156,STILL_1P_NA,39,224,233,STILL,NAN,1,P02,LAB01,0,0.4,-186.72763152145717,4.3423437640522025,-243.8818490130703,5.740341312437029,231.57004304816695,206.4861255425127,339.6239612955758,339.6239612955758,328.8376866689905,209.21096321023498,990.0620326899524,89.02753979558138,188.57911912948657,186.77811521422495,0.9904496111575058
20260910_105156,STILL_1P_NA,40,229,238,STILL,NAN,1,P02,LAB01,0,0.0,-102.02436859078014,7.9015233884956615,-132.1280549180333,4.49454263643716,133.7384104963128,121.72375728555906,180.24478383753697,155.50287551237133,134.01852068931723,55.65237772572391,592.5426027407294,20.103792748985985,102.97865900596368,102.32988741421691,0.9936999413469815
20260910_105156,STILL_1P_NA,41,234,243,STILL,NAN,1,P02,LAB01,0,0.0,-89.12538683974262,-0.950725836410129,-112.1778617827993,0.9391458879253018,113.48950631895741,113.34103408462053,121.46586930169701,121.12310326144777,17.9745648186581,8.380534722357249,50.40629788846795,6.095423462288125,89.2593576203694,89.1304575268734,0.9985558926600814
20260910_105156,STILL_1P_NA,42,239,248,STILL,NAN,1,P02,LAB01,0,0.0,-110.55538601746518,-0.2830893274931441,-135.4229038476497,-0.7504143470664679,136.64689087269772,116.64600732713086,218.04991485551326,193.47580251095238,134.2523164400711,100.23610853049979,394.13320404782127,37.839643759104376,110.70700447539772,110.55574845768119,0.9986337267598082
20260910_105156,STILL_1P_NA,43,244,253,STILL,NAN,1,P02,LAB01,0,0.0,-133.53380685643208,-3.645900964273096,-162.0697262861779,-3.992266636208929,160.11613989858913,159.477409090556,218.04991485551326,218.04991485551326,292.831825742673,271.43416052469604,638.8013613512728,49.10331291318746,133.83445940250544,133.58356997554824,0.9981253749738499
20260910_105156,STILL_1P_NA,44,249,258,STILL,NAN,1,P02,LAB01,0,0.0,-72.54985742160788,8.832660466647212,-105.27505241777553,8.581624149254901,112.31794433662358,77.0115214365866,218.04991485551326,218.04991485551326,188.70421372906443,50.946126727900776,638.8013613512728,60.139638752598465,77.23048748283048,73.0855505747525,0.9463303024081071
20260910_105156,STILL_1P_NA,45,254,263,STILL,NAN,1,P02,LAB01,0,0.0,-54.216468191137835,50.96189812582634,-65.0389845971483,56.84006038591521,92.65190086231627,80.23130623308117,179.90357973879625,142.72701110500813,134.81200294512502,50.946126727900776,468.88241563038906,35.82966243584076,75.16281450024226,74.4079329353246,0.9899567150333994
20260910_105156,STILL_1P_NA,46,259,268,STILL,NAN,1,P02,LAB01,0,0.0,-90.95908753877879,106.51322657525998,-108.33006462766734,125.18087605602611,165.66346208521128,190.18548498193337,231.06494191639297,220.0748614247321,170.74068854961666,125.82297006792912,468.88241563038906,57.26366601222178,140.10968351698764,140.06649507059097,0.9996917525947346
20260910_105156,STILL_1P_NA,47,264,273,STILL,NAN,1,P02,LAB01,0,0.5,-259.93570734047995,241.53510357337746,-304.8011981541432,286.7778536339109,393.55660243049977,271.5681818775109,671.9032090453779,671.9032090453779,712.8952089899904,125.82297006792912,4053.7118627259993,204.06226014701141,355.794991706937,354.83204225210244,0.9972935272354038
20260910_105156,STILL_1P_NA,48,269,278,STILL,NAN,1,P02,LAB01,0,1.0,-318.3100520579902,221.46391850345935,-379.8581428728296,271.12306964946015,450.4669778524658,380.6767804584321,671.9032090453779,671.9032090453779,919.2747746700549,681.1101959608027,4053.7118627259993,160.33504218565716,391.9029579495246,387.77255761601714,0.9894606553746924
20260910_105156,STILL_1P_NA,49,274,283,STILL,NAN,1,P02,LAB01,0,1.0,-244.18860223711465,104.22804771653318,-309.23366814701797,140.01664993755395,342.66570751446244,348.11568122728977,416.4201389181632,373.1188414072685,365.0517326813266,251.95220114107195,1276.5417208323267,38.216220876806716,265.916118601527,265.50246588933163,0.9984444240748895
20260910_105156,STILL_1P_NA,50,279,288,STILL,NAN,1,P02,LAB01,0,0.9,-234.6889605282579,107.81720953775402,-293.9685511866925,132.62522544728373,320.017281532389,330.5874083517597,368.3075861282802,368.3075861282802,243.15646338490507,254.746042280631,507.8508117771902,47.54287347990225,258.3835384892786,258.27012770806874,0.9995610758259875
20260910_105156,STILL_1P_NA,51,284,293,STILL,NAN,1,P02,LAB01,0,0.4,-131.66529975669346,92.17999661903104,-178.65699847584943,117.54747332644055,221.32623275097862,218.2598311396539,337.9420372253355,314.39440530631265,306.97226315968345,278.2044335047199,702.200852752806,76.41989058385911,166.93232729897034,160.7261737760982,0.9628223387088043
20260910_105156,STILL_1P_NA,52,289,298,STILL,NAN,1,P02,LAB01,0,0.1,41.217583705449556,12.117147026459861,28.763401284397542,25.54578253573805,166.0991403302316,157.18481015031765,411.1849934608213,231.696706185759,539.3792323067058,319.57225015463723,2535.5353164294647,94.63690329355018,130.48875842318296,42.96177904343099,0.3292373960989293
20260910_105156,STILL_1P_NA,53,294,303,STILL,NAN,1,P02,LAB01,0,0.4,183.56836572085865,-74.9043553528445,212.19961289840876,-80.71505231714707,215.4373408781875,160.05364069053851,411.1849934608213,411.1849934608213,749.9897085804965,528.8050396131862,2535.5353164294647,138.00915235521322,200.88287051684443,198.26247084169034,0.9869555842744971
20260910_105156,STILL_1P_NA,54,299,308,STILL,NAN,1,P02,LAB01,0,0.3,37.29589506674836,11.13080693374286,94.263556362337,-14.057166472147378,186.92066972468805,140.51307214159738,411.1849934608213,411.1849934608213,469.13552172488744,224.7802624821956,1798.974811215449,122.51303699236892,124.00719901662217,38.92144205738224,0.31386437534295997
20260910_105156,STILL_1P_NA,55,304,313,STILL,NAN,1,P02,LAB01,0,0.0,-96.15285851030671,64.52326709339013,-107.58080244838943,75.8904761588244,137.53452579038373,149.74497828509084,167.5907172925257,167.5907172925257,136.17314097595153,117.59436970540851,485.7767177394587,33.22958311138644,116.19450939519629,115.7956138897671,0.9965670021113262
20260910_105156,STILL_1P_NA,56,309,318,STILL,NAN,1,P02,LAB01,0,0.2,-32.481787592146134,-37.87385674721736,-50.5724827013492,-33.54841222512445,189.58529929428437,160.21577338302126,414.39255303583155,332.58996520016547,387.84975352451227,119.63428370478356,2269.4919477422277,93.70899964129731,149.8164556989777,49.89484492500243,0.3330398165689812
20260910_105156,STILL_1P_NA,57,314,323,STILL,NAN,1,P02,LAB01,0,0.7,106.45699676235915,-211.93426996663948,108.62109671671593,-233.06629112740762,281.6078507749574,305.16152101691307,414.39255303583155,414.39255303583155,522.808163045662,252.82395312454085,2269.4919477422277,116.28363790591212,244.93179469771812,237.1691947660011,0.9683070956904668
20260910_105156,STILL_1P_NA,58,319,328,STILL,NAN,1,P02,LAB01,0,0.5,117.02846709340213,-171.87884059335101,157.5194358081005,-238.85604664522202,278.91420210912645,243.18597263846158,414.39255303583155,414.39255303583155,243.17021103520318,179.5699367671879,833.6293042268094,78.48386468339952,209.97630620424127,207.9374856872759,0.9902902353421618
20260910_105156,STILL_1P_NA,59,324,333,STILL,NAN,1,P02,LAB01,0,0.4,160.16189488515948,-92.72357917513364,191.48272901479427,-124.06459845506728,239.60716749437788,235.3443976731555,274.13237445004916,274.13237445004916,126.5134058853989,133.9763775784256,296.58397455049334,26.582970307306084,192.1217855330769,185.06619007331446,0.9632754013805077
20260910_105156,STILL_1P_NA,60,329,338,STILL,NAN,1,P02,LAB01,0,0.6,193.90193669924867,-40.7357427758343,239.11396422224843,-57.053124993567636,247.39591760841307,255.56927548002182,274.13237445004916,274.13237445004916,151.00028450962543,169.2590856763599,317.48232904786397,27.775894519928013,199.4261571959349,198.13470618551,0.9935241643895486
20260910_105156,STILL_1P_NA,61,334,343,STILL,NAN,1,P02,LAB01,0,0.2,151.39652024464812,-13.04724410702147,196.88096695197254,-21.023796020661873,198.75988903764005,187.93849783586157,274.13237445004916,254.6081253291365,128.02745364184582,144.91080002694684,317.48232904786397,38.5293104271835,152.40496571368863,151.95768134903992,0.9970651588512609
20260910_105156,STILL_1P_NA,62,339,348,STILL,NAN,1,P02,LAB01,0,0.0,121.68222412224878,-25.229450439446737,154.887269852476,-27.896881530239177,158.43777718302573,158.47393694588646,181.97196322643816,166.81757933850272,59.15469058325333,38.26648689612168,189.1061906304728,10.686085925299711,124.83872607386579,124.27022506141076,0.9954461165190147
20260910_105156,STILL_1P_NA,63,344,353,STILL,NAN,1,P02,LAB01,0,0.0,105.85890907531942,-31.767338544378617,134.1113873642228,-39.783801508037655,139.90863205214046,139.13436234729298,156.8047804814095,156.30445358246948,42.11258749736699,41.23420471260084,66.41742041017714,11.806406236825373,110.53626317898048,110.52272358574008,0.9998775099424297
20260910_105156,STILL_1P_NA,64,349,358,STILL,NAN,1,P02,LAB01,0,0.0,95.83443872728206,-28.176812634425005,120.82316440230026,-35.62038906805371,127.22399615314134,127.2096486965014,137.0074028397788,133.84920678566812,33.51868759874959,31.516665453097744,102.76066839315696,5.493358054490125,99.92882208337956,99.89080246153134,0.9996195329730145
20260910_105156,STILL_1P_NA,65,354,363,STILL,NAN,1,P02,LAB01,0,0.0,85.87690258074024,-23.6557047792121,107.65909703217476,-30.134881056812056,112.52865115656607,121.15433563697577,130.88907079685947,130.88907079685947,104.14502397591404,11.582704166855953,365.0479710037707,25.457169695424763,89.19518272433653,89.07544423388069,0.9986575677430259
20260910_105156,STILL_1P_NA,66,359,368,STILL,NAN,1,P02,LAB01,0,0.0,13.50787680934712,-8.321905185807736,28.1252780523263,-12.246721135040987,76.5475502438502,55.39559326362582,130.88907079685947,130.3777130653719,98.36728288228701,3.1973846775938024,365.0479710037707,32.30507882346869,52.80402468759776,15.86558671521704,0.30046169414323903
20260910_105156,STILL_1P_NA,67,364,373,STILL,NAN,1,P02,LAB01,0,0.0,-28.644761529945963,-10.738425044422002,-31.980081844830817,-12.93726229137215,47.27985949151058,48.30193236613003,55.39559326362582,55.39559326362582,26.35651706776192,8.079355288107683,91.29657239835583,6.406874213085764,36.674359556334394,30.59143892565601,0.8341369636916334
20260910_105156,STILL_1P_NA,68,369,378,STILL,NAN,1,P02,LAB01,0,0.0,19.2833236116443,-27.506600640630495,17.2683882650399,-32.66131914098379,52.58679118447354,44.419904042876425,71.10583020415773,71.10583020415773,53.40525097189406,16.17486057667881,240.12796180014013,13.808562701902643,44.43960112950053,33.592553465232925,0.7559148284734049
20260910_105156,STILL_1P_NA,69,374,383,STILL,NAN,1,P02,LAB01,0,0.0,20.2580072105432,-13.879270084894415,25.116641220238666,-19.014618864900093,58.104383810776994,61.690422710065775,83.6929933206386,72.36454651580581,118.53929888782122,49.25398552997334,493.8271856550328,15.752651515971772,47.82637843830526,24.556485787503583,0.5134506644524797
20260910_105156,STILL_1P_NA,70,379,388,STILL,NAN,1,P02,LAB01,0,0.0,-73.83362366524243,34.35277286636483,-77.70135773822001,35.7090196966446,106.47358282770513,92.81858966478907,182.7739129875554,182.7739129875554,196.04461377149306,124.21916058882265,668.7243802711725,59.242585582920995,88.94333018864516,81.43412667394854,0.9155731689068769
20260910_105156,STILL_1P_NA,71,384,393,STILL,NAN,1,P02,LAB01,0,0.5,-596.5653214473558,260.86429221745857,-679.3471505117087,297.51951076814186,740.3636316357636,317.12916184388274,1967.792498771811,1736.503075446958,2117.846109845023,1741.639944462349,6297.7795456284,693.5622315377952,652.1339325145881,651.1070278438888,0.9984253163046743
20260910_105156,STILL_1P_NA,72,389,398,STILL,NAN,1,P02,LAB01,0,1.0,-1345.647995905048,450.4257723907185,-1551.8606007477474,527.3115071277482,1629.881058445721,1806.4742393851702,2027.949686849474,2027.949686849474,2411.6863447049886,2296.24206172511,6297.7795456284,497.0291115930673,1422.738088195646,1419.0320311103085,0.9973951234481692
20260910_105156,STILL_1P_NA,73,394,403,STILL,NAN,1,P02,LAB01,0,1.0,-1141.7848679198664,338.2193707213337,-1482.6717956834223,443.1340918382166,1534.5668826548294,1617.6572563260115,2027.949686849474,2027.949686849474,1455.6381933949765,1753.7405600043212,2474.820142420372,450.2789968131782,1191.6674817980238,1190.8253555168876,0.9992933210866294
20260910_105156,STILL_1P_NA,74,399,408,STILL,NAN,1,P02,LAB01,0,0.9,-518.7904637389281,198.68340525413714,-727.8781745258425,263.6159939207755,775.4525316164184,731.7984534984209,1507.853198837031,1315.1578333572409,1664.2714570482542,1772.9616985630587,2474.820142420372,410.8050866454699,556.2207113836723,555.534554091671,0.9987663938469777
20260910_105156,STILL_1P_NA,75,404,413,STILL,NAN,1,P02,LAB01,0,0.4,-174.80071801656868,83.59220799594459,-258.04449888126,120.39121547723812,284.843882442767,225.41707807084683,671.3063556461351,516.6807392797789,785.7306125431544,551.1953570303555,1924.2452865213088,175.3035060667488,193.8086620449981,193.7600274998567,0.9997490589706971
20260910_105156,STILL_1P_NA,76,409,418,STILL,NAN,1,P02,LAB01,0,0.0,-56.459394060789236,29.898852713574342,-81.78362944928998,42.64672621223418,95.0350505968023,82.28028920996154,204.60233258689922,172.96599212652654,243.03952736229712,257.1096753668554,468.4313150432678,60.77971300618761,63.89941770144871,63.88743672506743,0.999812502573384
20260910_105156,STILL_1P_NA,77,414,423,STILL,NAN,1,P02,LAB01,0,0.0,-63.32135712469153,-36.696603837318435,-77.3596011459351,-37.725131788122276,98.1920050610067,75.19296319534931,200.21198925885392,191.46972751505643,262.48298241303814,243.38320189746892,627.5300795327387,65.63109998133825,78.54210231362104,73.18630337232382,0.9318098346806233
20260910_105156,STILL_1P_NA,78,419,428,STILL,NAN,1,P02,LAB01,0,0.0,-118.17867332840524,-92.64624910267867,-139.41418489098842,-108.4142926617839,175.81754605023048,192.48636084180242,200.21198925885392,200.21198925885392,202.9201090860911,80.39036218066751,627.5300795327387,37.574735847048764,150.179398843669,150.16499692823726,0.999904101923815
20260910_105156,STILL_1P_NA,79,424,433,STILL,NAN,1,P02,LAB01,0,0.0,-115.72899473628877,-92.09259305252453,-146.11584242110172,-116.24192766973442,185.88326321594667,187.66080974545395,200.21198925885392,200.21198925885392,41.69314169760179,50.74735095893758,112.44996251249509,12.618618007070584,147.90298589535112,147.89944529243456,0.9999760613154959
20260910_105156,STILL_1P_NA,80,429,438,STILL,NAN,1,P02,LAB01,0,0.0,-108.12788395081907,-68.32482161007829,-135.98461044374082,-88.38660507130814,163.24169981216136,160.7481866545823,185.42858242718896,180.15697689690364,53.743107483548386,56.310576128705236,112.44996251249509,13.770758409964959,128.75371197247483,127.90590500727798,0.993415281375514
20260910_105156,STILL_1P_NA,81,434,443,STILL,NAN,1,P02,LAB01,0,0.0,-103.20390887992198,-41.898691246897215,-129.31807969752012,-55.743873216794086,141.2864298891725,141.45344874728158,158.41743581897921,157.63926066706784,48.00289531033129,56.52712316998907,85.17525965104323,12.069323883618,111.5715001198382,111.38468088699658,0.9983255649279523
20260910_105156,STILL_1P_NA,82,439,448,STILL,NAN,1,P02,LAB01,0,0.0,-89.79885248117216,-31.02416711535443,-114.17252098354545,-39.51129429653948,120.82382391487401,119.48419159977058,140.87361319883706,134.02455132493324,43.46455428315683,46.473502171993005,85.17525965104323,11.975730202071729,95.01387384336941,95.0070147522632,0.9999278095837086
20260910_105156,STILL_1P_NA,83,444,453,STILL,NAN,1,P02,LAB01,0,0.0,-57.033241354466554,-19.222320337738893,-75.38447261613547,-25.288309944423705,83.29368034224814,99.72635766250409,118.62087972327451,115.2183861382592,89.51190893592963,46.473502171993005,380.6757093127692,31.52131156788791,60.186905217464435,60.18544856162064,0.9999757977945779
20260910_105156,STILL_1P_NA,84,449,458,STILL,NAN,1,P02,LAB01,0,0.0,-1.6698479006950038,41.1893856296374,-10.990959274038685,43.26772297163769,80.49989395699814,75.78377629034101,143.30290486303065,134.30569721581628,185.900664262521,158.25937019353987,515.9232524765922,38.36590386744403,59.75283611551036,41.22322016240889,0.689895624079145
20260910_105156,STILL_1P_NA,85,454,463,STILL,NAN,1,P02,LAB01,0,0.0,34.38503286356445,102.75720767455732,38.35496454592642,119.8268549925112,126.70063910617928,143.4676774278256,157.1357089702334,150.41421467204123,131.0238635219427,60.348097557300605,515.9232524765922,33.495194395549966,108.87198833261469,108.35762185513536,0.9952754929403155
20260910_105156,STILL_1P_NA,86,459,468,STILL,NAN,1,P02,LAB01,0,0.0,70.79875687719095,128.13816997159665,83.73512281107885,158.09262139810852,180.3358038887985,170.29938650551907,228.5761435091804,228.5761435091804,95.83859200726823,60.348097557300605,296.3924421967908,34.36621445369824,147.5315413688583,146.39622460646103,0.9923045827904776
20260910_105156,STILL_1P_NA,87,464,473,STILL,NAN,1,P02,LAB01,0,0.0,69.88503713662612,151.31351266977072,90.4076181213712,183.98284553359372,207.86069194471264,206.81964448781508,228.5761435091804,228.5761435091804,126.64082770655477,129.65166147672426,296.3924421967908,16.991901729160414,168.11501664788415,166.67242582998688,0.9914190246257492
20260910_105156,STILL_1P_NA,88,469,478,STILL,NAN,1,P02,LAB01,0,0.0,27.536372841740103,151.85389783115443,41.60944591627433,191.20081340335963,198.97501939304516,198.805852996109,228.5761435091804,213.5132162642016,60.61608608356384,21.946938589653953,187.62778251088787,12.482572383014075,155.4937214128076,154.33035383810278,0.9925182344075728
20260910_105156,STILL_1P_NA,89,474,483,STILL,NAN,1,P02,LAB01,0,0.0,26.758108900477964,154.80741665231926,31.52128961795817,191.92369480193702,196.65854403789214,198.09263511753218,200.02974395874452,200.02974395874452,16.449878615900225,0.0,115.33587819199411,4.746414163377749,157.71043722026945,157.10293645407972,0.9961479989726917
20260910_105156,STILL_1P_NA,90,479,488,STILL,NAN,1,P02,LAB01,0,0.5,49.60406235249593,206.54961879721486,60.112900231010926,251.83219936997935,259.4862848741989,227.9458498853147,350.45666038792945,350.45666038792945,173.54632820847866,10.85531746541395,651.2888466105459,65.73720604713424,212.43118326145927,212.42247533428537,0.999959008244269
20260910_105156,STILL_1P_NA,91,484,493,STILL,NAN,1,P02,LAB01,0,1.0,62.03603566345146,263.35933612877307,75.87619858540002,320.6983030440025,328.96929161133363,338.74629289311747,350.45666038792945,350.45666038792945,205.7250848736729,114.83083529103476,651.2888466105459,27.972959115980373,270.5694694521844,270.56719987283213,0.9999916118423972
20260910_105156,STILL_1P_NA,92,489,498,STILL,NAN,1,P02,LAB01,0,0.9,56.12794368424693,237.09847062164408,71.17205047043689,300.6283714646016,308.9414385972756,315.01282279950567,350.45666038792945,346.97222743790377,129.94915799400158,103.70295440533431,321.42717980284715,35.68895815787502,243.65423437882174,243.6514535834839,0.9999885871249276
20260910_105156,STILL_1P_NA,93,494,503,STILL,NAN,1,P02,LAB01,0,0.4,42.75394237323553,176.6635679539122,55.194867964756554,228.68769924691642,235.2604592782438,225.40839620817647,310.1556876834721,302.288339082627,168.87767139976668,134.5787928061464,321.42717980284715,50.23713534552686,181.7686513163315,181.7633511758091,0.9999708412837747
20260910_105156,STILL_1P_NA,94,499,508,STILL,NAN,1,P02,LAB01,0,0.0,35.93844516424588,122.86042504259785,45.57324091279297,159.01055929743353,166.183602467135,166.10379515562784,215.96413996525985,202.48118856816285,133.85977777565148,124.43111815349783,244.79311972119083,29.626003618133105,128.68177086294685,128.00881173759606,0.9947703616383433
20260910_105156,STILL_1P_NA,95,504,513,STILL,NAN,1,P02,LAB01,0,0.0,50.67913566261541,72.79636462354392,60.879811723746556,97.56669509104375,120.2238412037937,111.44644292463926,162.617904930652,154.80218911181132,86.65948775534333,75.9106605604658,244.79311972119083,25.255740915425182,92.53428493728006,88.6999745992846,0.9585633547544635
20260910_105156,STILL_1P_NA,96,509,518,STILL,NAN,1,P02,LAB01,0,0.0,64.3841088492436,36.86143425317732,79.69698217876763,49.24302003264701,95.87534822013829,92.71844946358365,109.12646072977878,107.46999197470136,53.42430312966578,35.64689279724428,202.16881026482855,7.361051462026917,75.30330705037478,74.18947908910374,0.9852087776101793
20260910_105156,STILL_1P_NA,97,514,523,STILL,NAN,1,P02,LAB01,0,0.0,88.1192521646758,11.938241721300983,106.32196290669194,18.25287587215559,111.37971600459863,111.60484533860622,157.2334406224867,142.084616115884,81.24337859468457,39.262513338662444,233.6655099843098,22.39559625839338,90.87983882379302,88.92426112967108,0.9784817213649155
20260910_105156,STILL_1P_NA,98,519,528,STILL,NAN,1,P02,LAB01,0,0.0,126.47569546686782,-10.07894231767932,153.4583146291725,-10.12400479021684,153.1469932247275,164.53000918132312,178.08222585374435,178.08222585374435,77.4541709291617,45.85763187705594,233.6655099843098,26.45214833280984,127.06340537555631,126.87665909091,0.998530290573479
20260910_105156,STILL_1P_NA,99,524,533,STILL,NAN,1,P02,LAB01,0,0.0,136.61848981155663,-17.114568665610932,170.6276267008539,-20.807870485740306,170.8770124605474,173.62591129740156,178.08222585374435,178.08222585374435,48.94437992989645,46.90549024803291,165.4044353505423,7.9900363920746855,137.69777531291498,137.68631093540242,0.9999167424638015
20260910_105156,STILL_1P_NA,100,529,538,STILL,NAN,1,P02,LAB01,0,0.0,118.43962248050093,-15.772895482361491,150.50632291763694,-20.06222974949521,153.0493507837249,152.13639434718385,175.42524485464358,170.6385059103673,45.52862331292579,54.87482697751357,75.31709136624904,13.404043366933058,119.49107572044913,119.48526438528343,0.9999513659482043
20260910_105156,STILL_1P_NA,101,534,543,STILL,NAN,1,P02,LAB01,0,0.5,2248.7953480467663,-1443.3849099007293,2540.6635234152513,-1623.3977504069132,2061.620846130353,1089.811167333692,4903.356049745577,4903.356049745577,8602.118753282488,63.047930834066364,53540.35145498088,2095.176253810405,2676.84966762457,2672.1602713022125,0.9982481659769415
20260910_105156,STILL_1P_NA,102,539,548,STILL,NAN,1,P02,LAB01,0,1.0,1573.6831438007275,-1045.68858229743,2757.4212331784465,-1814.7271572264465,2340.0916041854766,1673.1099466385622,4903.356049745577,4903.356049745577,10544.319676260167,4041.6460907695764,53540.35145498088,1861.4092708369283,1889.6395746431153,1889.4293445984558,0.9998887459558529
20260910_105156,STILL_1P_NA,103,544,553,STILL,NAN,1,P02,LAB01,0,0.5,195.04232672225112,-141.46510524592486,327.22570805189036,-234.2105678823068,403.0290285317177,243.9740717012641,1315.3841500013189,918.973849770781,2218.227733582192,1208.6665245885124,8037.698212314215,394.5176183429101,241.48296253149755,240.94373869322678,0.997767031542855
20260910_105156,STILL_1P_NA,104,549,558,STILL,NAN,1,P02,LAB01,0,0.0,-1.3419344950985987,-23.107599163148734,15.638425726255258,-36.814252571054666,87.41000120087178,71.55671311345706,202.9253591572306,137.87650392854536,276.98988059259875,115.11904827646106,923.3144213422705,43.64981668916155,58.07692284360888,23.14653164674759,0.3985495531345075
20260910_105156,STILL_1P_NA,105,554,563,STILL,NAN,1,P02,LAB01,0,0.0,-53.29600433890266,2.7908344324741847,-58.94500289518508,-0.7187683269622049,66.05419210822024,69.71772883952059,76.17367028662633,76.17367028662633,57.30234829232171,36.142594916298876,185.9089660605688,10.273914207372766,54.09337837338693,53.369025055005594,0.9866092054117717
20260910_105156,STILL_1P_NA,106,559,568,STILL,NAN,1,P02,LAB01,0,0.0,-45.75351385593888,6.468085402793804,-59.41733020430237,8.917304956463141,60.48887423001577,63.26785885324902,76.17367028662633,76.17367028662633,66.21600445574155,62.70782896972295,185.9089660605688,12.549223858935084,46.693743352015375,46.20844250722399,0.9896067265129551
20260910_105156,STILL_1P_NA,107,564,573,STILL,NAN,1,P02,LAB01,0,0.0,-52.84404200628535,11.466276197956176,-63.348325184126836,13.214818856811998,65.05642386225665,72.23487706735652,74.620593220531,74.620593220531,34.3884206378876,4.945966828460974,140.66597180876053,12.217235774394643,54.14283650525888,54.07372990103297,0.9987236242375445
20260910_105156,STILL_1P_NA,108,569,578,STILL,NAN,1,P02,LAB01,0,0.0,-63.546538402699866,6.952232840115357,-78.68332325380875,9.088242146708678,78.04709256157027,74.620593220531,85.78964591202012,85.78964591202012,27.667538058519444,0.0,125.78895273773952,5.101916871060151,64.28782902291768,63.92570753952581,0.9943671844438428
20260910_105156,STILL_1P_NA,109,574,583,STILL,NAN,1,P02,LAB01,0,0.0,-26.732486838485556,-5.7186142537793785,-37.05049097044308,-5.213629002568597,64.5252102045182,68.05185350288491,85.78964591202012,85.78964591202012,76.74465792430917,88.15483818217842,166.47729177501296,18.452313268936976,49.78245813902667,27.337307869527535,0.5491353559356806
20260910_105156,STILL_1P_NA,110,579,588,STILL,NAN,1,P02,LAB01,0,0.2,-78.82523851116304,43.687096424333504,-94.29049286991365,46.81481968594805,133.32372565745177,51.55877255211415,428.1154792173397,428.1154792173397,484.65083521939397,88.15483818217842,3270.446518452831,149.8158785801482,119.91527311027076,90.12203182535752,0.7515475676103727
20260910_105156,STILL_1P_NA,111,584,593,STILL,NAN,1,P02,LAB01,0,0.3,-132.4875804007891,65.64421659146228,-145.30892808731102,73.29724329520366,250.34471475648735,243.26753624959153,428.1154792173397,428.1154792173397,639.0346842922205,47.80235711667899,3270.446518452831,136.6992856002267,197.01706566258846,147.85845302978916,0.7504855101385564
20260910_105156,STILL_1P_NA,112,589,598,STILL,NAN,1,P02,LAB01,0,0.6,181.79589462820303,-113.26784184034477,165.6321086733237,-107.07324898529563,382.52791298641876,409.7264495312795,519.9740960382139,519.9740960382139,519.0094871556716,33.926583971065945,2010.4605132734607,119.10683535490726,273.9545041168441,214.1946574936874,0.7818621496448601
20260910_105156,STILL_1P_NA,113,594,603,STILL,NAN,1,P02,LAB01,0,0.7,258.69885972005926,-140.5886183751336,323.20272554360156,-179.8401975365129,365.5081007223155,384.67997343924645,519.9740960382139,519.9740960382139,718.0526537766152,655.4328435611253,1665.784108220644,135.42536168609792,294.81259878146636,294.4320968187535,0.9987093429375625
20260910_105156,STILL_1P_NA,114,599,608,STILL,NAN,1,P02,LAB01,0,0.2,86.86168960063753,-33.09186433823743,131.42311084233324,-54.149470832997125,158.29102214403133,148.90039181279724,378.0225270332736,298.39635635585245,535.2104091094236,407.3939453393625,1590.778952024387,108.46027922508294,104.31906302607133,92.95173266624896,0.8910330477471652
20260910_105156,STILL_1P_NA,115,604,613,STILL,NAN,1,P02,LAB01,0,0.0,-20.92003083847203,25.886910129456737,-10.53303592944822,23.774853498576086,74.16114912428978,66.53392951488888,140.1478699844684,122.89554026662968,215.45123059595917,163.71595562867,723.5425822169141,31.674402003812663,50.71734345343827,33.283326251040336,0.6562513725033042
20260910_105156,STILL_1P_NA,116,609,618,STILL,NAN,1,P02,LAB01,0,0.0,-101.44865781565898,43.487307038342806,-117.44695805266478,53.15293764013019,127.23707009478025,128.0886107071806,196.4223405643587,196.4223405643587,171.89397955651947,146.44424657311555,387.7768597358061,53.695188940503364,112.31788745283396,110.37651945067739,0.9827154156280601
20260910_105156,STILL_1P_NA,117,614,623,STILL,NAN,1,P02,LAB01,0,0.0,-134.4586670332343,48.97528896630865,-163.96600328618666,59.11209672116769,171.09447275578927,172.13398605357747,196.4223405643587,196.4223405643587,140.5759535842538,131.99915677755203,353.42111399151275,22.91127498606473,144.2213630774897,143.10035663717824,0.9922271817684238
20260910_105156,STILL_1P_NA,118,619,628,STILL,NAN,1,P02,LAB01,0,0.0,-78.81607870586583,24.9549699894269,-105.61506649371509,37.74245343065321,126.61812957067032,142.8656999623473,196.4223405643587,186.29639245124616,160.1392940719258,131.99915677755203,409.63736807444184,48.07574699746733,88.08588505960536,82.67239436318773,0.9385430402072426
20260910_105156,STILL_1P_NA,119,624,633,STILL,NAN,1,P02,LAB01,0,0.0,-15.27405728466772,14.407590210089438,-30.810118249547248,18.850399110356445,71.63204930757396,61.79014277354492,139.00647866860564,107.46358299570802,203.29435062843498,221.0727433299364,409.63736807444184,29.956584237330638,46.35397341237995,20.997035066817794,0.4529716337372284
20260910_105156,STILL_1P_NA,120,629,638,STILL,NAN,1,P02,LAB01,0,0.0,-59.9052636098113,27.880394809961217,-58.74788836802653,33.32464693897267,88.07461478108448,101.41647926201733,121.08091741860346,121.08091741860346,133.4787535721211,57.407749774403435,385.7717984328416,34.26035213352562,73.69986729220065,66.0753889350664,0.8965469187765943
20260910_105156,STILL_1P_NA,121,634,643,STILL,NAN,1,P02,LAB01,0,0.1,-106.22120782546176,33.33700763442994,-130.9481453988423,41.40514568567071,137.20127434138843,122.12743319034719,250.6497245906567,156.2317128826321,180.401524293494,56.97624725747735,1181.0607468287224,38.7565117919938,111.77325117969698,111.32969536434553,0.9960316461168481
20260910_105156,STILL_1P_NA,122,639,648,STILL,NAN,1,P02,LAB01,0,0.6,-270.167627474106,137.2804076798784,-315.27644578516276,157.4730520426277,338.6144191593935,356.26639005418184,548.9366893861664,548.9366893861664,578.1373944277886,127.03132367906866,3345.3369012000844,188.3024850772977,305.1437738704806,303.04530563554505,0.9931230180176436
20260910_105156,STILL_1P_NA,123,644,653,STILL,NAN,1,P02,LAB01,0,1.0,-205.51169122116974,145.01970825271383,-289.99348207092777,193.9454022961068,460.22238711028575,448.5445979301972,548.9366893861664,548.9366893861664,515.1024716195601,173.2513199913674,3345.3369012000844,67.96042304307147,321.24839584814674,251.52687929978308,0.7829669581250739
20260910_105156,STILL_1P_NA,124,649,658,STILL,NAN,1,P02,LAB01,0,1.0,306.35508800981825,-179.2858842074147,309.32171930722916,-175.32816461205636,602.2804403997957,413.7073896515906,1012.2296549058558,1012.2296549058558,1537.6266252100047,173.2513199913674,6998.9381604756845,280.1792488365496,482.12595372696626,354.960375571046,0.7362399240843697
20260910_105156,STILL_1P_NA,125,654,663,STILL,NAN,1,P02,LAB01,0,0.5,261.21044646638416,-206.76662400157056,385.05373639372414,-275.3308931701503,461.50578081715713,264.3361692345585,1012.2296549058558,1012.2296549058558,1790.0788084141823,539.2328716292611,6998.9381604756845,396.3394806614728,347.30851957490137,333.14161274775415,0.9592094462742025
20260910_105156,STILL_1P_NA,126,659,668,STILL,NAN,1,P02,LAB01,0,0.0,-0.6642077187991049,-24.397655039191704,0.0956576239610655,-46.190188159725146,84.93679497983779,63.1743414019393,188.17882016136113,167.2944463311982,358.51836052398806,194.77642503528824,1715.2749259157413,50.80990224187813,57.536562448171196,24.406694641124773,0.42419452262394486
20260910_105156,STILL_1P_NA,127,664,673,STILL,NAN,1,P02,LAB01,0,0.0,15.883965101082481,1.3234092086049714,14.076298165830371,0.5203533119717523,76.70901304251569,64.80672370771353,121.0711286998796,121.0711286998796,88.42539428632588,18.33272282489298,551.7252081930313,30.421858196354624,68.74907297913714,15.939001200383498,0.23184314361912065
20260910_105156,STILL_1P_NA,128,669,678,STILL,NAN,1,P02,LAB01,0,0.0,65.21452876696134,-5.405458882722087,66.59536596624346,-6.311312723221745,79.46281158110067,66.48454841035932,121.0711286998796,121.0711286998796,137.60165152928076,18.33272282489298,612.3195344565613,27.709433371123183,68.1223741255721,65.4381673645406,0.9605972810624068
20260910_105156,STILL_1P_NA,129,674,683,STILL,NAN,1,P02,LAB01,0,0.0,16.122432196709894,3.1009637359547924,24.01074405854074,0.376637947668886,52.940450835975085,56.586684280100265,66.52999080723087,59.07224379085027,124.26344823027803,65.19768753941275,612.3195344565613,9.636935785026743,41.62004852722009,16.417941284741353,0.3944719399835344
20260910_105156,STILL_1P_NA,130,679,688,STILL,NAN,1,P02,LAB01,0,0.0,52.001194755504,20.563545352629262,66.74017971965114,25.49251317043374,89.21190336627697,51.935563574486586,240.5500227987834,240.5500227987834,271.54899595179506,70.6653739439209,1753.8459612922024,76.84179847596184,77.81655004547494,55.919438958822695,0.7186059896788554
20260910_105156,STILL_1P_NA,131,684,693,STILL,NAN,1,P02,LAB01,0,0.0,123.31464237636101,16.315146388942594,139.63407021994573,20.217574173041776,137.44484822923692,111.54469740393859,240.5500227987834,240.5500227987834,401.1244764336248,261.67273063535947,1753.8459612922024,76.4528720840646,125.90266210054644,124.38924803254676,0.9879794911183764
20260910_105156,STILL_1P_NA,132,689,698,STILL,NAN,1,P02,LAB01,0,0.0,42.76852047245188,-0.5669766724413421,71.7954464078876,3.03039096664166,88.99232206354003,66.00279908577757,240.5500227987834,182.71596951585406,250.30265861247145,249.82427789900214,720.8568070005456,69.0043246582455,55.674941805876216,42.77227847507809,0.7682500796177516
20260910_105156,STILL_1P_NA,133,694,703,STILL,NAN,1,P02,LAB01,0,0.0,-17.791524290069447,9.390991103236956,-15.106359421465854,8.490957247576914,37.31434438053969,40.16672967801672,53.07775031202591,41.83097289390707,73.37267586145869,4.674302470673627,291.7486518385427,7.798193942979686,24.997975392816443,20.11787887589561,0.804780329597284
20260910_105156,STILL_1P_NA,134,699,708,STILL,NAN,1,P02,LAB01,0,0.0,7.498637366177377,-1.4424296063443762,5.106510180659487,0.6065711183819438,45.89668654972405,40.581330958560535,73.85548041248649,73.85548041248649,55.967471773626166,0.0,444.2002388659728,14.182531414595967,36.47279337473549,7.63610931814693,0.20936453206889338
20260910_105156,STILL_1P_NA,135,704,713,STILL,NAN,1,P02,LAB01,0,0.3,-144.78922138637483,62.74881124505373,-159.78022505811364,69.09930700180188,222.7383685828554,73.85548041248649,718.2808258717591,604.3055136183174,776.1864567479909,257.30362824435184,2513.3662740610184,239.5105367611915,195.54894518313893,157.8015587449631,0.8069670669774057
20260910_105324,STILL_1P_NA,0,29,38,STILL,NAN,1,P02,LAB01,0,0.0,4.844029836684285,12.8655277612188,10.006859664367628,15.85092476992001,37.672533678196224,37.18906217150898,44.349439755839185,41.68806581639135,12.777475508868768,0.0,62.71092616384053,3.4662370294783997,26.757570599636736,13.747233526545594,0.513769868432384
20260910_105324,STILL_1P_NA,1,34,43,STILL,NAN,1,P02,LAB01,0,0.0,25.324826053172387,12.556399812202017,25.190890445712164,16.652438232219406,44.50849304698076,42.57063476235746,56.4429513965012,56.4429513965012,38.55009705515517,5.336126167890679,204.41496339848908,10.17671049075387,38.220150458711885,28.26676477539136,0.7395775379253706
20260910_105324,STILL_1P_NA,2,39,48,STILL,NAN,1,P02,LAB01,0,0.0,35.00944519992515,1.5220182360851595,44.34460252326846,3.457669457640802,43.30383602578159,45.433693776504214,56.4429513965012,56.4429513965012,58.49355234139703,45.92973859855215,204.41496339848908,11.97496956730487,35.268989057494785,35.04251407529914,0.9935786369769076
20260910_105324,STILL_1P_NA,3,44,53,STILL,NAN,1,P02,LAB01,0,0.0,18.718026230192322,-1.7573725884592477,25.089608081442137,-1.7214699359905112,25.059318817172368,23.34451274338181,40.597383369825025,36.023775519088055,40.226272998841786,40.02697841960134,108.69578834627603,8.06063904128828,19.453136748147934,18.800342134355844,0.9664427067858741
20260910_105324,STILL_1P_NA,4,49,58,STILL,NAN,1,P02,LAB01,0,0.0,10.5822409728396,-6.400763481402009,13.934151451065665,-7.443441440703078,16.109376186651748,16.7927790953251,20.675543738878034,19.278177818173663,22.203175101683964,0.0,92.58675239046212,3.6222790780967156,13.58631789640509,12.36744101065757,0.9102864444184666
20260910_105324,STILL_1P_NA,5,54,63,STILL,NAN,1,P02,LAB01,0,0.0,1.4015984367276815,2.2632107264689694,4.309193296060817,0.6478052147339014,13.330616496503273,14.06598143022859,19.122914938095402,19.122914938095402,29.784920102686623,0.0,133.88374682056065,5.087251891181144,9.045117340265984,2.662067048412132,0.2943098412401414
20260910_105324,STILL_1P_NA,6,59,68,STILL,NAN,1,P02,LAB01,0,0.0,3.299892715114993,-5.601944906168455,4.42303890253194,-4.725391815770452,14.01006964864219,17.24158418466453,22.071840562596414,22.071840562596414,39.29986876217748,2.124876349129443,169.90897026547293,7.085526824582109,13.466098330597777,6.501621233432143,0.4828140322322693
20260910_105324,STILL_1P_NA,7,64,73,STILL,NAN,1,P02,LAB01,0,0.0,-1.704415916914627,-4.220808728139673,-1.8599189695385718,-4.9061248321847675,21.268723943250016,22.071840562596414,34.38011015987651,34.38011015987651,32.610291836212795,0.0,169.90897026547293,9.044787112483949,21.173337093137782,4.5519512230879595,0.21498506367063103
20260910_105324,STILL_1P_NA,8,69,78,STILL,NAN,1,P02,LAB01,0,0.0,-5.1278399059496,13.360686645282385,-4.61787246729822,13.118223122671282,29.764598119612792,30.412314778318127,37.053184693754766,34.64741761326433,25.769753205925543,0.0,138.36667937675728,5.4389936158558925,21.82477695791916,14.310929031145262,0.6557193715536468
20260910_105324,STILL_1P_NA,9,74,83,STILL,NAN,1,P02,LAB01,0,0.0,12.731367793062645,9.483546695808172,11.481167049136634,12.611026702541093,27.88689136676274,30.412314778318127,37.053184693754766,37.053184693754766,40.349833437633755,0.0,205.7437794787807,9.600913999821682,18.919144043676017,15.875307361238928,0.8391134041048472
20260910_105324,STILL_1P_NA,10,79,88,STILL,NAN,1,P02,LAB01,0,0.0,-2.8958794556283465,1.8351242197895772,0.2963700297277727,4.233091026558574,18.99115221119971,17.841907168461955,37.053184693754766,37.053184693754766,45.865147923844745,0.0,205.7437794787807,9.624055982123457,14.615339900940192,3.428381356207129,0.23457417887260934
20260910_105324,STILL_1P_NA,11,84,93,STILL,NAN,1,P02,LAB01,0,0.0,-11.853003365849531,-2.9385203822066615,-14.268082133976836,-2.6195853685809256,13.623744590437349,14.236745709640804,17.841907168461955,17.841907168461955,27.124774086220036,8.15478059423967,105.54650933719782,3.912209457547786,12.619822518248014,12.211821765301208,0.9676698501617716
20260910_105324,STILL_1P_NA,12,89,98,STILL,NAN,1,P02,LAB01,0,0.0,-18.798881305848795,-9.70311907758446,-21.624592628116005,-11.007633801632732,23.889020663169248,20.623981361221894,39.85157771566363,39.85157771566363,37.51231756975227,27.07926274518485,117.7748045756938,12.376205207339954,21.390364624364295,21.155341126655813,0.9890126464959469
20260910_105324,STILL_1P_NA,13,94,103,STILL,NAN,1,P02,LAB01,0,0.0,-20.84497969896654,-2.3493825598977764,-25.27556113933914,-4.1866265412440296,29.720877288503374,29.407612244383667,39.85157771566363,39.85157771566363,46.15753929711948,29.1728714320311,147.46614660846777,7.862341699227444,25.978738438589893,20.976958241439082,0.8074663937598694
20260910_105324,STILL_1P_NA,14,99,108,STILL,NAN,1,P02,LAB01,0,0.0,-2.255689702302675,13.146722719121271,-6.068844950387833,13.419275930218145,25.68477909770856,21.961176996775023,35.710494418524426,34.76066423654279,35.176093397599416,9.33662053410344,147.46614660846777,6.0690775126158485,19.346018665802557,13.338832568352215,0.6894872169192576
20260910_105324,STILL_1P_NA,15,104,113,STILL,NAN,1,P02,LAB01,0,0.0,15.661990376050994,12.78573097454705,15.934914290596186,15.860017281719626,26.79498154471318,27.592084363415296,35.710494418524426,35.710494418524426,42.631088998615674,14.586495648646544,187.38675944754095,8.3076569579622,22.411035248314334,20.218131938757494,0.9021507357755023
20260910_105324,STILL_1P_NA,16,109,118,STILL,NAN,1,P02,LAB01,0,0.0,7.744843872717183,-4.41798674664642,12.785808474377681,-2.757744245937789,23.85180149283163,19.28332885280242,42.36818048325512,36.37626302499749,58.951665409794586,27.887629160285044,224.67519443431686,10.769043937841518,17.66652625003106,8.916345299858476,0.504702801992146
20260910_105324,STILL_1P_NA,17,114,123,STILL,NAN,1,P02,LAB01,0,0.0,-0.030500526239734427,-27.708327985350934,0.20093517138342473,-31.264770257533957,29.06875474297798,28.894546605580693,42.44858940506834,42.44858940506834,57.00770200817008,19.603376754012537,224.67519443431686,12.461012456745445,28.400391428085083,27.70834477239452,0.9756324958603845
20260910_105324,STILL_1P_NA,18,119,128,STILL,NAN,1,P02,LAB01,0,0.0,6.53591792753457,-6.117048819583033,6.559806793798543,-13.546332156882704,29.724631256552293,24.78625406045188,42.44858940506834,42.44858940506834,28.220963502367976,1.6938424899892186,159.04046575421881,9.253229333897737,24.052140670227537,8.951899765783237,0.3721872364094464
20260910_105324,STILL_1P_NA,19,124,133,STILL,NAN,1,P02,LAB01,0,0.0,6.790011429708784,12.558035810196998,9.755220131268516,14.311672041035909,21.157370430926203,21.112554357700624,24.78625406045188,24.78625406045188,15.712790675304225,2.481687563396024,56.07975349515987,2.7947560209409326,15.817897995672979,14.276152094516439,0.902531556242284
20260910_105324,STILL_1P_NA,20,129,138,STILL,NAN,1,P02,LAB01,0,0.0,5.300051785553478,9.355446496898821,6.014721820574865,13.31058358922723,19.63602255930549,18.455941193453803,24.78625406045188,24.311089873674742,18.49424144208166,3.7642392537483094,64.16938159877576,2.6135815026178726,13.747791699702551,10.752438239110468,0.782121119811781
20260910_105324,STILL_1P_NA,21,134,143,STILL,NAN,1,P02,LAB01,0,0.0,23.658559727379156,-4.964850063695849,27.27006521359172,-4.095073182210959,36.51324719288234,33.97826044289375,57.264421594055335,57.264421594055335,50.42929732664614,3.7642392537483094,217.6217485916533,17.421788156900668,32.255513458825064,24.17389469094601,0.7494500040064334
20260910_105324,STILL_1P_NA,22,139,148,STILL,NAN,1,P02,LAB01,0,0.0,29.48558144276808,-9.901418773343721,37.40280514836075,-12.193347011867804,43.64301701238289,40.85566081585128,57.264421594055335,57.264421594055335,71.1040548946543,45.0267406735665,217.6217485916533,10.789560497274548,35.84494479337453,31.103659057146842,0.8677279107679348
20260910_105324,STILL_1P_NA,23,144,153,STILL,NAN,1,P02,LAB01,0,0.0,-16.418279065428123,-3.6159673376907904,-16.684111950986185,-7.433524887789434,48.02110211002731,38.783905631791896,72.95909422168,72.95909422168,73.98372525756818,48.404181899593674,229.45855973591483,17.392918256371583,37.98625817585558,16.81175503204594,0.4425746530289116
20260910_105324,STILL_1P_NA,24,149,158,STILL,NAN,1,P02,LAB01,0,0.0,-30.762574090325074,-8.820086675223138,-36.30101758794462,-9.072756998282573,49.14177692311089,45.30545728322528,72.95909422168,72.95909422168,93.93608486172953,87.14285632941538,245.38585823251879,17.275913537574795,37.91536875403414,32.00202952347223,0.844038461845825
20260910_105324,STILL_1P_NA,25,154,163,STILL,NAN,1,P02,LAB01,0,0.0,25.5162029932128,10.41749673690515,23.694221418971704,10.54274560501631,50.5600379963973,49.60308666400318,71.44423201572039,71.44423201572039,103.73935824679344,93.31201741074179,261.98048258376184,16.84019474421547,38.233558248008215,27.56085726994484,0.7208551474902452
20260910_105324,STILL_1P_NA,26,159,168,STILL,NAN,1,P02,LAB01,0,0.0,35.63303798686229,12.256869567479953,44.68524829614903,15.029861852850363,49.001603020479614,42.650853487516656,71.44423201572039,71.44423201572039,90.68588380383468,29.90258184516524,286.4543210560643,17.33950493516557,38.26824807828368,37.68214760025478,0.9846844183504313
20260910_105324,STILL_1P_NA,27,164,173,STILL,NAN,1,P02,LAB01,0,0.0,16.137602054142462,6.885580897599539,20.980351755025314,9.172656797008518,30.486407658672487,30.30632468437845,37.15173154873051,32.468169202979546,41.188232428134924,7.719181167251563,286.4543210560643,2.9223957934495117,21.38175503955343,17.545182368822807,0.8205679251477034
20260910_105324,STILL_1P_NA,28,169,178,STILL,NAN,1,P02,LAB01,0,0.0,-4.3862997876599366,9.726489058816242,-1.7444595232573747,11.650002499901532,25.554672902134932,26.6204064531604,28.76949215813115,28.76949215813115,17.274404639923343,7.13170067488173,74.22161414700275,3.3809603162443698,18.568279592908766,10.669780468149177,0.5746240740700593
20260910_105324,STILL_1P_NA,29,174,183,STILL,NAN,1,P02,LAB01,0,0.0,11.88997362279406,9.154204156910964,10.822869229709692,12.44698770360218,31.351488371040762,25.74518512273701,57.12280662139845,57.12280662139845,53.53936479645383,17.037197684630556,238.315617823143,13.777578364013335,25.960843976088725,15.005696468246466,0.5780126594523463
20260910_105324,STILL_1P_NA,30,179,188,STILL,NAN,1,P02,LAB01,0,0.0,12.01419249260266,11.803819976260002,15.319130006692415,13.83304612929343,44.9939377830366,44.72442607455792,60.649270629221824,57.47545302218079,74.49397014353559,40.90911560418437,238.315617823143,13.052495712863147,37.59436884541319,16.842535061007435,0.4480068578957499
20260910_105324,STILL_1P_NA,31,184,193,STILL,NAN,1,P02,LAB01,0,0.0,-24.82610575838885,-7.002967271736225,-21.644750443153868,-4.16658154671755,47.626316752682435,44.72442607455792,60.649270629221824,60.649270629221824,65.95834443208375,0.4090050642657501,205.30979692919885,11.185298749666746,34.358263364401765,25.794904104022496,0.7507627446254552
20260910_105324,STILL_1P_NA,32,189,198,STILL,NAN,1,P02,LAB01,0,0.0,-3.094940089171814,-4.588774289757794,-10.184088375809841,-6.275397415057678,33.007021926877236,25.74668782854938,60.649270629221824,60.649270629221824,44.720502596883335,1.3345120549113358,205.30979692919885,15.27648414114663,23.579015875440895,5.534934835922188,0.23473985789573132
20260910_105324,STILL_1P_NA,33,194,203,STILL,NAN,1,P02,LAB01,0,0.0,10.009822002959709,1.0668478836353188,12.103709654757816,0.07069102918796029,17.80455162221474,21.051455156871686,21.216498967499533,21.216498967499533,24.56100491801251,1.8597952585313182,101.7528353952548,4.888286575894965,14.909542133374211,10.066513842326621,0.6751725674924162
20260910_105324,STILL_1P_NA,34,199,208,STILL,NAN,1,P02,LAB01,0,0.0,-2.1021294247045716,-4.896489952731599,0.8091666427302154,-5.606875987234881,12.62131996957886,10.392792148226231,21.051455156871686,18.909788508939172,22.507245922658484,14.544362747331752,71.28705424402628,4.490624396421528,9.049723389579041,5.3286547997980005,0.588819632424795
20260910_105324,STILL_1P_NA,35,204,213,STILL,NAN,1,P02,LAB01,0,0.0,-7.463550606402123,-9.605675451256047,-9.010443302624443,-11.161721835211393,14.909466996539246,15.618353719773044,20.594122373922374,20.594122373922374,19.655506971291224,13.287047819885153,58.60244013840384,4.826007690211339,13.30917964226788,12.164439507399779,0.9139886780675358
20260910_105324,STILL_1P_NA,36,209,218,STILL,NAN,1,P02,LAB01,0,0.0,0.8245002827178496,-8.888759392288648,0.2720433347523441,-11.673257800974424,16.983290489977243,15.67610596048635,20.594122373922374,20.594122373922374,13.434528627283422,3.922490277060358,58.60244013840384,2.5546657099010384,13.515945105730008,8.926916838987662,0.6604730020102809
20260910_105324,STILL_1P_NA,37,214,223,STILL,NAN,1,P02,LAB01,0,0.0,28.89993536983468,1.9873846434247753,32.25915326060247,2.2307079217807226,34.695348924031954,18.81971263068981,71.51858723925841,71.51858723925841,64.77157864716091,3.922490277060358,399.29667221127386,24.88840794537745,30.677162170236187,28.96818879566933,0.9442916732296396
20260910_105324,STILL_1P_NA,38,219,228,STILL,NAN,1,P02,LAB01,0,0.0,30.639925844772506,7.6233468770035415,35.653596551128786,7.82511179948226,37.49758110018566,30.411483040559645,71.51858723925841,71.51858723925841,130.0683673600284,106.77757216930243,399.29667221127386,24.44348774853666,32.04910029366525,31.57404746592172,0.985177342783709
20260910_105324,STILL_1P_NA,39,224,233,STILL,NAN,1,P02,LAB01,0,0.0,0.3284740583385428,4.713024478750867,4.586596366797658,6.479374242505626,16.27287068804146,12.624314063316056,43.81195248588274,26.643208027059543,72.93780110235835,7.853791750127835,311.2475539034213,10.006586200468377,9.5655693935776,4.724457105774829,0.49390233988024457
20260910_105324,STILL_1P_NA,40,229,238,STILL,NAN,1,P02,LAB01,0,0.0,0.38945128704460785,2.800143436809094,0.18330750258870337,4.376636568788553,15.024753874426588,12.624314063316056,27.35231174068842,22.04881584496407,25.49498549460266,10.201612892364492,109.76574812393507,5.734663205806781,12.024548448753256,2.827096668259815,0.23511042267478557
20260910_105324,STILL_1P_NA,41,234,243,STILL,NAN,1,P02,LAB01,0,0.0,14.540061417725155,13.307371455338398,15.413520992481072,13.083790151859963,25.717526694253856,27.423924770680003,39.34639438868416,36.90855217751949,33.59980784536683,22.29919839764368,109.76574812393507,9.58537504618195,20.93808983785448,19.710391195548983,0.9413652987539526
20260910_105324,STILL_1P_NA,42,239,248,STILL,NAN,1,P02,LAB01,0,0.0,17.006359694991147,13.322642146802309,21.15092034290366,17.034346113809008,30.27221777637276,31.74808734140392,39.34639438868416,39.34639438868416,40.59930629407933,30.445938207935356,119.10289041158238,8.090128346583295,24.617084120570794,21.603450276452893,0.877579577282282
20260910_105324,STILL_1P_NA,43,244,253,STILL,NAN,1,P02,LAB01,0,0.0,3.1341141594476767,0.047562115816617734,7.4153725426014745,3.033226617961644,18.023175365201276,13.627844713768205,39.34639438868416,36.90855217751949,36.57417576151359,32.825610186723694,119.10289041158238,11.503445169354945,11.748620375192406,3.1344750308961418,0.2667951581374344
20260910_105324,STILL_1P_NA,44,249,258,STILL,NAN,1,P02,LAB01,0,0.0,2.7686120776886582,3.133724525208436,2.076716489551732,1.9787376306218487,10.304076430768811,11.385157982059752,15.54624186065491,12.531540216133871,19.284762818174435,14.628534747728136,59.27043133154083,2.895301199875347,7.880299778665772,4.181559785129987,0.5306346081465919
20260910_105324,STILL_1P_NA,45,254,263,STILL,NAN,1,P02,LAB01,0,0.0,-40.54829772369965,10.832733118793158,-45.82073591323834,12.91819839697421,48.931963183046356,15.54624186065491,180.5068377452666,128.3960478440259,195.18651860828626,34.5498939254269,650.2063747113422,56.32063144433264,51.623696472282006,41.97037711425505,0.8130060414559803
20260910_105324,STILL_1P_NA,46,259,268,STILL,NAN,1,P02,LAB01,0,0.0,-100.78875628335174,-21.075896881913877,-113.84816719552347,-22.7627900733526,113.4422321355233,120.77832246517113,180.5068377452666,180.5068377452666,274.3435945695304,225.11873063864238,669.1221016321863,55.51097565946289,110.51540399880943,102.96876624744972,0.9317141549657547
20260910_105324,STILL_1P_NA,47,264,273,STILL,NAN,1,P02,LAB01,0,0.0,-52.23166552709836,-51.609461556554834,-82.68003672867272,-62.96930174170626,102.8849174478917,96.69968102849674,180.5068377452666,180.5068377452666,173.50175358153004,155.76174891898935,669.1221016321863,48.269564427567474,75.69058674090968,73.42808322360176,0.9701085218819546
20260910_105324,STILL_1P_NA,48,269,278,STILL,NAN,1,P02,LAB01,0,0.0,-10.334792433922871,-18.62283650303675,-18.383364725418854,-31.339501849909198,36.228046439900325,18.715347922210825,92.31159222658378,92.31159222658378,115.63216700879786,86.93415911310301,278.4292084910602,34.3457936503958,24.36579934830301,21.29830918338607,0.8741067296390348
20260910_105324,STILL_1P_NA,49,274,283,STILL,NAN,1,P02,LAB01,0,0.0,-7.350762527240136,-5.154541510537911,-8.79262823389855,-6.8074584819678865,30.416436596021867,14.466018860484649,128.97932253180625,68.80425243419566,163.34281213577134,74.08875544102764,749.9852944177793,36.875856429393714,25.60816424638301,8.977917793995234,0.3505881057156726
20260910_105324,STILL_1P_NA,50,279,288,STILL,NAN,1,P02,LAB01,0,0.5,-159.77452114719586,-162.2111234940853,-177.49509944596957,-180.49932480751647,261.8556284821114,256.0946415784849,524.628749850628,524.628749850628,737.2339281859429,224.8528680861251,2990.993027817813,215.62332238449693,237.15252541606594,227.68475177979997,0.9600772809833862
20260910_105324,STILL_1P_NA,51,284,293,STILL,NAN,1,P02,LAB01,0,0.5,-129.13473196259554,-157.2313208360904,-174.80533597266043,-202.42813659803122,317.7990210308612,311.9917659311818,524.628749850628,524.628749850628,893.9890977218956,644.7684874284822,2990.993027817813,161.8880021289101,240.1599329532146,203.46367550723394,0.8472007507883115
20260910_105324,STILL_1P_NA,52,289,298,STILL,NAN,1,P02,LAB01,0,0.0,47.21899655169136,31.044203185251718,38.49317070003298,15.60128529768453,144.61622934318459,142.34525821530536,240.77357123720012,166.90696597762627,371.12672739105756,131.6566346677196,1600.2110906288501,40.566884419481234,94.95871257055308,56.509965375638245,0.5951003741089275
20260910_105324,STILL_1P_NA,53,294,303,STILL,NAN,1,P02,LAB01,0,0.0,55.1597993395834,53.64475416664436,77.28986557103772,70.33001631623844,103.25883058987661,85.63307824509874,158.69956539322922,158.69956539322922,95.2876974358599,6.640452410410787,391.0653092886825,30.372450832202702,77.47927233843059,76.94389587733917,0.99309006854436
20260910_105324,STILL_1P_NA,54,299,308,STILL,NAN,1,P02,LAB01,0,0.0,38.287850117559856,37.35076490899837,49.26380279842916,47.55729188552808,71.56061672583478,72.40228899827059,85.63307824509874,84.57023399409806,39.26819075612271,8.222841907979783,120.43712844089657,13.084734034475968,54.821097559742924,53.48868203566052,0.9756952052514022
20260910_105324,STILL_1P_NA,55,304,313,STILL,NAN,1,P02,LAB01,0,0.0,6.72127897928101,43.54785298604929,13.143067459456717,53.2662220423328,64.05584175037336,60.68479317951693,91.18451120429728,82.82304809661615,71.64058546736813,67.41981232565549,228.96828111412415,13.543182550500195,49.205715106481314,44.06348931725547,0.8954953549989456
20260910_105324,STILL_1P_NA,56,309,318,STILL,NAN,1,P02,LAB01,0,0.0,-27.136348488733006,55.021561868359186,-28.53700341583333,66.50089610088904,75.06148085967091,79.39934606071824,91.18451120429728,91.18451120429728,77.61682485913738,60.89036244440397,228.96828111412415,15.860873603283945,64.23071579851924,61.349439115085964,0.9551417628215237
20260910_105324,STILL_1P_NA,57,314,323,STILL,NAN,1,P02,LAB01,0,0.0,-15.4577047623211,26.378563365871287,-21.496282072188166,38.93631435049037,53.2477305858637,44.49953581066191,91.18451120429728,91.18451120429728,79.51581956280873,15.271830694935474,406.4096011000373,30.40157889534221,38.397922113498744,30.573996169398125,0.7962409028026513
20260910_105324,STILL_1P_NA,58,319,328,STILL,NAN,1,P02,LAB01,0,0.0,24.35322013302607,14.024758102438682,25.15705544067285,17.20701097533845,37.1237609519038,36.5389992420163,53.538475192002224,53.538475192002224,84.54580895634905,33.831029491483996,406.4096011000373,13.36149252488378,29.765658348344292,28.10290324289549,0.9441384737407869
20260910_105324,STILL_1P_NA,59,324,333,STILL,NAN,1,P02,LAB01,0,0.0,29.87314755089119,3.5834535969152057,37.35679640794645,6.767164108333267,42.70488204148477,43.24212694112147,53.538475192002224,53.538475192002224,60.230212398649726,47.415963804319134,241.7791922045889,8.405857163288873,34.73557878810942,30.08730769408524,0.8661812684228148
20260910_105324,STILL_1P_NA,60,329,338,STILL,NAN,1,P02,LAB01,0,0.0,28.216578304254085,-13.57046023863768,35.64158829490148,-15.891465489678271,43.191795244509414,37.722409665051316,86.10242872738434,73.12639663036393,88.09731840742941,50.66018335651371,376.1898301300282,18.554223496552932,34.71386838266004,31.31026480706525,0.9019526277487724
20260910_105324,STILL_1P_NA,61,334,343,STILL,NAN,1,P02,LAB01,0,0.0,52.53679969010045,-2.119721216683047,59.57597712261395,-4.770042167599112,64.30357470588989,74.00688578572738,86.10242872738434,86.10242872738434,96.33980390061657,55.74810069219025,376.1898301300282,22.189066514356558,55.79330532970364,52.57954487929879,0.9423988159257901
20260910_105324,STILL_1P_NA,62,339,348,STILL,NAN,1,P02,LAB01,0,0.0,14.706438739792475,-4.628380203032975,26.05746276338496,-5.0095351474014045,60.310052952023355,58.208737156850276,86.10242872738434,86.10242872738434,63.33223979992225,54.887321686565606,203.56590606475254,19.74783617633423,44.14611508552097,15.417562833051678,0.3492394019991201
20260910_105324,STILL_1P_NA,63,344,353,STILL,NAN,1,P02,LAB01,0,0.0,-22.683450075308315,-4.374435365851468,-24.171929045320987,-5.6332991124321055,36.31252925427977,29.824751655567724,58.208737156850276,50.35945332915214,36.43462156410438,10.495656873025656,112.27452360735286,9.811255115414653,30.48018742336332,23.101398054858432,0.7579152232230376
20260910_105324,STILL_1P_NA,64,349,358,STILL,NAN,1,P02,LAB01,0,0.0,18.32956711599661,6.958246803033489,17.87591576514177,8.99277132247629,48.96037025644361,34.52953250357017,84.91760007597573,84.91760007597573,66.21849716884572,10.495656873025656,403.5193143924162,24.29570142124666,39.3299996960976,19.605872314991498,0.49849663021830204
20260910_105324,STILL_1P_NA,65,354,363,STILL,NAN,1,P02,LAB01,0,0.0,56.84129342599988,29.16254322819941,63.82368251290391,31.67251040279275,79.20150246715275,85.15148359030553,92.78134256019291,92.78134256019291,70.62459135628093,2.6220418875749987,403.5193143924162,18.012352300847077,65.90951530094763,63.885730534112355,0.9692944978036248
20260910_105324,STILL_1P_NA,66,359,368,STILL,NAN,1,P02,LAB01,0,0.0,51.112056987506094,38.00807161338389,64.19136129892095,46.633941097556836,80.26096220305291,85.53739687382453,92.78134256019291,92.78134256019291,76.88582000005957,12.157320607346383,363.68672201211024,17.796435945031096,63.86536558881543,63.695022389996765,0.9973327765801047
20260910_105324,STILL_1P_NA,67,364,373,STILL,NAN,1,P02,LAB01,0,0.0,26.499192179706938,13.354879354233844,36.518109383937066,20.131787322945623,46.32530868737383,36.325001348737686,86.58659578475117,85.77914355718748,117.64712503595312,102.78552175116249,363.68672201211024,29.440925586114655,32.53666768189626,29.674231055634493,0.9120242842860501
20260910_105324,STILL_1P_NA,68,369,378,STILL,NAN,1,P02,LAB01,0,0.0,25.02426798811871,0.9400728812722718,28.52574340161332,2.4203642541919503,31.709023793244647,38.678409704043574,42.91074648915304,42.91074648915304,59.09131503592037,13.614521905372413,201.29736275979144,12.325787153708617,26.63220210802482,25.0419193626065,0.9402872230028948
20260910_105324,STILL_1P_NA,69,374,383,STILL,NAN,1,P02,LAB01,0,0.0,20.434720791910195,7.341572025095729,27.12703822519665,7.901493279685459,30.971010153810756,34.06218912999064,42.91074648915304,42.91074648915304,36.37251772025415,37.394552050993404,73.47456388735016,11.782275406154781,23.798430636386406,21.713509473205733,0.9123924936464949
20260910_105324,STILL_1P_NA,70,379,388,STILL,NAN,1,P02,LAB01,0,0.0,2.06833274593464,0.9004529068481588,4.957885091298378,2.716902062712449,16.619617985507457,13.325107025245305,31.252232335044106,26.398917209978844,32.80249362961735,24.55680003928667,73.47456388735016,6.434020131115167,10.500906368903943,2.2558403723129055,0.21482339648252327
20260910_105324,STILL_1P_NA,71,384,393,STILL,NAN,1,P02,LAB01,0,0.0,15.805147334448975,0.07004308160685468,17.15104009909911,-1.0702859303139565,24.568210066898,17.35136709549457,49.92203262250344,41.12472709339009,46.642336188191116,27.277492409856016,137.06427816664797,13.58156312972634,20.081936797555482,15.80530253734235,0.7870407469495814
20260910_105324,STILL_1P_NA,72,389,398,STILL,NAN,1,P02,LAB01,0,0.0,47.70987017789048,9.848212970593295,55.69340662014614,11.424952547133449,54.56105021249725,51.228203846386776,80.02793833521933,80.02793833521933,74.56681109946071,65.70926983541963,208.80086496669986,20.79281076410708,48.8393935974267,48.71569573664453,0.9974672523209074
20260910_105324,STILL_1P_NA,73,394,403,STILL,NAN,1,P02,LAB01,0,0.0,40.56481213373718,8.8989261057784,50.77827321001793,10.80423230144144,52.404524049153665,56.048177950879136,80.02793833521933,80.02793833521933,101.4613884826131,64.80921714291945,229.49044072360869,24.395757271747634,42.738461989327085,41.52944580994906,0.9717112847982234
20260910_105324,STILL_1P_NA,74,399,408,STILL,NAN,1,P02,LAB01,0,0.0,25.64555212236621,-0.6513487591896592,34.61095650061124,0.7418731695775987,36.046664086529134,30.48961131770048,59.68335424882348,59.68335424882348,112.34397231023777,89.8345902274227,267.57595707393995,16.794204702485032,26.84137936905936,25.653822305206294,0.9557564815308266
20260910_105324,STILL_1P_NA,75,404,413,STILL,NAN,1,P02,LAB01,0,0.0,28.872722182553048,-5.766503198389273,34.42230497743057,-6.309754599247697,36.549311729669,30.48961131770048,59.68335424882348,59.68335424882348,88.01523726927061,48.44497542693033,267.57595707393995,16.250400619933263,30.91328713934893,29.44293880318207,0.9524363640288748
20260910_105324,STILL_1P_NA,76,409,418,STILL,NAN,1,P02,LAB01,0,0.0,-1.378427300835483,-11.416381022512496,4.304745431117309,-13.979227560458735,28.64139113777889,24.836037106986275,59.68335424882348,40.96123222124778,49.078806307620354,6.0697238716553095,233.93412136675968,11.437898830743785,19.012829692966072,11.499296390426332,0.6048177244590045
20260910_105324,STILL_1P_NA,77,414,423,STILL,NAN,1,P02,LAB01,0,0.0,-8.09008887744028,-11.976606362185066,-10.517380896157148,-15.018148303799439,19.73044829820653,20.359380219912154,25.248880304009504,25.248880304009504,22.45552761892238,16.285245863340236,51.76206448138321,5.317371801359083,15.516049553381274,14.452980246288817,0.931485826760537
20260910_105324,STILL_1P_NA,78,419,428,STILL,NAN,1,P02,LAB01,0,0.0,-0.3817938654910904,-6.304225033136163,-0.7907081524239563,-8.841556475207533,10.208911423172232,7.673305909864313,19.5499197641266,18.089821306291114,22.745394896604544,20.686674924712555,51.76206448138321,5.722814231386357,7.464825091761151,6.315775472904914,0.846071461188765
20260910_105324,STILL_1P_NA,79,424,433,STILL,NAN,1,P02,LAB01,0,0.0,-2.3881135592811233,0.2189473046164494,-1.9921679642805004,-0.3857687547984283,7.394435163690529,5.997931096348855,21.49819655630986,11.775019145828834,25.80136973932551,11.675525425685873,121.17286677683944,5.1389188630103515,5.858742213337814,2.3981293322548645,0.409324944660539
20260910_105324,STILL_1P_NA,80,429,438,STILL,NAN,1,P02,LAB01,0,0.0,-6.553572764926912,8.595423312991443,-7.055370022205437,9.808255194766206,16.33775338951401,21.49819655630986,25.428084654478745,24.312821065921504,24.13708072671375,13.665398609680558,121.17286677683944,8.207294770723955,13.475708815492466,10.808821300896254,0.8020966799512467
20260910_105324,STILL_1P_NA,81,434,443,STILL,NAN,1,P02,LAB01,0,0.0,5.945560096059921,6.535572346297158,4.522440406632072,8.02544982479158,24.027662959481084,24.70465378358687,25.428084654478745,25.428084654478745,5.229161981664354,0.0,16.805813343625758,1.478577048689157,21.886754139276427,8.835348931963253,0.40368475269286086
20260910_105324,STILL_1P_NA,82,439,448,STILL,NAN,1,P02,LAB01,0,0.0,-13.353015048516681,-2.9500233552582813,-10.647706847360945,-1.482269810210679,31.294081199401813,26.179067548885172,40.467368389209014,40.467368389209014,33.684757653467,0.0,167.47265890408363,7.349854450185199,27.334821623515428,13.675000865904261,0.5002776697887803
20260910_105324,STILL_1P_NA,83,444,453,STILL,NAN,1,P02,LAB01,0,0.0,-10.428892505127806,-3.8117225067639993,-15.451329373332104,-5.6202381508979276,25.735770781023934,21.8745302793329,40.467368389209014,40.467368389209014,53.035180751127044,26.58273475302886,167.47265890408363,12.50556372715498,18.724972068376577,11.103649280848263,0.5929861598886182
20260910_105324,STILL_1P_NA,84,449,458,STILL,NAN,1,P02,LAB01,0,0.0,-9.004596182783189,-7.56233371397002,-9.90688647103909,-8.897767141306916,23.430094903306575,15.503685257554377,51.129162732382525,46.612138067578314,62.19500680978566,42.63571096729757,180.8454017453113,14.106804884841619,19.42757933699355,11.758896360477083,0.6052682198078102
20260910_105324,STILL_1P_NA,85,454,463,STILL,NAN,1,P02,LAB01,0,0.0,-45.792262040779406,-4.054273616143973,-50.98780590249107,-5.891391970244394,54.53694979474869,52.36814656549922,107.35587932033503,86.03471443178704,105.20292157530848,91.8555169780069,267.1483706161318,27.170636642341478,47.25115968769832,45.9713867244177,0.9729155226720541
20260910_105324,STILL_1P_NA,86,459,468,STILL,NAN,1,P02,LAB01,0,0.0,-72.62193885934596,-8.073697629299659,-86.58802200497588,-7.928756468123881,86.2546512873054,88.055722173753,112.45383367585224,112.45383367585224,136.51574648098807,108.35161910554454,450.86902363351095,23.328486873595686,73.57443324126396,73.06935470564895,0.9931351352179802
20260910_105324,STILL_1P_NA,87,464,473,STILL,NAN,1,P02,LAB01,0,0.0,-33.632686732782304,3.2961448706639658,-49.733470103087456,0.8955702645737607,59.38430609746182,39.25656895836816,112.45383367585224,112.45383367585224,115.47314264605124,53.958979205960034,450.86902363351095,40.60162240270777,41.71824020754458,33.79381878204763,0.810049000483394
20260910_105324,STILL_1P_NA,88,469,478,STILL,NAN,1,P02,LAB01,0,0.0,5.6112893265390085,11.61852922420735,4.499791356479312,14.220739658955367,20.34086031138872,22.963977018544313,26.2294496982681,24.760166813452123,59.478608209020535,11.21609872459592,292.9977454674243,5.939864199273472,13.90929766568676,12.90258847053144,0.9276232905965627
20260910_105324,STILL_1P_NA,89,474,483,STILL,NAN,1,P02,LAB01,0,0.0,15.474946389974662,5.674277366013484,19.302555137655105,7.969906242531849,20.551678347381173,24.415842685440833,27.183968848675335,27.183968848675335,42.13259796966645,0.0,201.98273398703546,7.546841016785212,18.266947580941377,16.482457019481128,0.9023104131901009
20260910_105324,STILL_1P_NA,90,479,488,STILL,NAN,1,P02,LAB01,0,0.0,3.93668820936648,-3.948622979356287,4.9650063547315515,-4.326922182465284,23.13009683098689,23.744273804004767,27.183968848675335,27.183968848675335,25.50485911746043,0.0,201.98273398703546,4.943260584749076,22.444776788300878,5.575763399828366,0.24842142349727794
20260910_105324,STILL_1P_NA,91,484,493,STILL,NAN,1,P02,LAB01,0,0.0,-7.081190695212513,-15.02438720996065,-8.864778601028828,-16.896213156495445,24.40725623751419,24.032755435315835,26.83409335862061,26.83409335862061,7.021218077148357,0.0,34.6668262250878,1.2851954946842779,19.75985286058889,16.609499471591352,0.840567973292912
20260910_105324,STILL_1P_NA,92,489,498,STILL,NAN,1,P02,LAB01,0,0.0,3.8000342072507465,-8.866284000108635,3.478123269239339,-11.863123865480393,18.153454453508417,20.076306235501853,26.83409335862061,26.83409335862061,25.451998176441577,11.150178627716835,95.44532503934472,7.4462563236512835,13.532130656141181,9.646307684645882,0.7128447049296094
20260910_105324,STILL_1P_NA,93,494,503,STILL,NAN,1,P02,LAB01,0,0.0,12.124445969035264,5.664690567108437,13.45534124652048,4.791658649069047,18.087147012908133,15.514355096465962,37.73113011397287,31.66543343337472,48.89613335634265,49.952671053889915,118.33437119091215,9.574436992356063,14.374233471123352,13.38248516820186,0.9310051346449999
20260910_105324,STILL_1P_NA,94,499,508,STILL,NAN,1,P02,LAB01,0,0.0,32.164444661619086,7.749644673354169,36.495671722051505,9.779302604110821,37.45485207250654,35.06374130651544,55.37943027423161,55.37943027423161,75.47557220802318,56.819624537516376,258.920495411176,15.096096411753397,33.79254788435735,33.08486803591036,0.9790581091763556
20260910_105324,STILL_1P_NA,95,504,513,STILL,NAN,1,P02,LAB01,0,0.0,12.151765672420765,8.71711431865765,18.62644005527789,10.480672942673497,37.80835820472133,31.822063411791444,55.37943027423161,55.37943027423161,62.064023726729076,29.993344927456782,258.920495411176,13.60126714228862,31.01135977121656,14.955049013693333,0.48224422031226055
20260910_105324,STILL_1P_NA,96,509,518,STILL,NAN,1,P02,LAB01,0,0.0,0.8651261036906135,15.186160789599171,1.9252585121147117,19.0361668895138,30.71227550035682,32.76282161234914,36.35437745665149,36.35437745665149,22.072504178871974,0.0,88.11156215896757,5.219362247169777,24.30078906220939,15.210783106166698,0.6259378272543944
20260910_105324,STILL_1P_NA,97,514,523,STILL,NAN,1,P02,LAB01,0,0.0,2.9845591457554974,13.440262874391237,2.9772966309355273,16.835748253258718,29.70997943732591,31.44283506271169,36.35437745665149,36.35437745665149,24.841893365310828,22.896596678915735,87.04898508165451,6.161028171386842,22.989327007023928,13.767652647682981,0.5988714956064852
20260910_105324,STILL_1P_NA,98,519,528,STILL,NAN,1,P02,LAB01,0,0.0,21.747664662157717,18.14606828856904,25.123071041186197,23.181778617085477,49.058709437635876,26.72440519059118,120.91827806645207,97.72943757290389,128.73763846287227,64.67032696501118,364.8188034750343,34.221621380089964,40.171076043513324,28.323854126708717,0.7050807923598638
20260910_105324,STILL_1P_NA,99,524,533,STILL,NAN,1,P02,LAB01,0,0.0,84.14100520481452,64.15458254158398,96.67890086435013,73.05119900746762,115.86697940755903,108.03558890336976,190.82059144885685,190.82059144885685,319.73676032246686,270.2297806165925,784.7226998777068,57.6957693527688,106.18725821864501,105.80888061954694,0.9964366948968681
20260910_105324,STILL_1P_NA,100,529,538,STILL,NAN,1,P02,LAB01,0,0.0,26.67771351422232,24.418268879878724,45.06654962930751,40.98498223861854,108.5832498021895,71.20316081111761,190.82059144885685,190.82059144885685,249.57830864662938,83.99541162372329,784.7226998777068,59.00013069921956,79.10309543818924,36.16562253628401,0.4571960469555031
20260910_105324,STILL_1P_NA,101,534,543,STILL,NAN,1,P02,LAB01,0,0.0,-39.602107411301176,-18.21669646649525,-44.33943977432016,-20.299481538057144,54.88416288950715,55.73994086143583,68.62277127895749,68.62277127895749,88.07930266034,59.72809111679924,278.29337930637337,14.285749009604901,44.27269900357034,43.59099610663487,0.9846021834611779
20260910_105324,STILL_1P_NA,102,539,548,STILL,NAN,1,P02,LAB01,0,0.0,-22.713561333457505,-10.995565900354222,-32.092319384849105,-15.50351852874889,38.262744914993945,28.96701868836122,68.62277127895749,65.96930495341635,59.92622924260826,34.881102492479684,278.29337930637337,17.27959812207975,26.42494559393905,25.23506167850137,0.9549711876905208
20260910_105324,STILL_1P_NA,103,544,553,STILL,NAN,1,P02,LAB01,0,0.0,-13.515913852557333,-18.51787707807489,-16.0408470399335,-21.793401640009503,30.36428302631241,31.735910272529267,41.858790505937115,33.655498191685105,23.135789355511115,7.852703785366347,102.42694788126185,5.135806581623846,24.41369249132629,22.925786764000982,0.9390544577452209
20260910_105324,STILL_1P_NA,104,549,558,STILL,NAN,1,P02,LAB01,0,0.0,-12.847669125643051,-25.672254104359126,-17.257674875760788,-30.512376851893066,37.01151395858033,36.87343371031493,43.04412172182705,43.04412172182705,28.257149342757724,9.14476592138378,128.17871591379003,5.246349644019323,30.487836938843508,28.7076162848953,0.941608823954313
20260910_105324,STILL_1P_NA,105,554,563,STILL,NAN,1,P02,LAB01,0,0.0,-6.8650601914586105,-13.410923825990722,-7.664990742879229,-19.44395452609426,29.413526084371398,30.120648925271013,43.04412172182705,43.04412172182705,47.79357482487605,11.457927237538986,162.50465678381778,11.649066063323989,21.40290991179523,15.065919464104251,0.7039192112751622
20260910_105324,STILL_1P_NA,106,559,568,STILL,NAN,1,P02,LAB01,0,0.0,61.06370475197912,-5.843559106288694,67.49583858502383,-7.766482653717512,58.588719777240115,47.00262239196538,116.21946137135657,116.21946137135657,169.98864212503833,75.49597674468005,594.0391040056084,42.81243938173028,67.03877520307135,61.34267047549827,0.9150326850346138
20260910_105324,STILL_1P_NA,107,564,573,STILL,NAN,1,P02,LAB01,0,0.0,25.460170977648886,-17.523426434765952,34.850429326252694,-18.825294392337213,86.78943259018358,78.27948598357051,116.21946137135657,116.21946137135657,143.79170593217225,0.0,594.0391040056084,19.6992498823905,89.20475947253165,30.907778636223096,0.346481273185209
20260910_105324,STILL_1P_NA,108,569,578,STILL,NAN,1,P02,LAB01,0,0.0,-51.24844866787373,0.6457170089863666,-57.96497877277392,-4.4571357586434015,69.27249324255918,73.68547110291836,80.24554785757113,80.24554785757113,62.297529644990775,0.0,323.17186461229716,11.852719868762629,58.032430317126156,51.25251643889676,0.8831702577131506
20260910_105324,STILL_1P_NA,109,574,583,STILL,NAN,1,P02,LAB01,0,0.0,-39.00913820351275,18.432726001693027,-49.00695626820593,21.078948280198475,57.83361574407945,51.53948381151776,80.24554785757113,80.24554785757113,105.39197513376276,38.55567198284054,323.17186461229716,16.454506913016818,47.14809312432428,43.14485196676711,0.9150921937181836
20260910_105324,STILL_1P_NA,110,579,588,STILL,NAN,1,P02,LAB01,0,0.0,-31.545592172186616,14.091741604795743,-42.65517186130623,19.302172116312235,46.55619624374329,41.8029437053888,80.24554785757113,66.02093349891025,53.396845613676305,11.860787635579443,228.17879513555286,13.552388444911818,35.11816550729277,34.549986497106666,0.9838209370569736
20260910_105324,STILL_1P_NA,111,584,593,STILL,NAN,1,P02,LAB01,0,0.0,-27.90279579824619,5.654950317396697,-35.083255495210565,6.435778710439143,37.49874150601457,37.78909551489088,41.8029437053888,41.8029437053888,17.73964340492885,11.860787635579443,60.23317577419143,3.5637517094918065,30.028751515304492,28.470062810799174,0.9480934562427308
20260910_105324,STILL_1P_NA,112,589,598,STILL,NAN,1,P02,LAB01,0,0.0,-23.031936175099418,-13.895297353687965,-29.572852047577193,-14.572012511963786,36.43245693474482,34.17264260094843,42.487772369888056,42.487772369888056,32.58643052408263,16.01178166900105,114.1428972256169,4.337445158199662,28.545679316588593,26.898873071585378,0.9423097896273844
20260910_105324,STILL_1P_NA,113,594,603,STILL,NAN,1,P02,LAB01,0,0.0,-15.35606552445654,-19.05328332510726,-21.30171018450079,-23.978928451899137,31.82168909361037,31.78152705797475,42.487772369888056,42.487772369888056,38.39011963669652,3.629705917200228,114.1428972256169,8.578402410802186,24.752787509474675,24.471133072626877,0.9886213042979507
20260910_105324,STILL_1P_NA,114,599,608,STILL,NAN,1,P02,LAB01,0,0.0,-4.5118001989912955,-5.771660851759179,-5.87451657159018,-8.216363677029499,17.021222641772802,12.512233494532968,31.693078026638908,31.693078026638908,27.32100012465532,6.2407623027989825,93.60400375383716,9.328030956002767,12.835422895643465,7.325872645859153,0.5707542872113442
20260910_105324,STILL_1P_NA,115,604,613,STILL,NAN,1,P02,LAB01,0,0.0,-10.638727447276324,-3.3763157101975594,-11.295206365884628,-4.268932520543286,17.02152894741857,12.313872600743377,27.863000893609776,27.863000893609776,30.499929004055048,6.2407623027989825,143.3477821092431,9.04621848666695,15.550336496517819,11.161632025486123,0.7177743084842918
20260910_105324,STILL_1P_NA,116,609,618,STILL,NAN,1,P02,LAB01,0,0.0,-4.626665009400426,0.8758617534417681,-6.704956155782412,0.9511209362957335,22.432270445179256,21.171838904660902,27.863000893609776,27.863000893609776,32.43380087718238,4.6196511506690925,143.3477821092431,4.8122889722754,19.313831806956173,4.708838808066415,0.24380655558833508
20260910_105324,STILL_1P_NA,117,614,623,STILL,NAN,1,P02,LAB01,0,0.0,13.32284208395754,10.299111668131673,16.43079552769795,13.383387874071124,22.896556327024115,21.171838904660902,33.00826463476521,33.00826463476521,27.505749432926724,4.6196511506690925,107.17673084343564,5.490214654144108,17.624260743749712,16.839531535844934,0.955474489437347
20260910_105324,STILL_1P_NA,118,619,628,STILL,NAN,1,P02,LAB01,0,0.0,5.2465968768370885,3.6057284589364826,7.504299959493636,4.858648055789105,28.321437047308173,30.85558932952513,33.413958198858545,33.413958198858545,41.38080298852217,14.390645006936838,111.74373034627384,5.302680101934363,26.101667782590546,6.366164976469048,0.24389878185160233
20260910_105324,STILL_1P_NA,119,624,633,STILL,NAN,1,P02,LAB01,0,0.0,5.225115529434902,4.080513355219864,8.665016242191275,6.4225193944368755,33.748041602551005,34.983733758426354,39.242314657825176,36.82238985197726,34.149284842753005,14.390645006936838,111.74373034627384,4.289010083995186,27.44337695406514,6.6296622491699715,0.2415760370987409
20260910_105324,STILL_1P_NA,120,629,638,STILL,NAN,1,P02,LAB01,0,0.0,13.980904943834503,-6.468588423375195,15.109462053255072,-6.585167906530496,35.044303727664605,36.55350931799416,39.242314657825176,39.242314657825176,20.230739758423145,7.8191247778299795,75.81641636981756,3.1954384547304517,27.992113768552375,15.40481545619939,0.5503269807907778
20260910_105324,STILL_1P_NA,121,634,643,STILL,NAN,1,P02,LAB01,0,0.0,-9.817858393965253,-13.20572956296246,-9.303182405009503,-17.60211815330788,31.836679137372403,31.315234816303253,39.242314657825176,33.17740317524635,13.953112075230024,8.339414231398255,75.81641636981756,2.721187264423089,24.014668145646848,16.45544398471383,0.6852247087035729
20260910_105324,STILL_1P_NA,122,639,648,STILL,NAN,1,P02,LAB01,0,0.0,-26.742017842709515,-0.2868718583190457,-31.62392629130155,-2.834783581285952,34.48160228409243,34.62433139647658,40.461543893524706,40.461543893524706,12.1926901645874,3.311985390230036,49.90537163188516,4.083350102566093,27.42008517377449,26.743556490543465,0.9753272581414854
20260910_105324,STILL_1P_NA,123,644,653,STILL,NAN,1,P02,LAB01,0,0.0,-28.547006884647885,8.436027652221355,-35.752254494376956,9.342339716787023,41.797111731593006,40.461543893524706,49.94866516455105,48.12108007971479,19.748253296609057,11.414687597737851,49.90537163188516,4.401059327439668,33.040414803913954,29.7674010390759,0.900939083717244
20260910_105324,STILL_1P_NA,124,649,658,STILL,NAN,1,P02,LAB01,0,0.0,10.038502553993226,19.967545004711383,7.4067674245672706,23.6689606899185,48.48392814896188,48.93334011741979,57.885140781532236,57.885140781532236,51.992264830774936,24.036087742023795,323.9628340122294,8.949555104120696,40.21254615600205,22.348923621546138,0.5557699215275972
20260910_105324,STILL_1P_NA,125,654,663,STILL,NAN,1,P02,LAB01,0,0.0,3.9169786652437324,-1.0584160351763785,8.930509854359292,2.087386213880252,50.20229229889449,56.562071226343214,83.01945708015518,60.39857241139452,101.9386586270803,44.525147321291925,323.9628340122294,16.460162101261684,39.965485317909625,4.057458116542062,0.10152405467534267
20260910_105324,STILL_1P_NA,126,659,668,STILL,NAN,1,P02,LAB01,0,0.0,-16.095675700139395,-31.409814520296322,-18.6664856927028,-34.10149766761332,54.22456293937396,45.280761416879926,83.01945708015518,83.01945708015518,104.85628340523299,10.058456158574732,422.07246411919067,20.389147593730453,47.460432360928344,35.29372783432596,0.7436453078624167
20260910_105324,STILL_1P_NA,127,664,673,STILL,NAN,1,P02,LAB01,0,0.0,17.477189775708894,6.792017105411105,13.935494169377424,-1.6324103214973698,53.84647953096529,48.83015831852181,83.01945708015518,83.01945708015518,51.909855242931954,0.0,422.07246411919067,14.773327384791752,42.94740996183759,18.750564226613037,0.43659359768783496
20260910_105324,STILL_1P_NA,128,669,678,STILL,NAN,1,P02,LAB01,0,0.0,22.73683913231025,21.58641887722456,28.378162585015218,27.56889092882878,40.59420710823309,43.27322393702807,49.356360108686154,49.356360108686154,31.52928579260534,5.9135756688356995,163.00938344594547,9.210743106073785,32.71404106127212,31.35183142452051,0.9583600927136992
20260910_105324,STILL_1P_NA,129,674,683,STILL,NAN,1,P02,LAB01,0,0.0,-4.681932121264822,6.934715695056639,-1.2626186732261524,10.52044853445016,32.42768536019388,28.866180937135876,42.98147681134713,41.74119982980136,35.86056719866767,17.45299294700075,163.00938344594547,5.9052034220708975,21.247344492449816,8.367243880717007,0.3938018646843272
20260910_105324,STILL_1P_NA,130,679,688,STILL,NAN,1,P02,LAB01,0,0.0,27.271596680280936,21.788329498301437,27.85919633785128,25.219790386096683,55.96026908348689,39.62524438610134,91.22692567198118,91.22692567198118,72.02369423128582,29.840399855676935,503.5590725826389,28.069486051709116,50.74368156409163,34.90660808240272,0.6879005820323472
20260910_105324,STILL_1P_NA,131,684,693,STILL,NAN,1,P02,LAB01,0,0.0,38.72274029569098,11.039659445129018,46.76211526777157,14.978111173687836,62.313289136241565,52.723256443139505,91.22692567198118,91.22692567198118,133.1281715197414,48.2279398383083,503.5590725826389,23.162498133760735,55.068022533506124,40.26567640897091,0.7311988801571959
20260910_105324,STILL_1P_NA,132,689,698,STILL,NAN,1,P02,LAB01,0,0.0,3.7162826289400073,-26.422884601762462,8.953439564734888,-27.15082189918481,49.934250828756774,51.329313172879054,61.26873063047093,60.06074517941612,102.3987445297652,55.91705499041706,418.1142015501282,8.636651080136316,44.44265585441813,26.682945625552982,0.6003904382528116
20260910_105324,STILL_1P_NA,133,694,703,STILL,NAN,1,P02,LAB01,0,0.0,2.6216827269208807,-16.439768778888038,-2.2993504958083926,-25.451016681366006,46.9215261526756,45.088424372451556,61.26873063047093,60.06074517941612,52.863561012745734,15.11088514141883,180.27730325680182,10.96767508521114,38.996127187671945,16.64749884589085,0.4269013372987899
20260910_105324,STILL_1P_NA,134,699,708,STILL,NAN,1,P02,LAB01,0,0.0,46.93148013897712,24.367881853369,57.0539889582818,28.369360306697303,69.25682867977704,44.436099613446444,144.00459688960572,144.00459688960572,150.1211282502607,90.58783445246851,496.57415516587776,42.79498290237449,79.04918547697883,52.88059657431026,0.668958146187483
20260910_105324,STILL_1P_NA,135,704,713,STILL,NAN,1,P02,LAB01,0,0.0,85.73233345476297,57.80058967405762,93.78480581269967,63.68783151838487,97.48169568311059,82.5611724360258,144.00459688960572,144.00459688960572,196.10391947150362,71.92409483603369,692.0995882852704,34.038590954120004,104.05566251048154,103.39700753052502,0.9936701668696774
20260910_105647,WALK_1P_AWAY,0,52,61,WALK,AWAY,1,P02,LAB01,0,0.9,-194.005945465685,476.67045374033876,-235.21259203721394,553.6923910354046,613.9251346266253,662.6937023154494,785.5463935405544,762.4061721937369,708.9279810700658,491.74245439219703,2071.504878789899,160.04535109525133,524.1246297443515,514.6387357603921,0.9819014534985958
20260910_105647,WALK_1P_AWAY,1,57,66,WALK,AWAY,1,P02,LAB01,0,1.0,-124.38184422180962,625.1760071189412,-156.52909258952454,769.2950752192341,789.1274763286546,804.584885814498,857.427218925509,851.4993895551501,246.02939678790244,236.45944094024753,543.9153485870568,58.080486843126806,639.7213479904877,637.4291200197878,0.9964168337075191
20260910_105647,WALK_1P_AWAY,2,62,71,WALK,AWAY,1,P02,LAB01,0,1.0,4.440436847922399,695.987084753504,-17.866486388244674,861.3986436378897,870.1753808815904,862.0268771554304,914.2642401256168,914.2642401256168,144.52957908204675,127.01188883230662,426.62809994159477,33.0602859802328,700.8556446151533,696.0012497281032,0.9930736166222707
20260910_105647,WALK_1P_AWAY,3,67,76,WALK,AWAY,1,P02,LAB01,0,1.0,56.89490191205505,683.1611183310572,64.21589064981488,854.1039053227989,864.8601084456743,856.7639340923877,914.2642401256168,914.2642401256168,189.3856428698594,158.24661242982828,757.0652325401845,37.67002798200355,686.6297664014432,685.5261799981989,0.9983927489642226
20260910_105647,WALK_1P_AWAY,4,72,81,WALK,AWAY,1,P02,LAB01,0,1.0,5.974997129885253,665.5921003464041,9.754934755427257,832.220967531802,846.2524100468396,849.7882409702582,864.5318968399212,864.5318968399212,165.0873971676817,66.5965646311744,757.0652325401845,17.676798566585227,668.5105000804233,665.6189184768111,0.9956745905961623
20260910_105647,WALK_1P_AWAY,5,77,86,WALK,AWAY,1,P02,LAB01,0,1.0,16.78202956542077,657.9545636605994,23.805847288612103,826.725620122798,845.0371977272525,854.6288938114845,864.5318968399212,864.5318968399212,138.4810384853227,140.0578889804386,358.2931680965281,20.1448120877795,670.0162621203708,658.16855315196,0.9823172814777408
20260910_105647,WALK_1P_AWAY,6,82,91,WALK,AWAY,1,P02,LAB01,0,1.0,141.16652159482305,683.3237424391355,141.22404046980347,850.9917659848097,863.7060138927667,856.7244528362894,918.1204466785864,918.1204466785864,236.78912076453042,235.54961006031488,687.2762099486663,40.96061431181405,703.3359295015081,697.7530535943268,0.9920622910432884
20260910_105647,WALK_1P_AWAY,7,87,96,WALK,AWAY,1,P02,LAB01,0,1.0,186.95200009453328,654.0015547817043,233.8682430032324,819.9463477585065,846.3977246876872,841.7136454294509,918.1204466785864,918.1204466785864,275.0918746017599,327.0204710153654,687.2762099486663,57.8451883597103,685.5828165314342,680.1978271034338,0.9921453844843361
20260910_105647,WALK_1P_AWAY,8,92,101,WALK,AWAY,1,P02,LAB01,0,1.0,290.57286405346855,576.4931332123638,346.14632736906066,728.1001785153578,813.0867888710821,821.1485015530343,857.3470831601093,857.3470831601093,308.5544830069751,243.50364539745135,1100.6042336749576,39.737223748983546,653.3517564597979,645.5826221059887,0.9881088031416545
20260910_105647,WALK_1P_AWAY,9,97,106,WALK,AWAY,1,P02,LAB01,0,1.0,386.2874145040639,520.2915974718185,486.8791009437856,652.3796833743866,827.1992062737269,850.8266451036015,905.1343077264662,905.1343077264662,349.74081060652753,73.17865904074826,1101.6663000800968,59.397841122035736,659.9594645554555,648.0133586616955,0.9818987278229174
20260910_105647,WALK_1P_AWAY,10,102,111,WALK,AWAY,1,P02,LAB01,0,1.0,394.1081174979554,527.8961222187822,470.83624525133837,655.3415566425285,841.0021757705141,847.6677899941242,905.1343077264662,905.1343077264662,248.37249754130363,0.0,1101.6663000800968,56.3517068117027,681.0368838508315,658.7833666171374,0.9673240645824283
20260910_105647,WALK_1P_AWAY,11,107,116,WALK,AWAY,1,P02,LAB01,0,1.0,190.7604113344276,640.5077080959309,289.8736837436654,781.5024215673714,845.0922201043244,850.0340944469721,905.1343077264662,878.4665126701543,263.0553685241981,26.510244822405326,884.9479807000986,47.644137450714915,676.1126713911739,668.3110493346509,0.9884610622065841
20260910_105710,WALK_1P_AWAY,0,57,66,WALK,AWAY,1,P02,LAB01,0,0.9,-114.23837993336122,439.0541175257474,-142.43764422243163,510.43104757798426,538.8384771593321,567.2359511003297,843.4747168756389,836.2446055643231,778.1812644890267,744.5605263252301,1952.8787305988785,226.9595433858955,459.8472411308745,453.67270753938,0.9865726418705701
20260910_105710,WALK_1P_AWAY,1,62,71,WALK,AWAY,1,P02,LAB01,0,1.0,-162.9683493126867,634.2017517057774,-201.3577080705556,771.3647010720795,799.5564142693289,846.0164947240753,860.4562693843723,860.4562693843723,383.8004572425606,93.8820855041709,1087.1699708853698,83.31036816133668,658.7056698580068,654.805730537217,0.9940793900838435
20260910_105710,WALK_1P_AWAY,2,67,76,WALK,AWAY,1,P02,LAB01,0,1.0,-55.01807697542358,660.099634061279,-80.25289966354096,825.0475413911415,873.7851505095834,860.4562693843723,920.0598873943011,920.0598873943011,86.01315664756062,24.608474122432764,402.93136434688915,25.791615259836462,701.7725678496095,662.3884930174346,0.9438791474097419
20260910_105710,WALK_1P_AWAY,3,72,81,WALK,AWAY,1,P02,LAB01,0,1.0,210.56620160798877,677.1439488842234,205.45490314542354,843.5955031701236,894.7248550877368,887.9443252413116,920.0598873943011,920.0598873943011,110.69258757122718,74.50249212567232,402.93136434688915,19.797760833265478,717.8481878234049,709.1276702894451,0.9878518638315416
20260910_105710,WALK_1P_AWAY,4,77,86,WALK,AWAY,1,P02,LAB01,0,1.0,14.721239279260885,659.9032050665846,58.406756483122294,826.1244131466983,876.2088800891677,876.2662190933324,920.0598873943011,908.3465900309237,100.28881018579378,113.91075712423063,239.1459518929448,25.26651280503522,688.7712366287208,660.0673866682614,0.9583260037092227
20260910_105710,WALK_1P_AWAY,5,82,91,WALK,AWAY,1,P02,LAB01,0,1.0,67.72299596741084,598.527021162121,79.34647350511894,759.3973611114778,829.1157207309722,821.5223299213797,871.4586875574832,867.5063579597887,189.9578582117019,135.07065891520904,559.3985642352053,32.47731549251345,646.859110704523,602.3462453141083,0.9311861506566186
20260910_105710,WALK_1P_AWAY,6,87,96,WALK,AWAY,1,P02,LAB01,0,1.0,298.7531869817899,583.7029728963589,351.3172788433166,728.6683852226157,812.7756739357756,812.2409822019073,832.4041700328188,832.4041700328188,198.37365867324985,144.92536040187244,559.3985642352053,20.505152332813495,657.1366058274879,655.7153553942624,0.9978372070272423
20260910_105710,WALK_1P_AWAY,7,92,101,WALK,AWAY,1,P02,LAB01,0,1.0,176.83862845438432,606.969257786127,242.58143192054405,752.8962233110383,802.078761176256,792.0445691643533,832.4041700328188,832.4041700328188,97.62309020814371,59.04232723622221,346.5649287670331,24.029522193028427,642.7289048537605,632.2053308942195,0.9836267299010998
20260910_105710,WALK_1P_AWAY,8,97,106,WALK,AWAY,1,P02,LAB01,0,1.0,225.22881121084802,575.3321364472445,265.6426863630381,723.0792499914933,789.3161059825622,790.261279824356,805.6619031942157,805.6619031942157,51.12576250847887,25.065542786952133,194.63223476949057,10.293907446294751,633.5555585706176,617.8471369427899,0.9752059288008335
20260910_105710,WALK_1P_AWAY,9,102,111,WALK,AWAY,1,P02,LAB01,0,1.0,255.50139218778423,554.9700362305966,322.670627754523,694.3308985607912,771.2706424609427,792.4924702656924,805.6619031942157,805.6619031942157,126.67742714439899,51.52033301847013,452.65016552114184,37.28205956681085,619.3390283258929,610.9604754185705,0.9864717827811206
20260910_105710,WALK_1P_AWAY,10,107,116,WALK,AWAY,1,P02,LAB01,0,1.0,91.93397137799344,545.9731448944276,142.41730363988762,686.2075002183266,727.0841185306324,712.5517466335892,805.6619031942157,769.2465594981725,127.2126712216552,51.47614992768168,452.65016552114184,31.133841821356754,568.1926338002127,553.6592183277014,0.9744216756642757
20260910_105755,WALK_1P_AWAY,0,50,59,WALK,AWAY,1,P02,LAB01,0,0.9,-214.79986324488357,287.88571711632557,-264.8293109163004,326.7316628788309,443.76559220987093,347.08489839111485,723.507578577073,684.2578682240663,679.6207995444371,615.761504528874,1827.0905798743704,164.9602907039061,373.82871985785255,359.18959808101584,0.9608400291384697
20260910_105755,WALK_1P_AWAY,1,55,64,WALK,AWAY,1,P02,LAB01,0,1.0,-230.64526113243204,533.5733836141475,-280.6507787121777,627.6694746504058,685.4913261157905,748.5194790046733,799.9898203236431,799.9898203236431,544.8183517549021,394.1227245598506,1827.0905798743704,143.66618179149995,582.1052844135626,581.2897661100683,0.9985990192404526
20260910_105755,WALK_1P_AWAY,2,60,69,WALK,AWAY,1,P02,LAB01,0,1.0,-104.21807154426381,603.5875654132022,-152.0893177691749,750.0869965195818,779.0409141421296,798.8750159784386,802.0022781379901,802.0022781379901,226.80158703442743,12.48814644730656,833.9057192803575,27.769458145405487,626.7594041275609,612.5188613894612,0.9772790920338527
20260910_105755,WALK_1P_AWAY,3,65,74,WALK,AWAY,1,P02,LAB01,0,1.0,31.824948613161155,603.5459115390513,16.634728036376778,749.3329023155785,754.3064121949631,738.3811777029595,802.0022781379901,802.0022781379901,221.3306673306176,140.58147108433718,716.5264546522759,36.70774153045522,606.0503332918499,604.3843931553284,0.9972511521815809
20260910_105755,WALK_1P_AWAY,4,70,79,WALK,AWAY,1,P02,LAB01,0,1.0,38.22584363919577,574.7232116040841,48.20425252203444,727.8244822338868,733.4530242019541,726.0790029114062,802.0022781379901,779.461641878387,181.88091909525215,171.86175256565008,447.09508454423815,34.304327409413276,577.3937990177848,575.9930425607944,0.9975740015577353
20260910_105755,WALK_1P_AWAY,5,75,84,WALK,AWAY,1,P02,LAB01,0,1.0,-368.1826558867726,523.725998876911,-404.53667938900514,656.4334193834202,860.8564004355482,799.1586571888968,1053.2574285090122,1053.2574285090122,469.36117625054305,171.86175256565008,2382.2560350932436,151.2501517462386,734.2594924596818,640.1932442594625,0.8718896396080511
20260910_105755,WALK_1P_AWAY,6,80,89,WALK,AWAY,1,P02,LAB01,0,1.0,-474.0955315163024,500.65816196906417,-581.6404345906174,631.3946809882673,901.6514384782655,904.2076508500885,1053.2574285090122,1053.2574285090122,687.333924003334,487.2179327535242,2382.2560350932436,130.305858921805,749.9478193899823,689.5108180079316,0.9194117246301069
20260910_105755,WALK_1P_AWAY,7,85,94,WALK,AWAY,1,P02,LAB01,0,1.0,256.2115555677242,515.6615640412438,214.4254976348182,642.069555453302,868.1537858049484,884.1612475950333,970.3679171670292,970.3679171670292,550.3272732864131,384.026036306642,1459.2761352973148,99.40344383566662,693.8599876368024,575.8048365860561,0.829857387435141
20260910_105755,WALK_1P_AWAY,8,90,99,WALK,AWAY,1,P02,LAB01,0,1.0,333.51931096918975,465.22341034298915,417.2963030105001,592.923337306436,774.2535841438919,785.5899897631634,970.3679171670292,970.3679171670292,716.9706168784186,345.88976741379975,2472.2486125243145,170.7061678554646,629.2812307592014,572.4228789282661,0.9096455621879297
20260910_105755,WALK_1P_AWAY,9,95,104,WALK,AWAY,1,P02,LAB01,0,1.0,133.08510172740102,411.6623255301497,198.86317419001938,518.95010031284,618.2231037834733,578.5501013414035,751.0522705013848,720.8436673296202,627.7232780198325,180.44913454140803,2472.2486125243145,68.6409490925409,477.7114434100662,432.64016753265486,0.9056516721565695
20260910_105755,WALK_1P_AWAY,10,100,109,WALK,AWAY,1,P02,LAB01,0,1.0,326.62593458614754,381.213573697833,349.9130670912142,482.1964482607709,627.4720876855085,582.3148792686418,717.4871558660908,717.4871558660908,334.2106857122994,0.0,1405.2139612330332,68.59459430486716,508.5077922410179,502.00427280626553,0.9872105805771607
20260910_105755,WALK_1P_AWAY,11,105,114,WALK,AWAY,1,P02,LAB01,0,1.0,384.590850353217,328.8932585684338,489.42859354055264,422.4587542940832,648.2243396283075,669.1500136860623,717.4871558660908,717.4871558660908,306.99842112397874,79.6809450906249,1405.2139612330332,60.622543510925304,516.0541973551599,506.04436337852155,0.980603134267796
20260910_105904,WALK_1P_AWAY,0,72,81,WALK,AWAY,1,P02,LAB01,0,0.9,-62.32090697289908,536.0996197095992,-73.26998163472447,614.5583872583369,616.7062696796744,637.5365958064373,940.3528197878551,940.3528197878551,969.9763307166131,722.3882873464463,3537.593455835953,304.7945978830613,541.5766416113374,539.7098273134385,0.9965530007122452
20260910_105904,WALK_1P_AWAY,1,77,86,WALK,AWAY,1,P02,LAB01,0,1.0,-112.87043828521519,739.0936622190115,-127.13191071245652,910.1186832124409,922.8897951094607,928.0220073806436,989.4249385018866,972.9399632733991,635.3115974214644,122.45133106018218,3537.593455835953,49.43233418406788,751.9028268143854,747.6624755670215,0.9943605063099321
20260910_105904,WALK_1P_AWAY,2,82,91,WALK,AWAY,1,P02,LAB01,0,1.0,81.43670573680237,737.5141253519637,63.15806127561177,914.1971713139055,945.8049284908042,935.1794991419201,989.4249385018866,989.4249385018866,178.03136238665573,84.70362866230325,622.8110496374477,34.09760801038484,763.257859040212,741.9966456359049,0.9721441277643144
20260910_105904,WALK_1P_AWAY,3,87,96,WALK,AWAY,1,P02,LAB01,0,1.0,136.79842774472957,690.6516287950953,174.74652937357524,875.8539695644446,910.5316133386028,906.771224438031,989.4249385018866,989.4249385018866,182.98283921742626,159.2592611759382,435.64299100596196,52.044121824840055,720.666431188346,704.0692311063935,0.9769696500854294
20260910_105904,WALK_1P_AWAY,4,92,101,WALK,AWAY,1,P02,LAB01,0,1.0,-57.454777927304974,627.203801940693,-38.21774948616174,791.8245994491965,840.3423403114278,825.3339004230949,905.3894506457231,896.4997133571367,112.76682569031352,70.95078736213108,381.8176673147609,36.51179917482942,659.521423533686,629.8298664524698,0.9549801476923522
20260910_105904,WALK_1P_AWAY,5,97,106,WALK,AWAY,1,P02,LAB01,0,1.0,44.52444691844903,629.1174672606144,9.121244386055682,780.6512313887986,819.6720298589365,807.9116890883959,842.5496575785291,841.7038996016552,61.27333866913011,1.921577813679097,391.7399325807314,15.336856952026865,653.6140497913273,630.6910606515713,0.9649288610808254
20260910_105904,WALK_1P_AWAY,6,102,111,WALK,AWAY,1,P02,LAB01,0,1.0,7.56081233427858,677.5928683661236,38.37955378889511,846.2917045599334,849.2653592949735,842.5496575785291,878.8533253183372,878.8533253183372,82.00468265234603,5.2748837252204295,391.7399325807314,26.10094508928568,686.1438041215433,677.6350501145769,0.9875991680521549
20260910_105904,WALK_1P_AWAY,7,107,116,WALK,AWAY,1,P02,LAB01,0,1.0,-34.33295790811519,626.8284643357074,-37.89676435884781,788.4162158681607,826.2582569152003,850.2695195551705,878.8533253183372,878.8533253183372,189.61805086525754,42.16614886746702,718.071483725408,55.32842161883754,654.0156695715249,627.7680110519981,0.9598669271384235
20260910_105929,WALK_1P_AWAY,0,37,46,WALK,AWAY,1,P02,LAB01,0,0.9,448.1142421869534,-387.77677817200583,517.7235036260611,-451.9202573907516,663.114690513179,639.7648105429599,976.3850103443518,976.3850103443518,1550.036019243964,1596.6966203401562,3781.403929712319,256.3357459731727,593.4840057071452,592.6020618764742,0.9985139551829705
20260910_105929,WALK_1P_AWAY,1,77,86,WALK,AWAY,1,P02,LAB01,0,0.9,-252.81531049644005,594.8998656605411,-290.02327031044314,681.5816392952875,730.7108198716938,866.5671183594699,1026.81984199634,1026.81984199634,1129.986892955358,1216.8228758737146,2859.981360729082,310.5326152216517,651.7601578484625,646.391082383058,0.9917621913509894
20260910_105929,WALK_1P_AWAY,2,82,91,WALK,AWAY,1,P02,LAB01,0,1.0,-105.50060627504834,701.5019127564685,-153.3628237262837,874.8811223380566,925.3114124900281,914.2940899541586,1026.81984199634,1026.81984199634,497.8045431041909,261.8770295221118,1404.852321191182,75.1051236439304,751.7993602362436,709.3908031017788,0.9435905916159087
20260910_105929,WALK_1P_AWAY,3,87,96,WALK,AWAY,1,P02,LAB01,0,1.0,59.61768731072448,622.6183255290898,61.09874362183187,783.1166853112799,795.9680292416625,776.9567468667482,905.7623349811929,879.1779563122454,238.6454917996445,162.6754220481518,733.5068080168555,71.91909246762856,631.0110440605167,625.46610453719,0.9912126109748485
20260910_105929,WALK_1P_AWAY,4,92,101,WALK,AWAY,1,P02,LAB01,0,1.0,7.068700304581512,537.2681393564601,4.716408816958244,678.9607114513929,684.5562605631291,697.5927268628989,753.3589512132505,733.3285873550078,201.44560986566663,191.94467921296138,531.8412362744593,48.92388449194239,538.3624817799355,537.3146378906391,0.99805364614965
20260910_105929,WALK_1P_AWAY,5,97,106,WALK,AWAY,1,P02,LAB01,0,1.0,-2.8398190805659453,512.1875957081495,-6.883208052779821,643.8879296022926,647.5296735246702,653.390638298073,684.7882695673584,661.8446990778901,162.40251605646566,121.34119414061601,381.5332359336109,19.900392430532484,513.4319109862183,512.1954683221096,0.9975918079152234
20260910_105929,WALK_1P_AWAY,6,102,111,WALK,AWAY,1,P02,LAB01,0,1.0,-26.871911233087673,515.3979868666456,-31.509947021176362,644.5501993949972,644.2752930228878,641.23355567436,659.2954134679493,659.2954134679493,96.04656996407671,15.300547109715708,381.5332359336109,14.101215172838714,516.3449455733062,516.0980376629134,0.9995218159633215
20260910_105929,WALK_1P_AWAY,7,107,116,WALK,AWAY,1,P02,LAB01,0,1.0,-45.68037704295841,494.5387833555242,-53.03586290608448,618.6918096033482,629.8124556696954,638.1801689140694,653.9571171090229,651.809131377774,88.81771428632666,15.300547109715708,487.0073264097159,17.697657796261275,497.603795761979,496.64404263974507,0.9980712503995991
20260910_105956,WALK_1P_AWAY,0,57,66,WALK,AWAY,1,P02,LAB01,0,0.9,200.9315296699374,-688.654959902785,230.9069699846496,-790.6095559697502,811.7879275260216,940.5162493775713,1106.9170258460588,1106.9170258460588,1240.6520179862068,1575.0120103549089,3104.2307245068423,326.7765270154811,725.9131613492896,717.3695933158913,0.9882305921860984
20260910_105956,WALK_1P_AWAY,1,62,71,WALK,AWAY,1,P02,LAB01,0,0.9,72.1986092017938,-556.5660843834951,118.80217814775983,-728.0791814143026,761.668442268566,866.291140840241,1106.9170258460588,1106.9170258460588,1167.534410977911,1349.8766522314365,2613.8764939677794,342.95069477010367,599.575476434014,561.2294053741741,0.9360446306311528
20260910_105956,WALK_1P_AWAY,2,77,86,WALK,AWAY,1,P02,LAB01,0,1.0,-117.33017383000714,613.457765924732,-167.3945590477678,726.3043597414653,754.274625063548,765.4064314154691,893.2362267761478,893.2362267761478,545.160328286614,497.87319052884044,1334.8426046165803,130.88187509434164,631.9621741943317,624.5772972693957,0.9883143687605183
20260910_105956,WALK_1P_AWAY,3,82,91,WALK,AWAY,1,P02,LAB01,0,1.0,-6.271434134957758,655.0068725885912,-21.63765400419489,814.2686805939295,821.7195274962617,804.4171887372308,893.2362267761478,893.2362267761478,353.488890376622,345.7674354440547,1113.2484041136167,54.417660911103326,659.362255932327,655.0368951627046,0.9934400843683319
20260910_105956,WALK_1P_AWAY,4,87,96,WALK,AWAY,1,P02,LAB01,0,1.0,95.75756200179035,648.3848502325109,97.5508476897036,809.1603475310105,828.9034545637603,844.3361461504323,884.0761166214783,884.0761166214783,257.6585047281111,95.67680254811393,1007.9680425686073,53.99975593743362,659.3465180095495,655.4177482274662,0.9940414187763612
20260910_105956,WALK_1P_AWAY,5,92,101,WALK,AWAY,1,P02,LAB01,0,1.0,21.934922021353316,688.0714172491816,50.56421057073261,857.1284509488323,864.2506853196313,872.3622008744966,884.0761166214783,884.0761166214783,193.46551003783435,95.67680254811393,1007.9680425686073,22.486916300770115,693.7775233731666,688.4209584544767,0.9922791316549922
20260910_105956,WALK_1P_AWAY,6,97,106,WALK,AWAY,1,P02,LAB01,0,1.0,-59.20491718685173,664.437580226469,-65.87013191271487,833.9360795880896,837.7850400552397,847.4087672388684,870.8117484944587,858.7085051678308,127.07137408053715,79.57064306768274,412.2304840032458,23.322290611911242,668.5344414406811,667.0701014408511,0.9978096266862865
20260910_105956,WALK_1P_AWAY,7,102,111,WALK,AWAY,1,P02,LAB01,0,1.0,50.392748963419535,657.9405070234457,48.336861298944626,819.1642819826998,831.0801355732041,822.3533600222136,856.0540722186054,856.0540722186054,99.27280065962135,36.182237954618216,378.3323663391366,19.659326091645333,668.1733655120158,659.8675169534858,0.9875693210965312
20260910_105956,WALK_1P_AWAY,8,107,116,WALK,AWAY,1,P02,LAB01,0,1.0,85.68216560652337,654.7239855232051,107.79652008658866,821.2959907249553,825.1248994734209,822.3533600222136,856.0540722186054,856.0540722186054,142.46932373205158,39.50767608260669,450.68193584992724,22.711253643703316,663.2098218749926,660.3066944401016,0.9956226109156776
20260910_110053,WALK_1P_AWAY,0,17,26,WALK,AWAY,1,P01,LAB01,0,1.0,346.81452256535545,-70.71995716109586,389.7134358296325,-79.40897479096661,617.1448015804629,619.3864190598321,936.6703156561119,936.6703156561119,1085.6850752198488,356.2388005753649,3933.6682830863356,258.5778143770653,482.0932940802336,353.95144497953765,0.7341969891010979
20260910_110053,WALK_1P_AWAY,1,22,31,WALK,AWAY,1,P01,LAB01,0,1.0,-176.4544810853567,-192.199518141942,-141.50417861105274,-230.34625580314895,409.81660402787156,404.77679985647444,585.5196153615605,537.2576140032115,939.2106386523832,169.72083056128537,3933.6682830863356,85.71808144449851,293.8636205666078,260.9153860336665,0.8878791649357183
20260910_110053,WALK_1P_AWAY,2,27,36,WALK,AWAY,1,P01,LAB01,0,1.0,-261.6055058267579,-340.0763217779611,-330.41555002610824,-402.2179436069888,526.1482341416558,551.3127694951247,636.9636874306202,636.9636874306202,364.2906822224958,169.72083056128537,1190.6845960056564,97.43520533611728,433.19891587293813,429.056342818634,0.9904372497194356
20260910_110053,WALK_1P_AWAY,3,32,41,WALK,AWAY,1,P01,LAB01,0,1.0,-159.98884752341706,-315.4266405443451,-212.60412996496672,-404.0784799386103,504.62958081759564,513.1234665327617,636.9636874306202,636.9636874306202,417.37827834140387,271.2697794360572,1298.4470777092479,114.4862564770909,380.9029140379174,353.68120800653617,0.9285337417275011
20260910_110053,WALK_1P_AWAY,4,37,46,WALK,AWAY,1,P01,LAB01,0,1.0,506.36780776140245,-425.9689105148848,542.5865722329142,-515.7232926815993,880.3034877669418,689.5959822337481,1567.3504331506958,1567.3504331506958,1555.602552238894,823.2598370342887,6064.987005219748,516.9813903198262,733.648307334711,661.7082963529523,0.9019421018728833
20260910_110053,WALK_1P_AWAY,5,65,74,WALK,AWAY,1,P01,LAB01,0,1.0,-96.62001890681438,493.6374724298158,-170.77479345827297,557.9451552997082,728.6423934821773,716.7800129412135,965.2211459577417,965.2211459577417,999.8316459832477,767.6023385516312,3551.0590843399855,180.54000296556273,592.2961524564969,503.004356084965,0.849244679369937
20260910_110053,WALK_1P_AWAY,6,70,79,WALK,AWAY,1,P01,LAB01,0,1.0,165.91182728751,737.5036709534011,161.69196496201505,898.6751085509095,921.0234450147173,948.9882936387196,965.2211459577417,965.2211459577417,325.8065397724678,91.28195329874282,1160.165981277043,68.45001115016919,759.7114119905444,755.9354463865436,0.9950297368916609
20260910_110053,WALK_1P_AWAY,7,75,84,WALK,AWAY,1,P01,LAB01,0,1.0,93.97887721533175,707.9557392185316,136.5414311950735,886.8849478816444,904.4210782819171,948.9882936387196,965.2211459577417,950.6115788706218,201.8226952531787,0.0,876.512745497482,67.68945662653208,716.5583568098577,714.1661977824992,0.9966615991501258
20260910_110053,WALK_1P_AWAY,8,80,89,WALK,AWAY,1,P01,LAB01,0,1.0,63.174302580597555,639.9305022755209,85.62434131961497,814.4338807273189,821.4916059443888,788.4802968459094,948.9882936387196,922.8924838693911,208.23077558041146,70.44309743633195,876.512745497482,59.37849950126074,644.8102148731901,643.0412430390024,0.9972566007898377
20260910_110053,WALK_1P_AWAY,9,85,94,WALK,AWAY,1,P01,LAB01,0,1.0,30.961582602518035,646.7348371816829,47.99589006213936,803.0251332419275,805.103958179119,796.3956539890348,839.826391271502,839.826391271502,116.5566552915783,45.4494173653539,475.91742086924137,23.705215989953185,650.2624231923999,647.4755356163431,0.9957142109452137
20260910_110053,WALK_1P_AWAY,10,90,99,WALK,AWAY,1,P01,LAB01,0,1.0,14.886613090386447,608.4425393442807,12.043615250086294,762.6732855013086,765.6231621490497,779.7522206275428,839.826391271502,839.826391271502,217.43324546077415,82.40263388184839,658.4659403429038,62.996047636203144,609.5185075361815,608.6246256380196,0.9985334622540418
20260910_110053,WALK_1P_AWAY,11,95,104,WALK,AWAY,1,P01,LAB01,0,1.0,-30.10673617682221,599.6050314877361,-33.962426424573266,749.5618213746008,763.6152581458002,736.9591904609217,889.6065651941059,859.9796770651182,349.68744268920216,289.50417047518874,1056.1277362830413,73.36554554893294,607.3917815891907,600.3603995506614,0.9884236463981579
20260910_110053,WALK_1P_AWAY,12,100,109,WALK,AWAY,1,P01,LAB01,0,1.0,-231.69892637353155,599.6580721738051,-262.7166809286542,745.3288536980979,810.5111355677293,833.1625592498599,889.6065651941059,889.6065651941059,511.4823097026116,354.94896451862235,1438.6168933902184,80.72448226980194,660.8709818448485,642.8640571737167,0.9727527381806585
20260910_110053,WALK_1P_AWAY,13,105,114,WALK,AWAY,1,P01,LAB01,0,1.0,-308.39944920937734,432.74041518488366,-391.6379710216159,564.844356794625,687.4815972260897,656.4344010239868,889.6065651941059,889.6065651941059,559.2938806986813,611.7650363162711,1438.6168933902184,138.1612772823926,533.7390867657007,531.389205015526,0.9955973212222208
20260910_110134,WALK_1P_AWAY,0,21,30,WALK,AWAY,1,P01,LAB01,0,0.9,655.2957193930225,-388.6031435075306,737.0491344495007,-458.74608324109715,851.9054743682489,911.0180900171949,1239.4118378592916,1239.4118378592916,1910.7491964970209,1400.7033409609494,6347.823066188659,368.3536206843009,772.6718086613712,761.8562088732712,0.9860023367400479
20260910_110134,WALK_1P_AWAY,1,26,35,WALK,AWAY,1,P01,LAB01,0,1.0,465.24882673143543,-286.6860137382318,651.6440467427528,-384.4511704635596,739.4364069113084,678.663763589519,1239.4118378592916,1239.4118378592916,995.3399011077174,789.9291534120082,2477.8134662434204,313.2546757753784,547.2188526634743,546.4845297426954,0.998658081831054
20260910_110134,WALK_1P_AWAY,2,41,50,WALK,AWAY,1,P01,LAB01,0,0.7,-279.36888637272097,17.293541471385993,-361.60259050107845,19.22920345985154,341.69517924781996,305.535496251587,476.61023084857595,476.61023084857595,645.7584561527249,186.3858332451627,3594.216287753297,101.54707749482051,280.18644454236335,279.9036285040921,0.9989906148431514
20260910_110134,WALK_1P_AWAY,3,66,75,WALK,AWAY,1,P01,LAB01,0,0.7,-220.31165881908737,476.04803296828993,-260.87571879132815,543.3610276877703,603.2588121182396,531.4087624638609,1081.3442701038955,1081.3442701038955,1058.8715658116444,682.8662415652939,3271.487588930825,367.84427583457193,528.3507059301689,524.5559614613068,0.9928177545212484
20260910_110134,WALK_1P_AWAY,4,71,80,WALK,AWAY,1,P01,LAB01,0,1.0,-73.93758866809856,796.3716091577796,-108.14487673219469,947.0615633340155,990.9340723376147,1048.4572621049322,1081.3442701038955,1081.3442701038955,732.1976988570266,213.29909880053498,3271.487588930825,150.01891498816917,835.2344495182624,799.7965409343831,0.9575713039562499
20260910_110134,WALK_1P_AWAY,5,76,85,WALK,AWAY,1,P01,LAB01,0,1.0,80.91154309082987,759.1530868371935,85.28742819148445,960.5735145521458,983.7002670163902,1026.341895912043,1081.3442701038955,1068.1479298424713,297.70705878121265,213.29909880053498,777.5351132256338,84.06836604829593,779.0136156780331,763.4527405542394,0.9800248996800268
20260910_110134,WALK_1P_AWAY,6,81,90,WALK,AWAY,1,P01,LAB01,0,1.0,-113.8634666972427,640.4875347097006,-94.71523909309334,816.727409839769,849.6865996424207,811.5016202575405,1026.341895912043,964.1194152156273,287.2108349236149,205.10191861862506,777.5351132256338,85.38961492368514,664.1578684817347,650.5299156586299,0.9794808531678495
20260910_110134,WALK_1P_AWAY,7,86,95,WALK,AWAY,1,P01,LAB01,0,1.0,36.19575589361904,592.0744928828026,4.892904814088899,737.6720094092864,778.5858810946951,771.895544964179,806.9625371101254,790.3100425665768,63.767698681428655,7.899244123800706,208.5265771269798,11.190680686121379,619.2505546385066,593.1798528837087,0.9578995907883895
20260910_110134,WALK_1P_AWAY,8,91,100,WALK,AWAY,1,P01,LAB01,0,1.0,177.75266274781552,608.7091230268547,208.7431111679207,760.919786374787,794.3838151809466,796.5851203167472,813.7658406235677,813.7658406235677,48.805886650044926,2.884422733459999,337.5935094556576,18.907128220440942,640.4013559959783,634.1315364891271,0.990209546797258
20260910_110134,WALK_1P_AWAY,9,96,105,WALK,AWAY,1,P01,LAB01,0,1.0,96.27004919050762,594.4159710675035,142.93382245849017,741.1266147212552,772.6739081790918,798.9757548670013,813.7658406235677,813.7658406235677,206.7026600578493,12.559576384822618,885.6405271669544,46.317506157744575,609.6351698688551,602.1613313982109,0.9877404735815161
20260910_110134,WALK_1P_AWAY,10,101,110,WALK,AWAY,1,P01,LAB01,0,1.0,178.00623792940348,549.9874319204896,199.28024762841585,696.4957274645342,744.8427551256362,753.5739242543252,786.4216311439177,762.5024483230986,184.54658184336648,32.824228006512676,885.6405271669544,26.094369603702674,586.9114161882551,578.0764620811633,0.9849466991723025
20260910_110134,WALK_1P_AWAY,11,106,115,WALK,AWAY,1,P01,LAB01,0,1.0,246.74005221860062,526.2811220500166,308.4629977130118,661.0165886026747,729.9264455420376,753.5739242543252,759.8447613430077,759.8447613430077,132.84291067303465,22.99021537992069,705.4603628747727,42.87350886941275,582.2094148934272,581.2507830489885,0.9983534587041776
20260910_110159,WALK_1P_AWAY,0,44,53,WALK,AWAY,1,P01,LAB01,0,0.9,313.09888819196465,-672.3325002014533,347.4954045962035,-773.817045507294,862.4898541929184,967.549076346635,1280.8382621334786,1280.8382621334786,1386.9071172092042,1192.3773774953856,5690.449503505781,401.8289042012915,795.9581809221434,741.6615836176103,0.9317846105411861
20260910_110159,WALK_1P_AWAY,1,49,58,WALK,AWAY,1,P01,LAB01,0,1.0,63.96244421670598,-703.7164081241558,153.91200116965572,-889.2456757886928,1012.9926773524403,1156.59640550499,1280.8382621334786,1280.8382621334786,1525.986159137591,789.1177990110308,5690.449503505781,307.4978596215879,840.2481494842816,706.6172778338629,0.8409626111852347
20260910_110159,WALK_1P_AWAY,2,54,63,WALK,AWAY,1,P01,LAB01,0,1.0,-172.99745131232703,-274.8275691630132,-261.4237110250027,-405.97192068375205,625.0756798865318,520.2307163056762,1151.3505151869772,1106.6279301415684,1232.6783563633173,850.0751926394494,4043.2916822982215,278.45952768963804,432.1140994343965,324.7434540258075,0.7515224669846952
20260910_110159,WALK_1P_AWAY,3,59,68,WALK,AWAY,1,P01,LAB01,0,1.0,-387.8873317781587,136.99764167586176,-414.44610535784784,124.03939705389305,588.1940267573377,683.0860847895954,724.9877990236853,724.9877990236853,503.82913702902295,258.83492817227693,1743.647744552704,154.01284302717912,468.56487154387054,411.36958562675386,0.8779351816779085
20260910_110159,WALK_1P_AWAY,4,64,73,WALK,AWAY,1,P01,LAB01,0,1.0,-325.3096140868462,432.93188167836115,-436.0181793638262,498.68019610787724,708.9869751295153,703.9871507362359,750.0643930769103,727.4954584290077,172.29488649116485,65.16061364704471,606.7982187404493,20.552968141666295,569.3238902842428,541.5314941819167,0.9511835063017462
20260910_110159,WALK_1P_AWAY,5,69,78,WALK,AWAY,1,P01,LAB01,0,1.0,-119.00501610723359,551.7169591075011,-163.817101717186,682.0464646582727,739.241237512502,750.0643930769103,783.3589459403522,783.3589459403522,115.57941965933792,34.56248313213912,606.7982187404493,41.852382548286336,594.5399076736305,564.4057023325606,0.9493150838957443
20260910_110159,WALK_1P_AWAY,6,74,83,WALK,AWAY,1,P01,LAB01,0,1.0,136.50200579828027,632.7400365305944,106.20473961658354,777.3647499849151,818.8604886811705,787.6391025238531,921.3668729249742,921.3668729249742,192.60143597700093,11.76590877132335,1000.3234656763772,60.17318611673043,659.0915289036545,647.2964942093319,0.982104102120774
20260910_110159,WALK_1P_AWAY,7,79,88,WALK,AWAY,1,P01,LAB01,0,1.0,116.05863694964404,671.5441482448605,161.23936706438957,827.3366789078802,848.5600926756979,828.7379327592046,921.3668729249742,921.3668729249742,292.5288812737703,97.22707218500778,1000.3234656763772,54.45830915160293,687.3450357253508,681.4991931415066,0.9914950392015631
20260910_110159,WALK_1P_AWAY,8,84,93,WALK,AWAY,1,P01,LAB01,0,1.0,76.22935171529508,629.8336970107125,91.81001313272972,801.4685453690252,806.3002632187269,796.1053968935969,921.3668729249742,855.6036571885079,178.95811116427313,74.13689984791611,819.1179932648574,44.92311175251356,635.3502343158335,634.4299803391358,0.9985515800152515
20260910_110159,WALK_1P_AWAY,9,89,98,WALK,AWAY,1,P01,LAB01,0,1.0,54.95977240200841,604.7687515200621,75.85245534267932,758.2543712358695,764.7419953959225,761.1183750036762,793.0976777928242,790.507244293417,60.860481202402426,43.985115997917305,227.56885537867657,15.536794098178216,608.9574522245778,607.2609154207236,0.997214030639322
20260910_110159,WALK_1P_AWAY,10,94,103,WALK,AWAY,1,P01,LAB01,0,1.0,-67.74238319548158,592.6904762681684,-65.16875872906513,741.3922791660847,748.9555480965987,747.5457153564138,760.1604974741041,757.8383831619021,29.48568019355187,28.195596979689665,57.223633538778465,5.781059004619693,607.3174373937295,596.5492696667993,0.9822692926896004
20260910_110159,WALK_1P_AWAY,11,99,108,WALK,AWAY,1,P01,LAB01,0,1.0,-133.54279271368748,569.9847509390743,-143.9612040917424,715.127279445102,726.7169536681811,732.8294435361265,747.5457153564138,747.5457153564138,59.80838543908483,13.496149309778424,314.4474921254763,21.077201818480795,589.5201272637441,585.4197586252529,0.9930445654883353
20260910_110159,WALK_1P_AWAY,12,104,113,WALK,AWAY,1,P01,LAB01,0,1.0,-175.38603847970103,533.5121328532568,-211.66265952448288,667.2484146973732,703.7586933238274,699.0138470708164,724.8166778192349,724.8166778192349,54.1171980829764,0.0,314.4474921254763,10.68176528535354,568.0712284466604,561.6007998527374,0.9886098287152902
20260910_110159,WALK_1P_AWAY,13,109,118,WALK,AWAY,1,P01,LAB01,0,1.0,-292.7338973078886,476.0029057323386,-349.1402102245287,601.2654006702768,694.7296241060324,696.9352475874531,701.0924465541796,701.0924465541796,38.49441722555913,0.0,173.92003915451417,6.432301924994559,561.2994506733265,558.8129390938394,0.9955700801479418
20260910_110224,WALK_1P_AWAY,0,17,26,WALK,AWAY,1,P01,LAB01,0,1.0,-650.2122679214805,5.005821890343782,-730.6918751596199,5.619852029706311,788.6931929761059,805.4311585832546,934.6371119494681,934.6371119494681,794.9117116531327,1012.2371273594736,1839.082244821635,141.1670076708197,651.5250293614628,650.2315369223435,0.9980146696123294
20260910_110224,WALK_1P_AWAY,1,22,31,WALK,AWAY,1,P01,LAB01,0,0.7,-354.9134820604282,50.17651425847862,-492.273992105642,53.004910954016054,499.86927567076873,479.65649786311496,931.8029160362304,848.6498774717218,855.4633985713906,1012.2371273594736,1675.4612933622118,265.9349580702389,361.6166015364596,358.4428299344111,0.9912233797105455
20260910_110224,WALK_1P_AWAY,2,72,81,WALK,AWAY,1,P01,LAB01,0,1.0,-6.236853521461455,497.9783651704902,-11.956295265238131,585.734323495412,589.27642886916,677.9214418731494,834.470463945732,790.0265716698469,664.1346839127509,396.50186851074574,2170.3785472390728,206.21915840505102,500.72046602155933,498.01741989585287,0.9946016863517018
20260910_110224,WALK_1P_AWAY,3,77,86,WALK,AWAY,1,P01,LAB01,0,1.0,-104.74824126704493,638.1597716060148,-107.2028618043739,785.8873874112518,797.1377049041072,818.331756353745,842.8196653123646,842.8196653123646,245.037326319016,264.1914325433689,557.0394302236962,50.42976932016071,651.7282024955343,646.69938004051,0.9922838655197544
20260910_110224,WALK_1P_AWAY,4,82,91,WALK,AWAY,1,P01,LAB01,0,1.0,9.051924767261028,604.6461081496598,2.1712123635500236,766.2156625539733,801.1713119681374,793.6797586489574,842.8196653123646,842.8196653123646,124.60546913321112,46.83458443166302,500.99778104757337,34.22131675616173,631.4288375859406,604.7138607990743,0.9576912310673009
20260910_110224,WALK_1P_AWAY,5,87,96,WALK,AWAY,1,P01,LAB01,0,1.0,131.35468478206582,582.3977260728786,148.07449565566856,723.9029184914733,752.2432783214141,760.999081689324,781.796682984409,781.796682984409,183.11595042007633,223.30014522153058,500.99778104757337,30.987359787650142,600.3203145447992,597.0269378755498,0.9945139676445123
20260910_110224,WALK_1P_AWAY,6,92,101,WALK,AWAY,1,P01,LAB01,0,1.0,83.78779155524614,555.9407284083684,107.19683754433194,702.8318150622271,711.803185469688,691.2430734058418,781.796682984409,764.7368570634773,117.55916929139399,39.51475852710989,301.9440394956244,34.18475977005452,562.7617918064602,562.219252175637,0.9990359337845564
20260910_110224,WALK_1P_AWAY,7,97,106,WALK,AWAY,1,P01,LAB01,0,1.0,59.58950390310065,539.5288952727901,74.56594184632169,672.1998454866258,685.9117122365549,687.7366522784216,719.7149893522294,701.3783660710882,96.85192822112872,0.0,377.0136101074699,16.150800323853257,545.2061676422038,542.8096699670106,0.9956044193601897
20260910_110224,WALK_1P_AWAY,8,102,111,WALK,AWAY,1,P01,LAB01,0,1.0,-108.51237478978317,584.0224984726624,-113.71257243136638,722.3728603621822,750.9329869475849,738.2144821508701,880.8363629000112,844.9092890699565,270.06022293259673,256.23807752479877,756.8352768954567,76.71810238506454,605.2883690048568,594.0178568063163,0.9813799293433143
20260910_110224,WALK_1P_AWAY,9,107,116,WALK,AWAY,1,P01,LAB01,0,1.0,-195.6205997415072,654.6375826641906,-233.12641554381224,809.9111254259884,843.1625977884083,854.135049345814,880.8363629000112,880.8363629000112,229.24463723126988,141.2412140937614,756.8352768954567,42.531873461625295,687.0625250787522,683.2406484392172,0.994437367051715
20260910_110253,WALK_1P_AWAY,0,17,26,WALK,AWAY,1,P01,LAB01,0,1.0,-500.5136720256914,192.95735177635538,-562.4277949712437,216.80035453650999,674.5536579852028,704.998897758373,930.9510836003554,930.9510836003554,848.3887097106242,254.77962756437825,2673.817383598291,228.2904050721974,545.197359064476,536.4200550773485,0.983900685061665
20260910_110253,WALK_1P_AWAY,1,22,31,WALK,AWAY,1,P01,LAB01,0,0.8,-88.45306463357346,151.7496296915932,-168.11083294679233,180.16485598617925,365.25382410349016,352.550783994927,694.0241252397107,498.0149595246898,818.7125980711338,422.5622083775498,2673.817383598291,136.01980783998604,263.29396874729076,175.64707442655228,0.6671139307225762
20260910_110253,WALK_1P_AWAY,2,42,51,WALK,AWAY,1,P01,LAB01,0,0.8,422.39131288636213,-366.8658475983923,466.3507846347744,-423.6926499618955,613.6604591454468,625.2337871012153,962.1033025735558,962.1033025735558,1575.070996067014,1033.9432194341541,6057.723018593576,320.19339389715185,571.0084138009413,559.4684721554481,0.9797902423737033
20260910_110253,WALK_1P_AWAY,3,67,76,WALK,AWAY,1,P01,LAB01,0,0.8,-343.44309724248944,-12.324179918953632,-403.07821314190903,-23.064861583467675,408.68089003076597,466.328409169107,491.7190329601119,491.7190329601119,393.2564260800077,175.05493464738504,1591.1637380208579,112.07858068387259,349.7750734524515,343.6641477579365,0.9825289846008831
20260910_110253,WALK_1P_AWAY,4,72,81,WALK,AWAY,1,P01,LAB01,0,1.0,-355.15001965764236,173.11762914542248,-450.50558202868825,191.35252090699015,520.505519471127,491.7190329601119,673.111445130945,654.1631538666306,272.77479695058935,59.905439830946904,1142.7660381953024,75.47678827558157,416.8221133702774,395.0965071773677,0.9478779904040021
20260910_110253,WALK_1P_AWAY,5,77,86,WALK,AWAY,1,P01,LAB01,0,1.0,-315.0800288277328,411.4692346494659,-393.4328619771725,476.9599169146186,640.8624326775129,686.7140382464563,753.1742682827894,740.3370633065973,328.2748786665316,198.5845745511217,1142.7660381953024,104.5455477869315,526.68844304512,518.2493180208751,0.9839770074022263
20260910_110253,WALK_1P_AWAY,6,82,91,WALK,AWAY,1,P01,LAB01,0,1.0,-260.5018497323548,530.7695276689703,-332.68609515304877,654.8379020593231,742.2966507338728,757.7454799470265,762.3166916112636,762.3166916112636,100.29543974930165,58.24843998285904,317.94954255751065,24.599967867448374,594.0791544784512,591.250797222228,0.9952390902207194
20260910_110253,WALK_1P_AWAY,7,87,96,WALK,AWAY,1,P01,LAB01,0,1.0,-159.4966885289611,621.7557925739983,-216.20012966473556,770.2443998643853,805.8303832507318,765.7695555149401,877.2345655980383,877.2345655980383,175.14245418435812,0.0,1217.5870384333584,52.6309157154697,646.9234192601904,641.8874194522161,0.9922154622045786
20260910_110253,WALK_1P_AWAY,8,92,101,WALK,AWAY,1,P01,LAB01,0,1.0,37.14054625813014,612.0991623413051,24.9408880831038,762.9070450838855,785.3742581515271,764.4451402127484,877.2345655980383,877.2345655980383,337.36947843940754,126.41275071990073,1217.5870384333584,71.90361195324016,630.8760510939177,613.2249217989104,0.972021240520383
20260910_110253,WALK_1P_AWAY,9,97,106,WALK,AWAY,1,P01,LAB01,0,1.0,209.04833370056878,561.137883525997,234.7002493315512,706.6870108347625,748.8039455454443,735.7109517856642,803.1984482729481,803.1984482729481,338.2955873090395,87.7667687657413,966.8866724077141,38.71305100292346,601.2235963900358,598.8129341881485,0.9959904065369991
20260910_110253,WALK_1P_AWAY,10,102,111,WALK,AWAY,1,P01,LAB01,0,1.0,141.24588592646415,594.4544319337556,192.6805824976081,740.7301082239663,769.0647330311828,767.9587528023907,803.1984482729481,803.1984482729481,212.390805179294,19.095784488608246,897.1319010979288,26.55176068231131,615.8323371157647,611.0044778369761,0.9921604323322809
20260910_110253,WALK_1P_AWAY,11,107,116,WALK,AWAY,1,P01,LAB01,0,1.0,50.85163585102953,598.6633691862435,66.79673761898941,742.134561192967,757.4554545843141,761.2023283489041,777.1303698249698,777.1303698249698,86.02804505823346,19.095784488608246,282.8621223462486,15.123200033881618,602.2206395346993,600.8192061462001,0.9976728904715355
20260910_110317,WALK_1P_AWAY,0,37,46,WALK,AWAY,1,P01,LAB01,0,1.0,-68.89948546012988,-621.882601858814,-83.22398787107436,-739.3105068838125,752.8445533816482,860.6479992707805,909.5202578216465,909.5202578216465,1198.3645153524478,777.9073234208437,3253.162537989332,188.077566172222,635.1430389768096,625.6877093178025,0.9851130704758423
20260910_110317,WALK_1P_AWAY,1,72,81,WALK,AWAY,1,P01,LAB01,0,0.7,-196.77782033020003,367.3836396246029,-227.84245046933083,421.48027279145873,480.6168329685198,441.87377901724807,960.0626265541902,935.9482049318267,979.5915738620572,619.9862367352671,3219.8065791205963,307.4579617721658,418.03413039759647,416.76402104515284,0.9969617089608553
20260910_110317,WALK_1P_AWAY,2,77,86,WALK,AWAY,1,P01,LAB01,0,1.0,-266.5302413262065,658.3266561584807,-318.798403110102,783.2543508615415,860.583270928814,960.5028187960299,988.4209691584916,988.2561510207339,650.0574849978389,297.77192557837526,3219.8065791205963,189.275853517748,718.9178441560704,710.2340147797853,0.9879209711556417
20260910_110317,WALK_1P_AWAY,3,82,91,WALK,AWAY,1,P01,LAB01,0,1.0,78.90686128352161,756.7297903578285,66.24347681880121,944.1363524443786,1014.8255764651061,993.7168258711798,1078.91049905263,1078.91049905263,221.86952233538585,11.292285906177376,899.1325381073896,43.14439123777236,819.3912157095485,760.8326152135041,0.9285340147986139
20260910_110317,WALK_1P_AWAY,4,87,96,WALK,AWAY,1,P01,LAB01,0,1.0,213.35777413954463,697.3707922035403,260.2802500727687,881.7366080487202,927.3632806123569,943.8808127467541,1078.91049905263,1078.91049905263,437.2527330936987,206.63614329826922,1256.7169105781259,126.53113777257492,742.1192375159867,729.2787955263572,0.9826976025677371
20260910_110317,WALK_1P_AWAY,5,92,101,WALK,AWAY,1,P01,LAB01,0,1.0,113.19265032299819,620.795087359259,156.22799890607868,781.363632375129,806.9319088960317,808.8070428734923,888.7489429096403,820.8202239694731,284.0152896376776,37.30370536898932,1256.7169105781259,30.546398529098063,637.3617291610578,631.0302025866389,0.990066038977971
20260910_110317,WALK_1P_AWAY,6,97,106,WALK,AWAY,1,P01,LAB01,0,1.0,116.33372709886777,622.4976326159003,137.9683452143669,777.9653675187931,795.8948102026325,809.8963381776445,813.2725885316768,811.8076371514712,143.37231658881745,24.11805438779374,679.5227261109923,28.255373759087075,643.2002050776815,633.2746944834557,0.9845685518818716
20260910_110317,WALK_1P_AWAY,7,102,111,WALK,AWAY,1,P01,LAB01,0,1.0,3.2751839174124484,595.4532248458922,31.986481664503618,749.908022629808,748.5850546749465,715.1249515361235,811.6448647758929,809.2449042968503,114.07935095587695,9.16542088011933,679.5227261109923,44.55884041082053,596.9346146836975,595.4622320593185,0.997533427299807
20260910_110317,WALK_1P_AWAY,8,107,116,WALK,AWAY,1,P01,LAB01,0,1.0,19.691207456952498,548.0781050664705,18.428726574749923,685.901425325526,690.7209597676925,710.2737064932054,711.8055358343526,711.8055358343526,92.05900284491447,17.239070664961588,385.7226112234463,30.21088384017267,549.3679321429081,548.4317212783792,0.9982958399830929
20260910_110340,WALK_1P_AWAY,0,17,26,WALK,AWAY,1,P01,LAB01,0,1.0,566.2915100835918,-291.3900460478711,636.3883340380121,-327.6802656840039,901.4305485023411,961.1249353132979,1182.0209166387058,990.5122722095033,735.4396505147193,45.818539804568545,2388.1057057463213,170.5289548202235,732.0170385263036,636.8628057349049,0.8700109044142427
20260910_110340,WALK_1P_AWAY,1,22,31,WALK,AWAY,1,P01,LAB01,0,1.0,826.5026445792084,391.5849280102335,992.7127107229023,368.74505523526125,1193.9508688006904,1253.0894243269045,1416.5852923979269,1416.5852923979269,614.9415887219723,45.818539804568545,2388.1057057463213,199.421446176629,972.8246981539809,914.5738774649127,0.940121975932967
20260910_110340,WALK_1P_AWAY,2,27,36,WALK,AWAY,1,P01,LAB01,0,1.0,576.4711885667962,579.2248345861574,765.0946969778439,715.5533166299263,1068.8959983189156,1229.9236628961673,1416.5852923979269,1416.5852923979269,1258.4654747903794,1354.0486548050708,2748.252005619245,353.6616399674533,830.966105547393,817.202814635985,0.9834370008361032
20260910_110340,WALK_1P_AWAY,3,32,41,WALK,AWAY,1,P01,LAB01,0,1.0,-397.7562762448339,254.1421617212494,-366.0404577070939,366.1691528164975,968.5479496412374,976.2764109133416,1436.3137406571927,1436.3137406571927,1907.1539092587707,1974.3790654818445,5935.419976327607,367.11412025693045,748.0167941248511,472.01514134242166,0.6310221174842203
20260910_110340,WALK_1P_AWAY,4,37,46,WALK,AWAY,1,P01,LAB01,0,1.0,-942.8927606486791,-126.74184198375997,-1095.1155012410609,-112.07181989884614,1147.4936026939463,1125.977433833003,1436.3137406571927,1436.3137406571927,1526.0960241693872,693.0102100239493,5935.419976327607,271.22438481848,979.216540268458,951.372825233685,0.9715653138098144
20260910_110340,WALK_1P_AWAY,5,42,51,WALK,AWAY,1,P01,LAB01,0,1.0,-607.5276946186032,-382.09990804239897,-815.0077880686172,-453.5203750627053,965.6828174127968,972.3638745854755,1346.5343317184204,1206.2813033334087,806.0779976537212,538.5183205245398,1750.1678800279478,191.65486500162783,733.33126845813,717.6978747736435,0.9786816758579563
20260910_110340,WALK_1P_AWAY,6,47,56,WALK,AWAY,1,P01,LAB01,0,1.0,31.367513650617166,-529.1374391114958,-45.33834492243521,-647.2454912402038,870.3570394056075,844.9320370514383,1068.7187811974577,1068.7187811974577,688.640848732545,538.5183205245398,2408.112501743133,138.45596913506952,692.9360380309485,530.0663641300904,0.7649571317380611
20260910_110340,WALK_1P_AWAY,7,52,61,WALK,AWAY,1,P01,LAB01,0,1.0,242.93134945183706,-432.8083778687576,268.39298127168405,-547.1574476854968,755.0143311769108,746.9211399334458,1068.7187811974577,1068.7187811974577,1109.8518814896554,313.3092970684231,5649.93670453097,264.79671382835375,596.5800559614005,496.32522855470063,0.8319507559716571
20260910_110340,WALK_1P_AWAY,8,57,66,WALK,AWAY,1,P01,LAB01,0,1.0,-302.5153338962434,40.511946236242295,-267.48502071453,-33.01074959978963,614.0315979008615,578.735405805211,1068.7187811974577,798.7300648719263,1095.6798204654397,667.644373581803,5649.93670453097,185.4973630784002,420.1277597379923,305.2158990455835,0.7264835326185726
20260910_110340,WALK_1P_AWAY,9,62,71,WALK,AWAY,1,P01,LAB01,0,1.0,-387.40849683385557,414.55132657934155,-489.6492977698539,473.4760267518321,723.5221153854483,770.8482788703461,885.0009325233665,804.6976532788525,509.2579282502039,351.5245030818561,1303.8091930373362,102.89489488386884,595.0351857864931,567.3959338837029,0.9535502226372415
20260910_110340,WALK_1P_AWAY,10,67,76,WALK,AWAY,1,P01,LAB01,0,1.0,-209.24586187966656,661.0660858436324,-292.79148050554096,797.2343976597278,877.5717720871023,917.5953199028522,950.1897072823378,950.1897072823378,203.7385711854925,38.81621457098683,1000.6826201675347,78.17903326332647,703.0160362137892,693.3918088399843,0.9863100884218262
20260910_110340,WALK_1P_AWAY,11,72,81,WALK,AWAY,1,P01,LAB01,0,1.0,-7.9511624359022335,766.3815269409813,-33.10473161387273,954.1922526708507,978.0231496358012,957.2015865832079,1031.4891319243693,1031.4891319243693,164.8656420928679,0.0,733.1171250446631,35.630205894542186,781.4448480279996,766.422772248106,0.9807765374385636
20260910_110340,WALK_1P_AWAY,12,77,86,WALK,AWAY,1,P01,LAB01,0,1.0,209.9719400142771,750.5442294632808,221.17404480455647,939.3815490757031,978.0811222782456,978.7263530385512,1031.4891319243693,1031.4891319243693,273.99024441832836,203.61844538497323,685.6956803823482,51.87854626347163,786.0911396568579,779.3618260949077,0.9914395249832129
20260910_110340,WALK_1P_AWAY,13,82,91,WALK,AWAY,1,P01,LAB01,0,1.0,135.79325078866276,703.1348533094092,181.61366931329485,887.0970782342267,924.6929717917398,921.4991447256633,1018.6758740028789,990.0331344094557,258.22266674354563,238.88802788557314,589.9951573421258,50.109535710934985,727.5438504974974,716.1273831506494,0.9843082072110961
20260910_110340,WALK_1P_AWAY,14,87,96,WALK,AWAY,1,P01,LAB01,0,1.0,-23.141441729664052,732.2499000280659,-18.212672838060055,905.2932809383619,910.2353958377349,912.8227427511811,936.6678944325482,936.6678944325482,107.93838151592294,29.818339651158556,463.55607573007944,25.173592913553865,734.2226190289065,732.6154806011405,0.9978111019926196
20260910_110340,WALK_1P_AWAY,15,92,101,WALK,AWAY,1,P01,LAB01,0,1.0,-39.67048322629125,747.609967540975,-50.383292839329975,936.7395052746224,924.3034959812719,923.8889051426299,940.6374381223347,940.6374381223347,68.89794236230804,29.818339651158556,261.88361672072324,13.723643722408715,750.106230233922,748.6617465892225,0.9980742945645859
20260910_110340,WALK_1P_AWAY,16,97,106,WALK,AWAY,1,P01,LAB01,0,1.0,-183.53507397766856,670.7420236494349,-214.6108791687114,844.7412856425753,891.6595494116402,910.161621104424,940.6374381223347,940.6374381223347,184.08908086786198,59.16252088491834,1024.0763078535335,48.63889155288151,726.9002051223465,695.3991556432373,0.956663859416841
20260910_110340,WALK_1P_AWAY,17,102,111,WALK,AWAY,1,P01,LAB01,0,1.0,-338.050123194497,470.8757759958967,-396.8547292736238,621.7727855566898,774.034982450605,799.1700900851229,940.6374381223347,858.4614588749345,379.2548818017073,213.0779412903907,1509.6203418989853,95.4559187743008,587.5190261541377,579.6566934070136,0.9866177393460932
20260910_110340,WALK_1P_AWAY,18,107,116,WALK,AWAY,1,P01,LAB01,0,1.0,-396.519126372267,474.0443917177636,-503.7165616223633,585.653684364646,793.6796622335806,824.0001834400111,913.555808124596,913.555808124596,526.0699438007755,216.8679631756785,2329.531246608496,109.4768085404972,621.6338111642108,618.0173969218749,0.9941824042106672
20260910_110544,FAST_1P_APPROACH,0,28,37,FAST,APPROACH,1,P01,LAB01,0,0.9,-493.39596804546954,45.13067636105461,-567.8017817233955,58.44811455805727,891.4727098295373,863.4071564007808,1320.687182539663,1320.687182539663,1972.2670400964203,1099.8142592241063,6551.656162740145,366.39705884345454,717.0735268320387,495.45570864844444,0.6909412913865607
20260910_110544,FAST_1P_APPROACH,1,33,42,FAST,APPROACH,1,P01,LAB01,0,1.0,456.86529776140424,44.53039038066345,381.51532340854,53.11629373524115,956.2521414730445,920.4007138998602,1320.687182539663,1103.6188917015186,1250.2480008246775,729.2612257896715,4374.489781303,170.62724358184505,669.7704745560825,459.0303431866687,0.6853547007889675
20260910_110544,FAST_1P_APPROACH,2,38,47,FAST,APPROACH,1,P01,LAB01,0,1.0,553.9693290630391,38.19325257362743,735.2592219425079,47.83954219663262,727.773212521137,717.9405978188317,1079.5001927195026,1079.5001927195026,1132.205215955872,1233.7244172168246,3204.8039587132453,284.28133361968014,562.5215645826999,555.2843794711919,0.9871343863645888
20260910_110544,FAST_1P_APPROACH,3,43,52,FAST,APPROACH,1,P01,LAB01,0,1.0,184.16809471743863,-142.05093208505514,271.51091796951704,-147.17227389466353,410.5694539355507,364.56859943402833,656.8975858897667,568.7451699573674,590.0139993967351,415.98466188618653,1566.1997364587637,105.2155456969876,304.5193142196111,232.58623006980528,0.7637815376862118
20260910_110544,FAST_1P_APPROACH,4,48,57,FAST,APPROACH,1,P01,LAB01,0,1.0,-106.94881362752403,-420.75237585208015,-97.11193794965303,-495.76816160613873,555.7424072739037,411.44653646817284,1029.3859981659684,1017.5451544988758,820.9040965302123,344.4577194029084,3464.6407545938782,272.4690442710053,463.14111868115543,434.1320196915968,0.9373644493666095
20260910_110544,FAST_1P_APPROACH,5,53,62,FAST,APPROACH,1,P01,LAB01,0,1.0,249.15746035681104,-863.2210265272643,276.11082610668444,-1011.469704448769,1178.8784802850464,1148.0187254692,1835.46619016713,1778.9157840308671,1610.6182422734605,1734.8744010348282,3464.6407545938782,478.1415315038663,1012.0868653220641,898.4597824556421,0.8877299105840447
20260910_110544,FAST_1P_APPROACH,6,58,67,FAST,APPROACH,1,P01,LAB01,0,1.0,849.5597193525816,-1150.3860186257452,994.5610234805778,-1412.893788567117,1729.6920633270165,1843.859052491846,1871.2226178348938,1871.2226178348938,967.3091812363515,482.38436462505797,2667.2825798330014,198.95772624707197,1432.6495345835992,1430.0838117383298,0.9982091064260072
20260910_110544,FAST_1P_APPROACH,7,63,72,FAST,APPROACH,1,P01,LAB01,0,1.0,710.1066093367432,-1199.1077500042534,916.6852405487541,-1497.7255626831634,1774.6105996834135,1808.1078141106414,1871.2226178348938,1871.2226178348938,422.83664839125174,143.62136790760223,1395.7820948436047,94.61806442031926,1405.2746736761449,1393.5963521565307,0.991689652038584
20260910_110544,FAST_1P_APPROACH,8,68,77,FAST,APPROACH,1,P01,LAB01,0,1.0,527.0304185313961,-1283.607613694478,671.5492466612639,-1596.409022470216,1743.3825203049414,1766.491156723845,1808.8947029312183,1808.8947029312183,456.50359482770165,224.1995738442201,1395.7820948436047,67.38188633557704,1389.7258224202574,1387.5912827600969,0.9984640569918726
20260910_110544,FAST_1P_APPROACH,9,73,82,FAST,APPROACH,1,P01,LAB01,0,1.0,364.7657784961804,-1346.0163142848328,494.6017416686897,-1674.6188324635045,1756.152910590737,1749.5082952566293,1808.8947029312183,1808.8947029312183,183.20581005650678,42.95336028424139,474.0633146286204,46.81772102008989,1400.1738476706523,1394.5658792193542,0.9959948056017275
20260910_110604,FAST_1P_APPROACH,0,20,29,FAST,APPROACH,1,P01,LAB01,0,0.9,-105.0546486605001,234.29104688237476,-98.07639645616163,270.84623133519756,537.2362914343084,531.5077679809839,1009.8162158783657,614.8676510807892,1069.5842205141073,554.6819250558273,4929.69667554848,188.78792408598207,460.61032729940996,256.7659904551618,0.5574473155228595
20260910_110604,FAST_1P_APPROACH,1,25,34,FAST,APPROACH,1,P01,LAB01,0,1.0,-663.1766392703448,-404.4282763530937,-751.1555859938147,-404.48399931770973,1032.4504715199216,1172.2496870241596,1510.291341873248,1510.291341873248,1194.0595927350137,619.1200042726782,4929.69667554848,439.49450050457017,865.4342534916665,776.7660430192886,0.8975448335738521
20260910_110604,FAST_1P_APPROACH,2,30,39,FAST,APPROACH,1,P01,LAB01,0,1.0,-722.094534351439,-590.3059243787411,-919.2124137656808,-741.9397266603048,1183.4537173398323,1378.375165372815,1510.291341873248,1510.291341873248,1927.660069975871,1526.4358937082227,4786.337392361484,417.27129681258174,939.6085319167098,932.674434568066,0.9926202273467026
20260910_110604,FAST_1P_APPROACH,3,45,54,FAST,APPROACH,1,P01,LAB01,0,1.0,895.1814808376844,-117.8171653240388,1047.7553159688255,-114.51544434591786,1091.888913410249,1113.534385111242,1381.6629289326988,1381.6629289326988,1678.3229542714657,1441.528858665346,5770.746002931864,303.2153766590848,941.9145398897817,902.9013058356608,0.9585809196037189
20260910_110604,FAST_1P_APPROACH,4,50,59,FAST,APPROACH,1,P01,LAB01,0,1.0,720.4594189264585,-574.4939949264563,947.4218582576398,-654.4620709322205,1214.5559291101486,1220.1018700193213,1382.869118408032,1381.7835478802322,644.944640443389,521.018259223081,2100.42375278256,111.39288068971072,949.9741287346195,921.469003562469,0.9699937879254461
20260910_110604,FAST_1P_APPROACH,5,55,64,FAST,APPROACH,1,P01,LAB01,0,1.0,764.9841490723318,-949.1210190181955,938.9281391030861,-1135.7998577856365,1472.059109868581,1456.2296063418269,1787.8515397443268,1782.5406067427114,777.8894861523444,911.7360585266008,1645.9796034013104,252.88953340458528,1220.064415416565,1219.0288991956086,0.9991512610253428
20260910_110604,FAST_1P_APPROACH,6,60,69,FAST,APPROACH,1,P01,LAB01,0,1.0,804.878665831723,-1181.5703298482258,996.740352956696,-1450.2785622986617,1758.0441717533163,1797.5458433406814,1819.978343254581,1809.950805373497,503.2926017673111,159.03494712677286,1645.9796034013104,87.84497860097935,1436.8439350077992,1429.6636356460563,0.9950027284196985
20260910_110604,FAST_1P_APPROACH,7,65,74,FAST,APPROACH,1,P01,LAB01,0,1.0,541.0652542102057,-1335.8863801501057,717.8208266787725,-1642.9954853436816,1818.8486794733544,1808.836634497821,1874.1220619222697,1863.973672477321,143.58272427407763,116.00934505602828,715.819328170456,25.648434172059456,1452.5358878158574,1441.2994241253646,0.992264243668782
20260910_110604,FAST_1P_APPROACH,8,70,79,FAST,APPROACH,1,P01,LAB01,0,1.0,367.52223357233436,-1455.8131908578355,474.79838071284877,-1800.2889442846747,1868.009822130929,1878.7341562079955,1916.9638054397255,1916.9638054397255,142.9289840003559,68.18293682601083,715.819328170456,48.48368741667437,1502.2111025689483,1501.4874754208472,0.9995182919718383
20260910_110621,FAST_1P_APPROACH,0,42,51,FAST,APPROACH,1,P01,LAB01,0,0.7,137.11805561048504,-182.16937121664887,161.1376305217278,-207.93386102190212,444.73275713626083,458.668443268336,1109.0148138821346,560.1405868338695,1252.9479669239834,227.2458371011938,7329.415543764837,267.0816748248105,401.5750376203463,228.00666872674861,0.5677809808046604
20260910_110621,FAST_1P_APPROACH,1,47,56,FAST,APPROACH,1,P01,LAB01,0,1.0,-448.49235086819226,-478.66641323348176,-435.21406947919456,-559.9415840400137,882.1383021443646,1076.3807598929357,1209.5547953531627,1209.5547953531627,1077.2858191246546,227.2458371011938,7329.415543764837,341.1374625683439,729.3087538781604,655.9473484549534,0.8994096738410151
20260910_110621,FAST_1P_APPROACH,2,52,61,FAST,APPROACH,1,P01,LAB01,0,1.0,-274.99242357215735,-644.5762170527196,-414.47564072898905,-795.2386224531904,1024.2324705395918,1002.9377082239405,1209.5547953531627,1209.5547953531627,607.7823452038951,663.1750178232138,1358.36299481855,154.25397269441717,795.4168955025086,700.7847976462414,0.8810283030303462
20260910_110621,FAST_1P_APPROACH,3,57,66,FAST,APPROACH,1,P01,LAB01,0,1.0,80.88864689831962,-755.4730457369242,53.9011754485154,-937.719448454656,972.1541992300241,955.3347065429576,1141.80392029942,1107.1799168969403,563.1252331021468,612.7156003938385,1347.546663852349,108.95654809520882,774.8217204889683,759.7910870970163,0.9806011718638108
20260910_110621,FAST_1P_APPROACH,4,62,71,FAST,APPROACH,1,P01,LAB01,0,1.0,1457.646914179005,-1168.192489553374,1672.1745231552468,-1402.0074332020465,2023.2849408035563,1142.805264960254,3668.8535650684075,3668.8535650684075,4113.322941146884,401.0307064437082,28394.284763486376,1186.6051982931647,2138.1773255719445,1867.995775976082,0.8736393158955649
20260910_110621,FAST_1P_APPROACH,5,67,76,FAST,APPROACH,1,P01,LAB01,0,1.0,1898.0893999082077,-1498.333329382419,2113.974107992558,-1792.3181362624703,2533.2302044334774,2150.910927908371,3668.8535650684075,3668.8535650684075,4693.934393348075,97.67190397705821,28394.284763486376,830.7028653231151,2570.1226568715733,2418.21135056101,0.9408933632391405
20260910_110621,FAST_1P_APPROACH,6,72,81,FAST,APPROACH,1,P01,LAB01,0,1.0,543.0875861125371,-1569.720929020746,749.5195031183675,-1940.5149284301635,2101.318926216827,2073.6094288978093,2248.394678212566,2179.655087432935,968.1509924435529,213.08266363524444,5813.877311539293,67.85587784099428,1666.7146901403842,1661.014124321433,0.9965797590597398
20260910_110642,FAST_1P_APPROACH,0,26,35,FAST,APPROACH,1,P01,LAB01,0,0.9,484.2539796081476,-130.81654571055606,563.4193545110053,-131.8978870114754,577.9068244878922,636.6355524182002,752.1038166624104,752.1038166624104,973.1635992172207,792.1145004450967,4178.7916988700335,178.474312901759,511.4261718970942,501.61228593204356,0.9808107474659601
20260910_110642,FAST_1P_APPROACH,1,31,40,FAST,APPROACH,1,P01,LAB01,0,0.7,257.5747462033273,-143.5201852207838,361.35486213327187,-183.90972072154347,408.070078611622,361.1236212370111,752.1038166624104,686.1117881079991,671.6388430875337,724.4290222732466,1395.9741713736066,206.22775522457994,296.0532203102275,294.8606339400303,0.9959717162713261
20260910_110642,FAST_1P_APPROACH,2,51,60,FAST,APPROACH,1,P01,LAB01,0,0.7,-452.1723368911555,-138.35592569364053,-518.1922154863365,-148.44138995771561,610.1846527679942,521.487661530645,1048.8616544115562,1048.8616544115562,1634.232833838497,610.1251370193155,6193.218187537187,352.4160621032069,509.6385364345499,472.8659264782702,0.92784570371475
20260910_110642,FAST_1P_APPROACH,3,56,65,FAST,APPROACH,1,P01,LAB01,0,1.0,172.50092891208487,-364.5908552245528,92.55621380802832,-438.0842781593704,906.2601561629453,949.8284213273105,1451.3833945861536,1260.941832369079,1639.141428047229,2146.224311382819,4006.125033904405,302.7552508011418,690.3279304563355,403.33988420301677,0.5842728743952057
20260910_110642,FAST_1P_APPROACH,4,61,70,FAST,APPROACH,1,P01,LAB01,0,1.0,824.2796354370485,-774.6820857527782,967.5394098045075,-902.9313035280753,1337.6986667513017,1533.6340463998627,1782.8190416810892,1672.3831558915017,1418.693766120769,1614.2499325829617,3258.3771845010615,403.31406709831634,1143.7018048989303,1131.180468087435,0.9890519217877759
20260910_110642,FAST_1P_APPROACH,5,66,75,FAST,APPROACH,1,P01,LAB01,0,1.0,914.6935430251024,-1252.8512467704395,1148.762545229571,-1515.657981300255,1902.430072348859,1860.7217347267915,2208.1337983129474,2206.9365268480283,850.1886729974358,529.343055676594,2159.134464319607,250.58693442772616,1554.891241917548,1551.2254910831175,0.9976424390750893
20260910_110642,FAST_1P_APPROACH,6,71,80,FAST,APPROACH,1,P01,LAB01,0,1.0,785.0837098970062,-1582.6368728022298,999.1135864906915,-1933.4425791585431,2190.850117167253,2208.1337983129474,2282.2978390453154,2269.999191336176,561.0767546219716,179.7621066816755,2159.134464319607,93.05974570841605,1779.777032314628,1766.6623623938071,0.9926312848841716
20260910_110701,FAST_1P_APPROACH,0,40,49,FAST,APPROACH,1,P01,LAB01,0,0.9,747.4977137354833,338.59947083191764,854.1860527250913,377.65198343193475,975.6076197671639,1139.5656861081425,1391.774226571975,1391.774226571975,2400.706171360532,1744.354898235863,8954.970443641883,427.8980969256236,861.8118675623497,820.6110124093079,0.9521927502929624
20260910_110701,FAST_1P_APPROACH,1,50,59,FAST,APPROACH,1,P01,LAB01,0,1.0,-669.8776901569772,-336.9667026026409,-784.6428893098457,-396.8680097384583,892.7302590935827,980.9930945491242,1069.6954000146934,1069.6954000146934,601.346927588768,382.066284302387,1735.8347407063504,192.79889625606685,750.4285418899995,749.855104958914,0.9992358540499523
20260910_110701,FAST_1P_APPROACH,2,55,64,FAST,APPROACH,1,P01,LAB01,0,0.8,-469.1383544410796,-282.064279659201,-620.1503310674426,-363.09846117892596,720.1547013591876,939.3674951832729,1069.6954000146934,1069.6954000146934,1260.4491431408958,1030.0597345156834,3869.260501049606,387.13218723216227,555.261491992633,547.4039216769899,0.9858488830416726
20260910_110701,FAST_1P_APPROACH,3,70,79,FAST,APPROACH,1,P01,LAB01,0,1.0,978.0268211348921,-686.9983931504821,1196.1246124083889,-799.0393962541755,1461.8953505416446,1519.8459154948328,1677.1634564461315,1649.564514398958,1371.4866041120526,612.9050026403029,6147.051115766613,194.23060906299492,1211.2191525310895,1195.2000899642564,0.986774430924942
20260910_110701,FAST_1P_APPROACH,4,75,84,FAST,APPROACH,1,P01,LAB01,0,1.0,900.9493914061368,-1056.6093619962571,1140.491624012329,-1278.2810334713138,1723.484300422495,1684.7095253001758,1937.304901686865,1928.0924656944123,523.1870886552116,421.8483307811265,1158.485741919049,129.25125781676084,1396.3217577995579,1388.5723422757728,0.9944501219145957
20260910_110722,FAST_1P_APPROACH,0,20,29,FAST,APPROACH,1,P01,LAB01,0,0.8,224.87776038032825,5.887833582411986,259.57214386016284,26.791873691120724,284.38537234451826,280.0716829206591,338.11505802313417,338.11505802313417,292.24443125466064,242.56652410928862,757.693867848927,48.03809670931876,229.8012903522268,224.95482590503923,0.9789101948045671
20260910_110722,FAST_1P_APPROACH,1,25,34,FAST,APPROACH,1,P01,LAB01,0,0.7,261.54591321402904,15.032702623223486,328.8342136515381,14.55273235784259,338.61657892608645,316.0672731799243,730.7829872658474,507.26618604217384,781.3282498712297,467.2833155288943,2800.8571259686155,159.5060016673146,264.9971802643406,261.97756939692124,0.9886051207623898
20260910_110722,FAST_1P_APPROACH,2,30,39,FAST,APPROACH,1,P01,LAB01,0,0.8,415.3470146109303,111.49324695471478,480.8111444048419,124.26600020816863,485.9789598894611,476.89065229598543,730.7829872658474,730.7829872658474,1105.4252302689006,928.9218780327792,2800.8571259686155,209.07195320020418,432.8128707719083,430.0510279754222,0.993618852434863
20260910_110722,FAST_1P_APPROACH,3,45,54,FAST,APPROACH,1,P01,LAB01,0,1.0,-287.8931498228508,-171.25452295144714,-371.0660947696998,-212.34618124011908,492.8732423539357,500.5788291018322,611.6345705753276,611.6345705753276,662.5412441601882,170.70866552618978,3007.1337089375606,90.63807266418382,359.0746909531973,334.97847295945775,0.9328935772950917
20260910_110722,FAST_1P_APPROACH,4,50,59,FAST,APPROACH,1,P01,LAB01,0,1.0,195.58588803838302,-172.6105039344402,183.8587442305464,-215.2359516633247,535.1420829421679,458.21225928490696,837.5683186921157,801.470585008352,632.9479457896891,388.8341611892177,1825.7577080954495,164.0890287575521,398.5798256338816,260.86054831703524,0.6544750424891063
20260910_110722,FAST_1P_APPROACH,5,55,64,FAST,APPROACH,1,P01,LAB01,0,1.0,435.0281769148237,-449.4499180741659,529.7928063453711,-509.47637543596403,762.4627969213568,853.9426952329713,870.3170717738269,870.3170717738269,541.8585768077244,342.5323435557557,1825.7577080954495,152.75438145427668,658.7247714160989,625.5035919694703,0.9495674356147089
20260910_110722,FAST_1P_APPROACH,6,60,69,FAST,APPROACH,1,P01,LAB01,0,1.0,501.14417371601076,-787.3873313848471,633.9737647571555,-951.6191770662138,1155.0180701171598,879.4648175228913,2139.0534438836535,1779.3371547903273,1463.402562486492,286.9075608837055,4502.171371308172,428.844103047193,958.0571364086886,933.3403947514831,0.9742011820402935
20260910_110722,FAST_1P_APPROACH,7,65,74,FAST,APPROACH,1,P01,LAB01,0,1.0,1035.0333692786057,-1187.0921679474604,1172.9887635361467,-1422.4752128808893,1870.258787125961,2194.2933921025847,2331.1873158988687,2331.1873158988687,1642.132511533433,821.065338653553,4502.171371308172,537.3006338383655,1585.5746421906265,1574.9545678280451,0.9933020659639784
20260910_110722,FAST_1P_APPROACH,8,70,79,FAST,APPROACH,1,P01,LAB01,0,1.0,1020.7646708686129,-1535.8167719730363,1312.3435250648286,-1879.6142803514026,2317.49906672864,2331.1873158988687,2336.2078355105064,2336.2078355105064,221.25689931426692,28.28844244651445,1236.8029424234833,27.510887364568667,1861.32447951012,1844.0969796535064,0.9907444940168908
20260910_110722,FAST_1P_APPROACH,9,75,84,FAST,APPROACH,1,P01,LAB01,0,1.0,613.4638734190062,-1757.5384767863077,819.0321524930912,-2170.533619227009,2342.8428109404126,2336.545286872351,2371.4620875756927,2360.682562630928,45.22682082532073,32.07420326238905,134.4595118675707,12.480525306582088,1876.557019895652,1861.5261001056592,0.9919901609007177
20260910_110748,FAST_1P_APPROACH,0,45,54,FAST,APPROACH,1,P01,LAB01,0,0.7,227.68771205028042,262.4159331713854,257.9483811224957,301.2743011299102,404.96077495316894,449.24463110260456,571.8822353785997,571.8822353785997,856.5980797329528,694.7059119106557,2515.3439454902727,145.72553086611728,349.2745001000217,347.42454749326566,0.9947034421172278
20260910_110748,FAST_1P_APPROACH,1,55,64,FAST,APPROACH,1,P01,LAB01,0,0.9,184.269669575835,-473.6416984675907,194.17464342423096,-531.0716937855186,679.4790323420577,447.8559597850044,1637.378526876234,1381.150378615206,1564.2872359944383,888.1294930238978,4676.911158545728,463.2652850788716,582.541395275114,508.2241332845692,0.8724257836553445
20260910_110748,FAST_1P_APPROACH,2,60,69,FAST,APPROACH,1,P01,LAB01,0,1.0,751.3522176330691,-909.6333100466018,847.246208212416,-1070.6178547765915,1388.1123079239915,1686.1617390307285,1774.168946939492,1774.168946939492,1540.6253267920663,1038.9414074375754,4676.911158545728,474.35479757013735,1186.2306361738438,1179.8147793990665,0.9945913917756573
20260910_110748,FAST_1P_APPROACH,3,65,74,FAST,APPROACH,1,P01,LAB01,0,1.0,948.8185196692611,-1162.2723111209798,1186.037161239614,-1432.3112579746535,1865.3330964050242,1827.0166448224431,2036.5732654400995,2022.7271542483984,448.971607700008,306.4473245302117,1192.0891880120762,123.07029510270965,1502.0004151450423,1500.3777885805534,0.9989196896697714
20260910_110748,FAST_1P_APPROACH,4,70,79,FAST,APPROACH,1,P01,LAB01,0,1.0,829.2807455073621,-1422.9748835040755,1052.2982304391269,-1744.538911620039,2050.8375771449373,2052.799488764712,2170.2700507604372,2155.3949090247916,445.81406800959275,362.5576820609289,1192.0891880120762,86.50777326776357,1659.9550231744192,1646.9863611920664,0.9921873413428081
20260910_110748,FAST_1P_APPROACH,5,75,84,FAST,APPROACH,1,P01,LAB01,0,1.0,533.6370065130202,-1678.4506866940242,700.844715560668,-2062.9127508563574,2195.834845836746,2187.3515110116214,2312.6468947536623,2308.7412880275283,310.335873668203,274.0459540291422,966.7167412978822,85.4803216049871,1771.4638066003813,1761.2396663667948,0.9942284227340734
20260910_110845,FAST_1P_APPROACH,0,17,26,FAST,APPROACH,1,P01,LAB01,0,0.9,-525.8416520517617,-183.8950320719805,-591.193387433838,-206.76102517208923,648.4450929645247,752.4579164001102,899.1513620623349,899.1513620623349,1150.2767170856382,568.1584640155011,5293.6579408456955,270.5691211200137,559.3803824967779,557.0698572470787,0.9958694918127337
20260910_110845,FAST_1P_APPROACH,1,22,31,FAST,APPROACH,1,P01,LAB01,0,1.0,-394.03951516101733,-209.55912910721963,-532.4400316436883,-263.09210552526207,594.8807630822146,643.5707644823929,899.1513620623349,822.3687835542523,711.2662646684846,656.2108561150483,1541.4799455939649,210.14938950438793,449.2244076678459,446.2982949782645,0.9934863007449386
20260910_110845,FAST_1P_APPROACH,2,37,46,FAST,APPROACH,1,P01,LAB01,0,0.9,595.4931178613606,456.0605111607065,679.5273755542452,516.2922974679046,848.6987421003712,999.7835197073953,1122.7653784103966,1122.7653784103966,1653.373533856553,978.9013167715931,6841.513602977349,326.16038140598386,781.5929774619052,750.0688256822898,0.959666792449972
20260910_110845,FAST_1P_APPROACH,3,42,51,FAST,APPROACH,1,P01,LAB01,0,0.7,286.10129162815565,265.91832417824753,402.1660906392814,376.7672977282527,598.9535821375177,571.8022304243382,1122.7653784103966,1061.3465808825113,1050.221214030073,1159.3343610820639,2087.8877117347315,357.38539642210407,423.42766926708055,390.5976244232247,0.9224659907070267
20260910_110845,FAST_1P_APPROACH,4,57,66,FAST,APPROACH,1,P01,LAB01,0,1.0,564.6199371326015,-805.36416333547,622.1038484288144,-941.2706069420449,1251.5477638906254,981.2153349111485,2299.21280903597,2246.599849788501,2369.1410061999386,1971.2172837064627,6346.41795658613,731.6596978364844,1079.081652116394,983.5685583591337,0.9114866853959278
20260910_110845,FAST_1P_APPROACH,5,62,71,FAST,APPROACH,1,P01,LAB01,0,1.0,1228.5868810368047,-1312.6790204054114,1461.573592238017,-1572.3862672620676,2142.9924891570063,2308.297381991717,2382.2970262699882,2382.2970262699882,1964.8196288111521,792.9621664411095,6346.41795658613,346.3509118593466,1801.9347375168484,1797.9299026570125,0.997777480628763
20260910_110845,FAST_1P_APPROACH,6,67,76,FAST,APPROACH,1,P01,LAB01,0,1.0,1013.2270221314996,-1514.5447561010587,1307.871551930429,-1869.4906312993983,2292.1658466299696,2297.689305836835,2382.2970262699882,2382.2970262699882,306.88277332843484,275.32965079207753,928.7511148697539,73.07381270169728,1832.9406747649043,1822.2170059053565,0.9941494730259487
20260910_110845,FAST_1P_APPROACH,7,72,81,FAST,APPROACH,1,P01,LAB01,0,1.0,617.6323364775847,-1638.0951356646974,816.3190345698988,-2032.9079906194424,2213.3531173662077,2207.399782432182,2277.9966567262054,2247.38532418612,178.34136192530576,100.9831289724685,442.46183994943453,27.242230925510682,1764.2878334518853,1750.664267228615,0.9922781498772707
20260910_110913,FAST_1P_APPROACH,0,45,54,FAST,APPROACH,1,P01,LAB01,0,0.7,-328.16214945006004,-32.38041148474076,-384.2843452550629,-36.8266326406312,394.6494229850208,431.03184640508016,539.9328870316257,539.9328870316257,856.5923674556209,624.4743339460558,2562.778000862913,139.7584847779584,331.6991643625985,329.75579961481293,0.9941411828651424
20260910_110913,FAST_1P_APPROACH,1,50,59,FAST,APPROACH,1,P01,LAB01,0,0.7,233.56119751382494,-23.523104412938665,204.28614303979674,-39.133594374422486,565.0105918330555,539.9328870316257,975.3678158935355,975.3678158935355,1196.4974931168567,0.0,4217.934034900264,298.8221276743976,453.1015910595727,234.7427728926153,0.518079780615363
20260910_110913,FAST_1P_APPROACH,2,55,64,FAST,APPROACH,1,P01,LAB01,0,0.9,331.14579240890635,-234.99788406462267,392.9082375167742,-259.7112297441554,732.6802687437091,707.0608542021191,975.3678158935355,975.3678158935355,1273.726266302341,429.711707448677,4217.934034900264,217.1142056828412,623.2942712660574,406.05608152689,0.6514676939065949
20260910_110913,FAST_1P_APPROACH,3,60,69,FAST,APPROACH,1,P01,LAB01,0,1.0,151.39134021902464,-553.433910740001,243.31346511727324,-659.5600479868389,895.820982890234,755.6544998029328,1501.203793406013,1338.1201208477964,1280.0385487300703,1288.2868393717597,3235.3452318222803,281.54610031810563,704.2995578771793,573.7668790112268,0.8146631253618994
20260910_110913,FAST_1P_APPROACH,4,65,74,FAST,APPROACH,1,P01,LAB01,0,1.0,852.1753971512321,-884.4551371938724,912.0957160141754,-1052.7873643366029,1468.8741959639206,1563.1367629115098,2081.164163572226,1995.2486775560947,1501.119549546493,1381.3203200830621,3235.3452318222803,459.9231283232041,1240.5694034506027,1228.1953416368635,0.9900254981468016
20260910_110913,FAST_1P_APPROACH,5,70,79,FAST,APPROACH,1,P01,LAB01,0,1.0,1109.6994424170225,-1173.5893028919136,1365.0610093528728,-1430.2062367050603,1971.5199146010568,2027.8974436300336,2118.325749944093,2118.325749944093,807.9046895913141,977.9588788499636,1390.0359201768629,162.72079110312373,1619.7382109919681,1615.160891169353,0.9971740372662987
20260910_110913,FAST_1P_APPROACH,6,75,84,FAST,APPROACH,1,P01,LAB01,0,1.0,840.7458287729197,-1392.5457571995776,1100.9706531597844,-1718.0246912831612,2054.115934993638,2036.1552354178837,2118.325749944093,2118.325749944093,190.50457511335242,92.48622025173117,883.4836335280561,43.1997881528012,1646.844076442952,1626.6644504917444,0.98774648660437
20260910_110934,FAST_1P_APPROACH,0,30,39,FAST,APPROACH,1,P01,LAB01,0,0.9,-269.5616473844743,511.4394389853487,-310.4252848144491,589.431211396551,973.9330377962067,806.6624390138807,1539.1957630031445,1539.1957630031445,2541.698953267346,729.7082640481718,8525.487220364455,447.081007040842,793.4450971430515,578.1295542439254,0.7286320834618423
20260910_110934,FAST_1P_APPROACH,1,35,44,FAST,APPROACH,1,P01,LAB01,0,1.0,236.46212320552422,-389.1213491815033,186.99611757778692,-289.2979351035698,961.9125656168501,880.1917488169756,1539.1957630031445,1150.0955535947528,1721.345817339324,306.4780177750014,8525.487220364455,245.89555002466025,644.9378710406323,455.3347780476448,0.7060133983339271
20260910_110934,FAST_1P_APPROACH,2,40,49,FAST,APPROACH,1,P01,LAB01,0,0.8,239.74977722229642,-392.9877153442658,321.52605593619063,-539.2127309588366,624.4287878747489,565.0455593899346,1106.8621969938206,1106.8621969938206,1455.4522721465185,1262.489103700785,3059.761833510391,390.1667935876653,464.010629818476,460.34693448490174,0.9921042857681783
20260910_110934,FAST_1P_APPROACH,3,55,64,FAST,APPROACH,1,P01,LAB01,0,0.9,609.6030296228853,-772.3857614153021,684.2521169566046,-876.7982614605675,1114.1684798724268,1423.4388300875935,1646.0750593155642,1646.0750593155642,1786.5564840200932,1432.6199973034727,5204.2798731850135,601.3835559264847,989.1643189017152,983.9693176936445,0.9947480907784474
20260910_110934,FAST_1P_APPROACH,4,60,69,FAST,APPROACH,1,P01,LAB01,0,1.0,737.8474530243031,-1139.0906323478657,933.7615701354716,-1394.230966819465,1685.7399503109186,1646.0750593155642,1925.8013179521208,1828.9854185723484,707.3739491343335,258.5047966826735,2853.8655325687055,101.59913380334181,1363.5433206731175,1357.1832347318145,0.9953356187186166
20260910_110934,FAST_1P_APPROACH,5,65,74,FAST,APPROACH,1,P01,LAB01,0,1.0,650.8793182424229,-1355.5229966113557,811.0140531992741,-1664.7329727844935,1860.824009517109,1939.4164811094893,2013.0101022399986,1991.4355485851536,412.2470262840974,250.96242848281682,1446.998936994763,140.43263988700355,1507.2431349526612,1503.6909527086843,0.9976432586345212
20260910_110934,FAST_1P_APPROACH,6,70,79,FAST,APPROACH,1,P01,LAB01,0,1.0,498.7442289713074,-1568.5379568690068,653.2030867845507,-1936.9946179210056,2053.125602604504,2031.4935849947965,2184.230277578545,2167.785714131167,290.26618495394143,250.96242848281682,672.4771542645252,85.86367531325469,1651.291469473942,1645.9213614480439,0.9967479344954111
20260910_110934,FAST_1P_APPROACH,7,75,84,FAST,APPROACH,1,P01,LAB01,0,1.0,323.4680096898262,-1721.1910148811758,422.85359061420405,-2129.516891938111,2179.651825635995,2194.981527208972,2237.555961265825,2235.1643785085785,255.33924593369176,223.39687095902514,672.4771542645252,61.77566725255032,1753.839357359069,1751.322375520963,0.9985648732151295
20260910_111009,FAST_1P_APPROACH,0,39,48,FAST,APPROACH,1,P01,LAB01,0,0.9,452.02973846016357,154.69975573883767,531.1039989128311,181.03803873456079,542.3902635909012,534.4283519351118,746.1820743910507,746.1820743910507,931.5835736739571,517.2554610040083,4599.1335163174,167.9798490458729,477.9226635942583,477.76866669761836,0.9996777786274419
20260910_111009,FAST_1P_APPROACH,1,44,53,FAST,APPROACH,1,P01,LAB01,0,1.0,252.0672214631527,54.55747575235637,342.83967972648486,82.14410758303015,433.28732044723336,427.7420424030374,631.1396642432048,567.7357405384198,488.0238762663568,473.34487735707955,1292.3644938365353,105.05949958771737,309.7797846353681,257.90386250815055,0.8325393563421866
20260910_111009,FAST_1P_APPROACH,2,49,58,FAST,APPROACH,1,P01,LAB01,0,1.0,71.81299464334961,-389.44242567358833,120.6162332414278,-425.7865944229513,644.0944003720657,598.71451488324,1283.1667906967318,1011.1261631637973,1231.7058937291172,597.1266343255866,5251.363012489108,327.2872869377163,516.7813297441431,396.00821849322034,0.7662974563908546
20260910_111009,FAST_1P_APPROACH,3,54,63,FAST,APPROACH,1,P01,LAB01,0,1.0,565.9932219437856,-892.4902754861323,591.7024868615398,-1066.8532791305884,1326.175586719221,1442.5691868788938,1768.4299448412078,1749.1807402078207,1636.1916123370013,962.7034207458028,5251.363012489108,406.8985181419953,1110.9933100977564,1056.8288504406091,0.9512468174516898
20260910_111009,FAST_1P_APPROACH,4,59,68,FAST,APPROACH,1,P01,LAB01,0,1.0,957.9460354234916,-1168.3020818300229,1188.3847927211857,-1427.6312886305561,1855.0832595127983,1786.0354751094424,2129.411388634107,2115.5745344981724,951.4858987137704,646.9325071553765,3584.0898523251494,174.38693513688725,1512.948690667499,1510.824397867585,0.9985959254183453
20260910_111009,FAST_1P_APPROACH,5,64,73,FAST,APPROACH,1,P01,LAB01,0,1.0,916.9671082282795,-1435.0847877715355,1146.2706715276533,-1752.1608942197968,2099.5440844345476,2144.0744107060364,2220.0921498845955,2220.0921498845955,507.97949288728006,318.4873016152567,1326.694037021589,132.79727149707287,1710.3941205319989,1703.0258440980297,0.9956920593063794
20260910_111009,FAST_1P_APPROACH,6,69,78,FAST,APPROACH,1,P01,LAB01,0,1.0,598.1082414110634,-1677.3023253456427,794.0741813181123,-2068.4257425559226,2245.0660642583944,2231.211480228887,2370.474742930853,2328.793760907931,271.01593448516303,261.2337399605558,688.8946256173912,60.20190787201607,1796.6790201437914,1780.7516837149797,0.9911351241650626
20260910_111031,FAST_1P_APPROACH,0,70,79,FAST,APPROACH,1,P02,LAB01,1,1.0,382.01728630321486,-1124.4946271173399,429.31476670504316,-1263.6560092919378,1417.9528125432912,1582.5864193893733,1927.988279904013,1875.6778947471887,1522.0767695642282,1471.18823479336,3334.1170236676794,461.4622282423798,1192.17539754269,1187.6133097310073,0.9961733082052473
20260910_111031,FAST_1P_APPROACH,1,75,84,FAST,APPROACH,1,P02,LAB01,1,1.0,259.86689602605617,-1549.7626251832114,352.7805132267336,-1896.4671213480633,1937.9140877829402,1962.0624627803877,2108.280751359786,2091.6262846222407,686.4868036920518,667.3690642518113,1910.8848200200885,145.98662030940181,1578.1040357745762,1571.3990575487107,0.9957512444846043
20260910_111051,FAST_1P_APPROACH,0,18,27,FAST,APPROACH,1,P02,LAB01,0,0.9,320.4591492574791,128.37823805746575,360.7689095471736,145.39769579915273,379.55219768564206,339.0806870595728,552.4563305027123,552.4563305027123,942.2500150022968,632.8122040796133,2410.2870490620735,143.19117962880938,346.6397769918678,345.2173784002866,0.9958966088545154
20260910_111051,FAST_1P_APPROACH,1,23,32,FAST,APPROACH,1,P02,LAB01,0,1.0,224.95564965789254,150.9359100447091,301.16676577224655,190.73286017853275,364.39004576189564,353.6750836595129,527.6649883580343,456.1176319383545,558.105186469036,455.8419911031518,2110.169935194813,94.51471915306149,271.5930757187389,270.8997845219317,0.9974473163758962
20260910_111051,FAST_1P_APPROACH,2,28,37,FAST,APPROACH,1,P02,LAB01,0,1.0,157.72331407138336,218.1936508900717,202.02532705175932,263.49529061992746,357.12269579296503,336.21550057127115,448.16792566950124,448.16792566950124,402.65180020417586,361.9358117119094,962.6282366340726,64.8609970222347,291.78577928781084,269.2305946403542,0.9226995068008138
20260910_111051,FAST_1P_APPROACH,3,43,52,FAST,APPROACH,1,P02,LAB01,0,0.7,146.16342657606037,-177.3349935433498,221.50512425736352,-218.36269018286686,368.38695275458934,281.0735873066471,569.3830413079991,569.3830413079991,550.4254474075208,226.47743527793156,2461.9797937734547,149.54873775452936,279.0442599581234,229.80741329094525,0.8235518384267528
20260910_111051,FAST_1P_APPROACH,4,48,57,FAST,APPROACH,1,P02,LAB01,0,0.7,175.90053160740808,-228.06491617427855,191.82441769231215,-270.4829508947215,378.5102425346889,281.438045440349,1163.4363289418493,605.1997225799919,1099.9380228125885,11.365984738318168,6955.257358320023,276.11475592758086,321.238304291622,288.0184074140913,0.89658799578467
20260910_111051,FAST_1P_APPROACH,5,53,62,FAST,APPROACH,1,P02,LAB01,0,1.0,802.7113694006594,-683.5521606003431,920.6374671890466,-788.7021873506017,1213.335070258963,1367.735512608549,2091.636911665824,2050.5033207296524,2033.2084144515745,889.179264117419,6955.257358320023,754.4427190379832,1054.6412500064673,1054.3192584916958,0.9996946909531848
20260910_111051,FAST_1P_APPROACH,6,58,67,FAST,APPROACH,1,P02,LAB01,0,1.0,1149.9967626496496,-1168.597469489308,1412.928567621896,-1413.762364555394,2000.1091848098426,2070.8384769158693,2093.970301700335,2093.970301700335,1094.2741310183396,479.4165267372349,4595.691857218041,156.04094118220752,1647.1530302077122,1639.5464616172023,0.9953819903487956
20260910_111051,FAST_1P_APPROACH,7,63,72,FAST,APPROACH,1,P02,LAB01,0,1.0,841.369313748274,-1405.403044137216,1100.6885135250652,-1725.8990682952542,2081.7851715727693,2091.1714038747223,2161.8550125381225,2102.645171801018,185.81205015158497,31.428146316701522,736.7404496244683,34.397298722303375,1656.046032779833,1638.0048957763818,0.9891058964265822
20260910_111051,FAST_1P_APPROACH,8,68,77,FAST,APPROACH,1,P02,LAB01,0,1.0,469.03417519048077,-1649.8895732708875,627.3732618532387,-2023.2207701152674,2155.244210697675,2187.9430949320495,2267.120304683749,2235.0337870740996,253.43442764101738,88.446096095864,736.7404496244683,83.54296149732978,1729.2544667188388,1715.2634379256751,0.9919092134428829
20260910_111109,FAST_1P_APPROACH,0,57,66,FAST,APPROACH,1,P02,LAB01,0,1.0,581.1046183195917,-859.8973911760941,636.5092766866671,-1001.6417317582594,1274.2131591861107,1027.3717698194512,2378.0147377191997,2239.8228175102568,2464.206369264807,2013.4204997964673,6089.849633502527,685.4313504699572,1099.1380213443135,1037.8372226817705,0.944228297563969
20260910_111109,FAST_1P_APPROACH,1,62,71,FAST,APPROACH,1,P02,LAB01,0,1.0,1291.8407100155423,-1242.9728447068583,1493.3559668230632,-1497.8362099206445,2123.2975524531857,2330.5980026426414,2431.7789226227505,2431.7789226227505,1784.1022692487954,1125.5646620146981,6089.849633502527,423.4262538254428,1795.8915941122134,1792.7169081403008,0.9982322507759819
20260910_111109,FAST_1P_APPROACH,2,67,76,FAST,APPROACH,1,P02,LAB01,0,1.0,1152.2377964824377,-1418.3913735717947,1484.2157118517523,-1751.3587585826954,2307.2509009404853,2288.9176557594647,2431.7789226227505,2431.7789226227505,366.33729889280795,404.0186321024463,902.0043617845959,95.03277034721418,1837.733683969356,1827.4260664293881,0.994391125531473
20260910_111109,FAST_1P_APPROACH,3,72,81,FAST,APPROACH,1,P02,LAB01,0,1.0,703.2844975529231,-1559.9059975836226,933.9434281250176,-1927.6316820461252,2175.49278795939,2145.5532837260625,2268.29318139907,2240.6757442240737,213.868201229129,145.08680659787495,627.2797335785206,54.118597945261016,1732.9049394486733,1711.1153689320963,0.9874259862612491
20260910_111148,FAST_1P_APPROACH,0,56,65,FAST,APPROACH,1,P02,LAB01,0,0.9,403.9281842894991,-460.4247874130633,465.03984293178735,-524.6933816817993,705.3952835483807,499.1335805558198,1316.6807459018428,1267.2047173156898,1365.7984573768124,712.054642350336,5374.104830348011,428.2394656011325,615.8973305635554,612.4940513407262,0.9944742750878377
20260910_111148,FAST_1P_APPROACH,1,61,70,FAST,APPROACH,1,P02,LAB01,0,1.0,863.3733654154375,-969.5458626852987,993.5097362068682,-1137.8444534464609,1512.5847847303755,1506.0476330126749,2052.370111147525,2032.7891649769817,1786.5376721013097,852.2928252717217,5374.104830348011,493.1149477166099,1300.0135899807567,1298.2421761593478,0.9986373882280453
20260910_111148,FAST_1P_APPROACH,2,66,75,FAST,APPROACH,1,P02,LAB01,0,1.0,973.2832040516234,-1324.9355659356288,1211.6362891509357,-1611.343365902182,2016.272198895178,2062.1963251422985,2087.0569535802556,2087.0569535802556,876.6917097066432,156.67897026044605,4269.68393652595,113.9834728069537,1648.346504662528,1643.9995283363555,0.9973628261328085
20260910_111148,FAST_1P_APPROACH,3,71,80,FAST,APPROACH,1,P02,LAB01,0,1.0,749.5743295881061,-1488.902826275918,962.6735139712733,-1837.812766159192,2093.009863678434,2089.5909153813923,2122.0017152117302,2121.6148702836067,96.69004106824696,84.4080719307882,260.1777690030383,16.12351317548493,1676.2791025603256,1666.9413012070565,0.9944294471374089
20260910_111223,FAST_1P_APPROACH,0,53,62,FAST,APPROACH,1,P03,LAB01,0,0.9,270.0930058983704,-673.5491724464146,316.16484946738586,-759.590675929735,824.9130407100138,434.3769190947147,4838.400512539311,874.7792784391728,5334.067530096384,165.48525563234546,49594.860286538256,1341.1018549045252,961.5791321980282,725.68500021598,0.7546804791376567
20260910_111223,FAST_1P_APPROACH,1,58,67,FAST,APPROACH,1,P03,LAB01,0,1.0,163.5424385746948,-2676.979628714108,228.7561466987341,-3011.622979027306,2799.0432829430792,3763.797375119903,4838.400512539311,4838.400512539311,6243.747513731125,0.0,49594.860286538256,1967.370656380349,2778.1232054682973,2681.970555723027,0.9653893500633776
20260910_111223,FAST_1P_APPROACH,2,63,72,FAST,APPROACH,1,P03,LAB01,0,1.0,169.2681148892857,-2984.7832657137965,192.96532344468466,-3939.8533739545956,3842.5121367277584,3659.422287212682,4838.400512539311,4838.400512539311,2120.009116062824,1516.0183936839076,7050.9926304668625,584.6553337405198,2990.1390423201306,2989.5790402669218,0.999812717052524
20260910_111243,FAST_1P_APPROACH,0,59,68,FAST,APPROACH,1,P03,LAB01,0,1.0,344.95445624814124,-1462.6151230562868,400.6829753174246,-1708.1437330837311,1759.953027007886,2171.8752614422983,2341.5762455306567,2258.7100553893556,2105.273152163157,1648.2989129274158,8312.85548872084,642.0540467579286,1504.2335312988355,1502.743016978754,0.9990091203998128
20260910_111243,FAST_1P_APPROACH,1,64,73,FAST,APPROACH,1,P03,LAB01,0,1.0,254.63512591366919,-2148.1183705890435,345.44832889650223,-2630.3804346336965,2669.390769088019,2526.728560813416,3279.43459726588,3227.193981713439,1320.5269842848738,1014.1334664225982,4158.857036899369,430.2971241994869,2172.4270637941327,2163.1577800547047,0.9957332129147576
20260910_111243,FAST_1P_APPROACH,2,69,78,FAST,APPROACH,1,P03,LAB01,0,1.0,176.82711587683247,-2493.0055319284743,229.39190079856857,-3070.32038451889,3081.008258888425,3151.554821600503,3279.43459726588,3279.43459726588,1728.3128231880478,1203.1303646865153,4158.857036899369,212.72561671473335,2506.239891960153,2499.2687752891434,0.99721849584576
20260910_111301,FAST_1P_APPROACH,0,33,42,FAST,APPROACH,1,P03,LAB01,0,0.9,-643.2828792330445,131.5431736938799,-735.3941037430212,152.95746975899456,683.9242962450002,704.8036641339761,932.2065928479047,932.2065928479047,1294.3880061001407,1191.9770161539932,3238.238510071702,253.92226926982084,658.9453251782592,656.5946003888655,0.9964325950885868
20260910_111301,FAST_1P_APPROACH,1,38,47,FAST,APPROACH,1,P03,LAB01,0,0.7,-439.43839096221063,153.1423364344755,-584.1845775903582,185.462413461026,562.8122883803655,554.3547468364047,932.2065928479047,932.2065928479047,1128.5709674628044,1131.2767130845334,3238.238510071702,332.66187801504464,481.9111577419471,465.3586516441558,0.9656523700854945
20260910_111301,FAST_1P_APPROACH,2,53,62,FAST,APPROACH,1,P03,LAB01,0,1.0,852.4949541689024,-1343.7873533343054,1029.7271194047476,-1581.2132030681137,1899.5891533558977,1963.3204270626557,2620.6105863726298,2562.5938579414174,2304.06937124858,2228.9450595998933,4893.823767666724,524.2753260546882,1600.4553696317291,1591.3868473330601,0.9943337862018885
20260910_111301,FAST_1P_APPROACH,3,58,67,FAST,APPROACH,1,P03,LAB01,0,1.0,671.7097812556983,-2023.2883121192363,876.9290208851373,-2435.197276447062,2628.5042349840546,2643.879140353105,3165.6037269824583,3059.151377790967,1424.1697351163348,1461.1014394813676,2450.1892673651437,343.96263669263897,2158.92500577659,2131.874673659989,0.9874704623624152
20260910_111301,FAST_1P_APPROACH,4,63,72,FAST,APPROACH,1,P03,LAB01,0,1.0,327.4846843161788,-2478.4633422724028,456.93274307256104,-3034.3431036726106,3072.5521026124,3152.321872102686,3272.8127930434307,3272.8127930434307,882.3132130933625,815.7539543915726,1886.8542020955135,214.561105562545,2503.165828832495,2500.0053514842234,0.9987374079208544
20260910_111318,FAST_1P_APPROACH,0,33,42,FAST,APPROACH,1,P03,LAB01,0,0.9,300.33990498976414,-108.64563412024017,356.33874598358744,-133.13979103952994,382.8503814521884,298.0661118256228,872.5645034671342,699.7151532494681,806.9925809066057,241.8709669224965,3974.3682247082106,203.36527056248255,322.66734445745396,319.3868067761248,0.9898330657326194
20260910_111318,FAST_1P_APPROACH,1,38,47,FAST,APPROACH,1,P03,LAB01,0,1.0,447.6813957323013,-209.77737419668938,530.4717970520101,-248.40072227668878,600.7463966308325,591.7526184113638,872.5645034671342,872.5645034671342,966.6670907599448,66.42205426142881,3974.3682247082106,219.058174060805,512.1330036043888,494.39374875667596,0.9653620158770005
20260910_111318,FAST_1P_APPROACH,2,43,52,FAST,APPROACH,1,P03,LAB01,0,1.0,455.50571858301055,-680.3749586242538,614.8578031805716,-798.2320782246226,1049.8716071885449,872.5645034671342,1837.9421502322004,1745.762329276165,1714.137084877125,963.9122257731915,6037.173255129977,469.25162367084243,840.9268138956519,818.7768584814668,0.9736600676204223
20260910_111318,FAST_1P_APPROACH,3,48,57,FAST,APPROACH,1,P03,LAB01,0,1.0,504.44232617807563,-1458.339070472648,597.2215793453188,-1696.1973757983633,1813.215584147345,1914.7178326275741,2421.093936920488,2380.8396752881827,2054.803383322128,1492.3908822518235,6037.173255129977,527.4043778917593,1555.8019043390161,1543.1185647600041,0.9918477156097836
20260910_111318,FAST_1P_APPROACH,4,53,62,FAST,APPROACH,1,P03,LAB01,0,1.0,402.4691076917612,-1993.3940045290624,509.35413069490517,-2429.8918155626607,2484.7707939491625,2485.1503749380468,2895.180866195447,2828.993423850746,1188.8181509391015,1364.286096631397,1729.2015089217905,291.152265487043,2034.7624977221085,2033.617722173618,0.9994373910715515
20260910_111318,FAST_1P_APPROACH,5,58,67,FAST,APPROACH,1,P03,LAB01,0,1.0,275.5902885631865,-2327.3698503511278,359.0066756584663,-2865.7797837523044,2886.7031589347043,2935.438350333974,3061.3698866455884,3061.3698866455884,774.3274560449998,864.7054661265722,1443.81819450839,173.47499048646245,2346.4729828039826,2343.629754776503,0.9987882971385922
20260910_111528,FAST_1P_APPROACH,0,53,62,FAST,APPROACH,1,P03,LAB01,1,0.9,-44.942510844764456,-1411.546380503487,-37.77270498479657,-1606.8750811832688,1612.8763487228296,1824.834800573797,2480.1480089981537,2402.7762132814546,2567.2662724058023,2158.4086392342397,6175.474473927516,748.7691384149213,1414.9934051263504,1412.2616661205268,0.9980694334009426
20260910_111528,FAST_1P_APPROACH,1,58,67,FAST,APPROACH,1,P03,LAB01,1,1.0,-373.3235717747141,-1950.2755550800885,-427.1453643863284,-2383.23450297987,2444.089682872924,2487.9841394724453,2898.379376294787,2775.8773044077557,1312.2815535571763,1498.4855434323651,2210.9332425240646,277.6570085353545,2004.3250057278087,1985.6850782502186,0.9907001472194766
20260910_111528,FAST_1P_APPROACH,2,63,72,FAST,APPROACH,1,P03,LAB01,1,1.0,-861.9275843546715,-2159.0679630226095,-996.5887178801211,-2672.141330825913,2864.599964807239,2959.4586005887104,3085.7227855182914,3085.7227855182914,680.4418498448523,531.441905951762,1811.126678315302,233.54400899191288,2330.798510548407,2324.756681810395,0.997407828814602
20260910_111528,FAST_1P_APPROACH,3,68,77,FAST,APPROACH,1,P03,LAB01,1,1.0,-916.4659017430622,-2209.2888441232976,-1148.8420186300104,-2759.0590674536243,2986.9242206135473,3044.3722854932894,3085.7227855182914,3085.7227855182914,685.6501540329323,517.2398362699834,1644.4569748885733,135.49727729300005,2393.4956550506167,2391.8333858831766,0.9993055056674398
20260910_111548,FAST_1P_APPROACH,0,53,62,FAST,APPROACH,1,P03,LAB01,0,0.7,-215.0889898777773,-1023.7109893805191,-243.72236061343523,-1166.7289411073411,1192.585203634664,1421.1979094695512,2118.7739052835095,2028.53569542393,2215.310054815515,1140.4580486644616,7219.151289217186,771.126612186309,1046.6126769432483,1046.0628390995848,0.9994746501205496
20260910_111548,FAST_1P_APPROACH,1,58,67,FAST,APPROACH,1,P03,LAB01,0,1.0,-581.8605132245907,-1712.4527066812689,-682.2729183019441,-2082.4715911651047,2200.4283147997558,2198.016698980752,2675.6921784766955,2640.397866564405,1631.0125006736043,1333.3445807408698,4433.8173594393065,340.0480590957538,1815.1854400835878,1808.6060736019847,0.996375375024328
20260910_111548,FAST_1P_APPROACH,2,63,72,FAST,APPROACH,1,P03,LAB01,0,1.0,-833.8067286052183,-1983.8182236943148,-1021.0212777004699,-2441.0395776396317,2645.414008976455,2700.2629228704836,2811.3360766504775,2811.3360766504775,778.2665553564907,697.0319121238938,1781.6778230580826,180.34501150679486,2152.091416287284,2151.922025847824,0.999921290314074
20260910_111548,FAST_1P_APPROACH,3,68,77,FAST,APPROACH,1,P03,LAB01,0,1.0,-851.3181695887553,-2047.8415864781668,-1058.3135262840592,-2553.906462158267,2762.8226305038543,2802.117065284448,2811.3360766504775,2811.3360766504775,308.3743076583984,74.10958300536055,1041.1297154510564,56.321466256410034,2217.9405551201257,2217.7461056625402,0.9999123288236302
20260910_111611,FAST_1P_APPROACH,0,43,52,FAST,APPROACH,1,P03,LAB01,0,0.9,-28.476310724310906,-399.1520196062529,-26.18720356786405,-458.7211155731434,486.0713989794931,359.31918654996394,1157.3776670623056,912.8118916216675,1172.5735852327991,592.4319884152131,3175.643895975539,300.1786406346635,438.99132578013166,400.1665091286601,0.9115590346062625
20260910_111611,FAST_1P_APPROACH,1,48,57,FAST,APPROACH,1,P03,LAB01,0,1.0,47.993134425699736,-979.4053815048965,39.388827645878905,-1125.901972091849,1178.350209299902,1269.4055091212836,1928.900919273624,1822.9063364074975,1763.2718617001697,1958.292681296462,3175.643895975539,560.9380220566113,1014.3014093602632,980.5805638869022,0.9667546104519077
20260910_111611,FAST_1P_APPROACH,2,53,62,FAST,APPROACH,1,P03,LAB01,0,1.0,-160.75577660614954,-1617.3925366609683,-156.97677097467334,-1953.5026176002357,2005.1810549753995,2009.7008263923387,2535.0894704618686,2451.1948802174597,1548.3563149124627,1570.9365410577598,2518.6964951375903,374.242317291843,1661.5698344330704,1625.3618173683199,0.9782085493402661
20260910_111611,FAST_1P_APPROACH,3,58,67,FAST,APPROACH,1,P03,LAB01,0,1.0,-600.609896113571,-1955.1966565982689,-709.8416225488663,-2402.8356443211273,2509.808323041082,2572.3567857712433,2766.1141551625005,2727.816845929184,940.5706981843703,821.0093752625253,1814.912558821074,210.98906649608216,2047.7725194575814,2045.3670118789448,0.9988253052740088
20260910_111611,FAST_1P_APPROACH,4,63,72,FAST,APPROACH,1,P03,LAB01,0,1.0,-848.0049731742802,-2040.4199194432313,-1017.9168153985498,-2545.9019575593097,2743.2406307101896,2777.9273028022403,2808.799947727486,2808.799947727486,307.4494775212996,315.33493488768227,836.546618540819,70.27939302446953,2213.525935372617,2209.6212078519325,0.9982359693833779
20260910_111631,FAST_1P_APPROACH,0,28,37,FAST,APPROACH,1,P03,LAB01,0,0.9,1804.5782337200849,-565.8128708478298,2048.3957904181084,-640.9532675980051,2123.0029550921727,2718.115314247253,3350.7699987005653,3350.7699987005653,4479.332206397899,2300.666995979627,15264.564658636767,1259.3953278260503,1891.3050103844485,1891.2024763185364,0.9999457866048316
20260910_111631,FAST_1P_APPROACH,1,33,42,FAST,APPROACH,1,P03,LAB01,0,1.0,1680.0036397289473,-573.6361803924065,2207.358641716853,-742.5958582581908,2306.2718472237884,2524.033661543271,3350.7699987005653,3350.7699987005653,3651.7913561308787,3974.264262051121,7093.688067709147,984.3506963334661,1775.8513503183633,1775.2382085111,0.9996547335974076
20260910_111631,FAST_1P_APPROACH,2,38,47,FAST,APPROACH,1,P03,LAB01,0,0.7,451.72110825183745,-182.4190404145129,727.5880093829479,-283.52586483290264,818.2029320556355,616.5370922608006,2332.743942384569,1814.698776565306,2967.647361938001,2811.716224676862,6480.805924532241,736.2761543715989,513.5637656197025,487.1639004955313,0.9485947668206007
20260910_111631,FAST_1P_APPROACH,3,58,67,FAST,APPROACH,1,P03,LAB01,0,1.0,-312.53756567099117,-1226.938710860033,-387.77946707105343,-1397.627933761824,1546.621189674691,1642.6219897961419,2279.214936112343,2156.0176091939347,2402.3211197245446,2187.70767734666,5755.971906599058,565.5712221646152,1339.4495003961647,1266.1193980673502,0.9452535520696183
20260910_111631,FAST_1P_APPROACH,4,63,72,FAST,APPROACH,1,P03,LAB01,0,1.0,-346.28506480333726,-1811.9024061785485,-419.872045545357,-2208.199450766834,2266.89601989327,2311.9742659193353,2678.7947166663334,2603.1423495927843,1288.8834404340046,1069.8607722550946,2488.650993303995,285.5703515027624,1861.7156108953702,1844.6960930249365,0.9908581537530061
20260910_111631,FAST_1P_APPROACH,5,68,77,FAST,APPROACH,1,P03,LAB01,0,1.0,-752.874086426883,-2034.7143000303913,-889.680407627375,-2517.159177963204,2674.006351228297,2719.947132219296,2892.8988562722598,2886.4473837387754,689.3104647336797,761.4966482008263,1039.5371544995278,189.6735834783801,2171.3072965457445,2169.534897797516,0.9991837181448023
20260910_111631,FAST_1P_APPROACH,6,73,82,FAST,APPROACH,1,P03,LAB01,0,1.0,-825.6399259911552,-2134.2847405003704,-1023.7902710595685,-2658.2954181913774,2845.1635966930185,2869.9018450820977,2893.2302522233595,2893.2302522233595,414.8692688551408,428.57499485598953,1153.3635332508356,54.973893537540356,2289.3539066249396,2288.4170600927214,0.9995907812551361
20260910_111649,FAST_1P_APPROACH,0,28,37,FAST,APPROACH,1,P03,LAB01,0,1.0,-694.44772888112,633.616642590745,-752.5903107567631,703.2732825403549,1145.3538153752788,1379.9422227710475,1846.5955530151673,1846.5955530151673,2255.776048553325,957.4232813696408,8541.965033269045,672.5597817483936,971.7313463829635,940.0679219695317,0.9674154543523873
20260910_111649,FAST_1P_APPROACH,1,33,42,FAST,APPROACH,1,P03,LAB01,0,1.0,-768.8489489373306,499.8658928367013,-985.7276303994298,686.5582291234592,1211.3260725953362,1297.9974268265005,1846.5955530151673,1846.5955530151673,2321.886773089436,2357.8934132115864,5067.686493572528,585.9709651600987,932.1927127859503,917.0575865797473,0.9837639513819302
20260910_111649,FAST_1P_APPROACH,2,53,62,FAST,APPROACH,1,P03,LAB01,0,0.8,582.8033157863708,-892.7872677041751,661.8157024697393,-1014.5824397259951,1257.4848301662173,1619.015457514734,1780.834113897691,1778.361601072301,1883.1300851966976,1058.4529917790892,6856.548022696982,635.5702831794727,1106.4291942115865,1066.1748497625867,0.9636177853408108
20260910_111649,FAST_1P_APPROACH,3,58,67,FAST,APPROACH,1,P03,LAB01,0,1.0,132.44772672758404,-1455.2025965586508,268.9381039222291,-1754.4182565010524,1874.535001246812,1780.834113897691,2195.8427852904074,2099.288780647598,730.7572496112113,963.3699030253899,1657.3501077302567,156.56565065522864,1516.559942080141,1461.217642018582,0.9635080035243114
20260910_111649,FAST_1P_APPROACH,4,63,72,FAST,APPROACH,1,P03,LAB01,0,1.0,-222.8490066250422,-1818.0929467762662,-257.72141456600036,-2219.051878860405,2235.0569462198305,2252.776378264364,2665.2904674095776,2583.8396037082402,992.9927841779776,1133.0328105575945,1276.080172448383,281.15137244112185,1831.9629156194947,1831.6996595706885,0.9998562983745132
20260910_111649,FAST_1P_APPROACH,5,68,77,FAST,APPROACH,1,P03,LAB01,0,1.0,-459.65243006775995,-2088.681536714813,-537.3691703447773,-2577.048758815449,2643.3245260546755,2687.484378880409,2919.310220660246,2872.7903530830545,812.4550005308253,781.3488690154264,1276.080172448383,195.07835830283474,2148.1358910789854,2138.6610106046605,0.9955892546120229
20260910_111649,FAST_1P_APPROACH,6,73,82,FAST,APPROACH,1,P03,LAB01,0,1.0,-753.6356439741091,-2157.6693440035788,-893.4917663030386,-2691.454689909798,2838.2954661593653,2865.413177679693,2919.310220660246,2919.310220660246,473.0133927441807,449.67839592352425,1245.9779971067426,76.87819121039196,2288.24943134009,2285.4985630975802,0.9987978285038189
20260910_111732,FAST_1P_APPROACH,0,57,66,FAST,APPROACH,1,P03,LAB01,1,0.9,-176.4793316808882,-39.32214573742385,-218.29449210376544,-38.57901023219662,430.39656942282716,411.6659996105669,815.563412643785,493.5263222563583,957.0924042747143,416.8869534933327,4012.728233611393,144.00269187762265,336.9640704783151,180.80703984062168,0.5365766135955355
20260910_111732,FAST_1P_APPROACH,1,62,71,FAST,APPROACH,1,P03,LAB01,1,1.0,119.27959421943979,-710.8963895179013,96.08276366226504,-785.495823995023,941.9584520095017,935.7256447084626,1639.160300949016,1553.1822421810418,1410.6379681313672,1015.45657723757,4012.728233611393,483.97234733273035,767.670821370923,720.8337521417417,0.938988081967817
20260910_111732,FAST_1P_APPROACH,2,67,76,FAST,APPROACH,1,P03,LAB01,1,1.0,-124.48306238233772,-1342.1957866103967,-109.07405606338095,-1609.3919975640688,1663.8537363609462,1688.0181711000896,2139.1412538795093,2053.9875917985646,1487.658983363604,1221.2917548475389,2702.5827012882246,329.320589349596,1386.5611669128916,1347.9560684290814,0.9721576664592716
20260910_111732,FAST_1P_APPROACH,3,72,81,FAST,APPROACH,1,P03,LAB01,1,1.0,-616.4271767753515,-1710.2058206868542,-706.2696636432084,-2094.6163695450514,2221.3682227400773,2201.321105199382,2723.9024560079747,2642.672342895107,1218.2597232238193,1359.791212205031,1408.3576239587233,320.75879037486385,1822.5497818028978,1817.9071520235643,0.9974526732681392
20260910_111757,FAST_1P_APPROACH,0,20,29,FAST,APPROACH,1,P03,LAB01,0,0.9,-394.6182386957744,355.6061412927593,-425.0565623981156,408.32177686031645,638.542995257745,724.079885340823,830.0799548736599,830.0799548736599,904.0560659749584,594.5870641784904,2284.594779354592,217.49491800212147,547.730555697596,531.2054988763587,0.969829952612027
20260910_111757,FAST_1P_APPROACH,1,55,64,FAST,APPROACH,1,P03,LAB01,0,0.8,-103.06092615239413,-1290.0599401578284,-112.85962112764892,-1463.3471632225271,1470.9185024161975,1741.966010138257,2612.3501630664314,2574.051609279502,2809.066252278545,1611.5668587746056,9001.051433069717,992.9027032669482,1296.5167187742834,1294.1700829873207,0.9981900458721572
20260910_111757,FAST_1P_APPROACH,2,60,69,FAST,APPROACH,1,P03,LAB01,0,1.0,-372.4077129543439,-2061.6612582378193,-421.7371086940484,-2516.4000277877362,2555.4983548340533,2634.777603529792,2774.3735887066528,2765.6511602004043,1440.0432722127152,555.0528539042928,5610.03846280109,236.94777503879848,2098.8318184844475,2095.026168902583,0.9981867772594506
20260910_111757,FAST_1P_APPROACH,3,65,74,FAST,APPROACH,1,P03,LAB01,0,1.0,-696.7901712393616,-2115.7661436109047,-836.3950619917814,-2637.4726683626595,2778.0426006706025,2780.6207942375804,2876.1125686036708,2872.2660380227135,296.46799640932227,286.58409780691954,606.038990271886,65.74046188107438,2236.4522803994187,2227.550878697485,0.9960198561892214
20260910_111757,FAST_1P_APPROACH,4,70,79,FAST,APPROACH,1,P03,LAB01,0,1.0,-836.7158006406177,-2070.6951574249133,-1017.2458890385518,-2591.767752126797,2788.5225551959625,2803.9122482100947,2876.1125686036708,2876.1125686036708,494.84291061761326,261.2691075461337,1584.7535899197424,103.23879256746542,2235.8075359680847,2233.3543753790295,0.9989027854367648
20260910_111903,FAST_1P_APPROACH,0,19,28,FAST,APPROACH,1,P03,LAB01,0,0.9,-345.77514905200246,180.6034605531222,-399.4616255257373,204.5130122984725,442.52553951120126,425.9764356789879,713.5176863224971,551.6702476630531,1056.365568972517,579.8280286410935,3706.4829953986127,149.45564714311703,392.1418580188764,390.1000687845334,0.9947932382310365
20260910_111903,FAST_1P_APPROACH,1,24,33,FAST,APPROACH,1,P03,LAB01,0,1.0,-722.9686691928018,616.2583195872348,-853.4528801491126,713.3407191294971,1102.8747187605727,1065.3703159436604,1833.8508848519773,1833.8508848519773,1799.1460975699806,688.5080410233168,7931.128734684218,652.8149793835282,952.6336642477244,949.9779013718653,0.9972121887189906
20260910_111903,FAST_1P_APPROACH,2,29,38,FAST,APPROACH,1,P03,LAB01,0,1.0,-921.5660690908135,904.0822628920323,-1143.423907569923,1107.1374401793673,1574.9945118938406,1653.5754296969362,1833.8508848519773,1833.8508848519773,2093.5305443128705,1762.4704272039494,7931.128734684218,256.79435432024366,1292.039574758211,1290.9875126334382,0.999185735371171
20260910_111903,FAST_1P_APPROACH,3,34,43,FAST,APPROACH,1,P03,LAB01,0,1.0,-497.5123885909172,550.7810617612413,-681.4755798003854,741.4767466775963,1007.4798933380087,1018.5890361576161,1732.5382807853618,1590.405148826196,1651.331696348112,1749.0991180308718,2633.399400457443,457.8767600250375,742.4124562651882,742.2117991491917,0.9997297228591693
20260910_111903,FAST_1P_APPROACH,4,39,48,FAST,APPROACH,1,P03,LAB01,0,0.7,-185.56866571783985,219.9427418014111,-270.5621986394854,318.2188289968602,417.70882188271787,334.85590926386556,944.5238351820506,733.0979408971035,1036.694804062079,803.6667964690589,2633.399400457443,238.74279437129312,287.7734390178216,287.76820423288876,0.9999818093533903
20260910_111933,FAST_1P_AWAY,0,57,66,FAST,AWAY,1,P01,LAB01,0,0.8,242.37419180312477,1040.6680122662997,265.4545838608145,1168.8610448649629,1220.217318299737,1350.561519354038,2254.136111716888,2130.1190218281063,2448.9870614259403,2047.3855233958834,5235.233402818434,786.2648616218003,1078.6436706674863,1068.5200796459135,0.9906145177532928
20260910_111933,FAST_1P_AWAY,1,62,71,FAST,AWAY,1,P01,LAB01,0,1.0,532.7274536866116,1737.035717899497,631.0546307951039,2100.4881805662067,2196.4657712685757,2317.136282870135,2544.3601478230667,2503.821713127219,1534.8774083706332,1487.5664226715314,3855.950959749743,328.83257941436733,1819.3373563170248,1816.8906475542335,0.9986551648850083
20260910_111933,FAST_1P_AWAY,2,67,76,FAST,AWAY,1,P01,LAB01,0,1.0,753.8756213942698,1909.2411305643934,910.4416489513827,2374.1439168571187,2532.0315631922413,2540.8784689243653,2621.640619852159,2621.640619852159,508.0840290282812,473.49467904557196,1419.8821535552556,80.05722944725763,2057.8716981390808,2052.6885168411204,0.9974812903532093
20260910_111933,FAST_1P_AWAY,3,72,81,FAST,AWAY,1,P01,LAB01,0,1.0,683.060896904482,1878.165479090827,875.4509860009645,2347.7282729463377,2494.831112959744,2500.2823878597746,2621.640619852159,2621.640619852159,421.2977513249899,460.5903428726292,871.2174426079148,110.5340195196686,2004.0521110672332,1998.518890510778,0.9972389836941372
20260910_111949,FAST_1P_AWAY,0,17,26,FAST,AWAY,1,P01,LAB01,0,1.0,210.06376526590822,-283.5042666011992,235.82812011097047,-318.9793629554713,781.4066558742928,793.345639550412,897.5210939297699,803.7784848156944,303.08692864486363,0.0,1205.275051098616,63.38187468530696,634.347152380629,352.8476366064741,0.5562374407803032
20260910_111949,FAST_1P_AWAY,1,22,31,FAST,AWAY,1,P01,LAB01,0,1.0,-422.08947762597654,3.438649794012804,-434.7642348587211,-42.228531397830395,914.4593322441676,897.5210939297699,1092.8711609447978,1092.8711609447978,337.09206692404285,0.0,2198.3532557789426,124.50659612405484,739.8904627569249,422.1034842724893,0.5704945603700292
20260910_111949,FAST_1P_AWAY,2,27,36,FAST,AWAY,1,P01,LAB01,0,1.0,-419.5674257550568,499.8683492493652,-533.118527981529,573.073616980199,820.685984996437,897.5210939297699,1092.8711609447978,1092.8711609447978,1088.8307326836307,1288.0054604601341,2528.584112825871,265.46697154320816,659.4533319016606,652.6141213121354,0.9896289695439053
20260910_111949,FAST_1P_AWAY,3,57,66,FAST,AWAY,1,P01,LAB01,0,1.0,657.1599649543225,1477.9029376951644,748.0075203815235,1685.4373315422858,1844.7478658751781,2089.7187709024674,2672.7927354192566,2628.2994883748415,2792.379066167011,2351.2251697386782,6723.042706953232,774.4466542113686,1618.0888204946343,1617.4227378106082,0.9995883522118257
20260910_111949,FAST_1P_AWAY,4,62,71,FAST,AWAY,1,P01,LAB01,0,1.0,976.1235662086829,1917.6791210767656,1188.7364169715631,2357.840612474056,2638.5678331195086,2715.675212746456,2817.9326349800654,2817.9326349800654,1005.4692793933725,815.0511699131687,2727.3463567550884,198.46018668400504,2153.5591078133384,2151.8156119709033,0.9991904118925227
20260910_111949,FAST_1P_AWAY,5,67,76,FAST,AWAY,1,P01,LAB01,0,1.0,893.95691820885,1944.9451655943612,1132.6902020871141,2429.507758042715,2683.307459398833,2741.4039338815037,2817.9326349800654,2817.9326349800654,666.9698771050172,606.6293632522604,1397.96279342398,146.59658217336107,2146.3850364123437,2140.5538229118047,0.9972832397721679
20260910_112008,FAST_1P_AWAY,0,23,32,FAST,AWAY,1,P01,LAB01,0,0.8,142.79315087547724,-241.50444248216854,169.2735071247345,-281.1699037893633,324.9234294853994,367.57889323177545,412.6309126356545,412.6309126356545,581.9875047621091,277.2557700071231,2310.296893501278,95.71720915430078,281.10493102722694,280.56065240081307,0.9980637884066105
20260910_112008,FAST_1P_AWAY,1,63,72,FAST,AWAY,1,P01,LAB01,0,1.0,454.58121308086396,1379.147931946372,502.2837131330927,1574.8087623310546,1660.3451772717485,1848.226812804573,2432.812149204366,2354.8036336094,2482.314879073325,2160.2789619363703,5481.438830121737,689.8264711359097,1453.8113808056723,1452.133980553456,0.9988462050343239
20260910_112008,FAST_1P_AWAY,2,68,77,FAST,AWAY,1,P01,LAB01,0,1.0,653.9466626088853,1834.5469703425515,798.6846238289378,2245.4608292355842,2379.0047405370547,2461.163961341982,2568.775044496401,2568.775044496401,1005.1761660296888,932.6078044250324,2181.0575793412945,200.84788873073285,1947.9451720373952,1947.616190097611,0.9998311133472817
20260910_112008,FAST_1P_AWAY,3,73,82,FAST,AWAY,1,P01,LAB01,0,1.0,620.7763241250128,1825.2523150810607,774.395066769733,2287.767442853717,2411.130017609021,2433.5806960446384,2568.775044496401,2568.775044496401,634.0060059968578,806.2256577236628,1269.737900694842,144.00239208014986,1928.3516714656826,1927.9287482432887,0.999780681486343
20260910_112025,FAST_1P_AWAY,0,47,56,FAST,AWAY,1,P01,LAB01,0,0.9,317.9324353601396,-472.1137383837029,375.32700677489083,-544.582944206795,735.1392951841351,798.4121400036884,1048.481695101529,1048.481695101529,1590.6463208984526,822.6320525583058,4675.643783608164,306.96547616623127,630.6302520724608,569.1857477350121,0.902566513205604
20260910_112025,FAST_1P_AWAY,1,57,66,FAST,AWAY,1,P01,LAB01,0,1.0,28.56202182543666,1051.3949153418648,-14.454144912801803,1194.525189881865,1271.3959291267672,1277.1927028007726,1945.6465853324232,1884.4917644125396,1614.8936883636266,1600.528804847972,3026.0548322094596,507.38072552476126,1086.5472029654318,1051.7827993922908,0.9680047001379589
20260910_112025,FAST_1P_AWAY,2,62,71,FAST,AWAY,1,P01,LAB01,0,1.0,523.43504211551,1528.3670038443836,594.1267785317266,1855.654980525606,1974.8705368593241,2007.9133558812655,2351.606602621984,2300.861364029394,1326.8639596384396,1095.8631359044084,3026.0548322094596,292.1473578669655,1634.359515409176,1615.515379609468,0.9884700179966277
20260910_112025,FAST_1P_AWAY,3,67,76,FAST,AWAY,1,P01,LAB01,0,1.0,802.6703272163106,1703.0554609244978,984.6612163241749,2104.1423832063642,2317.942304157094,2371.398230183264,2440.1481522993417,2440.1481522993417,555.876464002213,525.4749284929082,1399.4576859281133,119.72665600921134,1882.9437146289579,1882.7314086662211,0.9998872478443793
20260910_112025,FAST_1P_AWAY,4,72,81,FAST,AWAY,1,P01,LAB01,0,1.0,855.6624340009766,1693.5796641415745,1066.7860638300042,2118.034938598851,2367.5215904476086,2394.660525933136,2440.1481522993417,2440.1481522993417,393.1049773547244,433.96737113025233,1030.0448743332254,81.34883494883167,1898.8069242917534,1897.4641708750034,0.9992928436274526
20260910_112044,FAST_1P_AWAY,0,49,58,FAST,AWAY,1,P01,LAB01,0,0.8,215.66199786143426,-259.2368494810162,258.63562244188404,-305.9309443825658,394.31313091373414,414.06464653770814,531.9205810310734,531.9205810310734,804.8373324595558,589.3403986492815,3468.285762268873,121.89814734634896,342.616077319796,337.2148298198469,0.9842352771586151
20260910_112044,FAST_1P_AWAY,1,59,68,FAST,AWAY,1,P01,LAB01,0,0.8,175.73812983591108,907.8571827907928,198.1339307960503,1008.8218098911426,1078.2514138848167,1179.2513711117308,1916.828597335358,1806.9132305512856,1936.5906200087688,1950.1632424800596,3615.1253804078237,631.1772209715658,929.7155240797961,924.709984061521,0.9946160520195364
20260910_112044,FAST_1P_AWAY,2,64,73,FAST,AWAY,1,P01,LAB01,0,1.0,537.141239200364,1481.850470615607,617.3323986405293,1797.3438397405075,1914.8916742517363,1985.271078010499,2316.09496062084,2268.4207624203673,1440.5550154532916,1341.8573046243437,3258.2868669033696,311.1137025260617,1585.8172300491117,1576.1984418573059,0.9939344913086182
20260910_112044,FAST_1P_AWAY,3,69,78,FAST,AWAY,1,P01,LAB01,0,1.0,776.1157116020064,1706.1427446207126,960.3000203463831,2103.625016656819,2305.0596032184794,2338.469643397928,2462.1510748630017,2457.71603019306,612.8523479712264,562.7245849879553,1537.8086498632965,144.19489407781722,1875.2630780556403,1874.3742056530193,0.9995260012245628
20260910_112044,FAST_1P_AWAY,4,74,83,FAST,AWAY,1,P01,LAB01,0,1.0,681.3028177837011,1813.8512956495188,856.2886909248549,2257.165958991838,2424.8263918992643,2429.70148474097,2462.1510748630017,2462.1510748630017,237.8595354651255,73.75644731964371,646.2261913465521,35.530638814060374,1946.8211852847785,1937.5835600689454,0.9952550212183551
20260910_112109,FAST_1P_AWAY,0,54,63,FAST,AWAY,1,P01,LAB01,0,1.0,105.28814256827482,861.5028473602154,89.80736071587975,942.4265545964354,1099.7571560320916,1050.545017217493,2069.604542974515,1936.4446158454941,1892.8624873741464,1992.63774477375,4075.8202992034758,637.7274050317241,908.1912283631777,867.9128694605444,0.9556499141978869
20260910_112109,FAST_1P_AWAY,1,59,68,FAST,AWAY,1,P01,LAB01,0,1.0,376.24332509956326,1592.0870874077864,439.5596374262406,1908.9270170264122,1963.5208601441768,2106.2887980020764,2304.726164047194,2272.504088776779,1587.3586354962645,1403.0708834025936,3544.571665143951,355.0843290478697,1639.637848574218,1635.9401986541513,0.9977448374204816
20260910_112109,FAST_1P_AWAY,2,64,73,FAST,AWAY,1,P01,LAB01,0,1.0,746.268509658185,1781.7592534202809,884.0890585721811,2211.8188910850004,2392.867491594717,2355.1207149862958,2589.825099474716,2589.825099474716,585.0987779704934,496.5036623788236,1483.0793428102868,162.45740418588215,1940.9527113168838,1931.7305002655637,0.9952486163122114
20260910_112109,FAST_1P_AWAY,3,69,78,FAST,AWAY,1,P01,LAB01,0,1.0,940.4505067989115,1768.9941385875554,1150.8847611871884,2209.122168256756,2489.260493231119,2507.110889737173,2589.825099474716,2589.825099474716,643.5748545005312,547.2584098848804,1483.0793428102868,91.55115515082412,2003.6615761787045,2003.4438894302623,0.9998913555307791
20260910_112134,FAST_1P_AWAY,0,47,56,FAST,AWAY,1,P01,LAB01,0,1.0,-79.95270724631527,-313.42505168500224,217.25568470730641,-278.1201102171187,747.5383793829653,727.0272935948366,896.9309520724441,896.9309520724441,838.6264323477229,0.0,4576.130930050839,124.76446212269153,650.1693103028753,323.46205097315715,0.4975043359436258
20260910_112134,FAST_1P_AWAY,1,52,61,FAST,AWAY,1,P01,LAB01,0,0.7,-238.81489860362694,-386.4466633485249,-323.7955592491552,-496.1651712408411,619.1132053330756,751.9787990898542,896.9309520724441,896.9309520724441,1057.7509044914048,754.092905825309,2903.372859473605,283.4145961176979,459.28011350462094,454.28358919101265,0.9891209652525963
20260910_112134,FAST_1P_AWAY,2,57,66,FAST,AWAY,1,P01,LAB01,0,0.7,149.2512027664886,347.27627219541756,139.20807555469213,329.4890437789237,689.83952911507,508.07907799256793,1706.7653692271715,1471.0327816619338,2340.4917756213817,2386.0226214921695,6193.861625950253,512.1986112741112,523.260144869021,377.99038447715736,0.7223756446648032
20260910_112134,FAST_1P_AWAY,3,62,71,FAST,AWAY,1,P01,LAB01,0,1.0,487.6552602589931,1270.6936668538292,558.1982109070974,1454.3604235952478,1558.593138487592,1797.187901392957,2227.541435799591,2222.7483090198534,2248.0411595691808,1943.6859116543328,6193.861625950253,670.2609352784419,1361.7590908359998,1361.0547556364868,0.9994827754745661
20260910_112134,FAST_1P_AWAY,4,67,76,FAST,AWAY,1,P01,LAB01,0,1.0,610.3140851710444,1746.1086102022368,750.0898938391194,2140.8656362512997,2268.3446191949092,2256.935516479256,2524.15441594363,2524.15441594363,917.8016871959638,904.6638039314253,2023.8262307971627,196.95585166470207,1850.4975004199082,1849.696883594865,0.9995673504963604
20260910_112134,FAST_1P_AWAY,5,72,81,FAST,AWAY,1,P01,LAB01,0,1.0,658.2301523829414,1868.6946500649433,822.9317934106335,2313.6266273327265,2453.8895310922276,2467.438520714578,2524.15441594363,2524.15441594363,450.9620077153528,357.3559937195571,1038.9386573654074,74.49142905668592,1982.2277191878234,1981.2336128501886,0.999498490345982
20260910_112310,FAST_1P_AWAY,0,64,73,FAST,AWAY,1,P01,LAB01,0,0.9,241.4147496552535,997.3559287235057,263.2627359990548,1129.187445652427,1179.8615835235655,1250.5503248849777,1947.7092526768504,1838.0936167529926,2056.095298457364,1968.9000009333797,3908.808862895239,570.7906348749534,1039.7623455011203,1026.1578484380634,0.9869157628933946
20260910_112310,FAST_1P_AWAY,1,69,78,FAST,AWAY,1,P01,LAB01,0,1.0,539.3602958261713,1478.6787830761054,628.0640729059287,1791.3560798217125,1900.7316233447848,1993.0335839964305,2239.4492905233665,2217.827922843026,1196.1696012604646,1194.6439132437813,2019.48833688058,294.6364553472308,1574.384535459157,1573.976007515085,0.9997405157794231
20260910_112310,FAST_1P_AWAY,2,74,83,FAST,AWAY,1,P01,LAB01,0,1.0,645.8551416619333,1689.6996129389609,797.3629858842905,2089.9652251934676,2234.024073629549,2273.8855430893386,2327.866678479483,2327.866678479483,428.62257537876565,373.73449222103,1019.4177215892582,104.38720272716577,1809.5553450889136,1808.9261029619838,0.9996522669899888
20260910_112333,FAST_1P_AWAY,0,50,59,FAST,AWAY,1,P01,LAB01,0,1.0,-16.939918738574818,-233.81564326858904,-45.938461734815554,-326.00974949877207,713.4306717657614,714.1866881297047,950.9271112268344,950.9271112268344,1885.6240176533925,2227.913628225554,4406.844132537569,215.4721511076597,554.0828119863485,234.42848778246554,0.42309287115775285
20260910_112333,FAST_1P_AWAY,1,55,64,FAST,AWAY,1,P01,LAB01,0,1.0,326.969453672437,760.3130763637112,363.2655324306103,811.3849518552474,1049.7053625624726,1061.8346110259617,1822.5745079088188,1696.8735938455288,1911.9218722086068,1883.8150653776709,3505.9873614651683,522.0019407540533,859.6171621571795,827.6382046066399,0.9627986050554301
20260910_112333,FAST_1P_AWAY,2,60,69,FAST,AWAY,1,P01,LAB01,0,1.0,403.12337636325003,1447.7305862694723,502.4708502902351,1735.3990776652488,1812.1346300814682,1887.4540155621953,2167.5219222357205,2164.825093529812,1387.4007564872584,1434.2042489563055,2883.8553223383847,327.65627009680304,1506.4614908152057,1502.808140445964,0.997574879682278
20260910_112333,FAST_1P_AWAY,3,65,74,FAST,AWAY,1,P01,LAB01,0,1.0,553.5794764937626,1683.3275373649221,678.8529747843777,2078.459293222355,2197.4681145470304,2180.0712577052946,2391.7390154612203,2385.6532509958997,639.8367257420357,525.4577055164737,1459.228943094067,129.2298223185315,1781.7277413192323,1772.0163190123735,0.9945494353140237
20260910_112333,FAST_1P_AWAY,4,70,79,FAST,AWAY,1,P01,LAB01,0,1.0,766.5244158018122,1728.9763482283856,927.4906281755248,2151.887719258227,2339.7599000858563,2371.636233352574,2422.991623026658,2422.991623026658,455.685267312429,425.3292439960891,1112.376315207201,80.27982128246616,1891.7690772126373,1891.2744096913789,0.9997385159070328
20260910_112333,FAST_1P_AWAY,5,75,84,FAST,AWAY,1,P01,LAB01,0,1.0,523.4888062238442,1681.6564700821136,688.6288766915146,2110.1131170276994,2240.0624834549544,2251.2427850232125,2422.991623026658,2422.991623026658,540.6904516617545,540.0689892704983,1310.735194625786,161.71867667315027,1771.5519378525992,1761.2521152892052,0.9941859889381065
20260910_112450,FAST_1P_AWAY,0,21,30,FAST,AWAY,1,P01,LAB01,0,0.8,-92.93642447830013,-236.56467992288765,-102.98346555556934,-284.92172047100246,307.75872601705214,313.9485885672241,381.49631011691713,381.49631011691713,535.7003689713839,440.4670940778978,1414.9310012229864,66.96605994646949,258.90819964562957,254.16535322861978,0.9816813587846913
20260910_112450,FAST_1P_AWAY,1,71,80,FAST,AWAY,1,P01,LAB01,0,1.0,558.3197969611848,1770.3956345520428,643.7852361903928,2083.1608374568455,2185.849795762292,2353.0592397120663,2890.5084135808347,2791.5758336044914,2855.392464607866,2353.0137844458304,6800.500859417851,607.4260827045251,1860.5216493155478,1856.346330435059,0.9977558342940944
20260910_112536,FAST_1P_AWAY,0,54,63,FAST,AWAY,1,P02,LAB01,0,1.0,-465.5313691371446,-242.75317808438888,-541.2195320859722,-299.7092323243607,617.119453381557,637.5875827564251,809.8581180456359,809.8581180456359,939.5287309962983,945.5947735474233,2133.44922219086,181.06167658426276,529.0447117287692,525.0224386831247,0.9923971018772669
20260910_112536,FAST_1P_AWAY,1,59,68,FAST,AWAY,1,P02,LAB01,0,1.0,-250.27798770032433,108.11601851547289,-358.3986825577795,82.7594953793484,706.5121427485229,745.2419292339102,1100.7207563530735,851.6833573853226,1067.6340628809344,456.6402194180248,3714.1257266855587,190.41751350972808,536.9178145817775,272.6318847584812,0.5077720972451676
20260910_112536,FAST_1P_AWAY,2,64,73,FAST,AWAY,1,P02,LAB01,0,1.0,266.77344691024484,937.2193477695829,259.31092976982825,1053.1520250184421,1186.9285162962813,1223.1283765183994,1982.0712080349285,1873.6570228770245,1735.5425902521433,1726.621980198234,3714.1257266855587,557.9521290949299,997.0305077551633,974.4476270226203,0.9773498598519429
20260910_112536,FAST_1P_AWAY,3,69,78,FAST,AWAY,1,P02,LAB01,0,1.0,658.6987620073893,1460.8125891535663,776.8891595632133,1770.3107835893697,1938.9331131437702,2021.7481568245732,2314.7709003314317,2254.698030561599,1363.2798681848774,1122.1638932155543,2741.58415546604,299.8599970784022,1606.3203110771342,1602.4535811372552,0.997592802684985
20260910_112536,FAST_1P_AWAY,4,74,83,FAST,AWAY,1,P02,LAB01,0,1.0,877.179215138128,1599.7749723951856,1066.843908515541,1987.9185694945681,2260.2706549270783,2302.723095956496,2357.1896946539596,2357.1896946539596,492.9900086434951,582.8372105918354,889.5179641216209,100.16515849088617,1826.892889807755,1824.4789222603695,0.9986786485617997
20260910_112556,FAST_1P_AWAY,0,22,31,FAST,AWAY,1,P02,LAB01,0,0.7,273.04209007029954,-23.016328271163275,306.87776834912876,-32.530296624417055,331.54961381930093,303.31161851710556,528.0914554304128,528.0914554304128,771.6927621093562,587.5674888845433,2040.2595903121041,148.1752145153133,291.56598646944235,274.0104638823918,0.9397888526037296
20260910_112556,FAST_1P_AWAY,1,62,71,FAST,AWAY,1,P02,LAB01,0,0.7,227.50850706642942,812.1259312834309,243.4922081105612,908.6454230183915,985.0023954271752,1043.2252456889198,1962.2922766646184,1878.486799027456,2081.8210826358977,2021.125000679422,5922.095155415008,722.9582017953825,861.4214058508999,843.3911601686227,0.9790691924303099
20260910_112556,FAST_1P_AWAY,2,67,76,FAST,AWAY,1,P02,LAB01,0,1.0,648.4501990981925,1452.3387541887562,756.8951062142402,1752.179961870474,1916.508474274827,2027.5309523330827,2214.5056272999677,2207.6178085065444,1524.8898331479763,1255.2495282653622,4185.711653935884,323.0647391399004,1595.6571505837583,1590.5268050646093,0.9967848071139392
20260910_112556,FAST_1P_AWAY,3,72,81,FAST,AWAY,1,P02,LAB01,0,1.0,951.8611108668016,1572.8697331434387,1166.6786689982982,1952.7855396499538,2277.01268789625,2246.4452330838067,2408.3826686741622,2408.3826686741622,500.69851030892704,326.33939997527716,1460.81810314751,109.4152742233976,1841.7735563962738,1838.4664184638495,0.9982043732135588
20260910_112632,FAST_1P_AWAY,0,63,72,FAST,AWAY,1,P02,LAB01,0,0.9,743.840180350217,956.3736352747494,845.3116643898242,1074.4543800546642,1376.4453518203122,1601.7510382444052,2167.5092127829944,2085.9284860144553,2302.13965284049,2019.3702661213542,5874.632499731652,698.9455440604243,1214.030517323597,1211.589346334839,0.9979892012977238
20260910_112632,FAST_1P_AWAY,1,68,77,FAST,AWAY,1,P02,LAB01,0,1.0,989.8418044008666,1390.8134269256461,1215.8657378121447,1697.3282841934517,2086.0907097393106,2177.0611939058717,2226.112232855785,2226.112232855785,852.6813476548647,731.6924663426423,2137.3859714998694,173.35342002653869,1707.1356000635867,1707.087808595745,0.9999720048789095
20260910_112632,FAST_1P_AWAY,2,73,82,FAST,AWAY,1,P02,LAB01,0,1.0,1035.756379400441,1380.714368038595,1291.838253327884,1732.3277591838844,2160.1778035712255,2173.3772212172107,2226.112232855785,2226.112232855785,269.37161178296503,319.2724761540575,458.62949375472596,62.25809317440781,1726.9918740845974,1726.025331093645,0.9994403314772603
20260910_112656,FAST_1P_AWAY,0,40,49,FAST,AWAY,1,P02,LAB01,0,0.9,-397.3588657198987,252.37377807310952,-419.22808940514335,283.9062972167407,637.3805574485687,637.3929152881151,1091.077651266416,1091.077651266416,1085.929050313806,1037.7443369623122,2283.037472615443,302.2852969817067,556.4760006630902,470.729850365472,0.8459122222783299
20260910_112656,FAST_1P_AWAY,1,45,54,FAST,AWAY,1,P02,LAB01,0,1.0,-242.7186216655433,-167.03541338059392,-301.82026207535444,-127.86755323303673,1032.5855471603313,1091.077651266416,1409.8849814924315,1154.1411912824142,904.2913174645316,406.4792720293731,3197.0091794833543,209.08111617162592,788.809233305544,294.64072805104024,0.3735259624387683
20260910_112656,FAST_1P_AWAY,2,50,59,FAST,AWAY,1,P02,LAB01,0,1.0,600.0872358768547,-506.73946866885024,548.7417166592285,-588.4426358340252,1156.2730696906658,1125.7252145924124,1409.8849814924315,1409.8849814924315,1080.4584876592962,194.54867891873903,4687.969988138811,215.02435234349014,823.3569356931991,785.4231851486894,0.9539279395119534
20260910_112656,FAST_1P_AWAY,3,60,69,FAST,AWAY,1,P02,LAB01,0,1.0,-67.99183359459116,980.2816940500139,-118.4330038369886,1104.0018081835883,1271.3942281810919,1223.1612472026573,1928.522636608899,1785.179822204785,1305.5950433668563,1481.2858504120386,2268.197527957389,401.39376402588385,1063.3238195298338,982.63680427975,0.9241181155090075
20260910_112656,FAST_1P_AWAY,4,65,74,FAST,AWAY,1,P02,LAB01,0,1.0,404.8446387903636,1460.6455403215348,456.6837555728838,1773.337547170247,1846.8562108236688,1971.7081520996733,2142.656344340848,2094.3368908662774,1146.5473730336685,1195.8068688271237,2268.197527957389,264.82656067178607,1526.093578430227,1515.7125637859206,0.9931976552479931
20260910_112656,FAST_1P_AWAY,5,70,79,FAST,AWAY,1,P02,LAB01,0,1.0,831.6330192094971,1496.3743486258138,975.1767874407575,1879.8137719749586,2150.986467744355,2162.7838887349517,2273.7068851893523,2268.1718416675026,387.86413820332103,350.2643886014015,968.6869102828376,96.66552005081743,1735.2741193064073,1711.9432437627224,0.9865549337225117
20260910_112656,FAST_1P_AWAY,6,75,84,FAST,AWAY,1,P02,LAB01,0,1.0,1248.9149089379223,1282.5807212576015,1506.1916780337692,1633.4005200843033,2251.8987861220803,2270.6318610105473,2280.3946247934946,2280.3946247934946,233.44533528332158,159.5392687112464,746.741394238268,33.037460983720564,1806.5466581078078,1790.1960105835026,0.9909492248921868
20260910_112717,FAST_1P_AWAY,0,40,49,FAST,AWAY,1,P02,LAB01,0,0.8,216.66521944599577,475.7352671671239,251.78080334856162,543.6491717586198,586.2737262025339,550.5168983310948,999.5716736454734,999.5716736454734,1997.676446610361,1881.4958770531634,4935.572139569752,336.9324915284106,542.3631395300405,522.750286221018,0.9638381521907682
20260910_112717,FAST_1P_AWAY,1,60,69,FAST,AWAY,1,P02,LAB01,0,0.9,-342.0140529783357,303.14820953679214,-390.0178043680419,323.20609144606317,796.5985823965786,849.8261078476935,1233.3405128805482,1040.5150235310296,1178.5497098860615,90.6480277932451,4702.293019873135,276.4156925321665,688.4949822394054,457.02565505672726,0.6638039010396288
20260910_112717,FAST_1P_AWAY,2,65,74,FAST,AWAY,1,P02,LAB01,0,1.0,320.2823913210983,1031.4423197386077,292.44705932556406,1192.6835225101115,1360.0411460787832,1341.0866651067424,1996.0342564858354,1918.0222062012206,1293.3128337431665,1477.2394020115964,2418.435810428114,432.6966391678935,1126.725217958549,1080.0250317183031,0.9585522845358345
20260910_112717,FAST_1P_AWAY,3,70,79,FAST,AWAY,1,P02,LAB01,0,1.0,680.0101434127453,1438.7202072570958,819.5727220068813,1750.8712699589983,1928.2609288661304,2032.4020523413092,2109.0651721577083,2109.0651721577083,987.168156939479,896.7851614365522,2418.435810428114,220.00268580631797,1593.1865782542307,1591.3295164465853,0.9988343726761242
20260910_112717,FAST_1P_AWAY,4,75,84,FAST,AWAY,1,P02,LAB01,0,1.0,606.8909325556713,1527.3062409103463,782.4719150026591,1897.527311459166,2053.1913505424,2060.529307311767,2109.0651721577083,2109.0651721577083,285.68024208675365,156.18265643815914,819.768409964802,53.27948861818799,1645.1084430093354,1643.4661412824985,0.9990017060979685
20260910_112734,FAST_1P_AWAY,0,19,28,FAST,AWAY,1,P02,LAB01,0,0.7,270.4671539212383,-48.39872767821112,292.37738411874074,-26.307618067990074,431.23364703924983,304.0082375374511,750.5090837220167,750.5090837220167,1240.8046858297314,553.278863459723,5143.485862710283,219.1098477112342,340.621341501802,274.7633858270138,0.8066534663259207
20260910_112734,FAST_1P_AWAY,1,39,48,FAST,AWAY,1,P02,LAB01,0,1.0,243.7987607157403,-119.99722334541116,290.06851514664834,-159.11839266851922,392.3150698184528,416.7596142444264,455.59368918936514,455.59368918936514,294.8717311838891,236.859873872017,1098.9357571232617,60.64177244917877,292.71179856712274,271.729956642876,0.9283191110609252
20260910_112734,FAST_1P_AWAY,2,44,53,FAST,AWAY,1,P02,LAB01,0,0.9,-65.51686523049082,162.14015654762898,-36.547895912939126,157.81302490610977,456.46616071948154,455.59368918936514,537.2253524644453,537.2253524644453,555.612058267616,69.97962894989276,3770.399730671432,97.86701331525742,386.27683571086465,174.87678518008022,0.45272397672579756
20260910_112734,FAST_1P_AWAY,3,54,63,FAST,AWAY,1,P02,LAB01,0,0.8,-56.28545351656286,-203.52344778258077,-63.711661670791024,-226.5041765675046,334.56698909946897,353.97093869232606,408.81985865860037,408.81985865860037,364.25155127110907,51.538038616233806,1442.8809787423297,81.09839485896383,280.5927594286897,211.16307933650248,0.7525606853378831
20260910_112734,FAST_1P_AWAY,4,64,73,FAST,AWAY,1,P02,LAB01,0,0.7,398.5793620036708,1021.3974291917539,427.8378313700264,1139.8898042640478,1300.049000634039,1386.3272460992916,2533.2116795129473,2403.721460461125,2698.6605983638224,2210.054955319986,7830.0321464894905,915.6323283163267,1124.1119821416028,1096.4115177134802,0.9753579137415215
20260910_112734,FAST_1P_AWAY,5,69,78,FAST,AWAY,1,P02,LAB01,0,1.0,982.603754080134,1698.3911230240296,1155.555826607376,2063.91299253402,2377.2066578808026,2557.4293167055057,2616.426649174033,2616.426649174033,1665.5053109832327,1084.1076513081143,5416.303334938743,319.0631757105373,1972.700573439639,1962.1525282962068,0.9946529923063588
20260910_112734,FAST_1P_AWAY,6,74,83,FAST,AWAY,1,P02,LAB01,0,1.0,1381.0345105198985,1521.1120144503002,1677.5839532105922,1934.8227639005231,2583.976156574098,2597.745638488227,2616.426649174033,2616.426649174033,201.27539083775065,182.7197242210881,543.2277695107479,32.00186701700919,2071.274270569377,2054.5165075394225,0.9919094427676407
20260910_112752,FAST_1P_AWAY,0,41,50,FAST,AWAY,1,P02,LAB01,0,0.7,-207.28601881497036,150.19887512812198,-236.29601975677005,171.3850827213186,312.6283671181148,342.41935918524655,443.9913988328669,443.9913988328669,656.3056717719655,489.56967694068976,2875.9382886084104,121.8963642968787,297.71716473237166,255.98280349647206,0.8598187602874156
20260910_112752,FAST_1P_AWAY,1,66,75,FAST,AWAY,1,P02,LAB01,0,0.8,563.3546663516863,1182.908409041167,633.3787279867341,1333.7007856222249,1482.7201374705432,1792.183629055266,2506.3349319740287,2436.8806090922685,2709.3299410320697,2144.5203474992954,7672.193010289708,912.7805993685785,1311.5198394373165,1310.206389955615,0.9989985286976176
20260910_112752,FAST_1P_AWAY,2,71,80,FAST,AWAY,1,P02,LAB01,0,1.0,1068.7374331667866,1663.4520062244133,1285.5498437785368,2045.2457447637285,2427.063553365181,2540.034293056403,2577.575659379158,2577.575659379158,1062.1015045988265,835.0870197610859,3516.8922497901635,205.31839051497414,1990.9871998114684,1977.1879723647817,0.9930691531075673
20260910_112752,FAST_1P_AWAY,3,76,85,FAST,AWAY,1,P02,LAB01,0,1.0,1433.9448730539984,1398.619573045963,1749.4423380835601,1789.1902549168003,2532.484090246454,2566.713797027845,2577.575659379158,2577.575659379158,254.19727336041092,242.35440309197264,802.2694783176546,56.39330205905896,2018.199010979193,2003.0812786966783,0.9925092955648711
20260910_112813,FAST_1P_AWAY,0,19,28,FAST,AWAY,1,P02,LAB01,0,0.8,-639.7854858798948,21.763994667011048,-726.2045629585782,6.93643700159155,700.7710648590339,542.9943715084594,1326.6429814768212,1326.6429814768212,2610.8297189894747,1983.1099666404693,7639.905439124624,458.3252240452447,675.4820815341009,640.1555587561813,0.9477017618325437
20260910_112813,FAST_1P_AWAY,1,34,43,FAST,AWAY,1,P02,LAB01,0,0.8,-402.0539718737342,-168.98025301978282,-530.0679792336235,-174.86490215476346,562.1312714414877,593.1792249829075,800.3071692966873,800.3071692966873,1025.714657224056,921.5413855368959,3257.856234824686,231.46892016757064,457.7053601404275,436.12122421418024,0.9528427285194452
20260910_112813,FAST_1P_AWAY,2,64,73,FAST,AWAY,1,P02,LAB01,0,0.7,397.3199322412046,705.6897570458902,470.8794235095917,786.9126888019186,951.1080524085057,558.3657016513437,2296.9860791456476,2148.9119125025118,2466.361965619989,2337.3769352491563,7499.030801445955,822.0660196218473,818.8044498157867,809.8525555652973,0.9890671157777619
20260910_112813,FAST_1P_AWAY,3,69,78,FAST,AWAY,1,P02,LAB01,0,1.0,909.1834195630105,1565.699958113387,1046.929966764036,1824.0287478048012,2098.40980503188,2377.5626633664942,2587.892391143254,2584.2757067176167,2425.347890364112,1830.3092037134509,7499.030801445955,602.8815529705989,1811.1442699310485,1810.5333052016888,0.9996626636875355
20260910_112813,FAST_1P_AWAY,4,74,83,FAST,AWAY,1,P02,LAB01,0,1.0,1237.7180113749403,1644.056252358686,1518.077922695017,2058.1099905898673,2571.8908421338865,2597.096557622992,2606.3007241027294,2606.3007241027294,348.21583280042785,125.84069684142355,1817.4281156374873,49.28897782583507,2073.6202816395285,2057.8792084574898,0.9924088931221329
20260910_112831,FAST_1P_AWAY,0,56,65,FAST,AWAY,1,P02,LAB01,0,0.9,265.49142500137174,1054.5603305292414,280.228088126942,1191.1963287536387,1267.717670850257,1482.098678614062,1956.244263670484,1871.4645350793508,1985.094473673183,1516.9362505426063,4827.600126524729,607.8308194193374,1111.0417037763316,1087.4664075157457,0.9787809078809053
20260910_112831,FAST_1P_AWAY,1,61,70,FAST,AWAY,1,P02,LAB01,0,1.0,616.6977648946981,1474.2303546259977,735.1409851033653,1808.7824105455086,1948.1728457764566,1975.4364617999263,2202.657958592537,2202.657958592537,913.2525943839564,896.3921946342755,2070.699607391869,204.27029141230338,1599.0075828855665,1598.0210485869113,0.999383033383197
20260910_112831,FAST_1P_AWAY,2,66,75,FAST,AWAY,1,P02,LAB01,0,1.0,773.1062516315774,1499.4795897062972,941.421858230877,1871.0016789916074,2091.437966369338,2125.7620099189444,2202.657958592537,2202.657958592537,683.9890260842033,684.6839869818803,1623.3557640069764,114.90931450002311,1689.2955953079802,1687.0484036498756,0.9986697463343028
20260910_112831,FAST_1P_AWAY,3,71,80,FAST,AWAY,1,P02,LAB01,0,1.0,695.8008079647011,1110.1451291565063,880.166529137098,1445.0411107543102,1694.0373893502747,1756.2716924317474,2202.657958592537,2178.674691465727,1356.4517870141076,1676.726555668392,2013.1447942507325,416.2769886911998,1311.1722983904265,1310.1759317565893,0.9992400948105292
20260910_112831,FAST_1P_AWAY,4,76,85,FAST,AWAY,1,P02,LAB01,0,1.0,450.63968043488694,863.4317788874705,597.8520559053218,1109.9067366610925,1261.464163016887,1275.2714502536576,1671.9387224977377,1510.3379530578095,1439.3635908416622,1812.7272624119405,2633.4761902759697,220.17687263833406,983.5558175827869,973.9561378086996,0.990239822079768
20260910_112847,FAST_1P_AWAY,0,27,36,FAST,AWAY,1,P02,LAB01,0,1.0,564.7525120751969,-170.96950003325162,657.7987757117487,-179.79074384751675,643.1578224600951,630.4244172045451,889.2934912764402,889.2934912764402,1339.0133857086323,1142.5164668667871,5156.262927443747,203.83776447485653,592.2895082543477,590.0643777054039,0.9962431707502267
20260910_112847,FAST_1P_AWAY,1,32,41,FAST,AWAY,1,P02,LAB01,0,1.0,425.01258858310507,-110.74200549245188,551.9878541863962,-139.1125473479256,581.3714601094106,587.2167437951207,756.3989185887301,647.486423520264,590.1935262746268,595.9100471200009,1490.2003015027076,80.6415531616896,445.1124450490524,439.2032470674619,0.9867242579997078
20260910_112847,FAST_1P_AWAY,2,37,46,FAST,AWAY,1,P02,LAB01,0,1.0,91.65003751649591,151.2177589233409,138.39268036156017,154.34136505908396,635.2835785706818,606.7328821361934,962.705591989952,840.3151671443354,536.8603855706499,0.0,2473.084607415127,140.9397526985427,502.84824217723275,176.82347126604193,0.35164380907534154
20260910_112847,FAST_1P_AWAY,3,42,51,FAST,AWAY,1,P02,LAB01,0,1.0,-506.1977895688711,244.03445667622634,-511.752821060554,294.8965444501026,753.5548104077673,701.2423830561013,962.705591989952,962.705591989952,810.2277418091542,379.0496320104959,2560.7165508746075,152.70376612218968,619.6050049871369,561.9510816874295,0.9069505203546502
20260910_112847,FAST_1P_AWAY,4,47,56,FAST,AWAY,1,P02,LAB01,0,1.0,-177.03816121324843,-129.18691014916067,-312.4517393771031,-90.7838035732496,636.7599781741303,598.0316845366551,962.705591989952,962.705591989952,737.5922416431633,614.302071653367,2560.7165508746075,195.77724844436614,483.6578886257305,219.16151185747796,0.45313333455638505
20260910_112847,FAST_1P_AWAY,5,52,61,FAST,AWAY,1,P02,LAB01,0,1.0,42.50592312770283,152.08871205312107,12.428406836947712,131.87343605656255,588.4006781477399,529.5279568298192,1041.9705277508715,1041.9705277508715,1152.634417865561,320.5650096955773,4906.471703897739,263.293003905736,482.2731412821278,157.91684468388848,0.3274427521799473
20260910_112847,FAST_1P_AWAY,6,57,66,FAST,AWAY,1,P02,LAB01,0,0.7,60.56271178620446,479.5291128638563,58.12042809383106,542.5822668171584,596.6648759993353,525.8216957354323,1041.9705277508715,1041.9705277508715,1765.8944147528005,0.0,7492.507148460022,363.7616716146255,546.8025046146647,483.33840333962286,0.8839359718738571
20260910_112847,FAST_1P_AWAY,7,62,71,FAST,AWAY,1,P02,LAB01,0,0.7,153.71863654601106,-60.25394221795011,226.46229799666062,69.390123066701,434.9366032354492,373.8578210050018,1041.9705277508715,888.0491418189519,1160.752004975479,285.76952993012947,7492.507148460022,274.684026824486,283.4353763747201,165.10589563782608,0.5825168959133221
20260910_112847,FAST_1P_AWAY,8,67,76,FAST,AWAY,1,P02,LAB01,0,1.0,1489.902472099712,1927.5780737600217,1680.937226540146,2141.6729177930924,2175.353712649161,411.01344962570886,6359.593136960757,6359.593136960757,6947.236658454848,155.2583209602948,66963.52065480607,2739.525577781345,2673.4580162011603,2436.2607838261547,0.911276993714661
20260910_112847,FAST_1P_AWAY,9,72,81,FAST,AWAY,1,P02,LAB01,0,1.0,2421.2946670541623,3022.165715231431,2747.108302877495,3378.0495589818374,3598.015704415558,3369.005343341263,6359.593136960757,6359.593136960757,11566.094918746243,5287.937076961065,66963.52065480607,2202.112232331624,3930.511102091989,3872.486730129005,0.9852374486534078
20260910_112905,FAST_1P_AWAY,0,34,43,FAST,AWAY,1,P02,LAB01,0,0.9,-506.6696067113527,476.2976433940677,-588.673118625074,540.7821158388349,799.8602507067723,906.8907472903271,1127.0260861300608,1127.0260861300608,1888.1443095453542,1619.4462230405152,4256.673078991099,325.0458728877293,704.0026989642292,695.3945178585889,0.987772516897584
20260910_112905,FAST_1P_AWAY,1,39,48,FAST,AWAY,1,P02,LAB01,0,1.0,-210.16161008896205,-74.28277159102709,-317.4466214358457,7.3401168756147515,814.2927804205581,847.6851088123382,1127.0260861300608,1127.0260861300608,1111.2982669619428,652.4996576142819,3324.4981430874163,228.0687898968645,604.7469014957823,222.90319089333292,0.36858922359420726
20260910_112905,FAST_1P_AWAY,2,44,53,FAST,AWAY,1,P02,LAB01,0,1.0,100.2000866578872,-560.6636965976086,83.92314936892168,-639.0089622565919,693.6990842228594,777.2920135891219,886.9968984869954,886.9968984869954,1107.3230797190486,496.89717069854703,3192.6837142312447,202.79000628758777,574.103234282023,569.547046387516,0.9920638177553469
20260910_112905,FAST_1P_AWAY,3,59,68,FAST,AWAY,1,P02,LAB01,0,1.0,753.5207368695276,1632.1431564596471,887.0837704810107,1940.7186843585926,2136.10360676497,2306.483570709541,2491.233453795818,2491.233453795818,2258.329705500893,1546.727792322455,7386.090845644722,430.96050128857974,1800.7072514874958,1797.6887339221037,0.9983237044428523
20260910_112905,FAST_1P_AWAY,4,64,73,FAST,AWAY,1,P02,LAB01,0,1.0,752.2070856107805,1790.2238662473037,952.5721225540822,2225.749571844912,2427.4657659158333,2444.934529530236,2491.233453795818,2491.233453795818,530.564432605802,335.23992157122257,1895.979684085114,62.91231660164295,1948.3929437788195,1941.8334096735764,0.9966333618040512
20260910_112905,FAST_1P_AWAY,5,69,78,FAST,AWAY,1,P02,LAB01,0,1.0,379.7201204492761,1771.7642568658002,518.6855464518051,2220.0286671619297,2305.91977677491,2264.660673292895,2458.2209152752334,2434.305420934238,327.01818698131603,270.33376958127803,940.9062940065232,92.85979030686376,1829.881866278071,1811.9977791877213,0.990226643905311
20260910_112905,FAST_1P_AWAY,6,74,83,FAST,AWAY,1,P02,LAB01,0,1.0,-217.14800978688345,1706.2056781951483,-189.95874860519447,2134.75456292426,2203.171937064,2221.1828802085456,2240.9913279617185,2223.340198410543,219.81559652689452,119.67300676000508,693.4121179102901,37.462485983049106,1759.7172810927118,1719.9683353073017,0.9774117432314311
20260910_112938,FAST_1P_AWAY,0,59,68,FAST,AWAY,1,P02,LAB01,0,1.0,-12.021290534410241,864.4114494414532,-53.07988789372696,967.8279147123682,1129.566259744845,1017.7933337823031,2098.038601604552,1941.9523751464085,2162.5851314023316,2251.273283086027,3340.67652059887,603.6077899908004,969.1315216353673,864.4950348912287,0.8920306641480723
20260910_112938,FAST_1P_AWAY,1,64,73,FAST,AWAY,1,P02,LAB01,0,1.0,611.6069759292523,1536.0069847804584,675.5880709861633,1841.8698728729482,1991.4201934082143,2147.23882037263,2431.1589640816183,2347.795654784686,1751.4191226803891,1525.0314086262624,3340.67652059887,400.320404204705,1669.4043604562532,1653.2938487454917,0.9903495449680277
20260910_112938,FAST_1P_AWAY,2,69,78,FAST,AWAY,1,P02,LAB01,0,1.0,1133.283947785531,1491.0949070000283,1353.3716162265766,1881.4327863896967,2350.5691473988927,2342.475893750355,2431.1589640816183,2431.1589640816183,481.2044126690468,359.26725428318355,1099.053271859852,73.57710634813404,1897.5625014046955,1872.8845474267177,0.9869949190291706
20260910_112938,FAST_1P_AWAY,3,74,83,FAST,AWAY,1,P02,LAB01,0,1.0,1416.4331896328542,1145.1515929077382,1735.9053247475445,1481.9533380452908,2298.600201170964,2318.452693352216,2431.1589640816183,2431.1589640816183,341.95593341647117,364.13223667579524,689.5414779062468,106.38762343469762,1828.2586720878776,1821.4431507550905,0.9962721241600874
20260910_112955,FAST_1P_AWAY,0,50,59,FAST,AWAY,1,P02,LAB01,0,1.0,458.2058202158704,287.5762499230632,534.8566419935472,300.0217252987886,656.1033984957679,632.286623217683,1000.4025315986896,1000.4025315986896,886.7250621665322,230.5556621918716,3875.5171707461736,308.6584891560858,574.8705493313973,540.9738193290972,0.9410358905292265
20260910_112955,FAST_1P_AWAY,1,60,69,FAST,AWAY,1,P02,LAB01,0,1.0,-535.4142952521674,-83.56547578785376,-614.9395535828058,-78.76420912888976,904.5520291383266,960.7344410512594,1064.1252414851601,1064.1252414851601,755.1238594798087,0.0,2867.7936656142197,152.95915332795124,681.2932776200774,541.8963519936498,0.7953936576133924
20260910_112955,FAST_1P_AWAY,2,65,74,FAST,AWAY,1,P02,LAB01,0,1.0,106.4561934602928,744.5675343119689,35.27441184717169,794.9178241339453,1156.5378645666183,1051.997933047584,1825.6393924811937,1748.5373556001186,1707.6678643348982,2035.3339580750921,3019.839373115823,422.8864315494354,918.3022013097341,752.1394380548464,0.8190543777223914
20260910_112955,FAST_1P_AWAY,3,70,79,FAST,AWAY,1,P02,LAB01,0,1.0,679.3266248245163,1288.9250954741542,776.3645989576358,1563.8326271288438,1757.741531431116,1856.5125294320214,2044.9964289087643,2044.9964289087643,1292.0269147740262,827.8145255664108,3019.839373115823,283.70967229639547,1462.1908412209373,1456.9874964935445,0.9964414051978003
20260910_112955,FAST_1P_AWAY,4,75,84,FAST,AWAY,1,P02,LAB01,0,1.0,664.5665442221778,1442.078371085589,842.8146174035952,1782.5035480504707,1987.1896753444016,1991.8992093189586,2044.9964289087643,2044.9964289087643,362.0669363380903,519.0800708177369,694.9026953909231,54.00296552216238,1598.9906585794174,1587.8408988473227,0.9930270013322027
20260910_113029,FAST_1P_AWAY,0,61,70,FAST,AWAY,1,P03,LAB01,0,0.7,174.66527884026672,595.9756665763235,160.143341229278,651.5659459942282,808.5547567248816,437.69633771609926,1868.3900299673442,1841.5560584300968,2393.0313599546866,1910.3742922355818,7864.8195351536015,689.8318485677189,676.5208380821642,621.0434403352484,0.9179960252160363
20260910_113029,FAST_1P_AWAY,1,66,75,FAST,AWAY,1,P03,LAB01,0,1.0,617.8142726176372,1469.9479641156634,707.0375096476525,1697.887604400231,1840.657154332722,1903.3024173682347,2532.793221986314,2487.388185178403,2661.7482460930096,2273.7048730161805,7864.8195351536015,604.9803753314168,1595.5314394965244,1594.5035254454108,0.9993557544366296
20260910_113029,FAST_1P_AWAY,2,71,80,FAST,AWAY,1,P03,LAB01,0,1.0,956.9213224134438,1685.262074825124,1159.650459769357,2069.224444653229,2384.1038761445734,2469.2613624900678,2532.793221986314,2532.793221986314,942.9702263688298,674.7504401785379,2660.065747598999,183.68318108583702,1949.8767675263227,1937.9903710115218,0.9939040268017141
20260910_113029,FAST_1P_AWAY,3,76,85,FAST,AWAY,1,P03,LAB01,0,1.0,1066.6369701758922,1574.425219546264,1313.28533294918,1997.1252899862916,2398.1283248446643,2357.049618449654,2532.793221986314,2532.793221986314,273.6527825940698,124.05138371394882,1098.2373275891389,90.81346571020526,1904.1752030763973,1901.7174338185232,0.9987092735721464
20260910_113044,FAST_1P_AWAY,0,31,40,FAST,AWAY,1,P03,LAB01,0,0.9,557.2931636487538,358.99382831653986,647.0929592837416,411.21051234901654,750.2255595788961,824.6627982669688,1000.1371097572224,1000.1371097572224,1397.5983482718943,1270.9642732401414,3266.045680537616,255.3126252990276,663.515635607257,662.9119391133349,0.9990901548335488
20260910_113044,FAST_1P_AWAY,1,61,70,FAST,AWAY,1,P03,LAB01,0,1.0,-107.3783673768462,784.0072060032444,-192.47964357371833,872.941330324213,1145.844224557038,935.9755675426552,1880.2393365719229,1774.8855391151696,1706.7942177607742,1838.203214000878,4085.484250396481,420.0805840533733,955.2941134874306,791.3263630421588,0.8283588811756776
20260910_113044,FAST_1P_AWAY,2,66,75,FAST,AWAY,1,P03,LAB01,0,1.0,583.8303012004839,1423.2357917308009,636.4132409196,1702.3716239617522,1845.3852227200448,1956.847181350261,2279.89356043899,2279.89356043899,1635.5763627964795,1518.6107652757364,3077.6175912521853,409.2053324242194,1551.789244148691,1538.3295938983451,0.9913263670945665
20260910_113044,FAST_1P_AWAY,3,71,80,FAST,AWAY,1,P03,LAB01,0,1.0,947.3479190698848,1532.6399168184696,1145.2600716221611,1907.9717872876165,2226.094678032312,2263.2624184033057,2279.89356043899,2279.89356043899,483.27608195803623,101.60364834670098,1726.8020191673077,77.93109237473037,1806.5459576578417,1801.7916623159756,0.9973682953806334
20260910_113103,FAST_1P_AWAY,0,50,59,FAST,AWAY,1,P03,LAB01,0,0.7,158.2611490975275,-98.62006266627873,153.52640011705765,-98.94482857442796,332.4180979491525,392.5238474074908,459.6229311960494,459.6229311960494,748.1838258192444,253.14351412232836,2386.286768728632,125.7751130721475,225.5970409944409,186.47388040680275,0.8265794603724337
20260910_113103,FAST_1P_AWAY,1,55,64,FAST,AWAY,1,P03,LAB01,0,1.0,-67.71999005254116,162.43867658514034,-33.61631479959741,164.22408603893595,542.9078157507743,459.6229311960494,865.2151075607345,754.522765064924,656.3796200523061,682.1802183549531,1645.9110173183774,149.33161480554105,400.63360012672814,175.98954714257349,0.4392780512840276
20260910_113103,FAST_1P_AWAY,2,60,69,FAST,AWAY,1,P03,LAB01,0,1.0,52.27887210419431,737.9237492329146,18.15148195617885,837.1353081061695,957.5948556317184,930.2043052116009,1505.2910870912986,1426.5743806116325,1225.497492128569,1292.1080731892862,2067.739377278286,357.1406321880269,815.304342355691,739.7733032155514,0.9073584731293044
20260910_113103,FAST_1P_AWAY,3,65,74,FAST,AWAY,1,P03,LAB01,0,1.0,517.8265344563071,1129.4056595699803,586.018105895347,1368.2837178816121,1499.649414643291,1530.8818403071587,1927.9802922109102,1830.8451535684062,1194.602909586846,1184.165986581871,2067.739377278286,280.5748525698003,1246.2653146733971,1242.4578317414764,0.9969448857421515
20260910_113103,FAST_1P_AWAY,4,70,79,FAST,AWAY,1,P03,LAB01,0,1.0,800.8843523305892,1326.9123626745995,969.1818263879253,1630.6232752925425,1906.4607462086576,1966.9116388444245,2123.527872292046,2123.527872292046,694.7035534917504,677.110386960488,1212.864178915831,204.4482095118528,1559.095267676492,1549.874886572034,0.9940860694688664
20260910_113103,FAST_1P_AWAY,5,75,84,FAST,AWAY,1,P03,LAB01,0,1.0,1168.4114911968377,1229.4949077732936,1396.3956023877597,1564.3810071056205,2128.095102183412,2123.527872292046,2255.6559821250826,2224.074680768342,368.5768613528021,257.56789361592985,971.5156314820711,67.21408728393988,1715.514137801085,1696.1259213281535,0.9886983056299478
20260910_113126,FAST_1P_AWAY,0,26,35,FAST,AWAY,1,P03,LAB01,0,0.9,-27.295671772369708,421.555870528133,-24.741066270601294,481.7886520819029,482.92254577695496,459.84756447994715,737.7089079365118,737.7089079365118,1026.8091718558273,336.03765103145133,4363.713083088174,201.64162896326727,424.01059845356184,422.43864131283846,0.996292646583702
20260910_113126,FAST_1P_AWAY,1,31,40,FAST,AWAY,1,P03,LAB01,0,1.0,-2.4477515185557692,230.1370186987508,-7.966400689426619,336.4989615023254,449.9668134255313,459.84756447994715,737.7089079365118,540.3755878317793,475.99210418800976,0.0,2473.6204668465743,119.5066695127441,306.0140563093261,230.15003554865197,0.7520897514459629
20260910_113126,FAST_1P_AWAY,2,36,45,FAST,AWAY,1,P03,LAB01,0,1.0,51.52375531106902,-225.70595716133892,61.861067784932786,-200.29674456129732,454.5583374648917,429.07612810727727,683.5767760967625,645.785448312118,578.1717655733944,10.131496813385041,2744.6352074932365,142.5850048278702,371.25938751006305,231.5121518613463,0.6235859877215122
20260910_113126,FAST_1P_AWAY,3,41,50,FAST,AWAY,1,P03,LAB01,0,1.0,-316.91629228727726,-178.1710024850953,-356.5871244115254,-231.95076281440396,768.8615285593298,737.1730857055278,1219.9038861526947,1201.1376105477093,1017.6661574868187,693.6434610377464,2744.6352074932365,285.43630592758973,661.6748349905085,363.56683353086373,0.5494645017534616
20260910_113126,FAST_1P_AWAY,4,46,55,FAST,AWAY,1,P03,LAB01,0,1.0,-431.3645277850688,251.4846559294691,-511.4504656459059,229.07945762547297,993.8972642600872,900.9316961841491,1219.9038861526947,1219.9038861526947,1041.3828013206735,316.44058112314224,4389.351561534046,185.77625419701744,757.8473306282616,499.3194248166186,0.6588654530229443
20260910_113126,FAST_1P_AWAY,5,51,60,FAST,AWAY,1,P03,LAB01,0,1.0,342.57026637034323,-88.32015676436845,266.82725973026857,-31.69559246486195,914.2566541694132,918.7947757348168,1219.9038861526947,1219.9038861526947,1242.9252821773784,0.0,4389.351561534046,216.81215534282222,653.5544348061851,353.77229610574443,0.5413050195438692
20260910_113126,FAST_1P_AWAY,6,56,65,FAST,AWAY,1,P03,LAB01,0,1.0,177.37053497232625,23.98248751077722,296.7788406579194,0.9453417809272878,734.4487250756074,717.8821640398,1006.8675215203541,1006.8675215203541,1358.8926336543068,1321.293921673399,3194.885557354094,230.71497068011644,548.1093366912908,178.9845423034453,0.3265489753995086
20260910_113126,FAST_1P_AWAY,7,61,70,FAST,AWAY,1,P03,LAB01,0,1.0,361.4446250129625,981.2197996047935,385.5028259901404,1081.2203830184626,1300.730223817868,1160.6688317966218,2441.8065471918753,2303.1455281191306,2218.15726812549,2386.180002389675,4490.109734174971,740.199652835176,1101.2632230123786,1045.6741902175993,0.9495224832418158
20260910_113126,FAST_1P_AWAY,8,66,75,FAST,AWAY,1,P03,LAB01,0,1.0,881.122675048418,1654.723237204582,1032.9114762480185,1989.0507429846753,2255.8881612213413,2488.2055544489303,2540.8301300659737,2540.8301300659737,1774.2990764784524,1386.9579472323246,4490.109734174971,393.3935279612211,1877.3202085234375,1874.6962847963644,0.9986023035840343
20260910_113126,FAST_1P_AWAY,9,71,80,FAST,AWAY,1,P03,LAB01,0,1.0,793.42355980836,1856.9518965348125,1021.8477260990785,2305.2951735760685,2534.597092128109,2536.72289527363,2540.8301300659737,2540.8301300659737,157.37248838013647,39.44299993450113,1040.674821568775,9.663462080132364,2024.4141668119355,2019.3541767860356,0.9975005163919257
20260910_113201,FAST_1P_AWAY,0,53,62,FAST,AWAY,1,P03,LAB01,0,0.7,-308.34520189145337,-121.17119322059341,-350.9446014286946,-144.07292721737798,326.6451306444594,344.15437510183983,488.4431268350551,488.4431268350551,711.374048929796,308.6155349686045,2480.9080434728303,154.3323868835679,355.53460432744293,331.29929308101987,0.9318341704254963
20260910_113201,FAST_1P_AWAY,1,58,67,FAST,AWAY,1,P03,LAB01,0,0.7,-192.92855563933858,24.34510723610822,-297.91085283646794,16.99531848335338,385.7207966069333,347.0901115564118,888.2565865383366,528.4244728053832,1142.6543753015644,290.1254506156451,5793.824298729721,206.28738850064278,331.1310612403824,194.45850926976422,0.5872554164545692
20260910_113201,FAST_1P_AWAY,2,63,72,FAST,AWAY,1,P03,LAB01,0,0.7,63.71661212218844,812.8116384065675,57.31882502661399,902.8410044204026,982.6140987013938,1066.8152452079923,2185.16573700233,1662.513204407308,2368.7245173430047,1649.2080605103324,6545.740844210761,689.6127754305661,845.8963618976353,815.3051981862363,0.9638358017727224
20260910_113201,FAST_1P_AWAY,3,68,77,FAST,AWAY,1,P03,LAB01,0,1.0,859.5307359577135,1659.8544261434029,961.2238813116899,1989.48297815694,2277.87511374283,2407.0404064559375,3079.2742953007755,3079.2742953007755,2464.5844746263,1769.529773273753,6545.740844210761,717.8974736613094,1919.0736180805936,1869.2003108398667,0.9740117800740709
20260910_113201,FAST_1P_AWAY,4,73,82,FAST,AWAY,1,P03,LAB01,0,1.0,1550.8098254831086,1798.0649932643946,1876.218377179273,2249.1117376693633,2937.5606100237337,2986.6494410682126,3079.2742953007755,3079.2742953007755,1391.029996136981,1125.700652316913,4975.9398390564675,150.3934758060187,2382.569047413406,2374.457587496108,0.9965954984909653
20260910_113220,FAST_1P_AWAY,0,63,72,FAST,AWAY,1,P03,LAB01,0,1.0,353.2266270810991,1374.571065368715,373.45913162427007,1579.4720470554885,1685.2637377320727,1800.147350716698,2396.539532254852,2385.1850019800377,2465.1499218959734,2253.9073371215,4687.909586358322,658.683764100886,1465.630015563642,1419.2303068311267,0.9683414584582786
20260910_113220,FAST_1P_AWAY,1,68,77,FAST,AWAY,1,P03,LAB01,0,1.0,1035.818313452757,1681.836657991858,1206.6075183453918,2073.4123550180793,2416.1182661797975,2417.344090343162,2706.2839304966446,2706.2839304966446,1121.9389773384403,811.5082406874849,3149.627851851312,235.70524292228149,1988.6797481102137,1975.2200187952064,0.9932318266287985
20260910_113220,FAST_1P_AWAY,2,73,82,FAST,AWAY,1,P03,LAB01,0,1.0,1417.6777322052544,1586.5299007049287,1723.9978815994104,1984.443400791027,2632.3197059940658,2661.222635945278,2706.2839304966446,2706.2839304966446,426.0825526915728,283.2246088093845,1390.3770798864368,88.60682471027596,2134.25037917411,2127.6482975861927,0.9969066039990715
20260910_113239,FAST_1P_AWAY,0,41,50,FAST,AWAY,1,P03,LAB01,0,1.0,-250.76097636548388,-158.4765370425871,-267.1991955401315,-131.68055788352638,510.4031974275396,480.33286768320966,656.2571212898713,656.2571212898713,372.5031712874942,111.87816033501286,1345.3458644273312,123.98554037240935,401.25056927869355,296.640995246411,0.7392911511120508
20260910_113239,FAST_1P_AWAY,1,46,55,FAST,AWAY,1,P03,LAB01,0,1.0,-201.10531412427176,-41.88895339629795,-267.20970184420577,-82.19276154601228,444.62959583544216,410.08248542107674,656.2571212898713,656.2571212898713,717.6830197814992,111.87816033501286,4249.692348314136,187.30239045483518,347.28288373741367,205.42159522713098,0.5915108542534842
20260910_113239,FAST_1P_AWAY,2,56,65,FAST,AWAY,1,P03,LAB01,0,1.0,-213.71442628889469,265.10526126666616,-214.36086694482364,297.5903582990522,468.731555530719,560.9357950610698,568.7449108417625,568.7449108417625,354.4172590383352,23.09149424119843,2873.584451045351,137.99009523869137,428.9314146269882,340.5211528749113,0.7938825212208783
20260910_113239,FAST_1P_AWAY,3,66,75,FAST,AWAY,1,P03,LAB01,0,1.0,99.67669750997624,-456.3062617232023,145.41658743072944,-482.14989087766736,622.0268235100093,615.1615292402219,715.547225605534,715.547225605534,533.4116977250433,109.33978778679892,2159.9549658851847,97.48486780559242,493.38419309695644,467.0662142719155,0.9466582448459813
20260910_113300,FAST_1P_AWAY,0,57,66,FAST,AWAY,1,P03,LAB01,0,1.0,52.364362730949,1054.3728170741792,14.064598918272418,1213.9412887515816,1290.221830426371,1428.0934999029973,1585.4102303517325,1585.4102303517325,1326.0609700400807,1336.2900269094112,3392.516309319689,348.68216195110875,1097.2571687076002,1055.672327888327,0.962101098990081
20260910_113300,FAST_1P_AWAY,1,62,71,FAST,AWAY,1,P03,LAB01,0,1.0,699.633716353582,1372.352899178101,800.6447613906366,1692.3813172356356,1928.2502910151968,1585.4102303517325,2758.2599114025265,2690.1823671350767,1578.8621592342697,894.5633850393407,4983.81483688193,477.5776589735151,1567.2377198585345,1540.402485372334,0.9828773681578933
20260910_113300,FAST_1P_AWAY,2,67,76,FAST,AWAY,1,P03,LAB01,0,1.0,1391.056700764397,1521.723897810792,1614.974741105176,1847.6013212971513,2485.0810589935186,2660.9283820184737,2758.2599114025265,2758.2599114025265,1553.976430626794,804.3199960757129,4983.81483688193,374.633139292838,2074.237054943908,2061.7183042088946,0.9939646480110964
20260910_113300,FAST_1P_AWAY,3,72,81,FAST,AWAY,1,P03,LAB01,0,1.0,1519.7536589365359,1208.5942150593319,1902.6498012421318,1558.7936639730337,2463.694952230103,2473.435686212485,2758.2599114025265,2758.2599114025265,674.2358172015427,563.3711243815544,1696.3789912298378,233.060559377693,1947.3571182848452,1941.739210225171,0.9971151115494306
20260910_113430,FAST_1P_AWAY,0,34,43,FAST,AWAY,1,P03,LAB01,0,0.9,-72.65206973897301,150.29914903346975,-87.21656175328323,178.63214204545375,336.3610923470344,310.65682958875107,467.065275614096,467.065275614096,834.2281159313774,338.0866675409546,2205.8005048204227,113.81858799088306,311.10652890185776,166.93758545498898,0.5365929993312722
20260910_113430,FAST_1P_AWAY,1,39,48,FAST,AWAY,1,P03,LAB01,0,0.7,-91.26129404049766,-169.3560990805987,-109.84715635243019,-159.69566787018394,280.6668779899411,264.20815663011126,437.9562866947423,437.9562866947423,812.7653238375142,283.1956502942143,2622.856520416214,124.20765448775684,226.2489439821304,192.38012393629376,0.8503028590997018
20260910_113430,FAST_1P_AWAY,2,64,73,FAST,AWAY,1,P03,LAB01,0,0.9,209.5911449836734,1148.0355995153195,218.5976311198894,1294.1625065517305,1357.063271274544,1534.7886900582803,2258.9763240936377,2128.9913145379965,2304.3086146018663,1850.3428918230975,5659.832919131796,666.5282125520276,1189.3363846261732,1167.010790785615,0.9812285286743536
20260910_113430,FAST_1P_AWAY,3,69,78,FAST,AWAY,1,P03,LAB01,0,1.0,761.7623815607573,1581.551040265888,885.7839571471434,1936.9832637533086,2165.7653042546863,2266.6237616611306,2672.6073776502026,2545.3466436671656,1382.059928412926,1483.1958521161869,3217.0375989150775,329.4368164332405,1782.805590703687,1755.444564469989,0.9846528267712588
20260910_113430,FAST_1P_AWAY,4,74,83,FAST,AWAY,1,P03,LAB01,0,1.0,1350.129852792762,1495.210883560451,1592.392125386114,1895.4415144603477,2513.829266002073,2531.6774000826463,2672.6073776502026,2672.6073776502026,647.502283957623,388.8744447696626,1810.8382880883225,149.37583623929098,2038.8917869329657,2014.5734550320647,0.9880727696993266
20260910_113514,FAST_1P_AWAY,0,35,44,FAST,AWAY,1,P03,LAB01,0,0.7,-357.0625899862727,95.63595215655141,-429.4165962857567,125.73690764560828,448.70339557633554,427.2481871891155,695.3714586097675,695.3714586097675,748.7465247206269,280.2198456103326,3384.075835977596,205.18716565979275,379.66590245614253,369.6483849722535,0.973614914009703
20260910_113514,FAST_1P_AWAY,1,40,49,FAST,AWAY,1,P03,LAB01,0,0.8,-383.3164888199291,51.68377924501954,-481.019234997076,71.22879344080079,468.662362862136,505.2149821263398,695.3714586097675,695.3714586097675,1194.0396842056682,1104.3817741215287,3384.075835977596,207.98923961759704,387.0642507895839,386.7851388539724,0.9992789002470722
20260910_113514,FAST_1P_AWAY,2,60,69,FAST,AWAY,1,P03,LAB01,0,0.8,426.95205196282814,1120.3532928416876,482.3847504765502,1264.0790229990953,1362.9066118061469,1544.4650499192842,2529.6417411978796,2385.830707630805,2698.6138847050893,2578.662444713909,7130.981749278753,836.7124077586191,1201.130849226956,1198.9493548338403,0.9981837995464694
20260910_113514,FAST_1P_AWAY,3,65,74,FAST,AWAY,1,P03,LAB01,0,1.0,972.8883166341982,1710.978054424709,1146.1006220871197,2075.8275368940117,2384.2928334162552,2572.0619179235405,2845.8371238855666,2780.544843571308,1549.1472421654685,1358.4612707746905,3809.248148355583,409.61030538682473,1981.2232704654539,1968.2371755879133,0.9934454157332355
20260910_113514,FAST_1P_AWAY,4,70,79,FAST,AWAY,1,P03,LAB01,0,1.0,1514.617057421269,1577.0028368004726,1825.5759642618898,2003.7249925535532,2737.843846728525,2739.1326552126984,2845.8371238855666,2845.8371238855666,550.3661957585136,496.1540343028264,1451.4251198053614,88.18654701663485,2212.4060731821105,2186.5504288509337,0.9883133369390961
20260910_113514,FAST_1P_AWAY,5,75,84,FAST,AWAY,1,P03,LAB01,0,1.0,1681.0364628440987,1068.5844644638,2092.071329988199,1410.2578003921917,2558.7675780851146,2618.27012270219,2845.8371238855666,2845.8371238855666,753.9875055596896,737.7209079401161,1539.3129228231826,240.6702105948144,2003.2118692788404,1991.9227763908884,0.9943645037945906
20260910_113609,FAST_1P_AWAY,0,17,26,FAST,AWAY,1,P03,LAB01,0,0.9,2270.7058022097694,-1601.3840974231407,2549.919643908125,-1798.1729496836138,2686.7451676508267,2794.5547310430366,4988.687601810417,4988.687601810417,10477.772626126938,8886.122846895363,42841.77866868229,1886.7347943606915,2831.4107461207077,2778.5852277137083,0.9813430395150632
20260910_113609,FAST_1P_AWAY,1,22,31,FAST,AWAY,1,P03,LAB01,0,1.0,75.2444804437099,-407.94146646391573,386.928229305791,-607.3263440219368,1094.8901033778552,638.7385331894982,3370.202973834125,2334.0361368101653,5136.285799125715,1169.7060387961901,18189.512446490626,906.8113020934799,674.15677599046,414.8228198857603,0.6153209975176908
20260910_113609,FAST_1P_AWAY,2,57,66,FAST,AWAY,1,P03,LAB01,0,1.0,585.9230214500908,600.4046402286253,681.200248436152,650.9204952742078,1062.6031855205513,930.141923326185,2171.7338572154313,1987.3242957542725,2253.9323887572123,2398.1019093280993,4522.649068470451,692.8974352069116,915.4150383595828,838.922832609334,0.9164398632916034
20260910_113609,FAST_1P_AWAY,3,62,71,FAST,AWAY,1,P03,LAB01,0,1.0,983.9275473135215,1467.6213740888768,1188.3569104116564,1725.615901561602,2100.004388601035,2248.2967149199894,2593.4737170114104,2579.1268591351172,2095.6250375087648,2010.7500929350153,4522.649068470451,485.3880789787794,1768.6015368910773,1766.9255547546209,0.9990523687209938
20260910_113609,FAST_1P_AWAY,4,67,76,FAST,AWAY,1,P03,LAB01,0,1.0,1332.8322008827122,1614.674265890494,1619.4139323128425,2013.530866521607,2580.91848835761,2608.4702921065964,2666.809813731379,2666.809813731379,555.7276256605022,303.1750163655487,1711.3416342648445,104.76581233934955,2104.8400447261065,2093.70835138012,0.9947113827609475
20260910_113609,FAST_1P_AWAY,5,72,81,FAST,AWAY,1,P03,LAB01,0,1.0,1596.3038748007325,1253.3153581891497,1958.6442668842246,1612.3896961307996,2542.610974488347,2614.3123425588847,2666.809813731379,2666.809813731379,521.8309205911671,506.29747557858786,1132.031323863556,143.41936313249695,2044.3999009857337,2029.5283806285217,0.9927257282931576
20260910_113626,FAST_1P_AWAY,0,22,31,FAST,AWAY,1,P03,LAB01,0,0.7,-195.3548715077137,-83.18920463587312,-238.39503082242786,-104.8522006364816,259.7233342562453,266.7084815042598,282.2675453670935,282.2675453670935,203.00316956041135,160.62016468882447,695.507055405054,23.903910978716414,212.62561311734825,212.3298603346795,0.9986090444216355
20260910_113626,FAST_1P_AWAY,1,67,76,FAST,AWAY,1,P03,LAB01,0,1.0,1401.395218396899,1740.506922118384,1620.2708620598999,2015.3991604390708,2587.965634831997,2974.118646668077,3112.5808610729446,3112.5808610729446,3317.1760053973694,2090.6215617433704,10856.012191685115,745.495894305621,2241.630579920851,2234.563246830956,0.9968472356001923
20260910_113626,FAST_1P_AWAY,2,72,81,FAST,AWAY,1,P03,LAB01,0,1.0,1703.6247593200749,1554.5731939481564,2096.0628194182855,2001.0481734690322,2909.9035218558292,2957.0342305371287,3112.5808610729446,3112.5808610729446,790.915053509809,778.1604488379999,1700.7133078662314,195.5971750880799,2316.7896812587423,2306.3033486318654,0.995473765827039
20260910_113640,FAST_1P_AWAY,0,21,30,FAST,AWAY,1,P03,LAB01,0,0.7,-260.53890661183124,-154.7464861080905,-299.0662239165566,-175.26176156737384,339.89540578816866,350.0131504633915,516.5251399453429,516.5251399453429,947.6229376056053,849.1596128625922,2392.400488365195,157.66761120310144,305.1246803278093,303.02969626967246,0.9931340065448455
20260910_113640,FAST_1P_AWAY,1,56,65,FAST,AWAY,1,P03,LAB01,0,0.7,608.6036299770007,475.62378849537356,690.2564369925227,523.1821108746253,942.1413220863864,749.3862567071052,2104.458112972518,1905.5003905691947,2266.5257706888597,2109.827080627123,5272.662580432039,729.5478871137395,826.7953032357624,772.4094552786584,0.9342209035969865
20260910_113640,FAST_1P_AWAY,2,61,70,FAST,AWAY,1,P03,LAB01,0,1.0,1089.4210879953284,1375.3221322818163,1312.3748641540242,1590.495526032245,2077.8410583553773,2202.5688501159902,2714.5521390235617,2687.731993088595,2472.5011651812633,2196.532848837689,5272.662580432039,554.8134636223358,1760.9331146291331,1754.522520377874,0.9963595469935782
20260910_113640,FAST_1P_AWAY,3,66,75,FAST,AWAY,1,P03,LAB01,0,1.0,1378.4387437578278,1651.18552170666,1684.985267106763,2042.9996038755285,2655.853679063219,2731.196837293113,2770.0673863578227,2770.0673863578227,773.1281941033715,468.21414122675526,2200.631118217072,153.4287145430027,2159.538148527025,2150.931657999936,0.9960146614992843
20260910_113640,FAST_1P_AWAY,4,71,80,FAST,AWAY,1,P03,LAB01,0,1.0,1659.3275298393987,1339.0664077846964,2029.3623552941335,1727.312552663694,2687.1079391928915,2736.5374149474283,2770.0673863578227,2770.0673863578227,428.5910460683717,291.35477745569267,1271.9994827703738,106.09016472159425,2147.103363297518,2132.2445206261714,0.9930795867002292
20260910_113654,FAST_1P_AWAY,0,32,41,FAST,AWAY,1,P03,LAB01,0,0.8,-642.6716488488112,-508.59460016889454,-726.3726792517517,-578.3760321963807,919.1632271500982,1145.842708574754,1295.9819823631296,1295.9819823631296,1603.9436359851265,1026.1280726036316,6331.3280839509425,464.2098519891658,820.7195659748949,819.5702017246646,0.9985995651890363
20260910_113654,FAST_1P_AWAY,1,65,74,FAST,AWAY,1,P03,LAB01,0,1.0,1297.90617646669,1680.5263408369601,1596.1480965556207,2064.524034726523,2619.1308194032504,2703.535700983991,2750.378866447718,2750.378866447718,588.5064642430392,500.32729857039624,1725.8689015101916,164.05082156649513,2128.1566717888736,2123.376844829303,0.9977540060734567
20260910_113654,FAST_1P_AWAY,2,70,79,FAST,AWAY,1,P03,LAB01,0,1.0,1615.3201093683897,1421.8092067713683,1974.0436958430244,1820.7101800204266,2709.4535415369446,2718.7041037173785,2750.378866447718,2750.378866447718,293.45391868036756,153.34362976678514,1370.894391406244,55.20239022293769,2170.3762259081213,2151.929477513084,0.9915006678681623
20260910_113654,FAST_1P_AWAY,3,75,84,FAST,AWAY,1,P03,LAB01,0,1.0,1647.0569226149123,1020.8991861905502,2053.259140550991,1328.194898587512,2457.0089035353963,2500.2279085839023,2711.7264849543735,2709.4327527637797,742.1314680504245,692.3232250505673,1586.8339397682748,237.53063881720058,1940.1752706402988,1937.790405254973,0.998770798998722
20260910_113706,FAST_1P_AWAY,0,19,28,FAST,AWAY,1,P03,LAB01,0,0.9,38.444034550980064,303.87728242948606,25.925601729801553,344.2973171036168,439.38655969879375,434.6413540723689,606.8103567393642,606.8103567393642,498.0779797252318,332.94034204851346,2090.535428645666,153.56558163839347,374.74826871172576,306.29943938780985,0.8173471766548173
20260910_113706,FAST_1P_AWAY,1,24,33,FAST,AWAY,1,P03,LAB01,0,1.0,174.5648646626679,394.05440025784094,217.27216580920177,491.2372429758997,533.2808798840249,542.5684875612949,606.8103567393642,606.8103567393642,610.7523391442662,403.6407377334619,2090.535428645666,81.61541052323466,431.1420025000733,430.98928332066714,0.9996457798625034
20260910_113706,FAST_1P_AWAY,2,59,68,FAST,AWAY,1,P03,LAB01,0,0.8,579.0107647888814,958.1643857519898,650.1377045664728,1064.541817592942,1300.951067880392,1410.7335054451676,2449.2711073409264,2312.9120824869983,2530.7421306851074,2387.9401769043434,6218.878170653242,846.4376501552288,1125.6709850935533,1119.52331635607,0.9945386628785031
20260910_113706,FAST_1P_AWAY,3,64,73,FAST,AWAY,1,P03,LAB01,0,1.0,1133.5060237158618,1528.4987385246918,1347.309937831389,1858.5354377714048,2305.61419558947,2497.656045712965,2549.7185523909884,2549.7185523909884,1473.98139441706,1395.641041039675,3866.3538527336123,325.3660355649524,1910.6342816227573,1902.9304505082991,0.9959679195602441
20260910_113706,FAST_1P_AWAY,4,69,78,FAST,AWAY,1,P03,LAB01,0,1.0,1537.751957832354,1323.0163334759532,1870.4837020515183,1697.2976692141972,2553.1709185727677,2549.7185523909884,2585.193303324563,2585.193303324563,270.4791459972124,20.679084041751068,1088.6352582835004,29.277216415264572,2050.1216040329123,2028.5594155610509,0.9894824831710249
20260910_113706,FAST_1P_AWAY,5,74,83,FAST,AWAY,1,P03,LAB01,0,1.0,1578.8881186498281,905.8950082829024,1974.2971001467129,1181.111339538646,2303.857960792792,2425.723173773519,2585.193303324563,2585.193303324563,979.3128921321219,1051.2326909261735,2018.3332559653454,300.542423940703,1824.4469219361865,1820.3113627194316,0.9977332532029125
20260910_113719,FAST_1P_AWAY,0,17,26,FAST,AWAY,1,P03,LAB01,0,1.0,-563.9158591135371,561.7303945642402,-633.3508855758759,630.9395303565639,956.3694285784011,1049.8921637050328,1137.7123864731948,1137.7123864731948,989.7151203552658,688.1828922272642,2419.0517232463094,214.12784164959496,796.7170208588868,795.953599361832,0.9990417909030839
20260910_113719,FAST_1P_AWAY,1,22,31,FAST,AWAY,1,P03,LAB01,0,1.0,-650.7371378368258,149.24541262154378,-810.3410875679878,255.47505850082706,1051.1796444221322,1051.5141968978173,1175.2818224654336,1175.2818224654336,510.1120844068365,298.95687771144645,2020.3076687121309,97.820898519541,823.9047695839913,667.6323956704309,0.8103271401226796
20260910_113719,FAST_1P_AWAY,2,27,36,FAST,AWAY,1,P03,LAB01,0,0.9,-464.15460066214007,-367.9654346910967,-584.2383977681371,-357.5256469205249,818.0295545499805,929.2444992747153,1175.2818224654336,1175.2818224654336,1396.0674275773695,873.4271515496132,4600.788506208169,356.94492476781323,644.2236145063381,592.3158401083314,0.9194258434041057
20260910_113719,FAST_1P_AWAY,3,57,66,FAST,AWAY,1,P03,LAB01,0,0.8,444.3880735870157,528.6610671950143,504.2300016775456,570.1186429082105,920.7734234967087,720.3469988639039,1965.83971917698,1814.4086223564834,2111.539712519643,2076.309614900885,4110.306896667456,643.7840340888804,796.0543224914728,690.6252847341677,0.8675604983497411
20260910_113719,FAST_1P_AWAY,4,62,71,FAST,AWAY,1,P03,LAB01,0,1.0,850.7424356269825,1322.2179442568868,1014.7080757783633,1555.5118722385319,1859.4707248783554,2010.8769923013895,2384.3927827217476,2288.1455676519245,2076.590445148985,1550.5875218588014,4110.306896667456,454.80500740692526,1573.6363402842485,1572.266829737064,0.9991297159882968
20260910_113719,FAST_1P_AWAY,5,67,76,FAST,AWAY,1,P03,LAB01,0,1.0,1218.4639791097654,1436.447524117804,1471.847748847103,1793.3220217110197,2327.270798722038,2410.517103097912,2436.6414234740755,2436.6414234740755,529.141994246992,605.2722596696846,1205.6657919207794,134.8149779384771,1895.3146275599702,1883.6230933847069,0.9938313491568864
20260910_113719,FAST_1P_AWAY,6,72,81,FAST,AWAY,1,P03,LAB01,0,1.0,1584.5714681861255,1080.0699467413351,1938.1524019894296,1406.234865426672,2418.874332161864,2436.6414234740755,2445.2533118986194,2445.2533118986194,221.565961237711,0.0,954.4974987173129,43.71150973087917,1943.8179025470658,1917.6594660271055,0.9865427535749702
20260910_113729,FAST_1P_AWAY,0,17,26,FAST,AWAY,1,P03,LAB01,0,1.0,-696.6374461190019,-891.4900458224963,-783.0243013855735,-1002.0350256207039,1359.6010050725447,1545.736356887916,1626.2599520960523,1626.2599520960523,1079.4171839816079,628.6240589837068,3189.5719815063344,335.97800150449984,1132.5039040080874,1131.3965852590336,0.9990222384707595
20260910_113729,FAST_1P_AWAY,1,22,31,FAST,AWAY,1,P03,LAB01,0,1.0,-699.7063650880822,-1081.4202714323667,-884.2925847947696,-1338.2539101512455,1604.5192128659012,1614.500227345841,1626.2599520960523,1626.2599520960523,225.4968574848874,66.0793211861432,833.2516290155226,24.45041826399451,1289.7091568603125,1288.0445647607191,0.9987093275326929
20260910_113729,FAST_1P_AWAY,2,27,36,FAST,AWAY,1,P03,LAB01,0,1.0,-511.9486116914529,-977.2898899502927,-659.0136470829405,-1234.642380364332,1401.3456774717017,1498.529961442164,1614.500227345841,1614.500227345841,757.8671341182447,800.6859027451105,1590.9237018691392,230.90369138317803,1105.2745480448732,1103.2619407973164,0.9981790883983378
20260910_113729,FAST_1P_AWAY,3,32,41,FAST,AWAY,1,P03,LAB01,0,1.0,-302.52604183773576,-604.8729656591605,-409.34827291398005,-807.4794323743643,918.6465759009491,882.8210886860572,1453.8307281691796,1345.4859832599323,1195.7596106507665,1296.1857762446539,1590.9237018691392,328.1191903960762,688.1189675733058,676.3085912328154,0.9828367231582928
20260910_113729,FAST_1P_AWAY,4,37,46,FAST,AWAY,1,P03,LAB01,0,1.0,-321.1058486412682,-133.96730032452706,-387.1819063706545,-228.20777066934062,556.3620465112368,497.99794136805406,819.2773573580852,723.9504910412782,578.2099770034281,430.6012944924674,1426.3944089693746,113.11093923903245,420.6586910428548,347.93132021689433,0.827110737577626
20260910_113729,FAST_1P_AWAY,5,42,51,FAST,AWAY,1,P03,LAB01,0,1.0,-376.0619090186133,128.3857566126892,-468.32617826671395,134.04779611868457,497.9096456088453,497.99794136805406,520.2635610828945,520.2635610828945,104.73222662026919,57.013700304783384,398.9334496752702,20.571835754558027,403.00821170960415,397.3732023120538,0.9860176313191088
20260910_113729,FAST_1P_AWAY,6,47,56,FAST,AWAY,1,P03,LAB01,0,1.0,42.83566206710998,166.62525460312338,1.7240755693088885,213.65222636602147,625.4524368370764,518.1738875354768,1272.7565241253922,1009.8361856844601,940.8676703844876,34.129588203050275,5585.051963743363,259.5563002020439,478.40014666432785,172.04321961729073,0.35962200433438796
20260910_113729,FAST_1P_AWAY,7,52,61,FAST,AWAY,1,P03,LAB01,0,1.0,637.7527451487136,97.02605270542415,683.0772891115452,124.22876911628585,805.0338335208885,733.7414134164699,1272.7565241253922,1272.7565241253922,1938.2101853753077,1122.1613043673165,5585.051963743363,361.2632954623333,660.4109744014473,645.091170958273,0.9768026213418709
20260910_113729,FAST_1P_AWAY,8,57,66,FAST,AWAY,1,P03,LAB01,0,1.0,398.56980625140665,220.566436620986,585.89204187222,264.2330520830739,741.9654168824937,613.5440021936363,1521.165609140804,1297.5974326269334,2498.548209655478,1420.6634744450473,9316.285499394271,451.4731289694074,537.937821519516,455.52984909768895,0.8468076251098152
20260910_113729,FAST_1P_AWAY,9,62,71,FAST,AWAY,1,P03,LAB01,0,1.0,564.8854743976573,1240.3206734225987,657.2400946134605,1402.6044116582443,1568.5682614190962,1783.818241484682,2813.355044225355,2763.2764489660194,2902.5453396812563,2026.813190951963,9316.285499394271,1032.8666844627255,1365.0533001925414,1362.8980050264051,0.998421090835184
20260910_113729,FAST_1P_AWAY,10,67,76,FAST,AWAY,1,P03,LAB01,0,1.0,1062.0840598267278,1931.1675861865933,1273.2664047358162,2359.638563993529,2684.6592044246704,2823.6231499230007,2851.764779478039,2851.764779478039,1515.9295490908776,451.265645882389,5899.919860368336,254.53358059902604,2209.84034688466,2203.957984190211,0.9973381051247698
20260910_113729,FAST_1P_AWAY,11,72,81,FAST,AWAY,1,P03,LAB01,0,1.0,1385.8990293203892,1632.912614868119,1693.550253496339,2085.3630719115667,2709.017629827239,2787.2673183786465,2851.764779478039,2851.764779478039,583.9324678933515,489.29814675179523,1497.3489271185665,163.50975113105648,2160.8316532154327,2141.7562249860825,0.9911721821545122
20260910_113739,FAST_1P_AWAY,0,17,26,FAST,AWAY,1,P03,LAB01,0,0.9,-204.50376800343162,-533.6271250183672,-229.91671895640326,-599.771254216131,701.839779288511,749.2472896711494,885.2635147771709,885.2635147771709,1141.9989801989898,1181.2213252682577,4005.069036506066,208.7849819194349,576.0593545888877,571.4715213227773,0.9920358323676828
20260910_113739,FAST_1P_AWAY,1,57,66,FAST,AWAY,1,P03,LAB01,0,0.7,212.42212017440772,76.89578296146783,225.15800778295502,82.42470018149146,408.7547951167468,289.5866096835568,1286.6244554405205,903.4678377750888,1308.8338198792846,293.0072415366063,5804.038456114298,353.18927553383077,343.4182245068592,225.9117495320854,0.6578327339979978
20260910_113739,FAST_1P_AWAY,2,62,71,FAST,AWAY,1,P03,LAB01,0,1.0,650.6443578955989,942.1363681072227,750.4680094252146,1040.2259109524784,1344.159966412114,1437.4425645659057,2446.3121972489844,2320.030681381379,2451.863412897872,2395.812847307235,5804.038456114298,800.3962530248358,1161.5932416171281,1144.971185913272,0.9856902957865736
20260910_113739,FAST_1P_AWAY,3,67,76,FAST,AWAY,1,P03,LAB01,0,1.0,1025.358740180041,1681.679957663636,1241.7550976824361,2022.8274967733548,2369.4587861810405,2519.7457701361373,2731.1953283950816,2723.761559568163,1622.8191654446307,1613.2769411431127,3368.3176988617656,376.0414513174622,1970.3571920284,1969.6212900126689,0.9996265133962976
20260910_113739,FAST_1P_AWAY,4,72,81,FAST,AWAY,1,P03,LAB01,0,1.0,1213.2262095992714,1754.9996954752512,1492.9197362349582,2197.0710832697773,2652.542191814252,2664.5047085048554,2731.1953283950816,2731.1953283950816,602.8962516315817,546.4404085345731,1657.0068571237443,81.0308656162231,2136.3094742348885,2133.5280093724664,0.9986980047151557
20260910_113749,FAST_1P_AWAY,0,17,26,FAST,AWAY,1,P03,LAB01,0,1.0,-561.3444627811563,-1493.6906189402832,-630.440106375107,-1677.6585731915504,1885.6597475511921,2127.482670566916,2301.821999239881,2301.821999239881,1778.7051803638926,1901.3374201085935,4441.338731985085,495.3642445164445,1596.0925292286458,1595.6877109902398,0.9997463691916397
20260910_113749,FAST_1P_AWAY,1,22,31,FAST,AWAY,1,P03,LAB01,0,1.0,-626.2527880060636,-1340.8772440556859,-781.8479969191143,-1723.8960296007615,1874.6126302204502,2044.7924403970155,2301.821999239881,2301.821999239881,1626.1983716170798,1901.3374201085935,2953.7873171678266,456.7716105523352,1485.2150305212613,1479.9136252199785,0.9964305469630064
20260910_113749,FAST_1P_AWAY,2,27,36,FAST,AWAY,1,P03,LAB01,0,1.0,-365.95721731785477,-464.93788299286484,-494.52502283259247,-700.8929457981002,976.4013911168033,894.245328451779,1966.5866594422903,1730.2222352926667,2006.8672181035267,2448.003878385769,2953.7873171678266,572.4784603976449,676.7511617761882,591.6856597458776,0.8743031311434335
20260910_113749,FAST_1P_AWAY,3,32,41,FAST,AWAY,1,P03,LAB01,0,1.0,2.395263409500558,202.17246925310315,-46.412710648213064,168.49229877834256,471.5665410027367,482.79725635915025,764.1747624370952,580.7822973695653,1096.7206854091157,964.6982449098283,2923.361075543255,125.66987819759318,336.64515547173687,202.18665784541233,0.6005928039038333
20260910_113749,FAST_1P_AWAY,4,37,46,FAST,AWAY,1,P03,LAB01,0,0.7,101.28778891784481,254.82583707074775,125.99996004703878,330.1985212041005,351.6098031744469,351.1102113314644,509.71851169957637,509.71851169957637,573.3790488140362,513.6392156755178,1324.4186258977106,132.85286281538836,274.3143105617489,274.2178393589177,0.9996483187383345
20260910_113749,FAST_1P_AWAY,5,62,71,FAST,AWAY,1,P03,LAB01,0,1.0,1004.1278704327337,1461.5656047469877,1153.0977593968994,1673.4959219984744,2035.6396729033888,2361.8205837482865,2692.0627296263438,2643.00682206046,2896.4721291624846,2618.168078556577,7837.085740007223,737.8165206088487,1776.14339053692,1773.2588071568134,0.9983759287704612
20260910_113749,FAST_1P_AWAY,6,67,76,FAST,AWAY,1,P03,LAB01,0,1.0,1065.8404423114316,1830.7790965885379,1337.8830689429847,2259.5386530485894,2625.5652180718016,2631.761899005711,2694.0169946300216,2694.0169946300216,631.7701606256281,495.66068981021215,2152.6015351407877,72.60276933378817,2120.1533126237673,2118.4352595659307,0.9991896562160826
20260910_113749,FAST_1P_AWAY,7,72,81,FAST,AWAY,1,P03,LAB01,0,1.0,748.9012813584807,1782.070680034266,970.3970005484047,2241.4077037146626,2463.111262673606,2511.810710896877,2694.0169946300216,2694.0169946300216,655.0734024434652,743.8502294003403,1431.9323375818983,211.65647389066095,1953.0473148173064,1933.0362225934011,0.9897539132451704
20260910_113759,FAST_1P_AWAY,0,17,26,FAST,AWAY,1,P03,LAB01,0,1.0,-400.1412847395742,-948.6057257434024,-449.56781024600195,-1065.6516917143597,1231.55377676047,1371.5228305204876,1470.9550449094031,1470.9550449094031,1090.8972807132325,803.869938489586,2471.5499958951414,284.6023189406757,1030.405540612578,1029.5464392955785,0.9991662493230686
20260910_113759,FAST_1P_AWAY,1,22,31,FAST,AWAY,1,P03,LAB01,0,1.0,104.92522498912165,-869.4649127276391,52.7827283740534,-1113.993722212382,1302.7465232156846,1255.9960765029796,1470.9550449094031,1470.9550449094031,412.63916653070555,0.0,1894.7746962850688,135.903346424309,1034.6709066081332,875.7731083468474,0.846426726366371
20260910_113759,FAST_1P_AWAY,2,27,36,FAST,AWAY,1,P03,LAB01,0,1.0,605.5581017380894,-393.8035187004323,691.6604013644284,-553.7626453055842,967.8113712510178,1144.1106718301562,1171.806499810293,1171.806499810293,1006.3081420956678,1126.1710113329696,2129.506471754257,264.35891773975095,764.1347569956324,722.3446725223907,0.9453105828642728
20260910_113759,FAST_1P_AWAY,3,32,41,FAST,AWAY,1,P03,LAB01,0,0.7,283.0003078964502,19.808195353487577,412.44371995166796,-36.99934145228713,497.8238060017878,395.8825098279301,1116.4148438500197,946.0383164608008,1124.9410803413257,1025.9483653525583,2129.506471754257,318.1998534669328,341.0329311991425,283.6926838546379,0.831863019377969
20260910_113759,FAST_1P_AWAY,4,42,51,FAST,AWAY,1,P03,LAB01,0,0.8,-426.96890041633674,137.53333810621456,-492.4234846319117,166.08129373803754,502.35332196243354,508.06457524603087,732.9857256571504,732.9857256571504,956.744831167892,749.9930275075587,4532.713296816584,195.7668835094264,449.16340281621194,448.57313897888935,0.9986858594586698
20260910_113759,FAST_1P_AWAY,5,47,56,FAST,AWAY,1,P03,LAB01,0,1.0,-338.2275299819634,68.33761084545961,-450.0336745740983,98.69441628658592,462.85961826411415,431.6643001918836,732.9857256571504,627.7063034042133,510.75920476219846,382.1334379209884,1315.4583731976063,127.92116830428392,346.6630990234074,345.0621554064796,0.9953818458859973
20260910_113759,FAST_1P_AWAY,6,62,71,FAST,AWAY,1,P03,LAB01,0,1.0,539.716101066731,1330.6208273258453,620.6679659123736,1545.5999231749142,1668.777580167813,1825.2127270850388,2359.8156949635018,2316.2798409928787,2442.0464255959478,2108.489221389756,4032.8316784513263,588.4374515230978,1438.5014481409166,1435.9126908917515,0.9982003791150084
20260910_113759,FAST_1P_AWAY,7,67,76,FAST,AWAY,1,P03,LAB01,0,1.0,840.359002285428,1664.3336518250921,1003.714359353922,2052.6696543902494,2287.781226308845,2385.9142030144194,2424.150946550552,2424.150946550552,775.4768939857204,564.7403029969582,1967.9768283507321,178.89211437102833,1868.1131004962854,1864.459642180438,0.9980443056071516
20260910_113759,FAST_1P_AWAY,8,72,81,FAST,AWAY,1,P03,LAB01,0,1.0,876.8563543861136,1694.2850264334666,1098.4531751801783,2117.116271664309,2401.9304841143085,2408.837965736582,2424.150946550552,2424.150946550552,130.30593247522535,85.87240184050191,587.6057199351058,21.60768728714312,1909.9044505796185,1907.7418108915992,0.9988676712662966
20260910_113810,FAST_1P_AWAY,0,20,29,FAST,AWAY,1,P03,LAB01,0,0.9,127.62820428436686,459.50323785692285,160.84127284226207,534.2496272784701,559.0986786879928,618.5854000294586,678.4016170030197,678.4016170030197,699.5187009423016,469.6307219909137,2910.115709360731,151.9753860705345,480.59611921239537,476.89850506145217,0.9923061922409967
20260910_113810,FAST_1P_AWAY,1,25,34,FAST,AWAY,1,P03,LAB01,0,0.8,44.7216830791736,347.1835720917534,67.16920182060959,458.4494578181684,462.42384520785464,525.2814957583635,678.4016170030197,677.3156285929102,610.3425471443649,546.8147544229319,1446.9465278064245,192.79011805873367,351.14990725561483,350.0520842215109,0.9968736342757887
20260910_113810,FAST_1P_AWAY,2,45,54,FAST,AWAY,1,P03,LAB01,0,0.8,299.99448206275576,-127.16926267687825,346.7592610042129,-142.73892680798008,389.0405909930344,414.2789737161507,537.1543796705523,504.5446364103186,511.6105418326905,386.0486281108406,1436.3099563206624,132.6370605583601,334.7838156761543,325.83540421182283,0.9732710751078018
20260910_113810,FAST_1P_AWAY,3,50,59,FAST,AWAY,1,P03,LAB01,0,1.0,50.54979225891461,-288.1708656397143,97.88886468022005,-337.6974568278105,538.3174200079017,523.3943448776297,620.4273324747726,620.4273324747726,379.0950791152229,203.03176099364597,1242.5199891223951,59.902595174356506,447.38889579089073,292.5708961960531,0.6539520737966652
20260910_113810,FAST_1P_AWAY,4,60,69,FAST,AWAY,1,P03,LAB01,0,1.0,590.7028784746167,1073.733441673122,634.1860515587878,1217.7767123394954,1445.3516072779328,1548.366971574414,2283.5037471867404,2169.7448946323775,1993.9132715746841,2150.609907195785,3755.476091968974,632.3392777123656,1240.7783960360725,1225.493122953126,0.9876809000448601
20260910_113810,FAST_1P_AWAY,5,65,74,FAST,AWAY,1,P03,LAB01,0,1.0,874.3039412054612,1508.5613983622306,1061.7681111218972,1843.6543134868564,2129.761090605017,2225.2634978554606,2283.5037471867404,2283.5037471867404,1058.922920823115,852.8169417425497,2781.397810418854,200.42001588278166,1749.4738853837446,1743.6068577050307,0.9966464045403988
20260910_113810,FAST_1P_AWAY,6,70,79,FAST,AWAY,1,P03,LAB01,0,1.0,562.5767825756247,1639.3256494631582,764.2157891734404,2033.6960009057887,2195.5308453415946,2196.7176138408063,2283.5037471867404,2283.5037471867404,236.02808556320173,178.0167064167701,683.7697030778006,71.50543381061296,1747.0931278582348,1733.1708574981715,0.9920311801711849
20260910_113810,FAST_1P_AWAY,7,75,84,FAST,AWAY,1,P03,LAB01,0,1.0,100.68507385401597,1636.6388148019141,183.09637261062798,2047.2878566810946,2083.5753908594975,2062.591221479386,2192.811444581046,2165.481680339542,195.8517548690474,157.38724606454016,683.7697030778006,60.89599565491425,1657.101610237995,1639.7329338075767,0.9895186412691231
20260910_113820,FAST_1P_AWAY,0,24,33,FAST,AWAY,1,P03,LAB01,0,0.9,1017.7109870809275,-5000.747529988148,1145.7664478790405,-5617.034361975365,4475.697707551125,3832.207548264236,8137.805758959451,8137.805758959451,16091.646193789105,6238.485881078692,90808.69454055464,2794.077350100176,5150.484257432073,5103.254991856452,0.9908301310682641
20260910_113820,FAST_1P_AWAY,1,29,38,FAST,AWAY,1,P03,LAB01,0,1.0,-179.35256108555038,-1485.7456536412153,-146.97684350323,-2099.508485847007,2124.0178540007346,1797.311199950495,4336.459526197257,3428.8059659178184,5435.174619182014,2965.3552030757683,17107.245923360668,991.8916822865058,1504.4953139069805,1496.5318200698935,0.9947068669716179
20260910_113820,FAST_1P_AWAY,2,68,77,FAST,AWAY,1,P03,LAB01,0,1.0,717.2566891741462,1872.2234473599112,898.4173505368584,2332.883417034013,2495.525899696805,2512.4601469565578,2584.961481317558,2584.961481317558,508.19516834295075,354.9463794259444,1220.0071913873821,84.21686746334258,2007.6823677980412,2004.9134133446482,0.9986208204555634
20260910_113820,FAST_1P_AWAY,3,73,82,FAST,AWAY,1,P03,LAB01,0,1.0,457.97156746673005,1770.9303338876884,617.5475635679505,2224.393837531699,2328.4398129836786,2320.7670914770906,2559.937025277883,2462.438051476268,434.52619538566535,359.5821074052502,1210.199217043949,120.08014602769549,1838.3314100253556,1829.1889470723065,0.9950267601895988
20260910_113835,FAST_1P_AWAY,0,17,26,FAST,AWAY,1,P03,LAB01,0,1.0,419.66138472971284,76.28346934370313,471.8360434160507,85.76889499690505,525.6469640966916,550.283586858272,698.2631395213087,698.2631395213087,902.1282034465742,991.5095659263562,1669.7695989382999,154.3445317191112,443.61464564170865,426.53821109998074,0.9615061524467343
20260910_113835,FAST_1P_AWAY,1,42,51,FAST,AWAY,1,P03,LAB01,0,1.0,-190.25122164739992,-96.93088692382423,-192.01357211702134,-140.66424357525912,406.37055492713364,353.3061020459088,510.0541697495864,510.0541697495864,547.7939393845828,0.0,2908.5610379777117,73.82799666838022,332.33161744873644,213.52078160724142,0.6424931315485741
20260910_113835,FAST_1P_AWAY,2,57,66,FAST,AWAY,1,P03,LAB01,0,0.8,632.441933439533,911.7530667646507,716.1629661534469,1016.0408464494692,1264.8661586151427,1451.5202757482332,2266.3160522656203,2207.2200860142293,2417.339840505994,1959.9618013084014,6243.848987357033,828.0191403434588,1114.9878623041964,1109.6289712906203,0.9951937673989548
20260910_113835,FAST_1P_AWAY,3,62,71,FAST,AWAY,1,P03,LAB01,0,1.0,968.9705214976764,1525.2422804432022,1180.8161417852962,1849.6223226972402,2191.45335821774,2297.2025775428797,2392.9669172990248,2392.9669172990248,1258.5408227581488,715.5384361961976,4024.595035975328,245.358432154454,1807.5987010175816,1807.0052256656754,0.9996716774848465
20260910_113835,FAST_1P_AWAY,4,67,76,FAST,AWAY,1,P03,LAB01,0,1.0,762.8319890120115,1644.9925059476866,979.633499694172,2047.2534051744049,2302.9838257610327,2345.2141348234754,2392.9669172990248,2392.9669172990248,413.37541938811256,365.31401340534865,1052.2383651918797,93.0590090127122,1843.401476045138,1813.2603199993296,0.9836491635503766
20260910_113835,FAST_1P_AWAY,5,72,81,FAST,AWAY,1,P03,LAB01,0,1.0,-4.517300407425978,1633.0736920346362,124.54587838333289,2033.896350483185,2147.351837176255,2146.8556885177723,2368.948316875065,2284.8325924092987,458.8412257633855,379.47632237247893,1052.2383651918797,110.29209344354693,1699.641377752376,1633.079939751453,0.9608379515395509
20260910_113844,FAST_1P_AWAY,0,17,26,FAST,AWAY,1,P03,LAB01,0,1.0,-460.81413682904684,-1199.462568741582,-517.8155868677952,-1348.133623833804,1549.9635107634217,1663.2642981678996,1891.838282967849,1891.838282967849,1482.4539845664824,1320.5185904181421,2856.4075157255206,360.20188425857276,1286.8952019594578,1284.9358437344852,0.9984774531585872
20260910_113844,FAST_1P_AWAY,1,22,31,FAST,AWAY,1,P03,LAB01,0,1.0,-461.3916291580211,-1015.2263695424277,-581.7228806463095,-1308.788008389547,1448.2883258234492,1538.9602254439276,1891.838282967849,1891.838282967849,1507.0945165756289,1466.1865391712836,2670.2656669993903,414.07247107007,1130.5521060306735,1115.1532705737768,0.9863793668821145
20260910_113844,FAST_1P_AWAY,2,37,46,FAST,AWAY,1,P03,LAB01,0,0.9,622.1255608652841,24.908109460233277,721.6297285059524,36.150928370436056,702.6815123875872,740.7447572263759,1017.0089979749507,1017.0089979749507,1611.1506698392202,1306.9639713461654,4955.588928839676,273.43173979233046,623.0160125312573,622.6239855633794,0.9993707594026595
20260910_113844,FAST_1P_AWAY,3,42,51,FAST,AWAY,1,P03,LAB01,0,0.8,360.4382449594856,-10.544632910681685,518.4021588802374,-8.63315719879193,507.8363364430253,423.96683308289266,1017.0089979749507,884.459599853747,905.0307724204243,800.9721103172077,1921.7262890996558,262.59305003475987,361.5933937730922,360.59245376559835,0.9972318631237993
20260910_113844,FAST_1P_AWAY,4,52,61,FAST,AWAY,1,P03,LAB01,0,0.8,-63.76452503031447,723.7729067603976,-65.43607555293758,807.1748961233212,944.38793993782,927.2688497343038,1966.6487583908568,1787.0252793700179,1972.777916902025,2198.05804291307,4559.22618093977,629.4466164876162,809.1770876639121,726.5763106603027,0.8979200248463818
20260910_113844,FAST_1P_AWAY,5,57,66,FAST,AWAY,1,P03,LAB01,0,1.0,404.42848287747483,1529.8633746468088,415.39996967915147,1815.2926489908045,1895.1145850085238,2050.793070591607,2370.3668982695976,2370.3668982695976,1749.2170533770527,2025.608305636697,3134.9632728393467,462.13526720089516,1595.420884704797,1582.4172467615165,0.9918493996988847
20260910_113844,FAST_1P_AWAY,6,62,71,FAST,AWAY,1,P03,LAB01,0,1.0,723.8764024040707,1715.7592978008552,873.5588621935422,2133.263260044373,2310.7110798803183,2340.0484562943157,2370.3668982695976,2370.3668982695976,551.5426980497923,441.6869816050821,1894.3955017898509,69.85213184137298,1866.6418857236213,1862.2102496623586,0.9976258777352225
20260910_113844,FAST_1P_AWAY,7,67,76,FAST,AWAY,1,P03,LAB01,0,1.0,473.838364399317,1730.6540531119913,623.4362402503318,2164.461824497287,2312.851498470748,2294.5228121606406,2370.3668982695976,2346.439849805234,109.7139628906506,5.239797955977431,602.1829335863273,30.5618290032789,1842.4644998317876,1794.3484185435066,0.9738849343948424
20260910_113844,FAST_1P_AWAY,8,72,81,FAST,AWAY,1,P03,LAB01,0,1.0,-166.95466411471375,1774.38090604441,-95.08152149276336,2195.904734362645,2247.5209730728275,2272.9843494409197,2294.5228121606406,2294.5228121606406,229.87383880630995,119.16288506622607,781.0776658101689,60.888940359841904,1798.8483403492864,1782.2181290752933,0.9907550787351178
20260910_113854,FAST_1P_AWAY,0,18,27,FAST,AWAY,1,P03,LAB01,0,0.9,422.18626248267446,388.3620898729257,465.3416632759262,432.02591760894694,716.3875552784156,804.7778911086051,958.2406545076558,958.2406545076558,1192.342618402342,1145.5780894431273,3804.531628282633,257.7097988221554,626.5996271476645,573.6430537185612,0.9154857884768203
20260910_113854,FAST_1P_AWAY,1,23,32,FAST,AWAY,1,P03,LAB01,0,1.0,-35.87213345125636,429.49609607349635,51.62422019367705,534.7752106690319,700.4277344669802,736.0848696417256,958.2406545076558,958.2406545076558,755.2200534110963,771.8970579266193,2216.421720403313,207.14144387921127,548.3677236947833,430.99153878088924,0.7859535128671712
20260910_113854,FAST_1P_AWAY,2,43,52,FAST,AWAY,1,P03,LAB01,0,0.7,631.6166529221423,-558.6055554922418,713.3209566394426,-631.0515889721377,924.4502691912021,1117.1284995433707,1562.3002907180366,1562.3002907180366,2243.7915971500533,756.0832897416865,7243.143749003324,619.1966802044138,851.1144154384566,843.1961591915407,0.9906966018865551
20260910_113854,FAST_1P_AWAY,3,48,57,FAST,AWAY,1,P03,LAB01,0,1.0,149.18878466044407,-398.4986557860565,291.6180965700477,-543.6749253867199,1079.8752524754009,905.8731284506969,1562.3002907180366,1562.3002907180366,1469.5409705220716,296.4429303401364,4886.979376475684,394.7156073657184,852.7011997781767,425.50966161975015,0.4990137949031185
20260910_113854,FAST_1P_AWAY,4,53,62,FAST,AWAY,1,P03,LAB01,0,1.0,-166.17252486783426,590.9300889366336,-204.6051655895248,598.0175665786221,995.027904105159,818.4602285034016,1651.3185420294965,1502.8269749793026,1484.9823216694178,1675.63359718579,4014.4504176336154,343.1094773982006,821.3343444361105,613.8498823259713,0.7473812418588336
20260910_113854,FAST_1P_AWAY,5,58,67,FAST,AWAY,1,P03,LAB01,0,1.0,377.42293678882726,1303.8022054723594,396.54792962817385,1550.9784140251145,1625.0270765656846,1732.2371170684771,2069.981143521679,2058.61395624762,1485.0146092713674,1675.63359718579,2470.836707100731,400.6834971813381,1369.0513207357862,1357.3313023020178,0.9914393140299009
20260910_113854,FAST_1P_AWAY,6,63,72,FAST,AWAY,1,P03,LAB01,0,1.0,594.7056029591045,1526.0276200863896,730.4267254116219,1884.520092113728,2016.4742714067113,2057.978506094701,2078.727557066407,2070.8557848761516,528.3126908666675,197.63224263624383,1820.6042172294528,84.56365789649203,1638.6295147497724,1637.814107723304,0.9995023847555968
20260910_113854,FAST_1P_AWAY,7,68,77,FAST,AWAY,1,P03,LAB01,0,1.0,432.1766457623421,1527.4295269202303,564.2093342229671,1908.8162403414312,2008.1085656148146,2017.6869521959215,2078.727557066407,2070.8557848761516,175.67302141060526,98.88045549237557,664.4691540968544,57.91277149506813,1597.1610703276183,1587.3933390467994,0.993884316702751
20260910_113854,FAST_1P_AWAY,8,73,82,FAST,AWAY,1,P03,LAB01,0,1.0,189.94475479219943,1574.4009788558733,265.3174777502565,1961.8941794959392,1996.4593165329666,1997.3219498125468,2055.2185119047504,2050.4897714490394,237.65592878482434,79.00014413119874,664.4691540968544,48.529004024521825,1592.5427101513314,1585.8175973596083,0.9957771224916887
20260910_113903,FAST_1P_AWAY,0,17,26,FAST,AWAY,1,P03,LAB01,0,1.0,-468.8369431532773,-1269.2896721201075,-526.5901851671631,-1425.7192646757812,1621.223958547043,1770.134166815086,2031.9668887634152,2031.9668887634152,1403.5493901526877,1713.3876721320771,2729.219917519045,437.5512845467254,1353.2817750535135,1353.1091423148687,0.9998724340031565
20260910_113903,FAST_1P_AWAY,1,22,31,FAST,AWAY,1,P03,LAB01,0,1.0,-588.3740212919406,-1375.2073353845285,-728.6730363256413,-1718.4540082291999,1867.7646638960528,1960.032538473663,2031.9668887634152,2031.9668887634152,1074.7932250414674,1386.0662837921234,2280.661039597205,202.9146640627959,1499.3225438158483,1495.7871520462609,0.9976420071957367
20260910_113903,FAST_1P_AWAY,2,27,36,FAST,AWAY,1,P03,LAB01,0,1.0,-476.34294483985894,-870.8277878677899,-607.8581571637336,-1169.5173571729424,1336.7786889808813,1367.0927407351417,2031.5238726487637,1927.7734022944162,1854.616196872336,1672.2297007204465,5076.276724673409,486.24648854907684,1003.95603824081,992.5943971338028,0.9886831288679574
20260910_113903,FAST_1P_AWAY,3,32,41,FAST,AWAY,1,P03,LAB01,0,1.0,64.71809655674198,-254.0433199502486,1.9295799602755666,-394.0045092547921,704.7233271454177,565.5357854578178,1296.3714839729623,1156.8312464313542,1394.1597418608656,1363.5836538104304,5076.276724673409,323.41501761310974,501.8057598505303,262.15728186200005,0.5224278054123714
20260910_113903,FAST_1P_AWAY,4,37,46,FAST,AWAY,1,P03,LAB01,0,0.9,335.50423163276326,88.13692456428521,405.5077353853429,89.3990959557502,442.2563725536018,446.87211174690594,565.5357854578178,565.5357854578178,587.4336402908039,585.2993992719761,1496.424412126399,114.30566002014123,364.0298661940851,346.88788810672156,0.9529105172974346
20260910_113903,FAST_1P_AWAY,5,67,76,FAST,AWAY,1,P03,LAB01,0,0.8,550.0979703818166,958.0039106742449,619.2730594739708,1067.5924676404961,1273.324614889446,1516.7067587958759,2165.264771883047,2087.3364958346474,2234.318890155549,1371.1035275505687,6501.1076992226535,774.9180202985457,1106.9711497303506,1104.7077757874888,0.9979553451384771
20260910_113903,FAST_1P_AWAY,6,72,81,FAST,AWAY,1,P03,LAB01,0,1.0,752.6748970990549,1570.860360939366,934.5535219374082,1908.9756241318378,2129.6623513728996,2207.2162882792486,2310.661223520401,2310.661223520401,1088.7271922418763,921.386754158724,3635.5001739587155,204.8207564619864,1745.9085142201754,1741.8730649199522,0.9976886249953218
20260910_113918,FAST_1P_AWAY,0,19,28,FAST,AWAY,1,P03,LAB01,0,0.9,-591.680409884247,-146.26629141629735,-687.4315132480192,-168.6736176115456,681.373146242345,739.6672637489652,934.6426059004821,934.6426059004821,1177.0001531582388,1318.638646211979,2675.6201441176777,242.81650055772604,611.8920305967986,609.4912103102617,0.9960763988310238
20260910_113918,FAST_1P_AWAY,1,24,33,FAST,AWAY,1,P03,LAB01,0,1.0,-149.97045388348488,-104.38335191838473,-270.22275067628976,-145.41155555053015,696.465648992164,659.6901407509159,1228.95484413308,964.0738297237417,1555.2699247035528,1166.7647254823546,7943.760457890577,272.7654760822895,503.74949648406584,182.7211569461397,0.36272226219866677
20260910_113918,FAST_1P_AWAY,2,29,38,FAST,AWAY,1,P03,LAB01,0,1.0,831.1454410206996,-16.976484963697658,899.6860595856417,-37.82212277762789,1014.2577256318391,1267.1588524370495,1500.0356579815157,1500.0356579815157,1697.3493827918596,1092.7728849626462,7943.760457890577,490.7998212878672,850.7424079785449,831.3187987596672,0.9771686364324658
20260910_113918,FAST_1P_AWAY,3,34,43,FAST,AWAY,1,P03,LAB01,0,1.0,1035.3860447602808,-90.32230000988318,1326.4238679181212,-96.82984572529507,1299.0923827081192,1298.1189016544977,1500.0356579815157,1500.0356579815157,953.0161938095596,765.7602806187028,3036.7075978898956,180.1298618344674,1041.4955764672131,1039.3182282455232,0.9979094023336368
20260910_113918,FAST_1P_AWAY,4,39,48,FAST,AWAY,1,P03,LAB01,0,1.0,623.8694124116183,-106.9642361679904,829.6964997991505,-127.66072462034637,840.8925965711602,836.895075269272,1290.8749425679769,1255.4375104679114,1148.5457494661928,1152.7262859949415,2171.317910705304,345.70630927150825,633.6425380118463,632.9726625706828,0.9989428180701608
20260910_113918,FAST_1P_AWAY,5,54,63,FAST,AWAY,1,P03,LAB01,0,0.7,-395.1477136399994,338.8912353298648,-444.0415527249099,380.91418266512426,675.3293048399621,732.2779803744538,1470.8996742396573,1284.8744134077072,1600.0421812476238,1480.178935154212,4103.70335624337,482.8521199648133,596.9016644889614,520.5660236495662,0.8721135400003448
20260910_113918,FAST_1P_AWAY,6,59,68,FAST,AWAY,1,P03,LAB01,0,1.0,-177.9023018876676,1169.7590832622911,-277.3495687830149,1332.0430930629534,1495.1305979954657,1579.5327899501956,2092.846934652088,2011.6069027300314,1600.330052848006,1327.4440532185367,3324.2020981560627,453.95538412304217,1259.6798043081437,1183.2098469382202,0.9392941308510353
20260910_113918,FAST_1P_AWAY,7,64,73,FAST,AWAY,1,P03,LAB01,0,1.0,224.13853332038207,1639.658451344283,228.8567628209927,2010.864400353516,2028.8877476230052,2110.1635073803163,2168.2872496950845,2168.2872496950845,783.9178202146361,732.9035831875276,2443.554799256323,166.19977313352373,1658.1659365686887,1654.9072237390667,0.9980347486594946
20260910_113918,FAST_1P_AWAY,8,69,78,FAST,AWAY,1,P03,LAB01,0,1.0,251.18437982878902,1669.036830429679,316.729175947953,2085.0546412218946,2108.3224772580347,2121.5693404762205,2168.2872496950845,2168.2872496950845,291.8837527997635,240.40203867376803,976.0177898388501,66.91717144050129,1690.8096174760935,1687.8321995982665,0.9982390578767398
20260910_113918,FAST_1P_AWAY,9,74,83,FAST,AWAY,1,P03,LAB01,0,1.0,-1.9667987688217181,1587.8024380877273,30.96337528910131,1993.4094842775855,2010.2314420710295,1983.5531489219202,2115.6586008438967,2113.71119319895,257.3528835379003,93.92446496127397,976.0177898388501,63.21075567048463,1600.5877987889844,1587.8036562165764,0.9920128451672063
20260910_113929,FAST_1P_AWAY,0,19,28,FAST,AWAY,1,P03,LAB01,0,0.9,11.582404480029709,570.1277008980865,-9.257555283041347,645.0732541969298,700.0723186368181,803.755630886594,832.5441607332647,832.5441607332647,777.622930941072,479.04438674084804,2522.205380212248,200.34791084076667,607.8979400343525,570.2453396783502,0.9380609837995594
20260910_113929,FAST_1P_AWAY,1,24,33,FAST,AWAY,1,P03,LAB01,0,1.0,182.55779990831365,448.7831929529855,201.29164376748932,595.0412540747333,663.5106113986909,760.2355023033963,832.5441607332647,832.5441607332647,624.1512175769326,165.57381156673102,3463.697926785738,213.4521153326137,530.8228387780774,484.4932451380932,0.9127211750220993
20260910_113929,FAST_1P_AWAY,2,44,53,FAST,AWAY,1,P03,LAB01,0,0.9,-151.81370193343355,-306.2383590844104,-187.6845655016833,-361.9834817853929,428.71233509524546,459.6237853872328,486.31258694857036,486.31258694857036,351.22998178387144,200.31596496182914,1105.5549254150837,75.55581714629066,362.9690342918988,341.8030612347492,0.941686559850921
20260910_113929,FAST_1P_AWAY,3,54,63,FAST,AWAY,1,P03,LAB01,0,1.0,537.6227097956752,911.7459450681768,606.5240439848772,984.6100290472754,1309.134530122778,1320.2915618308484,2415.5576238113904,2279.3287125171896,2372.4862490789565,2410.7659997779447,5105.005997251146,774.3683818562988,1093.5697233885976,1058.4511544876823,0.9678863010288041
20260910_113929,FAST_1P_AWAY,4,59,68,FAST,AWAY,1,P03,LAB01,0,1.0,830.5821671213017,1675.1035069319369,1009.0757362670854,2013.4464897781763,2249.628383923421,2439.8675049136405,2483.6117270860386,2483.6117270860386,1549.8357009070637,1234.7060798095276,4421.953649522547,320.1033246378622,1874.8363604327112,1869.716153664933,0.9972689847093661
20260910_113929,FAST_1P_AWAY,5,64,73,FAST,AWAY,1,P03,LAB01,0,1.0,544.1954517428029,1868.1250019997751,738.0060927145265,2313.2856745570107,2454.4722118775185,2453.0659121828494,2483.6117270860386,2483.6117270860386,162.07808786085687,85.40768296547273,766.7635995115577,23.744326115285087,1967.5703331281368,1945.7748360985177,0.9889226338379642
20260910_113929,FAST_1P_AWAY,6,69,78,FAST,AWAY,1,P03,LAB01,0,1.0,-68.33220973001869,1931.5799201148448,-7.578294287192148,2404.6805349048273,2453.422700470903,2444.1868130176053,2500.629364661578,2500.629364661578,171.5208598337197,147.9209234963436,419.17860135727454,26.887309306961228,1967.1369568660523,1932.7882136119977,0.9825387128566903
20260910_113946,FAST_1P_AWAY,0,51,60,FAST,AWAY,1,P01,LAB01,0,0.9,130.786509366137,314.34179744574635,134.550537742116,333.1688866948974,673.96954957511,297.03083504744825,1785.261518432709,1506.5051519234225,1769.0119711630134,488.3733448216595,5030.470680643563,544.2529630287796,571.3675887034102,340.46420759545526,0.5958759550363399
20260910_113946,FAST_1P_AWAY,1,56,65,FAST,AWAY,1,P01,LAB01,0,1.0,615.5422860694003,1292.7199790621946,693.7412377131915,1463.6237162459952,1640.2223066880954,1887.7089655915315,2359.823853867536,2339.118048324692,2316.9304949365446,2090.2134629987386,5030.470680643563,697.9575389506792,1433.0921261404487,1431.7881303482386,0.9990900823691482
20260910_113946,FAST_1P_AWAY,2,61,70,FAST,AWAY,1,P01,LAB01,0,1.0,896.4215596942392,1671.8171803706055,1102.8355335429487,2055.100457420144,2331.329309310727,2382.3631069937237,2455.779380744055,2455.779380744055,753.4366376329648,523.4132393172235,2296.0240961647346,148.92810495317346,1899.038997910278,1896.9829459610264,0.9989173197856841
20260910_113946,FAST_1P_AWAY,3,66,75,FAST,AWAY,1,P01,LAB01,0,1.0,1129.8661113011103,1603.866871359795,1384.4120282184576,2013.649061328269,2450.3905991277898,2435.275175466053,2694.113142934116,2479.6127569630607,524.804848711975,176.532863687375,3420.3134084506105,85.99227362798636,1970.1418558474388,1961.883373320685,0.9958081787348244
20260910_113946,FAST_1P_AWAY,4,71,80,FAST,AWAY,1,P01,LAB01,0,1.0,1292.183750957288,1358.9422557086855,1580.3795147136548,1732.5606117578384,2313.2877904210195,2389.000665019868,2694.113142934116,2694.113142934116,1797.0192033969513,374.6503148590618,5783.645840669485,379.6310393015987,1879.0367030804405,1875.2234268450939,0.9979706217398014
20260910_113946,FAST_1P_AWAY,5,76,85,FAST,AWAY,1,P01,LAB01,0,1.0,1021.9565145138076,673.1964902965146,1365.5622360919476,975.7424674870979,1687.5974072390018,1344.6274315927735,2694.113142934116,2694.113142934116,1683.5094018757743,137.65415252291785,5783.645840669485,591.8044401031399,1262.0345669451087,1223.7600386124543,0.9696723613321447
20260910_114000,FAST_1P_AWAY,0,17,26,FAST,AWAY,1,P01,LAB01,1,1.0,-380.1738000735801,-555.2443450955761,-427.35466955580443,-624.1983869107679,828.1807313133498,889.7244032143485,1046.939268878767,1046.939268878767,1218.286718743348,1302.79700804386,2594.2364687352797,207.67770094282108,673.8792801124691,672.9252566392508,0.998584281337365
20260910_114012,FAST_1P_AWAY,0,63,72,FAST,AWAY,1,P01,LAB01,0,1.0,687.1127178592244,1316.7007705878937,785.4811644921605,1506.87720539683,1699.673065146822,1934.9909768569178,2376.4207017568187,2328.53548814974,2579.91762178943,2066.374759593532,6549.945859661771,647.9584790316965,1485.5148381130791,1485.2019412560176,0.9997893680702248
20260910_114012,FAST_1P_AWAY,1,68,77,FAST,AWAY,1,P01,LAB01,0,1.0,876.1252951100329,1640.014482254341,1081.1989274558578,2019.0401975223187,2291.3215637594076,2372.5531512318576,2376.4207017568187,2376.4207017568187,585.1841822135041,312.5227252045379,1661.8446099450714,127.93156178376442,1860.7209025780717,1859.366299236279,0.9992720007928563
20260910_114012,FAST_1P_AWAY,2,73,82,FAST,AWAY,1,P01,LAB01,0,1.0,1061.689522561653,1480.592850362394,1301.9702255630548,1876.3005302303486,2303.5032048514518,2357.909069437924,2376.4207017568187,2376.4207017568187,231.3743690176233,25.72248358436614,814.7908240364367,85.66508892427639,1833.5828195007362,1821.9055493799422,0.9936314465882847
20260910_114026,FAST_1P_AWAY,0,31,40,FAST,AWAY,1,P01,LAB01,0,0.8,197.81654673007966,112.99544857781257,234.6976408889494,136.1332284668784,348.87089477639284,306.1998507219249,500.69377682961687,500.69377682961687,727.3223293450283,231.17130913295279,3182.999890909389,124.45599923389194,309.379518498614,227.81430499315638,0.7363587159832526
20260910_114026,FAST_1P_AWAY,1,41,50,FAST,AWAY,1,P01,LAB01,0,1.0,208.28294299152623,-84.98000694430925,197.039683716424,-85.64754824242783,532.9615437061004,583.2404509635401,718.1192252791743,718.1192252791743,423.0367584767963,5.519781923608445,2005.306643761825,165.71146846828185,420.7241143334137,224.95196358659823,0.5346780845757019
20260910_114026,FAST_1P_AWAY,2,46,55,FAST,AWAY,1,P01,LAB01,0,1.0,-167.84475070245225,-330.7552880369916,-117.61500135085802,-362.98682931116366,767.1598649100157,732.9072620831698,910.9105119602873,910.9105119602873,621.2575305038945,10.211713238247729,2168.191892317775,99.88195770528759,632.1169844784882,370.90554175261605,0.5867672453993972
20260910_114026,FAST_1P_AWAY,3,51,60,FAST,AWAY,1,P01,LAB01,0,1.0,-238.3915215695517,313.6070355746506,-326.0706689062114,268.75402776856623,943.5615730584374,910.9105119602873,1461.244291857468,1266.6334436418429,1202.7448215060708,1013.7140038856485,2881.7070170774164,226.04486925396213,746.2589121864224,393.92878838460916,0.527871469206926
20260910_114026,FAST_1P_AWAY,4,56,65,FAST,AWAY,1,P01,LAB01,0,1.0,288.8250705568364,1156.964212206131,283.7894776542638,1345.5995772688768,1428.1949847892834,1506.8955513324393,2022.0159200122737,1959.7737603559358,1432.4960241053427,1382.4787482010825,2881.7070170774164,449.9521560929207,1204.5930195198148,1192.4705907098569,0.9899364942237584
20260910_114026,FAST_1P_AWAY,5,61,70,FAST,AWAY,1,P01,LAB01,0,1.0,681.0217971632061,1463.4603603883281,802.1437622081999,1795.4718987081462,1983.413855066415,2067.73485065577,2175.1470842344056,2162.2239781274093,801.911600371601,898.1179970067701,1734.8724634570347,207.91050246320654,1624.1772260513762,1614.1582681507218,0.9938313641270466
20260910_114026,FAST_1P_AWAY,6,66,75,FAST,AWAY,1,P01,LAB01,0,1.0,1049.662730979412,1387.64248080927,1280.6665867535737,1745.6121876123718,2176.785626230655,2176.7835837352404,2229.1377749283365,2216.4630686208866,233.02406640075364,133.6436137231683,1029.0335286298687,32.00311971438647,1752.3736802945778,1739.9262925059963,0.9928968416219941
20260910_114026,FAST_1P_AWAY,7,71,80,FAST,AWAY,1,P01,LAB01,0,1.0,1389.830156366731,1082.5722845709743,1688.8205737768724,1392.728234929169,2213.500538187406,2222.0962714241978,2234.2038134176955,2234.2038134176955,104.67727750183424,57.00353113855095,325.5750985769751,20.43804110973567,1782.5062858411354,1761.7010571795631,0.9883281036219433
20260910_114036,FAST_1P_AWAY,0,17,26,FAST,AWAY,1,P01,LAB01,0,1.0,256.5057094660156,-681.6023173132304,288.40374098544874,-765.9353496426222,1050.0634482332493,1118.309763366091,1283.1777913624135,1283.1777913624135,1171.8759897838404,1100.3391034382757,4099.059094410214,220.02708121900292,835.2556320671131,728.2697975032534,0.8719124655297584
20260910_114036,FAST_1P_AWAY,1,22,31,FAST,AWAY,1,P01,LAB01,0,1.0,-129.72422487976084,-183.70642881318167,-88.55450745748833,-307.25061115370914,1117.6281483977805,1153.0780993534274,1283.1777913624135,1283.1777913624135,820.5901874295926,22.294104157735127,4099.059094410214,143.51015058761158,825.585551374133,224.8920330023884,0.272403063047882
20260910_114036,FAST_1P_AWAY,2,27,36,FAST,AWAY,1,P01,LAB01,0,1.0,-546.0426448838379,357.31480935208356,-660.5048372212547,382.14382797121476,972.5591201738731,1005.5070760047727,1153.0780993534274,1153.0780993534274,709.0862806893272,92.51143434122048,3768.795748395961,161.94580491088254,765.4925721660645,652.5614476921334,0.8524726057701941
20260910_114036,FAST_1P_AWAY,3,32,41,FAST,AWAY,1,P01,LAB01,0,1.0,164.78869320410786,395.2642226589885,79.74319674768584,494.834242784885,795.7961331216344,759.4502296979035,1109.4328079984675,1094.6774192439116,683.7406841628354,117.82459121163112,3768.795748395961,166.18149255213683,593.5572535584571,428.239558100524,0.7214797823346765
20260910_114036,FAST_1P_AWAY,4,37,46,FAST,AWAY,1,P01,LAB01,0,1.0,406.8321672705727,106.90826000741379,505.144774610467,187.61752574641972,594.762941411381,599.3946067129691,761.7074545223518,761.7074545223518,669.2392516997788,84.71091773210085,2785.030391718406,137.54594413764684,450.5151053472135,420.6444916837543,0.9336967544286051
20260910_114036,FAST_1P_AWAY,5,42,51,FAST,AWAY,1,P01,LAB01,0,1.0,599.0498340257477,-237.4027235678334,726.6527822233955,-258.2808882523322,794.010637687649,845.5303391779952,1120.3380111075305,1120.3380111075305,973.5741533425684,226.4380961372499,4029.820694805654,310.42761905680436,651.7392668886793,644.376254065667,0.9887025177136214
20260910_114036,FAST_1P_AWAY,6,47,56,FAST,AWAY,1,P01,LAB01,0,1.0,599.9143450077881,-409.42266170052244,768.1343890282687,-500.1774904515704,934.1777147987146,993.2644337977015,1120.3380111075305,1120.3380111075305,1035.4796989722122,1073.692776856661,4029.820694805654,183.627155956095,739.3639087745162,726.3085689017196,0.9823424707131897
20260910_114036,FAST_1P_AWAY,7,52,61,FAST,AWAY,1,P01,LAB01,0,1.0,-808.3163462809448,-304.45022635336636,-832.1256696204331,-400.4443442424925,1183.4630994157164,905.3302232408798,2017.7411310026855,2017.7411310026855,2873.3095644918335,1101.581274294746,15316.710025983804,573.4658752233211,1300.7412118682932,863.7506908776353,0.6640449944974101
20260910_114036,FAST_1P_AWAY,8,57,66,FAST,AWAY,1,P01,LAB01,0,1.0,-948.9149144249034,429.8394440958059,-1038.9100462008169,442.2549737024439,1528.5260703732406,1483.721085146678,2017.7411310026855,2017.7411310026855,3011.500528798486,270.1516877717513,15316.710025983804,429.6590541797601,1577.1544809684049,1041.7300334149022,0.6605123632374039
20260910_114036,FAST_1P_AWAY,9,62,71,FAST,AWAY,1,P01,LAB01,0,1.0,539.0700408370107,1323.4038855364577,540.2694076475724,1517.0553386863644,1786.8415427866444,1894.0460649296042,2204.360906912966,2179.1185894012597,1059.1238069222031,615.1904053977299,3887.309534653771,367.6513635998435,1446.3117965991382,1428.9836784165905,0.988019099185049
20260910_114036,FAST_1P_AWAY,10,67,76,FAST,AWAY,1,P01,LAB01,0,1.0,868.266000210155,1538.6478993351527,1055.7681920539267,1910.1565416472615,2180.964879078624,2220.0438094929414,2256.549744040317,2255.147541788016,511.54088317599434,291.2662202754883,1602.447608936083,91.94832818400776,1767.888601358232,1766.7266922898457,0.9993427702019835
20260910_114036,FAST_1P_AWAY,11,72,81,FAST,AWAY,1,P01,LAB01,0,1.0,1023.891063442509,1455.185919839952,1260.002094926182,1833.7481030312513,2229.092707844271,2235.4354541657717,2256.549744040317,2255.147541788016,153.88761746843437,112.38666546931047,570.8291669931832,27.977247571734793,1785.3120272623025,1779.302945284439,0.9966341558864205
20260910_114047,FAST_1P_AWAY,0,17,26,FAST,AWAY,1,P01,LAB01,0,1.0,-478.39039544641406,-865.8912999118868,-537.3801628739271,-972.6266030514216,1188.6573037005458,1349.2514158476065,1478.3760380234758,1478.3760380234758,1142.666990023236,1133.3958743618002,2322.9762849901163,325.93967804608104,996.0321943131421,989.2548274931356,0.993195634780982
20260910_114047,FAST_1P_AWAY,1,22,31,FAST,AWAY,1,P01,LAB01,0,1.0,-294.61835815515167,-946.0867666931827,-413.94596426336494,-1178.977456311896,1264.0405689225427,1350.5869137073778,1478.3760380234758,1478.3760380234758,971.8582364508108,1039.413404221189,2401.53523241198,225.21610087366946,1001.1683970211473,990.8986563085035,0.9897422444184214
20260910_114047,FAST_1P_AWAY,2,27,36,FAST,AWAY,1,P01,LAB01,0,1.0,-105.79656470453153,-503.00104558306634,-156.87525436093617,-690.3344388809543,758.7976819872391,700.9865265771198,1303.470558829123,1200.6640361787156,1153.2131493720476,1119.123495139719,2401.53523241198,347.7082371662319,524.3325616046,514.0067752091777,0.9803067992500359
20260910_114047,FAST_1P_AWAY,3,32,41,FAST,AWAY,1,P01,LAB01,0,1.0,461.23354971911255,12.65396649447689,502.4800072960905,-45.01951897302547,765.1517098188267,559.4254501311915,1265.645315829121,1265.645315829121,1473.607109059434,1270.7211426103372,7144.196017647641,391.55378227015075,627.0455884445779,461.4070981839534,0.7358429860394997
20260910_114047,FAST_1P_AWAY,4,37,46,FAST,AWAY,1,P01,LAB01,0,1.0,596.1287260549558,524.2520934942605,720.5328835232474,584.2414045653703,1063.3316247261057,1100.2680470052921,1265.645315829121,1265.645315829121,1414.1853500123632,1156.9880077343898,7144.196017647641,219.4009786868539,936.2361203241397,793.8574907129234,0.847924442861783
20260910_114047,FAST_1P_AWAY,5,42,51,FAST,AWAY,1,P01,LAB01,0,1.0,317.67556127597584,556.0780654843015,442.00216144516406,706.0236207963925,940.4215431049731,904.4916261294125,1177.8035528242094,1068.426565879311,627.9412265477181,570.0449193339477,1365.7202873972433,119.38157999755572,725.5110860855012,640.4221866431311,0.8827186778061963
20260910_114047,FAST_1P_AWAY,6,47,56,FAST,AWAY,1,P01,LAB01,0,1.0,556.6932103665127,142.09429786495707,630.7079903764919,240.26284792822986,859.8913104825439,853.3422703167757,909.665582733349,909.665582733349,279.71793263691114,0.0,1024.0725795847195,40.23985078183649,628.9112729426434,574.5416607643954,0.9135496301030581
20260910_114047,FAST_1P_AWAY,7,52,61,FAST,AWAY,1,P01,LAB01,0,1.0,-282.9078727635582,-272.52409089463345,-224.8186378830625,-291.435027337754,1064.8937495654347,949.2929676544546,1385.1608492920586,1385.1608492920586,1104.4851019476646,0.0,4436.289400977365,223.51122556741794,836.5783326115903,392.8183353530587,0.4695535612627896
20260910_114047,FAST_1P_AWAY,8,57,66,FAST,AWAY,1,P01,LAB01,0,1.0,-421.8865305631249,380.05501209983095,-556.6323175762482,350.0955798221845,1330.230642343553,1367.2435452731888,1997.0303059072307,1737.3797172877069,2173.5480507191573,2987.7723551913914,4436.289400977365,314.43184492587625,1094.949850192288,567.8292497686194,0.5185892757270124
20260910_114047,FAST_1P_AWAY,9,62,71,FAST,AWAY,1,P01,LAB01,0,1.0,484.34688075238296,1539.53748081487,488.3387353096914,1783.621827247107,1938.808942633295,2117.6226535345795,2602.5165447971376,2592.497329689445,1813.2863052540736,1523.021469821798,4054.6067937040225,609.5553549439013,1637.0508359699081,1613.9292288475226,0.9858760604042656
20260910_114047,FAST_1P_AWAY,10,67,76,FAST,AWAY,1,P01,LAB01,0,1.0,1042.5092126234983,1757.667301520061,1251.9923136028476,2185.366270270225,2543.744448087356,2588.8026709431033,2636.5464806997143,2636.5464806997143,775.6974416037394,473.87887966404037,2706.6862901309896,121.00466013624207,2063.201335669383,2043.580143091452,0.9904899283270554
20260910_114047,FAST_1P_AWAY,11,72,81,FAST,AWAY,1,P01,LAB01,0,1.0,1497.6615800258176,1629.6092901197771,1807.8008076663955,2063.2528775228993,2743.273712718417,2636.5464806997143,2954.1035167194805,2954.1035167194805,507.94360922606757,0.0,3547.90711539026,163.32463245248076,2218.5425395336297,2213.281872408056,0.9976287733807983
20260910_114059,FAST_1P_AWAY,0,51,60,FAST,AWAY,1,P01,LAB01,0,0.7,462.9628922424015,851.4209536188836,508.5404124946964,938.8489594513594,1166.6844962294222,1186.3830850816978,2347.4049992466257,2179.082352893614,2428.68873727351,2715.895341680276,5343.757505863066,800.099537749051,997.1633607480658,969.1502875481896,0.9719072377680815
20260910_114059,FAST_1P_AWAY,1,56,65,FAST,AWAY,1,P01,LAB01,0,1.0,1002.5551453591744,1537.898174728755,1196.3456087227257,1849.7334900560897,2207.366782442048,2394.039310845177,2563.2697629161576,2550.424888141226,1770.8398789168307,1577.3283936996272,4451.763921845878,392.5641839665337,1839.6038405769102,1835.8234161596783,0.9979449790580747
20260910_114059,FAST_1P_AWAY,2,61,70,FAST,AWAY,1,P01,LAB01,0,1.0,1385.4467151830763,1479.8399312467384,1693.1758928049912,1866.6933580652135,2536.387489852681,2556.133721374529,2574.0885383619275,2574.0885383619275,336.95920991627656,203.36001757022547,1044.406382731854,42.28133892689591,2044.6658314202364,2027.1627519081758,0.9914396380850641
20260910_114059,FAST_1P_AWAY,3,66,75,FAST,AWAY,1,P01,LAB01,0,1.0,1541.084537881397,1037.4322967476237,1900.69306415214,1359.1835866048818,2351.648727027742,2429.09807485308,2574.0885383619275,2574.0885383619275,797.8495075901981,890.447940226557,1922.658421205067,239.443832719718,1869.9298594503261,1857.742534161332,0.9934824692876039
20260910_114059,FAST_1P_AWAY,4,71,80,FAST,AWAY,1,P01,LAB01,0,1.0,1192.573302601124,639.6820427363486,1537.076878559764,847.1658955623814,1758.541660626693,1786.4375295200434,2357.570417918699,2280.7781406583895,1614.3715888290217,1666.9199578288963,1988.040970246082,435.32095641408915,1355.727558195745,1353.301222151336,0.9982103070563544
20260910_114111,FAST_1P_AWAY,0,56,65,FAST,AWAY,1,P01,LAB01,0,0.9,-256.8495030648751,1679.9966522010222,-291.7003502429546,1884.9284017534876,2081.8488414453236,2232.491250681723,2583.2494388535783,2510.7769876645875,2898.5872071952294,119.34012633163648,24563.183493879653,688.5633342978257,2087.5351733252046,1699.5177017705098,0.8141264987949269
20260910_114111,FAST_1P_AWAY,1,61,70,FAST,AWAY,1,P01,LAB01,0,1.0,1260.6221192057915,1525.4131253080232,1445.3688665575319,1927.1324446728042,2503.9290548659314,2603.365196486173,2641.8178577428675,2641.8178577428675,495.17765854787046,158.12058492749043,1718.8660979924437,170.030898569181,2034.6825741744756,1978.9020517177933,0.9725851475976227
20260910_114111,FAST_1P_AWAY,2,66,75,FAST,AWAY,1,P01,LAB01,0,1.0,1674.8244960957113,1118.0410698546848,2051.6070825411875,1457.4997867402892,2528.96704179888,2604.038242483587,2641.8178577428675,2641.8178577428675,575.3797155398139,491.8238245842637,1799.8822601188526,146.41516325098792,2020.4047196589627,2013.716198128242,0.9966895140039815
20260910_114111,FAST_1P_AWAY,3,71,80,FAST,AWAY,1,P01,LAB01,0,1.0,1358.2371067590202,857.7595659217368,1742.4186586666688,1105.864167307153,2068.386410994218,2112.443374838343,2584.595530848406,2533.876408528877,1402.7498447031435,1713.1015760501664,1888.7492044260716,401.9682750946432,1610.526887815248,1606.4119991793389,0.9974450046956427
20260910_114111,FAST_1P_AWAY,4,76,85,FAST,AWAY,1,P01,LAB01,0,1.0,759.3703568999617,640.6619917218068,1028.5903740335752,823.7268176499012,1341.0887645990372,1298.9872673828618,2036.6566324999176,1898.4965509495664,1574.3050090767479,1713.1015760501664,1901.1473756618154,422.5368824349794,996.255160019988,993.5245978712996,0.9972591738961396
20260910_114124,FAST_1P_AWAY,0,44,53,FAST,AWAY,1,P01,LAB01,0,0.9,406.28466804780345,-621.128973169898,479.7942349550819,-703.3979700916608,962.5559062960461,951.5176045840677,1411.3205966582316,1411.3205966582316,1895.7693114629278,705.3185883198878,7521.798678477305,410.6876576326456,909.1297914642319,742.2051150469159,0.8163907090224495
20260910_114124,FAST_1P_AWAY,1,49,58,FAST,AWAY,1,P01,LAB01,0,1.0,-164.4885477332896,-202.59628432349098,-38.146790077207115,-343.41930522168263,955.1864401866067,948.5230802957983,1411.3205966582316,1268.3083322003697,1111.8801486431535,541.7081042730074,3372.7745918484543,218.1514352637437,677.4412752371611,260.96309462659946,0.3852187697527591
20260910_114124,FAST_1P_AWAY,2,54,63,FAST,AWAY,1,P01,LAB01,0,1.0,275.2248273895199,944.0543390014619,242.29944011452744,1007.631287909309,1362.7360979214961,1162.944684130609,2493.2697229539144,2304.8912022578975,2245.050849955651,2707.860230509311,3998.888393134329,641.0103378692412,1089.8137418916576,983.3551243569528,0.9023148512057502
20260910_114124,FAST_1P_AWAY,3,59,68,FAST,AWAY,1,P01,LAB01,0,1.0,803.3014521362303,1758.603046778397,927.7377054402143,2104.9162372885667,2299.8250198965393,2562.9755108333793,2715.0428347427746,2715.0428347427746,1904.0325469458317,1958.4725320533184,3998.888393134329,492.09114390208566,1938.3106478357356,1933.3850881659444,0.9974588388732781
20260910_114124,FAST_1P_AWAY,4,64,73,FAST,AWAY,1,P01,LAB01,0,1.0,746.7468331462555,1986.280044389841,967.1613840946948,2461.7910278946047,2641.629912415342,2650.410567534288,2715.0428347427746,2715.0428347427746,454.0764011360243,270.5529496617333,1574.4181207811503,62.75399900151205,2125.134985254834,2122.0130177629144,0.9985309321461547
20260910_114124,FAST_1P_AWAY,5,69,78,FAST,AWAY,1,P01,LAB01,0,1.0,637.2746249748038,1980.8505004755116,808.7184575437169,2480.6941336824543,2608.635404126772,2590.9678902186206,2715.0428347427746,2660.319832994792,340.4448916962915,281.37630279078843,1378.8705705280888,49.89069952268073,2081.1808671623667,2080.838209201009,0.9998353540690459
20260910_114137,FAST_1P_AWAY,0,53,62,FAST,AWAY,1,P01,LAB01,0,0.9,137.50097585953176,-219.03569226837863,170.1657030464621,-258.9828973656361,331.45943700960345,357.0849198172112,371.15185539452654,371.15185539452654,375.33158682936664,270.91294983051495,1078.2399600432525,51.03958646479296,287.36974646525516,258.61777365411564,0.8999478088253948
20260910_114137,FAST_1P_AWAY,1,63,72,FAST,AWAY,1,P01,LAB01,0,1.0,421.0081536200824,888.5120353694232,462.4802094050764,970.9327142342829,1177.8718738649582,1186.5763449594835,2220.407685405867,2075.773220901521,2154.616805882987,2101.942576325422,4367.179338738734,726.5556216512324,1002.3772850792967,983.209795725666,0.9808779691649593
20260910_114137,FAST_1P_AWAY,2,68,77,FAST,AWAY,1,P01,LAB01,0,1.0,1015.4849957443942,1480.0188144213812,1206.5381544007007,1785.4411446586219,2169.668648765605,2278.9878251841296,2559.020197512054,2555.9351586385465,1761.2899727689437,1671.449615984473,4367.179338738734,387.7872052644221,1807.3568093862748,1794.8998489117052,0.9931076362952374
20260910_114137,FAST_1P_AWAY,3,73,82,FAST,AWAY,1,P01,LAB01,0,1.0,1463.2294164140385,1459.1858498946744,1766.497049779408,1839.0221608948061,2563.8413488641813,2582.7939124413483,2650.673704596604,2650.673704596604,533.0613378715123,294.9582624425862,1533.7291441544587,93.64375805443876,2074.131155155038,2066.461630321795,0.996302295149378
20260910_114148,FAST_1P_AWAY,0,17,26,FAST,AWAY,1,P01,LAB01,0,1.0,-267.79484882970314,-416.3163408358964,-300.90357389956426,-467.878753026965,609.3396614561568,669.0705167916749,765.868694626398,765.868694626398,932.510477906217,753.6450655470032,2488.4724173200484,160.38420987301436,498.1992984808643,495.0084612475971,0.993595259481503
20260910_114148,FAST_1P_AWAY,1,27,36,FAST,AWAY,1,P01,LAB01,0,1.0,458.2604523750615,271.4121304804328,518.0010620140108,294.0568773593798,661.0573024636676,703.2720446542097,815.9426371924521,815.9426371924521,775.1723585860038,0.0,5971.2418382330325,195.91165146667285,600.9405134128302,532.6041558070341,0.8862843225235326
20260910_114148,FAST_1P_AWAY,2,32,41,FAST,AWAY,1,P01,LAB01,0,1.0,441.8279391074043,-66.07190088672758,543.3565994857476,-8.043607129375335,679.9636820762955,687.9875738263762,811.4366136248979,727.8445252963287,336.85235986007933,25.362900156219595,1385.5111088498475,68.84821540762647,559.3353274606504,446.7408911916187,0.7986995801244955
20260910_114148,FAST_1P_AWAY,3,42,51,FAST,AWAY,1,P01,LAB01,0,1.0,-501.9946271443164,-200.95658773522757,-580.9414403287908,-196.89848190992868,692.4344147118007,672.7351912732599,894.5717041910051,894.5717041910051,1009.4813723298892,854.2038866951128,3147.55405163756,187.66088585442185,583.8505246029545,540.7237333758778,0.9261338486311974
20260910_114148,FAST_1P_AWAY,4,52,61,FAST,AWAY,1,P01,LAB01,0,0.7,442.96823835796505,1044.5829700480679,493.1736273563204,1169.4920704101605,1301.2394569270523,1448.7529406390943,2497.2046078859175,2416.7221293623834,2832.2749656365336,2365.9986110110704,8056.714148380329,943.2260905225977,1136.0270116579215,1134.6252427600937,0.9987660778454712
20260910_114148,FAST_1P_AWAY,5,57,66,FAST,AWAY,1,P01,LAB01,0,1.0,794.3450462889514,1789.1064158431432,952.6698213783735,2167.4086209826683,2365.9839258349484,2510.0744328860264,2576.6880585556,2576.6880585556,1530.0649450760898,695.7384995318962,5261.108198481635,284.7110530430913,1957.809801915179,1957.5203242303498,0.9998521420801214
20260910_114148,FAST_1P_AWAY,6,62,71,FAST,AWAY,1,P01,LAB01,0,1.0,739.2240919599262,1865.979932955515,933.5184480670634,2327.6699893510654,2505.126876453932,2550.8591032121662,2576.6880585556,2576.6880585556,418.5698520158403,324.49095126161546,1124.3405163603318,94.02355233505774,2008.9475355566542,2007.070842876914,0.9990658329067711
20260910_114148,FAST_1P_AWAY,7,67,76,FAST,AWAY,1,P01,LAB01,0,1.0,485.02953555502404,1685.2130860146417,640.7854260314832,2135.5614041144026,2242.2646465183607,2244.131670464885,2576.6880585556,2547.8560029948735,808.2522529226361,907.6586083465917,1124.3405163603318,238.21205332650695,1763.0635444370944,1753.623903702192,0.9946458874016839
20260910_114158,FAST_1P_AWAY,0,17,26,FAST,AWAY,1,P01,LAB01,0,1.0,-70.1914485606797,-309.672681271666,-78.97767783428053,-348.22689169220166,474.5628182159659,508.7284172445767,622.2209314531169,622.2209314531169,633.0905676619386,20.432801521172724,2553.37372185653,143.89263969994153,371.823066829535,317.52796566134043,0.8539759740266826
20260910_114158,FAST_1P_AWAY,1,22,31,FAST,AWAY,1,P01,LAB01,0,1.0,212.88202296548732,394.6712981726872,222.27361486984654,382.84904696786515,693.8092098646279,564.5977189165105,1122.4596489513792,1122.4596489513792,1330.7072068534253,143.44358304587786,6660.429752833174,360.99289902925733,590.7664673101093,448.42411766450795,0.759054791491945
20260910_114158,FAST_1P_AWAY,2,27,36,FAST,AWAY,1,P01,LAB01,0,1.0,129.57151342278897,657.6619144726351,171.960425408783,781.9801901127369,801.961705796848,860.7387849666761,1122.4596489513792,1122.4596489513792,1881.7290855862575,1642.5429329950593,6660.429752833174,307.4800906233162,719.4041551319706,670.3043867068778,0.9317493955590433
20260910_114158,FAST_1P_AWAY,3,62,71,FAST,AWAY,1,P01,LAB01,0,1.0,642.1319012239793,1263.7963974348281,721.3285254538748,1432.3984863151588,1623.4542986265444,1904.3543350927378,2350.0038603421326,2301.974519740245,2326.0141958219856,1814.1858671332852,4917.339863915621,698.7390695863377,1419.4900021077935,1417.5735299231474,0.9986498868031473
20260910_114158,FAST_1P_AWAY,4,67,76,FAST,AWAY,1,P01,LAB01,0,1.0,1074.802466875361,1530.5689502477408,1299.3684080035105,1898.9895941614996,2313.9746189275675,2379.77621167127,2438.535913046922,2438.535913046922,719.7545878206806,634.5939374476379,2319.680369316016,147.36475645326962,1883.8862618569358,1870.251762267271,0.9927625675362028
20260910_114158,FAST_1P_AWAY,5,72,81,FAST,AWAY,1,P01,LAB01,0,1.0,1497.8339029167353,1170.6828822638545,1819.6904641168214,1514.7008397942052,2409.927751384374,2416.519431294454,2438.535913046922,2438.535913046922,248.11811153348785,112.96633208168184,1019.772912873576,37.45422320592552,1933.2930040377464,1901.0536056493477,0.9833241012505266
