session_id,scenario,pc_time_s,esp_time_us,frame_id,activity,direction,people_count,participants,environment,target_slot,valid,x_mm,y_mm,speed_cm_s,resolution_mm
20260910_105324,STILL_1P_NA,0.002,1870801,17,STILL,NA,1,P02,LAB01,0,1,-838,1982,0,360
20260910_105324,STILL_1P_NA,0.002,1870801,17,STILL,NA,1,P02,LAB01,1,0,0,0,0,0
20260910_105324,STILL_1P_NA,0.002,1870801,17,STILL,NA,1,P02,LAB01,2,0,0,0,0,0
20260910_105324,STILL_1P_NA,0.003,1959724,18,STILL,NA,1,P02,LAB01,0,1,-837,1982,0,360
20260910_105324,STILL_1P_NA,0.003,1959724,18,STILL,NA,1,P02,LAB01,1,0,0,0,0,0
20260910_105324,STILL_1P_NA,0.003,1959724,18,STILL,NA,1,P02,LAB01,2,0,0,0,0,0
20260910_105324,STILL_1P_NA,0.004,2048416,19,STILL,NA,1,P02,LAB01,0,1,-836,1983,0,360
20260910_105324,STILL_1P_NA,0.004,2048416,19,STILL,NA,1,P02,LAB01,1,0,0,0,0,0
20260910_105324,STILL_1P_NA,0.004,2048416,19,STILL,NA,1,P02,LAB01,2,0,0,0,0,0
20260910_105324,STILL_1P_NA,0.004,2137656,20,STILL,NA,1,P02,LAB01,0,1,-837,1983,0,360
20260910_105324,STILL_1P_NA,0.004,2137656,20,STILL,NA,1,P02,LAB01,1,0,0,0,0,0
20260910_105324,STILL_1P_NA,0.004,2137656,20,STILL,NA,1,P02,LAB01,2,0,0,0,0,0
20260910_105324,STILL_1P_NA,0.005,2226609,21,STILL,NA,1,P02,LAB01,0,1,-836,1980,0,360
20260910_105324,STILL_1P_NA,0.005,2226609,21,STILL,NA,1,P02,LAB01,1,0,0,0,0,0
20260910_105324,STILL_1P_NA,0.005,2226609,21,STILL,NA,1,P02,LAB01,2,0,0,0,0,0
20260910_105324,STILL_1P_NA,0.006,2315588,22,STILL,NA,1,P02,LAB01,0,1,-829,1980,0,360
20260910_105324,STILL_1P_NA,0.006,2315588,22,STILL,NA,1,P02,LAB01,1,0,0,0,0,0
20260910_105324,STILL_1P_NA,0.006,2315588,22,STILL,NA,1,P02,LAB01,2,0,0,0,0,0
20260910_105324,STILL_1P_NA,0.007,2404381,23,STILL,NA,1,P02,LAB01,0,1,-823,1982,0,360
20260910_105324,STILL_1P_NA,0.007,2404381,23,STILL,NA,1,P02,LAB01,1,0,0,0,0,0
20260910_105324,STILL_1P_NA,0.007,2404381,23,STILL,NA,1,P02,LAB01,2,0,0,0,0,0
20260910_105324,STILL_1P_NA,0.008,2493615,24,STILL,NA,1,P02,LAB01,0,1,-821,1983,0,360
20260910_105324,STILL_1P_NA,0.008,2493615,24,STILL,NA,1,P02,LAB01,1,0,0,0,0,0
20260910_105324,STILL_1P_NA,0.008,2493615,24,STILL,NA,1,P02,LAB01,2,0,0,0,0,0
20260910_105324,STILL_1P_NA,0.009,2582499,25,STILL,NA,1,P02,LAB01,0,1,-823,1984,0,360
20260910_105324,STILL_1P_NA,0.009,2582499,25,STILL,NA,1,P02,LAB01,1,0,0,0,0,0
20260910_105324,STILL_1P_NA,0.009,2582499,25,STILL,NA,1,P02,LAB01,2,0,0,0,0,0
20260910_105324,STILL_1P_NA,0.010,2671615,26,STILL,NA,1,P02,LAB01,0,1,-822,1988,0,360
20260910_105324,STILL_1P_NA,0.010,2671615,26,STILL,NA,1,P02,LAB01,1,0,0,0,0,0
20260910_105324,STILL_1P_NA,0.010,2671615,26,STILL,NA,1,P02,LAB01,2,0,0,0,0,0
20260910_105324,STILL_1P_NA,0.011,2760313,27,STILL,NA,1,P02,LAB01,0,1,-814,1989,0,360
20260910_105324,STILL_1P_NA,0.011,2760313,27,STILL,NA,1,P02,LAB01,1,0,0,0,0,0
20260910_105324,STILL_1P_NA,0.011,2760313,27,STILL,NA,1,P02,LAB01,2,0,0,0,0,0
20260910_105324,STILL_1P_NA,0.013,2849642,28,STILL,NA,1,P02,LAB01,0,1,-809,1990,0,360
20260910_105324,STILL_1P_NA,0.013,2849642,28,STILL,NA,1,P02,LAB01,1,0,0,0,0,0
20260910_105324,STILL_1P_NA,0.013,2849642,28,STILL,NA,1,P02,LAB01,2,0,0,0,0,0
20260910_105324,STILL_1P_NA,0.014,2938430,29,STILL,NA,1,P02,LAB01,0,1,-805,1991,0,360
20260910_105324,STILL_1P_NA,0.014,2938430,29,STILL,NA,1,P02,LAB01,1,0,0,0,0,0
20260910_105324,STILL_1P_NA,0.014,2938430,29,STILL,NA,1,P02,LAB01,2,0,0,0,0,0
20260910_105324,STILL_1P_NA,0.015,3027636,30,STILL,NA,1,P02,LAB01,0,1,-802,1989,0,360
20260910_105324,STILL_1P_NA,0.015,3027636,30,STILL,NA,1,P02,LAB01,1,0,0,0,0,0
20260910_105324,STILL_1P_NA,0.015,3027636,30,STILL,NA,1,P02,LAB01,2,0,0,0,0,0
20260910_105324,STILL_1P_NA,0.015,3116396,31,STILL,NA,1,P02,LAB01,0,1,-799,1987,0,360
20260910_105324,STILL_1P_NA,0.015,3116396,31,STILL,NA,1,P02,LAB01,1,0,0,0,0,0
20260910_105324,STILL_1P_NA,0.015,3116396,31,STILL,NA,1,P02,LAB01,2,0,0,0,0,0
20260910_105324,STILL_1P_NA,0.016,3205600,32,STILL,NA,1,P02,LAB01,0,1,-800,1987,0,360
20260910_105324,STILL_1P_NA,0.016,3205600,32,STILL,NA,1,P02,LAB01,1,0,0,0,0,0
20260910_105324,STILL_1P_NA,0.016,3205600,32,STILL,NA,1,P02,LAB01,2,0,0,0,0,0
20260910_105324,STILL_1P_NA,0.017,3294513,33,STILL,NA,1,P02,LAB01,0,1,-807,1990,8,360
20260910_105324,STILL_1P_NA,0.017,3294513,33,STILL,NA,1,P02,LAB01,1,0,0,0,0,0
20260910_105324,STILL_1P_NA,0.017,3294513,33,STILL,NA,1,P02,LAB01,2,0,0,0,0,0
20260910_105324,STILL_1P_NA,0.018,3383529,34,STILL,NA,1,P02,LAB01,0,1,-813,1995,0,360
20260910_105324,STILL_1P_NA,0.018,3383529,34,STILL,NA,1,P02,LAB01,1,0,0,0,0,0
20260910_105324,STILL_1P_NA,0.018,3383529,34,STILL,NA,1,P02,LAB01,2,0,0,0,0,0
20260910_105324,STILL_1P_NA,0.019,3472547,35,STILL,NA,1,P02,LAB01,0,1,-814,1999,0,360
20260910_105324,STILL_1P_NA,0.019,3472547,35,STILL,NA,1,P02,LAB01,1,0,0,0,0,0
20260910_105324,STILL_1P_NA,0.019,3472547,35,STILL,NA,1,P02,LAB01,2,0,0,0,0,0
20260910_105324,STILL_1P_NA,0.020,3561252,36,STILL,NA,1,P02,LAB01,0,1,-812,2002,0,360
20260910_105324,STILL_1P_NA,0.020,3561252,36,STILL,NA,1,P02,LAB01,1,0,0,0,0,0
20260910_105324,STILL_1P_NA,0.020,3561252,36,STILL,NA,1,P02,LAB01,2,0,0,0,0,0
20260910_105324,STILL_1P_NA,0.021,3650329,37,STILL,NA,1,P02,LAB01,0,1,-808,2004,0,360
20260910_105324,STILL_1P_NA,0.021,3650329,37,STILL,NA,1,P02,LAB01,1,0,0,0,0,0
20260910_105324,STILL_1P_NA,0.021,3650329,37,STILL,NA,1,P02,LAB01,2,0,0,0,0,0
20260910_105324,STILL_1P_NA,0.022,3739492,38,STILL,NA,1,P02,LAB01,0,1,-804,2006,0,360
20260910_105324,STILL_1P_NA,0.022,3739492,38,STILL,NA,1,P02,LAB01,1,0,0,0,0,0
20260910_105324,STILL_1P_NA,0.022,3739492,38,STILL,NA,1,P02,LAB01,2,0,0,0,0,0
20260910_105324,STILL_1P_NA,0.022,3828291,39,STILL,NA,1,P02,LAB01,0,1,-795,2006,0,360
20260910_105324,STILL_1P_NA,0.022,3828291,39,STILL,NA,1,P02,LAB01,1,0,0,0,0,0
20260910_105324,STILL_1P_NA,0.022,3828291,39,STILL,NA,1,P02,LAB01,2,0,0,0,0,0
20260910_105324,STILL_1P_NA,0.023,3917458,40,STILL,NA,1,P02,LAB01,0,1,-789,2005,0,360
20260910_105324,STILL_1P_NA,0.023,3917458,40,STILL,NA,1,P02,LAB01,1,0,0,0,0,0
20260910_105324,STILL_1P_NA,0.023,3917458,40,STILL,NA,1,P02,LAB01,2,0,0,0,0,0
20260910_105324,STILL_1P_NA,0.024,4006285,41,STILL,NA,1,P02,LAB01,0,1,-782,2004,0,360
20260910_105324,STILL_1P_NA,0.024,4006285,41,STILL,NA,1,P02,LAB01,1,0,0,0,0,0
20260910_105324,STILL_1P_NA,0.024,4006285,41,STILL,NA,1,P02,LAB01,2,0,0,0,0,0
20260910_105324,STILL_1P_NA,0.025,4095547,42,STILL,NA,1,P02,LAB01,0,1,-776,2003,0,360
20260910_105324,STILL_1P_NA,0.025,4095547,42,STILL,NA,1,P02,LAB01,1,0,0,0,0,0
20260910_105324,STILL_1P_NA,0.025,4095547,42,STILL,NA,1,P02,LAB01,2,0,0,0,0,0
20260910_105324,STILL_1P_NA,0.026,4184559,43,STILL,NA,1,P02,LAB01,0,1,-774,2003,0,360
20260910_105324,STILL_1P_NA,0.026,4184559,43,STILL,NA,1,P02,LAB01,1,0,0,0,0,0
20260910_105324,STILL_1P_NA,0.026,4184559,43,STILL,NA,1,P02,LAB01,2,0,0,0,0,0
20260910_105324,STILL_1P_NA,0.027,4273547,44,STILL,NA,1,P02,LAB01,0,1,-772,2004,0,360
20260910_105324,STILL_1P_NA,0.027,4273547,44,STILL,NA,1,P02,LAB01,1,0,0,0,0,0
20260910_105324,STILL_1P_NA,0.027,4273547,44,STILL,NA,1,P02,LAB01,2,0,0,0,0,0
20260910_105324,STILL_1P_NA,0.028,4362492,45,STILL,NA,1,P02,LAB01,0,1,-770,2006,0,360
20260910_105324,STILL_1P_NA,0.028,4362492,45,STILL,NA,1,P02,LAB01,1,0,0,0,0,0
20260910_105324,STILL_1P_NA,0.028,4362492,45,STILL,NA,1,P02,LAB01,2,0,0,0,0,0
20260910_105324,STILL_1P_NA,0.029,4451382,46,STILL,NA,1,P02,LAB01,0,1,-768,2006,0,360
20260910_105324,STILL_1P_NA,0.029,4451382,46,STILL,NA,1,P02,LAB01,1,0,0,0,0,0
20260910_105324,STILL_1P_NA,0.029,4451382,46,STILL,NA,1,P02,LAB01,2,0,0,0,0,0
20260910_105324,STILL_1P_NA,0.029,4540047,47,STILL,NA,1,P02,LAB01,0,1,-766,2005,0,360
20260910_105324,STILL_1P_NA,0.029,4540047,47,STILL,NA,1,P02,LAB01,1,0,0,0,0,0
20260910_105324,STILL_1P_NA,0.029,4540047,47,STILL,NA,1,P02,LAB01,2,0,0,0,0,0
20260910_105324,STILL_1P_NA,0.030,4628946,48,STILL,NA,1,P02,LAB01,0,1,-764,2004,0,360
20260910_105324,STILL_1P_NA,0.030,4628946,48,STILL,NA,1,P02,LAB01,1,0,0,0,0,0
20260910_105324,STILL_1P_NA,0.030,4628946,48,STILL,NA,1,P02,LAB01,2,0,0,0,0,0
20260910_105324,STILL_1P_NA,0.031,4718423,49,STILL,NA,1,P02,LAB01,0,1,-763,2004,0,360
20260910_105324,STILL_1P_NA,0.031,4718423,49,STILL,NA,1,P02,LAB01,1,0,0,0,0,0
20260910_105324,STILL_1P_NA,0.031,4718423,49,STILL,NA,1,P02,LAB01,2,0,0,0,0,0
20260910_105324,STILL_1P_NA,0.032,4807402,50,STILL,NA,1,P02,LAB01,0,1,-763,2003,0,360
20260910_105324,STILL_1P_NA,0.032,4807402,50,STILL,NA,1,P02,LAB01,1,0,0,0,0,0
20260910_105324,STILL_1P_NA,0.032,4807402,50,STILL,NA,1,P02,LAB01,2,0,0,0,0,0
20260910_105324,STILL_1P_NA,0.046,4896133,51,STILL,NA,1,P02,LAB01,0,1,-762,2002,0,360
20260910_105324,STILL_1P_NA,0.046,4896133,51,STILL,NA,1,P02,LAB01,1,0,0,0,0,0
20260910_105324,STILL_1P_NA,0.046,4896133,51,STILL,NA,1,P02,LAB01,2,0,0,0,0,0
20260910_105324,STILL_1P_NA,0.136,4985279,52,STILL,NA,1,P02,LAB01,0,1,-760,2002,0,360
20260910_105324,STILL_1P_NA,0.136,4985279,52,STILL,NA,1,P02,LAB01,1,0,0,0,0,0
20260910_105324,STILL_1P_NA,0.136,4985279,52,STILL,NA,1,P02,LAB01,2,0,0,0,0,0
20260910_105324,STILL_1P_NA,0.225,5074382,53,STILL,NA,1,P02,LAB01,0,1,-755,2000,0,360
20260910_105324,STILL_1P_NA,0.225,5074382,53,STILL,NA,1,P02,LAB01,1,0,0,0,0,0
20260910_105324,STILL_1P_NA,0.225,5074382,53,STILL,NA,1,P02,LAB01,2,0,0,0,0,0
20260910_105324,STILL_1P_NA,0.314,5163646,54,STILL,NA,1,P02,LAB01,0,1,-753,1997,0,360
20260910_105324,STILL_1P_NA,0.314,5163646,54,STILL,NA,1,P02,LAB01,1,0,0,0,0,0
20260910_105324,STILL_1P_NA,0.314,5163646,54,STILL,NA,1,P02,LAB01,2,0,0,0,0,0
20260910_105324,STILL_1P_NA,0.403,5252472,55,STILL,NA,1,P02,LAB01,0,1,-755,1996,0,360
20260910_105324,STILL_1P_NA,0.403,5252472,55,STILL,NA,1,P02,LAB01,1,0,0,0,0,0
20260910_105324,STILL_1P_NA,0.403,5252472,55,STILL,NA,1,P02,LAB01,2,0,0,0,0,0
20260910_105324,STILL_1P_NA,0.492,5341389,56,STILL,NA,1,P02,LAB01,0,1,-756,1996,0,360
20260910_105324,STILL_1P_NA,0.492,5341389,56,STILL,NA,1,P02,LAB01,1,0,0,0,0,0
20260910_105324,STILL_1P_NA,0.492,5341389,56,STILL,NA,1,P02,LAB01,2,0,0,0,0,0
20260910_105324,STILL_1P_NA,0.581,5430151,57,STILL,NA,1,P02,LAB01,0,1,-756,1997,0,360
20260910_105324,STILL_1P_NA,0.581,5430151,57,STILL,NA,1,P02,LAB01,1,0,0,0,0,0
20260910_105324,STILL_1P_NA,0.581,5430151,57,STILL,NA,1,P02,LAB01,2,0,0,0,0,0
20260910_105324,STILL_1P_NA,0.670,5519300,58,STILL,NA,1,P02,LAB01,0,1,-755,1999,0,360
20260910_105324,STILL_1P_NA,0.670,5519300,58,STILL,NA,1,P02,LAB01,1,0,0,0,0,0
20260910_105324,STILL_1P_NA,0.670,5519300,58,STILL,NA,1,P02,LAB01,2,0,0,0,0,0
20260910_105324,STILL_1P_NA,0.759,5608279,59,STILL,NA,1,P02,LAB01,0,1,-754,2002,0,360
20260910_105324,STILL_1P_NA,0.759,5608279,59,STILL,NA,1,P02,LAB01,1,0,0,0,0,0
20260910_105324,STILL_1P_NA,0.759,5608279,59,STILL,NA,1,P02,LAB01,2,0,0,0,0,0
20260910_105324,STILL_1P_NA,0.848,5697479,60,STILL,NA,1,P02,LAB01,0,1,-755,2004,0,360
20260910_105324,STILL_1P_NA,0.848,5697479,60,STILL,NA,1,P02,LAB01,1,0,0,0,0,0
20260910_105324,STILL_1P_NA,0.848,5697479,60,STILL,NA,1,P02,LAB01,2,0,0,0,0,0
20260910_105324,STILL_1P_NA,0.937,5786085,61,STILL,NA,1,P02,LAB01,0,1,-757,2005,0,360
20260910_105324,STILL_1P_NA,0.937,5786085,61,STILL,NA,1,P02,LAB01,1,0,0,0,0,0
20260910_105324,STILL_1P_NA,0.937,5786085,61,STILL,NA,1,P02,LAB01,2,0,0,0,0,0
20260910_105324,STILL_1P_NA,1.025,5875038,62,STILL,NA,1,P02,LAB01,0,1,-757,2003,0,360
20260910_105324,STILL_1P_NA,1.025,5875038,62,STILL,NA,1,P02,LAB01,1,0,0,0,0,0
20260910_105324,STILL_1P_NA,1.025,5875038,62,STILL,NA,1,P02,LAB01,2,0,0,0,0,0
20260910_105324,STILL_1P_NA,1.115,5964141,63,STILL,NA,1,P02,LAB01,0,1,-756,2002,0,360
20260910_105324,STILL_1P_NA,1.115,5964141,63,STILL,NA,1,P02,LAB01,1,0,0,0,0,0
20260910_105324,STILL_1P_NA,1.115,5964141,63,STILL,NA,1,P02,LAB01,2,0,0,0,0,0
20260910_105324,STILL_1P_NA,1.203,6053058,64,STILL,NA,1,P02,LAB01,0,1,-756,2002,0,360
20260910_105324,STILL_1P_NA,1.203,6053058,64,STILL,NA,1,P02,LAB01,1,0,0,0,0,0
20260910_105324,STILL_1P_NA,1.203,6053058,64,STILL,NA,1,P02,LAB01,2,0,0,0,0,0
20260910_105324,STILL_1P_NA,1.293,6142133,65,STILL,NA,1,P02,LAB01,0,1,-755,2001,0,360
20260910_105324,STILL_1P_NA,1.293,6142133,65,STILL,NA,1,P02,LAB01,1,0,0,0,0,0
20260910_105324,STILL_1P_NA,1.293,6142133,65,STILL,NA,1,P02,LAB01,2,0,0,0,0,0
20260910_105324,STILL_1P_NA,1.382,6231312,66,STILL,NA,1,P02,LAB01,0,1,-753,1997,0,360
20260910_105324,STILL_1P_NA,1.382,6231312,66,STILL,NA,1,P02,LAB01,1,0,0,0,0,0
20260910_105324,STILL_1P_NA,1.382,6231312,66,STILL,NA,1,P02,LAB01,2,0,0,0,0,0
20260910_105324,STILL_1P_NA,1.471,6320232,67,STILL,NA,1,P02,LAB01,0,1,-751,1991,0,360
20260910_105324,STILL_1P_NA,1.471,6320232,67,STILL,NA,1,P02,LAB01,1,0,0,0,0,0
20260910_105324,STILL_1P_NA,1.471,6320232,67,STILL,NA,1,P02,LAB01,2,0,0,0,0,0
20260910_105324,STILL_1P_NA,1.560,6409174,68,STILL,NA,1,P02,LAB01,0,1,-749,1988,0,360
20260910_105324,STILL_1P_NA,1.560,6409174,68,STILL,NA,1,P02,LAB01,1,0,0,0,0,0
20260910_105324,STILL_1P_NA,1.560,6409174,68,STILL,NA,1,P02,LAB01,2,0,0,0,0,0
20260910_105324,STILL_1P_NA,1.649,6498123,69,STILL,NA,1,P02,LAB01,0,1,-749,1989,0,360
20260910_105324,STILL_1P_NA,1.649,6498123,69,STILL,NA,1,P02,LAB01,1,0,0,0,0,0
20260910_105324,STILL_1P_NA,1.649,6498123,69,STILL,NA,1,P02,LAB01,2,0,0,0,0,0
20260910_105324,STILL_1P_NA,1.737,6586871,70,STILL,NA,1,P02,LAB01,0,1,-751,1991,0,360
20260910_105324,STILL_1P_NA,1.737,6586871,70,STILL,NA,1,P02,LAB01,1,0,0,0,0,0
20260910_105324,STILL_1P_NA,1.737,6586871,70,STILL,NA,1,P02,LAB01,2,0,0,0,0,0
20260910_105324,STILL_1P_NA,1.826,6676151,71,STILL,NA,1,P02,LAB01,0,1,-754,1995,0,360
20260910_105324,STILL_1P_NA,1.826,6676151,71,STILL,NA,1,P02,LAB01,1,0,0,0,0,0
20260910_105324,STILL_1P_NA,1.826,6676151,71,STILL,NA,1,P02,LAB01,2,0,0,0,0,0
20260910_105324,STILL_1P_NA,1.916,6765105,72,STILL,NA,1,P02,LAB01,0,1,-759,2000,0,360
20260910_105324,STILL_1P_NA,1.916,6765105,72,STILL,NA,1,P02,LAB01,1,0,0,0,0,0
20260910_105324,STILL_1P_NA,1.916,6765105,72,STILL,NA,1,P02,LAB01,2,0,0,0,0,0
20260910_105324,STILL_1P_NA,2.004,6854091,73,STILL,NA,1,P02,LAB01,0,1,-764,2003,0,360
20260910_105324,STILL_1P_NA,2.004,6854091,73,STILL,NA,1,P02,LAB01,1,0,0,0,0,0
20260910_105324,STILL_1P_NA,2.004,6854091,73,STILL,NA,1,P02,LAB01,2,0,0,0,0,0
20260910_105324,STILL_1P_NA,2.093,6943168,74,STILL,NA,1,P02,LAB01,0,1,-765,2003,0,360
20260910_105324,STILL_1P_NA,2.093,6943168,74,STILL,NA,1,P02,LAB01,1,0,0,0,0,0
20260910_105324,STILL_1P_NA,2.093,6943168,74,STILL,NA,1,P02,LAB01,2,0,0,0,0,0
20260910_105324,STILL_1P_NA,2.182,7032120,75,STILL,NA,1,P02,LAB01,0,1,-764,2002,0,360
20260910_105324,STILL_1P_NA,2.182,7032120,75,STILL,NA,1,P02,LAB01,1,0,0,0,0,0
20260910_105324,STILL_1P_NA,2.182,7032120,75,STILL,NA,1,P02,LAB01,2,0,0,0,0,0
20260910_105324,STILL_1P_NA,2.271,7121068,76,STILL,NA,1,P02,LAB01,0,1,-759,2004,0,360
20260910_105324,STILL_1P_NA,2.271,7121068,76,STILL,NA,1,P02,LAB01,1,0,0,0,0,0
20260910_105324,STILL_1P_NA,2.271,7121068,76,STILL,NA,1,P02,LAB01,2,0,0,0,0,0
20260910_105324,STILL_1P_NA,2.360,7210111,77,STILL,NA,1,P02,LAB01,0,1,-755,2007,0,360
20260910_105324,STILL_1P_NA,2.360,7210111,77,STILL,NA,1,P02,LAB01,1,0,0,0,0,0
20260910_105324,STILL_1P_NA,2.360,7210111,77,STILL,NA,1,P02,LAB01,2,0,0,0,0,0
20260910_105324,STILL_1P_NA,2.449,7298982,78,STILL,NA,1,P02,LAB01,0,1,-751,2009,0,360
20260910_105324,STILL_1P_NA,2.449,7298982,78,STILL,NA,1,P02,LAB01,1,0,0,0,0,0
20260910_105324,STILL_1P_NA,2.449,7298982,78,STILL,NA,1,P02,LAB01,2,0,0,0,0,0
20260910_105324,STILL_1P_NA,2.539,7388168,79,STILL,NA,1,P02,LAB01,0,1,-747,2011,0,360
20260910_105324,STILL_1P_NA,2.539,7388168,79,STILL,NA,1,P02,LAB01,1,0,0,0,0,0
20260910_105324,STILL_1P_NA,2.539,7388168,79,STILL,NA,1,P02,LAB01,2,0,0,0,0,0
20260910_105324,STILL_1P_NA,2.627,7476692,80,STILL,NA,1,P02,LAB01,0,1,-744,2011,0,360
20260910_105324,STILL_1P_NA,2.627,7476692,80,STILL,NA,1,P02,LAB01,1,0,0,0,0,0
20260910_105324,STILL_1P_NA,2.627,7476692,80,STILL,NA,1,P02,LAB01,2,0,0,0,0,0
20260910_105324,STILL_1P_NA,2.717,7565987,81,STILL,NA,1,P02,LAB01,0,1,-745,2009,0,360
20260910_105324,STILL_1P_NA,2.717,7565987,81,STILL,NA,1,P02,LAB01,1,0,0,0,0,0
20260910_105324,STILL_1P_NA,2.717,7565987,81,STILL,NA,1,P02,LAB01,2,0,0,0,0,0
20260910_105324,STILL_1P_NA,2.805,7654937,82,STILL,NA,1,P02,LAB01,0,1,-746,2009,0,360
20260910_105324,STILL_1P_NA,2.805,7654937,82,STILL,NA,1,P02,LAB01,1,0,0,0,0,0
20260910_105324,STILL_1P_NA,2.805,7654937,82,STILL,NA,1,P02,LAB01,2,0,0,0,0,0
20260910_105324,STILL_1P_NA,2.894,7743854,83,STILL,NA,1,P02,LAB01,0,1,-748,2010,0,360
20260910_105324,STILL_1P_NA,2.894,7743854,83,STILL,NA,1,P02,LAB01,1,0,0,0,0,0
20260910_105324,STILL_1P_NA,2.894,7743854,83,STILL,NA,1,P02,LAB01,2,0,0,0,0,0
20260910_105324,STILL_1P_NA,2.983,7832905,84,STILL,NA,1,P02,LAB01,0,1,-750,2011,0,360
20260910_105324,STILL_1P_NA,2.983,7832905,84,STILL,NA,1,P02,LAB01,1,0,0,0,0,0
20260910_105324,STILL_1P_NA,2.983,7832905,84,STILL,NA,1,P02,LAB01,2,0,0,0,0,0
20260910_105324,STILL_1P_NA,3.072,7921919,85,STILL,NA,1,P02,LAB01,0,1,-756,2010,0,360
20260910_105324,STILL_1P_NA,3.072,7921919,85,STILL,NA,1,P02,LAB01,1,0,0,0,0,0
20260910_105324,STILL_1P_NA,3.072,7921919,85,STILL,NA,1,P02,LAB01,2,0,0,0,0,0
20260910_105324,STILL_1P_NA,3.161,8011074,86,STILL,NA,1,P02,LAB01,0,1,-758,2009,0,360
20260910_105324,STILL_1P_NA,3.161,8011074,86,STILL,NA,1,P02,LAB01,1,0,0,0,0,0
20260910_105324,STILL_1P_NA,3.161,8011074,86,STILL,NA,1,P02,LAB01,2,0,0,0,0,0
20260910_105324,STILL_1P_NA,3.250,8100091,87,STILL,NA,1,P02,LAB01,0,1,-758,2009,0,360
20260910_105324,STILL_1P_NA,3.250,8100091,87,STILL,NA,1,P02,LAB01,1,0,0,0,0,0
20260910_105324,STILL_1P_NA,3.250,8100091,87,STILL,NA,1,P02,LAB01,2,0,0,0,0,0
20260910_105324,STILL_1P_NA,3.339,8188775,88,STILL,NA,1,P02,LAB01,0,1,-757,2009,0,360
20260910_105324,STILL_1P_NA,3.339,8188775,88,STILL,NA,1,P02,LAB01,1,0,0,0,0,0
20260910_105324,STILL_1P_NA,3.339,8188775,88,STILL,NA,1,P02,LAB01,2,0,0,0,0,0
20260910_105324,STILL_1P_NA,3.429,8278179,89,STILL,NA,1,P02,LAB01,0,1,-757,2009,0,360
20260910_105324,STILL_1P_NA,3.429,8278179,89,STILL,NA,1,P02,LAB01,1,0,0,0,0,0
20260910_105324,STILL_1P_NA,3.429,8278179,89,STILL,NA,1,P02,LAB01,2,0,0,0,0,0
20260910_105324,STILL_1P_NA,3.518,8367068,90,STILL,NA,1,P02,LAB01,0,1,-758,2008,0,360
20260910_105324,STILL_1P_NA,3.518,8367068,90,STILL,NA,1,P02,LAB01,1,0,0,0,0,0
20260910_105324,STILL_1P_NA,3.518,8367068,90,STILL,NA,1,P02,LAB01,2,0,0,0,0,0
20260910_105324,STILL_1P_NA,3.607,8456147,91,STILL,NA,1,P02,LAB01,0,1,-760,2008,0,360
20260910_105324,STILL_1P_NA,3.607,8456147,91,STILL,NA,1,P02,LAB01,1,0,0,0,0,0
20260910_105324,STILL_1P_NA,3.607,8456147,91,STILL,NA,1,P02,LAB01,2,0,0,0,0,0
20260910_105324,STILL_1P_NA,3.695,8544854,92,STILL,NA,1,P02,LAB01,0,1,-762,2007,0,360
20260910_105324,STILL_1P_NA,3.695,8544854,92,STILL,NA,1,P02,LAB01,1,0,0,0,0,0
20260910_105324,STILL_1P_NA,3.695,8544854,92,STILL,NA,1,P02,LAB01,2,0,0,0,0,0
20260910_105324,STILL_1P_NA,3.784,8633833,93,STILL,NA,1,P02,LAB01,0,1,-762,2005,0,360
20260910_105324,STILL_1P_NA,3.784,8633833,93,STILL,NA,1,P02,LAB01,1,0,0,0,0,0
20260910_105324,STILL_1P_NA,3.784,8633833,93,STILL,NA,1,P02,LAB01,2,0,0,0,0,0
20260910_105324,STILL_1P_NA,3.873,8722787,94,STILL,NA,1,P02,LAB01,0,1,-765,2003,0,360
20260910_105324,STILL_1P_NA,3.873,8722787,94,STILL,NA,1,P02,LAB01,1,0,0,0,0,0
20260910_105324,STILL_1P_NA,3.873,8722787,94,STILL,NA,1,P02,LAB01,2,0,0,0,0,0
20260910_105324,STILL_1P_NA,3.962,8811898,95,STILL,NA,1,P02,LAB01,0,1,-771,2001,0,360
20260910_105324,STILL_1P_NA,3.962,8811898,95,STILL,NA,1,P02,LAB01,1,0,0,0,0,0
20260910_105324,STILL_1P_NA,3.962,8811898,95,STILL,NA,1,P02,LAB01,2,0,0,0,0,0
20260910_105324,STILL_1P_NA,4.051,8900750,96,STILL,NA,1,P02,LAB01,0,1,-776,2000,0,360
20260910_105324,STILL_1P_NA,4.051,8900750,96,STILL,NA,1,P02,LAB01,1,0,0,0,0,0
20260910_105324,STILL_1P_NA,4.051,8900750,96,STILL,NA,1,P02,LAB01,2,0,0,0,0,0
20260910_105324,STILL_1P_NA,4.140,8989988,97,STILL,NA,1,P02,LAB01,0,1,-777,1999,0,360
20260910_105324,STILL_1P_NA,4.140,8989988,97,STILL,NA,1,P02,LAB01,1,0,0,0,0,0
20260910_105324,STILL_1P_NA,4.140,8989988,97,STILL,NA,1,P02,LAB01,2,0,0,0,0,0
20260910_105324,STILL_1P_NA,4.229,9078692,98,STILL,NA,1,P02,LAB01,0,1,-781,1996,0,360
20260910_105324,STILL_1P_NA,4.229,9078692,98,STILL,NA,1,P02,LAB01,1,0,0,0,0,0
20260910_105324,STILL_1P_NA,4.229,9078692,98,STILL,NA,1,P02,LAB01,2,0,0,0,0,0
20260910_105324,STILL_1P_NA,4.318,9167982,99,STILL,NA,1,P02,LAB01,0,1,-784,1996,0,360
20260910_105324,STILL_1P_NA,4.318,9167982,99,STILL,NA,1,P02,LAB01,1,0,0,0,0,0
20260910_105324,STILL_1P_NA,4.318,9167982,99,STILL,NA,1,P02,LAB01,2,0,0,0,0,0
20260910_105324,STILL_1P_NA,4.407,9256871,100,STILL,NA,1,P02,LAB01,0,1,-783,1998,0,360
20260910_105324,STILL_1P_NA,4.407,9256871,100,STILL,NA,1,P02,LAB01,1,0,0,0,0,0
20260910_105324,STILL_1P_NA,4.407,9256871,100,STILL,NA,1,P02,LAB01,2,0,0,0,0,0
20260910_105324,STILL_1P_NA,4.497,9345823,101,STILL,NA,1,P02,LAB01,0,1,-785,2000,0,360
20260910_105324,STILL_1P_NA,4.497,9345823,101,STILL,NA,1,P02,LAB01,1,0,0,0,0,0
20260910_105324,STILL_1P_NA,4.497,9345823,101,STILL,NA,1,P02,LAB01,2,0,0,0,0,0
20260910_105324,STILL_1P_NA,4.585,9434745,102,STILL,NA,1,P02,LAB01,0,1,-783,2004,0,360
20260910_105324,STILL_1P_NA,4.585,9434745,102,STILL,NA,1,P02,LAB01,1,0,0,0,0,0
20260910_105324,STILL_1P_NA,4.585,9434745,102,STILL,NA,1,P02,LAB01,2,0,0,0,0,0
20260910_105324,STILL_1P_NA,4.675,9523849,103,STILL,NA,1,P02,LAB01,0,1,-784,2008,8,360
20260910_105324,STILL_1P_NA,4.675,9523849,103,STILL,NA,1,P02,LAB01,1,0,0,0,0,0
20260910_105324,STILL_1P_NA,4.675,9523849,103,STILL,NA,1,P02,LAB01,2,0,0,0,0,0
20260910_105324,STILL_1P_NA,4.763,9612642,104,STILL,NA,1,P02,LAB01,0,1,-787,2007,0,360
20260910_105324,STILL_1P_NA,4.763,9612642,104,STILL,NA,1,P02,LAB01,1,0,0,0,0,0
20260910_105324,STILL_1P_NA,4.763,9612642,104,STILL,NA,1,P02,LAB01,2,0,0,0,0,0
20260910_105324,STILL_1P_NA,4.852,9701905,105,STILL,NA,1,P02,LAB01,0,1,-787,2007,0,360
20260910_105324,STILL_1P_NA,4.852,9701905,105,STILL,NA,1,P02,LAB01,1,0,0,0,0,0
20260910_105324,STILL_1P_NA,4.852,9701905,105,STILL,NA,1,P02,LAB01,2,0,0,0,0,0
20260910_105324,STILL_1P_NA,4.941,9790765,106,STILL,NA,1,P02,LAB01,0,1,-784,2010,0,360
20260910_105324,STILL_1P_NA,4.941,9790765,106,STILL,NA,1,P02,LAB01,1,0,0,0,0,0
20260910_105324,STILL_1P_NA,4.941,9790765,106,STILL,NA,1,P02,LAB01,2,0,0,0,0,0
20260910_105324,STILL_1P_NA,5.030,9879745,107,STILL,NA,1,P02,LAB01,0,1,-779,2014,0,360
20260910_105324,STILL_1P_NA,5.030,9879745,107,STILL,NA,1,P02,LAB01,1,0,0,0,0,0
20260910_105324,STILL_1P_NA,5.030,9879745,107,STILL,NA,1,P02,LAB01,2,0,0,0,0,0
20260910_105324,STILL_1P_NA,5.119,9968695,108,STILL,NA,1,P02,LAB01,0,1,-776,2015,0,360
20260910_105324,STILL_1P_NA,5.119,9968695,108,STILL,NA,1,P02,LAB01,1,0,0,0,0,0
20260910_105324,STILL_1P_NA,5.119,9968695,108,STILL,NA,1,P02,LAB01,2,0,0,0,0,0
20260910_105324,STILL_1P_NA,5.208,10057898,109,STILL,NA,1,P02,LAB01,0,1,-770,2017,0,360
20260910_105324,STILL_1P_NA,5.208,10057898,109,STILL,NA,1,P02,LAB01,1,0,0,0,0,0
20260910_105324,STILL_1P_NA,5.208,10057898,109,STILL,NA,1,P02,LAB01,2,0,0,0,0,0
20260910_105324,STILL_1P_NA,5.297,10146636,110,STILL,NA,1,P02,LAB01,0,1,-767,2018,0,360
20260910_105324,STILL_1P_NA,5.297,10146636,110,STILL,NA,1,P02,LAB01,1,0,0,0,0,0
20260910_105324,STILL_1P_NA,5.297,10146636,110,STILL,NA,1,P02,LAB01,2,0,0,0,0,0
20260910_105324,STILL_1P_NA,5.387,10235925,111,STILL,NA,1,P02,LAB01,0,1,-766,2019,0,360
20260910_105324,STILL_1P_NA,5.387,10235925,111,STILL,NA,1,P02,LAB01,1,0,0,0,0,0
20260910_105324,STILL_1P_NA,5.387,10235925,111,STILL,NA,1,P02,LAB01,2,0,0,0,0,0
20260910_105324,STILL_1P_NA,5.475,10324600,112,STILL,NA,1,P02,LAB01,0,1,-767,2018,0,360
20260910_105324,STILL_1P_NA,5.475,10324600,112,STILL,NA,1,P02,LAB01,1,0,0,0,0,0
20260910_105324,STILL_1P_NA,5.475,10324600,112,STILL,NA,1,P02,LAB01,2,0,0,0,0,0
20260910_105324,STILL_1P_NA,5.564,10413861,113,STILL,NA,1,P02,LAB01,0,1,-767,2018,0,360
20260910_105324,STILL_1P_NA,5.564,10413861,113,STILL,NA,1,P02,LAB01,1,0,0,0,0,0
20260910_105324,STILL_1P_NA,5.564,10413861,113,STILL,NA,1,P02,LAB01,2,0,0,0,0,0
20260910_105324,STILL_1P_NA,5.653,10502629,114,STILL,NA,1,P02,LAB01,0,1,-768,2017,0,360
20260910_105324,STILL_1P_NA,5.653,10502629,114,STILL,NA,1,P02,LAB01,1,0,0,0,0,0
20260910_105324,STILL_1P_NA,5.653,10502629,114,STILL,NA,1,P02,LAB01,2,0,0,0,0,0
20260910_105324,STILL_1P_NA,5.742,10591792,115,STILL,NA,1,P02,LAB01,0,1,-769,2014,0,360
20260910_105324,STILL_1P_NA,5.742,10591792,115,STILL,NA,1,P02,LAB01,1,0,0,0,0,0
20260910_105324,STILL_1P_NA,5.742,10591792,115,STILL,NA,1,P02,LAB01,2,0,0,0,0,0
20260910_105324,STILL_1P_NA,5.831,10680396,116,STILL,NA,1,P02,LAB01,0,1,-769,2012,0,360
20260910_105324,STILL_1P_NA,5.831,10680396,116,STILL,NA,1,P02,LAB01,1,0,0,0,0,0
20260910_105324,STILL_1P_NA,5.831,10680396,116,STILL,NA,1,P02,LAB01,2,0,0,0,0,0
20260910_105324,STILL_1P_NA,5.920,10769695,117,STILL,NA,1,P02,LAB01,0,1,-768,2009,0,360
20260910_105324,STILL_1P_NA,5.920,10769695,117,STILL,NA,1,P02,LAB01,1,0,0,0,0,0
20260910_105324,STILL_1P_NA,5.920,10769695,117,STILL,NA,1,P02,LAB01,2,0,0,0,0,0
20260910_105324,STILL_1P_NA,6.009,10858775,118,STILL,NA,1,P02,LAB01,0,1,-770,2002,0,360
20260910_105324,STILL_1P_NA,6.009,10858775,118,STILL,NA,1,P02,LAB01,1,0,0,0,0,0
20260910_105324,STILL_1P_NA,6.009,10858775,118,STILL,NA,1,P02,LAB01,2,0,0,0,0,0
20260910_105324,STILL_1P_NA,6.098,10947471,119,STILL,NA,1,P02,LAB01,0,1,-771,1992,0,360
20260910_105324,STILL_1P_NA,6.098,10947471,119,STILL,NA,1,P02,LAB01,1,0,0,0,0,0
20260910_105324,STILL_1P_NA,6.098,10947471,119,STILL,NA,1,P02,LAB01,2,0,0,0,0,0
20260910_105324,STILL_1P_NA,6.187,11036642,120,STILL,NA,1,P02,LAB01,0,1,-771,1988,0,360
20260910_105324,STILL_1P_NA,6.187,11036642,120,STILL,NA,1,P02,LAB01,1,0,0,0,0,0
20260910_105324,STILL_1P_NA,6.187,11036642,120,STILL,NA,1,P02,LAB01,2,0,0,0,0,0
20260910_105324,STILL_1P_NA,6.276,11125345,121,STILL,NA,1,P02,LAB01,0,1,-770,1987,0,360
20260910_105324,STILL_1P_NA,6.276,11125345,121,STILL,NA,1,P02,LAB01,1,0,0,0,0,0
20260910_105324,STILL_1P_NA,6.276,11125345,121,STILL,NA,1,P02,LAB01,2,0,0,0,0,0
20260910_105324,STILL_1P_NA,6.365,11214828,122,STILL,NA,1,P02,LAB01,0,1,-769,1985,0,360
20260910_105324,STILL_1P_NA,6.365,11214828,122,STILL,NA,1,P02,LAB01,1,0,0,0,0,0
20260910_105324,STILL_1P_NA,6.365,11214828,122,STILL,NA,1,P02,LAB01,2,0,0,0,0,0
20260910_105324,STILL_1P_NA,6.454,11303491,123,STILL,NA,1,P02,LAB01,0,1,-766,1987,0,360
20260910_105324,STILL_1P_NA,6.454,11303491,123,STILL,NA,1,P02,LAB01,1,0,0,0,0,0
20260910_105324,STILL_1P_NA,6.454,11303491,123,STILL,NA,1,P02,LAB01,2,0,0,0,0,0
20260910_105324,STILL_1P_NA,6.543,11392733,124,STILL,NA,1,P02,LAB01,0,1,-763,1990,0,360
20260910_105324,STILL_1P_NA,6.543,11392733,124,STILL,NA,1,P02,LAB01,1,0,0,0,0,0
20260910_105324,STILL_1P_NA,6.543,11392733,124,STILL,NA,1,P02,LAB01,2,0,0,0,0,0
20260910_105324,STILL_1P_NA,6.632,11481520,125,STILL,NA,1,P02,LAB01,0,1,-764,1992,0,360
20260910_105324,STILL_1P_NA,6.632,11481520,125,STILL,NA,1,P02,LAB01,1,0,0,0,0,0
20260910_105324,STILL_1P_NA,6.632,11481520,125,STILL,NA,1,P02,LAB01,2,0,0,0,0,0
20260910_105324,STILL_1P_NA,6.721,11570721,126,STILL,NA,1,P02,LAB01,0,1,-764,1995,0,360
20260910_105324,STILL_1P_NA,6.721,11570721,126,STILL,NA,1,P02,LAB01,1,0,0,0,0,0
20260910_105324,STILL_1P_NA,6.721,11570721,126,STILL,NA,1,P02,LAB01,2,0,0,0,0,0
20260910_105324,STILL_1P_NA,6.810,11659423,127,STILL,NA,1,P02,LAB01,0,1,-763,1998,0,360
20260910_105324,STILL_1P_NA,6.810,11659423,127,STILL,NA,1,P02,LAB01,1,0,0,0,0,0
20260910_105324,STILL_1P_NA,6.810,11659423,127,STILL,NA,1,P02,LAB01,2,0,0,0,0,0
20260910_105324,STILL_1P_NA,6.899,11748564,128,STILL,NA,1,P02,LAB01,0,1,-761,2002,0,360
20260910_105324,STILL_1P_NA,6.899,11748564,128,STILL,NA,1,P02,LAB01,1,0,0,0,0,0
20260910_105324,STILL_1P_NA,6.899,11748564,128,STILL,NA,1,P02,LAB01,2,0,0,0,0,0
20260910_105324,STILL_1P_NA,6.988,11837479,129,STILL,NA,1,P02,LAB01,0,1,-763,2004,0,360
20260910_105324,STILL_1P_NA,6.988,11837479,129,STILL,NA,1,P02,LAB01,1,0,0,0,0,0
20260910_105324,STILL_1P_NA,6.988,11837479,129,STILL,NA,1,P02,LAB01,2,0,0,0,0,0
20260910_105324,STILL_1P_NA,7.077,11926656,130,STILL,NA,1,P02,LAB01,0,1,-764,2002,0,360
20260910_105324,STILL_1P_NA,7.077,11926656,130,STILL,NA,1,P02,LAB01,1,0,0,0,0,0
20260910_105324,STILL_1P_NA,7.077,11926656,130,STILL,NA,1,P02,LAB01,2,0,0,0,0,0
20260910_105324,STILL_1P_NA,7.166,12015354,131,STILL,NA,1,P02,LAB01,0,1,-762,2002,0,360
20260910_105324,STILL_1P_NA,7.166,12015354,131,STILL,NA,1,P02,LAB01,1,0,0,0,0,0
20260910_105324,STILL_1P_NA,7.166,12015354,131,STILL,NA,1,P02,LAB01,2,0,0,0,0,0
20260910_105324,STILL_1P_NA,7.255,12104647,132,STILL,NA,1,P02,LAB01,0,1,-758,2002,0,360
20260910_105324,STILL_1P_NA,7.255,12104647,132,STILL,NA,1,P02,LAB01,1,0,0,0,0,0
20260910_105324,STILL_1P_NA,7.255,12104647,132,STILL,NA,1,P02,LAB01,2,0,0,0,0,0
20260910_105324,STILL_1P_NA,7.344,12193444,133,STILL,NA,1,P02,LAB01,0,1,-757,2004,8,360
20260910_105324,STILL_1P_NA,7.344,12193444,133,STILL,NA,1,P02,LAB01,1,0,0,0,0,0
20260910_105324,STILL_1P_NA,7.344,12193444,133,STILL,NA,1,P02,LAB01,2,0,0,0,0,0
20260910_105324,STILL_1P_NA,7.433,12282588,134,STILL,NA,1,P02,LAB01,0,1,-758,2006,0,360
20260910_105324,STILL_1P_NA,7.433,12282588,134,STILL,NA,1,P02,LAB01,1,0,0,0,0,0
20260910_105324,STILL_1P_NA,7.433,12282588,134,STILL,NA,1,P02,LAB01,2,0,0,0,0,0
20260910_105324,STILL_1P_NA,7.522,12371409,135,STILL,NA,1,P02,LAB01,0,1,-760,2008,0,360
20260910_105324,STILL_1P_NA,7.522,12371409,135,STILL,NA,1,P02,LAB01,1,0,0,0,0,0
20260910_105324,STILL_1P_NA,7.522,12371409,135,STILL,NA,1,P02,LAB01,2,0,0,0,0,0
20260910_105324,STILL_1P_NA,7.611,12460235,136,STILL,NA,1,P02,LAB01,0,1,-762,2009,0,360
20260910_105324,STILL_1P_NA,7.611,12460235,136,STILL,NA,1,P02,LAB01,1,0,0,0,0,0
20260910_105324,STILL_1P_NA,7.611,12460235,136,STILL,NA,1,P02,LAB01,2,0,0,0,0,0
20260910_105324,STILL_1P_NA,7.700,12549368,137,STILL,NA,1,P02,LAB01,0,1,-759,2011,0,360
20260910_105324,STILL_1P_NA,7.700,12549368,137,STILL,NA,1,P02,LAB01,1,0,0,0,0,0
20260910_105324,STILL_1P_NA,7.700,12549368,137,STILL,NA,1,P02,LAB01,2,0,0,0,0,0
20260910_105324,STILL_1P_NA,7.789,12638513,138,STILL,NA,1,P02,LAB01,0,1,-754,2010,0,360
20260910_105324,STILL_1P_NA,7.789,12638513,138,STILL,NA,1,P02,LAB01,1,0,0,0,0,0
20260910_105324,STILL_1P_NA,7.789,12638513,138,STILL,NA,1,P02,LAB01,2,0,0,0,0,0
20260910_105324,STILL_1P_NA,7.878,12727842,139,STILL,NA,1,P02,LAB01,0,1,-747,2006,0,360
20260910_105324,STILL_1P_NA,7.878,12727842,139,STILL,NA,1,P02,LAB01,1,0,0,0,0,0
20260910_105324,STILL_1P_NA,7.878,12727842,139,STILL,NA,1,P02,LAB01,2,0,0,0,0,0
20260910_105324,STILL_1P_NA,7.967,12816636,140,STILL,NA,1,P02,LAB01,0,1,-740,2004,0,360
20260910_105324,STILL_1P_NA,7.967,12816636,140,STILL,NA,1,P02,LAB01,1,0,0,0,0,0
20260910_105324,STILL_1P_NA,7.967,12816636,140,STILL,NA,1,P02,LAB01,2,0,0,0,0,0
20260910_105324,STILL_1P_NA,8.056,12905208,141,STILL,NA,1,P02,LAB01,0,1,-733,2002,0,360
20260910_105324,STILL_1P_NA,8.056,12905208,141,STILL,NA,1,P02,LAB01,1,0,0,0,0,0
20260910_105324,STILL_1P_NA,8.056,12905208,141,STILL,NA,1,P02,LAB01,2,0,0,0,0,0
20260910_105324,STILL_1P_NA,8.145,12994345,142,STILL,NA,1,P02,LAB01,0,1,-729,1997,0,360
20260910_105324,STILL_1P_NA,8.145,12994345,142,STILL,NA,1,P02,LAB01,1,0,0,0,0,0
20260910_105324,STILL_1P_NA,8.145,12994345,142,STILL,NA,1,P02,LAB01,2,0,0,0,0,0
20260910_105324,STILL_1P_NA,8.234,13083451,143,STILL,NA,1,P02,LAB01,0,1,-730,1992,0,360
20260910_105324,STILL_1P_NA,8.234,13083451,143,STILL,NA,1,P02,LAB01,1,0,0,0,0,0
20260910_105324,STILL_1P_NA,8.234,13083451,143,STILL,NA,1,P02,LAB01,2,0,0,0,0,0
20260910_105324,STILL_1P_NA,8.323,13172564,144,STILL,NA,1,P02,LAB01,0,1,-731,1990,0,360
20260910_105324,STILL_1P_NA,8.323,13172564,144,STILL,NA,1,P02,LAB01,1,0,0,0,0,0
20260910_105324,STILL_1P_NA,8.323,13172564,144,STILL,NA,1,P02,LAB01,2,0,0,0,0,0
20260910_105324,STILL_1P_NA,8.412,13261479,145,STILL,NA,1,P02,LAB01,0,1,-728,1991,0,360
20260910_105324,STILL_1P_NA,8.412,13261479,145,STILL,NA,1,P02,LAB01,1,0,0,0,0,0
20260910_105324,STILL_1P_NA,8.412,13261479,145,STILL,NA,1,P02,LAB01,2,0,0,0,0,0
20260910_105324,STILL_1P_NA,8.501,13350315,146,STILL,NA,1,P02,LAB01,0,1,-724,1996,0,360
20260910_105324,STILL_1P_NA,8.501,13350315,146,STILL,NA,1,P02,LAB01,1,0,0,0,0,0
20260910_105324,STILL_1P_NA,8.501,13350315,146,STILL,NA,1,P02,LAB01,2,0,0,0,0,0
20260910_105324,STILL_1P_NA,8.590,13439381,147,STILL,NA,1,P02,LAB01,0,1,-720,1999,0,360
20260910_105324,STILL_1P_NA,8.590,13439381,147,STILL,NA,1,P02,LAB01,1,0,0,0,0,0
20260910_105324,STILL_1P_NA,8.590,13439381,147,STILL,NA,1,P02,LAB01,2,0,0,0,0,0
20260910_105324,STILL_1P_NA,8.679,13528214,148,STILL,NA,1,P02,LAB01,0,1,-722,2001,0,360
20260910_105324,STILL_1P_NA,8.679,13528214,148,STILL,NA,1,P02,LAB01,1,0,0,0,0,0
20260910_105324,STILL_1P_NA,8.679,13528214,148,STILL,NA,1,P02,LAB01,2,0,0,0,0,0
20260910_105324,STILL_1P_NA,8.768,13617259,149,STILL,NA,1,P02,LAB01,0,1,-729,2000,0,360
20260910_105324,STILL_1P_NA,8.768,13617259,149,STILL,NA,1,P02,LAB01,1,0,0,0,0,0
20260910_105324,STILL_1P_NA,8.768,13617259,149,STILL,NA,1,P02,LAB01,2,0,0,0,0,0
20260910_105324,STILL_1P_NA,8.857,13706458,150,STILL,NA,1,P02,LAB01,0,1,-739,1995,0,360
20260910_105324,STILL_1P_NA,8.857,13706458,150,STILL,NA,1,P02,LAB01,1,0,0,0,0,0
20260910_105324,STILL_1P_NA,8.857,13706458,150,STILL,NA,1,P02,LAB01,2,0,0,0,0,0
20260910_105324,STILL_1P_NA,8.946,13795345,151,STILL,NA,1,P02,LAB01,0,1,-749,1992,0,360
20260910_105324,STILL_1P_NA,8.946,13795345,151,STILL,NA,1,P02,LAB01,1,0,0,0,0,0
20260910_105324,STILL_1P_NA,8.946,13795345,151,STILL,NA,1,P02,LAB01,2,0,0,0,0,0
20260910_105324,STILL_1P_NA,9.035,13884389,152,STILL,NA,1,P02,LAB01,0,1,-757,1990,0,360
20260910_105324,STILL_1P_NA,9.035,13884389,152,STILL,NA,1,P02,LAB01,1,0,0,0,0,0
20260910_105324,STILL_1P_NA,9.035,13884389,152,STILL,NA,1,P02,LAB01,2,0,0,0,0,0
20260910_105324,STILL_1P_NA,9.124,13973315,153,STILL,NA,1,P02,LAB01,0,1,-762,1989,0,360
20260910_105324,STILL_1P_NA,9.124,13973315,153,STILL,NA,1,P02,LAB01,1,0,0,0,0,0
20260910_105324,STILL_1P_NA,9.124,13973315,153,STILL,NA,1,P02,LAB01,2,0,0,0,0,0
20260910_105324,STILL_1P_NA,9.213,14062574,154,STILL,NA,1,P02,LAB01,0,1,-763,1989,0,360
20260910_105324,STILL_1P_NA,9.213,14062574,154,STILL,NA,1,P02,LAB01,1,0,0,0,0,0
20260910_105324,STILL_1P_NA,9.213,14062574,154,STILL,NA,1,P02,LAB01,2,0,0,0,0,0
20260910_105324,STILL_1P_NA,9.302,14151279,155,STILL,NA,1,P02,LAB01,0,1,-764,1988,0,360
20260910_105324,STILL_1P_NA,9.302,14151279,155,STILL,NA,1,P02,LAB01,1,0,0,0,0,0
20260910_105324,STILL_1P_NA,9.302,14151279,155,STILL,NA,1,P02,LAB01,2,0,0,0,0,0
20260910_105324,STILL_1P_NA,9.391,14240574,156,STILL,NA,1,P02,LAB01,0,1,-763,1988,0,360
20260910_105324,STILL_1P_NA,9.391,14240574,156,STILL,NA,1,P02,LAB01,1,0,0,0,0,0
20260910_105324,STILL_1P_NA,9.391,14240574,156,STILL,NA,1,P02,LAB01,2,0,0,0,0,0
20260910_105324,STILL_1P_NA,9.480,14329174,157,STILL,NA,1,P02,LAB01,0,1,-759,1989,0,360
20260910_105324,STILL_1P_NA,9.480,14329174,157,STILL,NA,1,P02,LAB01,1,0,0,0,0,0
20260910_105324,STILL_1P_NA,9.480,14329174,157,STILL,NA,1,P02,LAB01,2,0,0,0,0,0
20260910_105324,STILL_1P_NA,9.569,14418008,158,STILL,NA,1,P02,LAB01,0,1,-752,1991,0,360
20260910_105324,STILL_1P_NA,9.569,14418008,158,STILL,NA,1,P02,LAB01,1,0,0,0,0,0
20260910_105324,STILL_1P_NA,9.569,14418008,158,STILL,NA,1,P02,LAB01,2,0,0,0,0,0
20260910_105324,STILL_1P_NA,9.658,14507336,159,STILL,NA,1,P02,LAB01,0,1,-745,1993,0,360
20260910_105324,STILL_1P_NA,9.658,14507336,159,STILL,NA,1,P02,LAB01,1,0,0,0,0,0
20260910_105324,STILL_1P_NA,9.658,14507336,159,STILL,NA,1,P02,LAB01,2,0,0,0,0,0
20260910_105324,STILL_1P_NA,9.747,14596252,160,STILL,NA,1,P02,LAB01,0,1,-736,1998,0,360
20260910_105324,STILL_1P_NA,9.747,14596252,160,STILL,NA,1,P02,LAB01,1,0,0,0,0,0
20260910_105324,STILL_1P_NA,9.747,14596252,160,STILL,NA,1,P02,LAB01,2,0,0,0,0,0
20260910_105324,STILL_1P_NA,9.836,14685235,161,STILL,NA,1,P02,LAB01,0,1,-728,2001,0,360
20260910_105324,STILL_1P_NA,9.836,14685235,161,STILL,NA,1,P02,LAB01,1,0,0,0,0,0
20260910_105324,STILL_1P_NA,9.836,14685235,161,STILL,NA,1,P02,LAB01,2,0,0,0,0,0
20260910_105324,STILL_1P_NA,9.925,14774279,162,STILL,NA,1,P02,LAB01,0,1,-723,2004,0,360
20260910_105324,STILL_1P_NA,9.925,14774279,162,STILL,NA,1,P02,LAB01,1,0,0,0,0,0
20260910_105324,STILL_1P_NA,9.925,14774279,162,STILL,NA,1,P02,LAB01,2,0,0,0,0,0
20260910_105324,STILL_1P_NA,10.014,14863161,163,STILL,NA,1,P02,LAB01,0,1,-720,2006,0,360
20260910_105324,STILL_1P_NA,10.014,14863161,163,STILL,NA,1,P02,LAB01,1,0,0,0,0,0
20260910_105324,STILL_1P_NA,10.014,14863161,163,STILL,NA,1,P02,LAB01,2,0,0,0,0,0
20260910_105324,STILL_1P_NA,10.103,14952332,164,STILL,NA,1,P02,LAB01,0,1,-722,2005,0,360
20260910_105324,STILL_1P_NA,10.103,14952332,164,STILL,NA,1,P02,LAB01,1,0,0,0,0,0
20260910_105324,STILL_1P_NA,10.103,14952332,164,STILL,NA,1,P02,LAB01,2,0,0,0,0,0
20260910_105324,STILL_1P_NA,10.191,15041091,165,STILL,NA,1,P02,LAB01,0,1,-723,2004,0,360
20260910_105324,STILL_1P_NA,10.191,15041091,165,STILL,NA,1,P02,LAB01,1,0,0,0,0,0
20260910_105324,STILL_1P_NA,10.191,15041091,165,STILL,NA,1,P02,LAB01,2,0,0,0,0,0
20260910_105324,STILL_1P_NA,10.280,15130141,166,STILL,NA,1,P02,LAB01,0,1,-716,2004,0,360
20260910_105324,STILL_1P_NA,10.280,15130141,166,STILL,NA,1,P02,LAB01,1,0,0,0,0,0
20260910_105324,STILL_1P_NA,10.280,15130141,166,STILL,NA,1,P02,LAB01,2,0,0,0,0,0
20260910_105324,STILL_1P_NA,10.370,15219179,167,STILL,NA,1,P02,LAB01,0,1,-714,2003,0,360
20260910_105324,STILL_1P_NA,10.370,15219179,167,STILL,NA,1,P02,LAB01,1,0,0,0,0,0
20260910_105324,STILL_1P_NA,10.370,15219179,167,STILL,NA,1,P02,LAB01,2,0,0,0,0,0
20260910_105324,STILL_1P_NA,10.459,15308451,168,STILL,NA,1,P02,LAB01,0,1,-713,2003,0,360
20260910_105324,STILL_1P_NA,10.459,15308451,168,STILL,NA,1,P02,LAB01,1,0,0,0,0,0
20260910_105324,STILL_1P_NA,10.459,15308451,168,STILL,NA,1,P02,LAB01,2,0,0,0,0,0
20260910_105324,STILL_1P_NA,10.547,15397019,169,STILL,NA,1,P02,LAB01,0,1,-709,2005,0,360
20260910_105324,STILL_1P_NA,10.547,15397019,169,STILL,NA,1,P02,LAB01,1,0,0,0,0,0
20260910_105324,STILL_1P_NA,10.547,15397019,169,STILL,NA,1,P02,LAB01,2,0,0,0,0,0
20260910_105324,STILL_1P_NA,10.637,15486329,170,STILL,NA,1,P02,LAB01,0,1,-708,2007,0,360
20260910_105324,STILL_1P_NA,10.637,15486329,170,STILL,NA,1,P02,LAB01,1,0,0,0,0,0
20260910_105324,STILL_1P_NA,10.637,15486329,170,STILL,NA,1,P02,LAB01,2,0,0,0,0,0
20260910_105324,STILL_1P_NA,10.726,15575174,171,STILL,NA,1,P02,LAB01,0,1,-706,2009,0,360
20260910_105324,STILL_1P_NA,10.726,15575174,171,STILL,NA,1,P02,LAB01,1,0,0,0,0,0
20260910_105324,STILL_1P_NA,10.726,15575174,171,STILL,NA,1,P02,LAB01,2,0,0,0,0,0
20260910_105324,STILL_1P_NA,10.814,15664188,172,STILL,NA,1,P02,LAB01,0,1,-708,2010,0,360
20260910_105324,STILL_1P_NA,10.814,15664188,172,STILL,NA,1,P02,LAB01,1,0,0,0,0,0
20260910_105324,STILL_1P_NA,10.814,15664188,172,STILL,NA,1,P02,LAB01,2,0,0,0,0,0
20260910_105324,STILL_1P_NA,10.904,15753273,173,STILL,NA,1,P02,LAB01,0,1,-713,2013,0,360
20260910_105324,STILL_1P_NA,10.904,15753273,173,STILL,NA,1,P02,LAB01,1,0,0,0,0,0
20260910_105324,STILL_1P_NA,10.904,15753273,173,STILL,NA,1,P02,LAB01,2,0,0,0,0,0
20260910_105324,STILL_1P_NA,10.992,15842029,174,STILL,NA,1,P02,LAB01,0,1,-717,2015,0,360
20260910_105324,STILL_1P_NA,10.992,15842029,174,STILL,NA,1,P02,LAB01,1,0,0,0,0,0
20260910_105324,STILL_1P_NA,10.992,15842029,174,STILL,NA,1,P02,LAB01,2,0,0,0,0,0
20260910_105324,STILL_1P_NA,11.082,15931235,175,STILL,NA,1,P02,LAB01,0,1,-721,2014,0,360
20260910_105324,STILL_1P_NA,11.082,15931235,175,STILL,NA,1,P02,LAB01,1,0,0,0,0,0
20260910_105324,STILL_1P_NA,11.082,15931235,175,STILL,NA,1,P02,LAB01,2,0,0,0,0,0
20260910_105324,STILL_1P_NA,11.171,16020057,176,STILL,NA,1,P02,LAB01,0,1,-722,2014,0,360
20260910_105324,STILL_1P_NA,11.171,16020057,176,STILL,NA,1,P02,LAB01,1,0,0,0,0,0
20260910_105324,STILL_1P_NA,11.171,16020057,176,STILL,NA,1,P02,LAB01,2,0,0,0,0,0
20260910_105324,STILL_1P_NA,11.260,16109014,177,STILL,NA,1,P02,LAB01,0,1,-721,2014,0,360
20260910_105324,STILL_1P_NA,11.260,16109014,177,STILL,NA,1,P02,LAB01,1,0,0,0,0,0
20260910_105324,STILL_1P_NA,11.260,16109014,177,STILL,NA,1,P02,LAB01,2,0,0,0,0,0
20260910_105324,STILL_1P_NA,11.348,16198147,178,STILL,NA,1,P02,LAB01,0,1,-718,2014,0,360
20260910_105324,STILL_1P_NA,11.348,16198147,178,STILL,NA,1,P02,LAB01,1,0,0,0,0,0
20260910_105324,STILL_1P_NA,11.348,16198147,178,STILL,NA,1,P02,LAB01,2,0,0,0,0,0
20260910_105324,STILL_1P_NA,11.438,16287038,179,STILL,NA,1,P02,LAB01,0,1,-714,2015,0,360
20260910_105324,STILL_1P_NA,11.438,16287038,179,STILL,NA,1,P02,LAB01,1,0,0,0,0,0
20260910_105324,STILL_1P_NA,11.438,16287038,179,STILL,NA,1,P02,LAB01,2,0,0,0,0,0
20260910_105324,STILL_1P_NA,11.526,16375961,180,STILL,NA,1,P02,LAB01,0,1,-710,2016,0,360
20260910_105324,STILL_1P_NA,11.526,16375961,180,STILL,NA,1,P02,LAB01,1,0,0,0,0,0
20260910_105324,STILL_1P_NA,11.526,16375961,180,STILL,NA,1,P02,LAB01,2,0,0,0,0,0
20260910_105324,STILL_1P_NA,11.616,16465151,181,STILL,NA,1,P02,LAB01,0,1,-706,2018,0,360
20260910_105324,STILL_1P_NA,11.616,16465151,181,STILL,NA,1,P02,LAB01,1,0,0,0,0,0
20260910_105324,STILL_1P_NA,11.616,16465151,181,STILL,NA,1,P02,LAB01,2,0,0,0,0,0
20260910_105324,STILL_1P_NA,11.704,16553988,182,STILL,NA,1,P02,LAB01,0,1,-698,2021,0,360
20260910_105324,STILL_1P_NA,11.704,16553988,182,STILL,NA,1,P02,LAB01,1,0,0,0,0,0
20260910_105324,STILL_1P_NA,11.704,16553988,182,STILL,NA,1,P02,LAB01,2,0,0,0,0,0
20260910_105324,STILL_1P_NA,11.794,16643118,183,STILL,NA,1,P02,LAB01,0,1,-690,2026,0,360
20260910_105324,STILL_1P_NA,11.794,16643118,183,STILL,NA,1,P02,LAB01,1,0,0,0,0,0
20260910_105324,STILL_1P_NA,11.794,16643118,183,STILL,NA,1,P02,LAB01,2,0,0,0,0,0
20260910_105324,STILL_1P_NA,11.883,16732132,184,STILL,NA,1,P02,LAB01,0,1,-685,2030,0,360
20260910_105324,STILL_1P_NA,11.883,16732132,184,STILL,NA,1,P02,LAB01,1,0,0,0,0,0
20260910_105324,STILL_1P_NA,11.883,16732132,184,STILL,NA,1,P02,LAB01,2,0,0,0,0,0
20260910_105324,STILL_1P_NA,11.972,16821252,185,STILL,NA,1,P02,LAB01,0,1,-691,2029,0,360
20260910_105324,STILL_1P_NA,11.972,16821252,185,STILL,NA,1,P02,LAB01,1,0,0,0,0,0
20260910_105324,STILL_1P_NA,11.972,16821252,185,STILL,NA,1,P02,LAB01,2,0,0,0,0,0
20260910_105324,STILL_1P_NA,12.060,16910065,186,STILL,NA,1,P02,LAB01,0,1,-699,2028,0,360
20260910_105324,STILL_1P_NA,12.060,16910065,186,STILL,NA,1,P02,LAB01,1,0,0,0,0,0
20260910_105324,STILL_1P_NA,12.060,16910065,186,STILL,NA,1,P02,LAB01,2,0,0,0,0,0
20260910_105324,STILL_1P_NA,12.150,16999047,187,STILL,NA,1,P02,LAB01,0,1,-707,2026,0,360
20260910_105324,STILL_1P_NA,12.150,16999047,187,STILL,NA,1,P02,LAB01,1,0,0,0,0,0
20260910_105324,STILL_1P_NA,12.150,16999047,187,STILL,NA,1,P02,LAB01,2,0,0,0,0,0
20260910_105324,STILL_1P_NA,12.238,17088151,188,STILL,NA,1,P02,LAB01,0,1,-715,2025,0,360
20260910_105324,STILL_1P_NA,12.238,17088151,188,STILL,NA,1,P02,LAB01,1,0,0,0,0,0
20260910_105324,STILL_1P_NA,12.238,17088151,188,STILL,NA,1,P02,LAB01,2,0,0,0,0,0
20260910_105324,STILL_1P_NA,12.328,17176993,189,STILL,NA,1,P02,LAB01,0,1,-722,2023,0,360
20260910_105324,STILL_1P_NA,12.328,17176993,189,STILL,NA,1,P02,LAB01,1,0,0,0,0,0
20260910_105324,STILL_1P_NA,12.328,17176993,189,STILL,NA,1,P02,LAB01,2,0,0,0,0,0
20260910_105324,STILL_1P_NA,12.417,17266091,190,STILL,NA,1,P02,LAB01,0,1,-726,2021,0,360
20260910_105324,STILL_1P_NA,12.417,17266091,190,STILL,NA,1,P02,LAB01,1,0,0,0,0,0
20260910_105324,STILL_1P_NA,12.417,17266091,190,STILL,NA,1,P02,LAB01,2,0,0,0,0,0
20260910_105324,STILL_1P_NA,12.505,17355014,191,STILL,NA,1,P02,LAB01,0,1,-726,2019,0,360
20260910_105324,STILL_1P_NA,12.505,17355014,191,STILL,NA,1,P02,LAB01,1,0,0,0,0,0
20260910_105324,STILL_1P_NA,12.505,17355014,191,STILL,NA,1,P02,LAB01,2,0,0,0,0,0
20260910_105324,STILL_1P_NA,12.594,17443815,192,STILL,NA,1,P02,LAB01,0,1,-723,2015,0,360
20260910_105324,STILL_1P_NA,12.594,17443815,192,STILL,NA,1,P02,LAB01,1,0,0,0,0,0
20260910_105324,STILL_1P_NA,12.594,17443815,192,STILL,NA,1,P02,LAB01,2,0,0,0,0,0
20260910_105324,STILL_1P_NA,12.684,17533068,193,STILL,NA,1,P02,LAB01,0,1,-719,2012,0,360
20260910_105324,STILL_1P_NA,12.684,17533068,193,STILL,NA,1,P02,LAB01,1,0,0,0,0,0
20260910_105324,STILL_1P_NA,12.684,17533068,193,STILL,NA,1,P02,LAB01,2,0,0,0,0,0
20260910_105324,STILL_1P_NA,12.773,17622111,194,STILL,NA,1,P02,LAB01,0,1,-718,2014,0,360
20260910_105324,STILL_1P_NA,12.773,17622111,194,STILL,NA,1,P02,LAB01,1,0,0,0,0,0
20260910_105324,STILL_1P_NA,12.773,17622111,194,STILL,NA,1,P02,LAB01,2,0,0,0,0,0
20260910_105324,STILL_1P_NA,12.862,17710854,195,STILL,NA,1,P02,LAB01,0,1,-718,2019,0,360
20260910_105324,STILL_1P_NA,12.862,17710854,195,STILL,NA,1,P02,LAB01,1,0,0,0,0,0
20260910_105324,STILL_1P_NA,12.862,17710854,195,STILL,NA,1,P02,LAB01,2,0,0,0,0,0
20260910_105324,STILL_1P_NA,12.950,17799745,196,STILL,NA,1,P02,LAB01,0,1,-717,2022,0,360
20260910_105324,STILL_1P_NA,12.950,17799745,196,STILL,NA,1,P02,LAB01,1,0,0,0,0,0
20260910_105324,STILL_1P_NA,12.950,17799745,196,STILL,NA,1,P02,LAB01,2,0,0,0,0,0
20260910_105324,STILL_1P_NA,13.039,17888909,197,STILL,NA,1,P02,LAB01,0,1,-714,2022,0,360
20260910_105324,STILL_1P_NA,13.039,17888909,197,STILL,NA,1,P02,LAB01,1,0,0,0,0,0
20260910_105324,STILL_1P_NA,13.039,17888909,197,STILL,NA,1,P02,LAB01,2,0,0,0,0,0
20260910_105324,STILL_1P_NA,13.128,17978106,198,STILL,NA,1,P02,LAB01,0,1,-709,2021,0,360
20260910_105324,STILL_1P_NA,13.128,17978106,198,STILL,NA,1,P02,LAB01,1,0,0,0,0,0
20260910_105324,STILL_1P_NA,13.128,17978106,198,STILL,NA,1,P02,LAB01,2,0,0,0,0,0
20260910_105324,STILL_1P_NA,13.217,18066849,199,STILL,NA,1,P02,LAB01,0,1,-706,2020,0,360
20260910_105324,STILL_1P_NA,13.217,18066849,199,STILL,NA,1,P02,LAB01,1,0,0,0,0,0
20260910_105324,STILL_1P_NA,13.217,18066849,199,STILL,NA,1,P02,LAB01,2,0,0,0,0,0
20260910_105324,STILL_1P_NA,13.306,18155987,200,STILL,NA,1,P02,LAB01,0,1,-707,2018,0,360
20260910_105324,STILL_1P_NA,13.306,18155987,200,STILL,NA,1,P02,LAB01,1,0,0,0,0,0
20260910_105324,STILL_1P_NA,13.306,18155987,200,STILL,NA,1,P02,LAB01,2,0,0,0,0,0
20260910_105324,STILL_1P_NA,13.395,18244964,201,STILL,NA,1,P02,LAB01,0,1,-708,2016,0,360
20260910_105324,STILL_1P_NA,13.395,18244964,201,STILL,NA,1,P02,LAB01,1,0,0,0,0,0
20260910_105324,STILL_1P_NA,13.395,18244964,201,STILL,NA,1,P02,LAB01,2,0,0,0,0,0
20260910_105324,STILL_1P_NA,13.484,18333952,202,STILL,NA,1,P02,LAB01,0,1,-709,2016,0,360
20260910_105324,STILL_1P_NA,13.484,18333952,202,STILL,NA,1,P02,LAB01,1,0,0,0,0,0
20260910_105324,STILL_1P_NA,13.484,18333952,202,STILL,NA,1,P02,LAB01,2,0,0,0,0,0
20260910_105324,STILL_1P_NA,13.573,18422934,203,STILL,NA,1,P02,LAB01,0,1,-710,2016,0,360
20260910_105324,STILL_1P_NA,13.573,18422934,203,STILL,NA,1,P02,LAB01,1,0,0,0,0,0
20260910_105324,STILL_1P_NA,13.573,18422934,203,STILL,NA,1,P02,LAB01,2,0,0,0,0,0
20260910_105324,STILL_1P_NA,13.662,18511849,204,STILL,NA,1,P02,LAB01,0,1,-711,2016,0,360
20260910_105324,STILL_1P_NA,13.662,18511849,204,STILL,NA,1,P02,LAB01,1,0,0,0,0,0
20260910_105324,STILL_1P_NA,13.662,18511849,204,STILL,NA,1,P02,LAB01,2,0,0,0,0,0
20260910_105324,STILL_1P_NA,13.751,18600775,205,STILL,NA,1,P02,LAB01,0,1,-713,2017,0,360
20260910_105324,STILL_1P_NA,13.751,18600775,205,STILL,NA,1,P02,LAB01,1,0,0,0,0,0
20260910_105324,STILL_1P_NA,13.751,18600775,205,STILL,NA,1,P02,LAB01,2,0,0,0,0,0
20260910_105324,STILL_1P_NA,13.840,18689910,206,STILL,NA,1,P02,LAB01,0,1,-715,2016,0,360
20260910_105324,STILL_1P_NA,13.840,18689910,206,STILL,NA,1,P02,LAB01,1,0,0,0,0,0
20260910_105324,STILL_1P_NA,13.840,18689910,206,STILL,NA,1,P02,LAB01,2,0,0,0,0,0
20260910_105324,STILL_1P_NA,13.929,18778952,207,STILL,NA,1,P02,LAB01,0,1,-714,2015,0,360
20260910_105324,STILL_1P_NA,13.929,18778952,207,STILL,NA,1,P02,LAB01,1,0,0,0,0,0
20260910_105324,STILL_1P_NA,13.929,18778952,207,STILL,NA,1,P02,LAB01,2,0,0,0,0,0
20260910_105324,STILL_1P_NA,14.018,18867843,208,STILL,NA,1,P02,LAB01,0,1,-714,2014,0,360
20260910_105324,STILL_1P_NA,14.018,18867843,208,STILL,NA,1,P02,LAB01,1,0,0,0,0,0
20260910_105324,STILL_1P_NA,14.018,18867843,208,STILL,NA,1,P02,LAB01,2,0,0,0,0,0
20260910_105324,STILL_1P_NA,14.107,18956982,209,STILL,NA,1,P02,LAB01,0,1,-715,2011,0,360
20260910_105324,STILL_1P_NA,14.107,18956982,209,STILL,NA,1,P02,LAB01,1,0,0,0,0,0
20260910_105324,STILL_1P_NA,14.107,18956982,209,STILL,NA,1,P02,LAB01,2,0,0,0,0,0
20260910_105324,STILL_1P_NA,14.197,19045964,210,STILL,NA,1,P02,LAB01,0,1,-716,2008,0,360
20260910_105324,STILL_1P_NA,14.197,19045964,210,STILL,NA,1,P02,LAB01,1,0,0,0,0,0
20260910_105324,STILL_1P_NA,14.197,19045964,210,STILL,NA,1,P02,LAB01,2,0,0,0,0,0
20260910_105324,STILL_1P_NA,14.286,19135005,211,STILL,NA,1,P02,LAB01,0,1,-718,2006,0,360
20260910_105324,STILL_1P_NA,14.286,19135005,211,STILL,NA,1,P02,LAB01,1,0,0,0,0,0
20260910_105324,STILL_1P_NA,14.286,19135005,211,STILL,NA,1,P02,LAB01,2,0,0,0,0,0
20260910_105324,STILL_1P_NA,14.374,19223712,212,STILL,NA,1,P02,LAB01,0,1,-718,2005,0,360
20260910_105324,STILL_1P_NA,14.374,19223712,212,STILL,NA,1,P02,LAB01,1,0,0,0,0,0
20260910_105324,STILL_1P_NA,14.374,19223712,212,STILL,NA,1,P02,LAB01,2,0,0,0,0,0
20260910_105324,STILL_1P_NA,14.463,19312946,213,STILL,NA,1,P02,LAB01,0,1,-719,2005,0,360
20260910_105324,STILL_1P_NA,14.463,19312946,213,STILL,NA,1,P02,LAB01,1,0,0,0,0,0
20260910_105324,STILL_1P_NA,14.463,19312946,213,STILL,NA,1,P02,LAB01,2,0,0,0,0,0
20260910_105324,STILL_1P_NA,14.552,19401801,214,STILL,NA,1,P02,LAB01,0,1,-718,2007,0,360
20260910_105324,STILL_1P_NA,14.552,19401801,214,STILL,NA,1,P02,LAB01,1,0,0,0,0,0
20260910_105324,STILL_1P_NA,14.552,19401801,214,STILL,NA,1,P02,LAB01,2,0,0,0,0,0
20260910_105324,STILL_1P_NA,14.641,19490937,215,STILL,NA,1,P02,LAB01,0,1,-715,2008,0,360
20260910_105324,STILL_1P_NA,14.641,19490937,215,STILL,NA,1,P02,LAB01,1,0,0,0,0,0
20260910_105324,STILL_1P_NA,14.641,19490937,215,STILL,NA,1,P02,LAB01,2,0,0,0,0,0
20260910_105324,STILL_1P_NA,14.730,19579828,216,STILL,NA,1,P02,LAB01,0,1,-713,2007,0,360
20260910_105324,STILL_1P_NA,14.730,19579828,216,STILL,NA,1,P02,LAB01,1,0,0,0,0,0
20260910_105324,STILL_1P_NA,14.730,19579828,216,STILL,NA,1,P02,LAB01,2,0,0,0,0,0
20260910_105324,STILL_1P_NA,14.820,19669019,217,STILL,NA,1,P02,LAB01,0,1,-712,2005,0,360
20260910_105324,STILL_1P_NA,14.820,19669019,217,STILL,NA,1,P02,LAB01,1,0,0,0,0,0
20260910_105324,STILL_1P_NA,14.820,19669019,217,STILL,NA,1,P02,LAB01,2,0,0,0,0,0
20260910_105324,STILL_1P_NA,14.908,19757760,218,STILL,NA,1,P02,LAB01,0,1,-711,2002,0,360
20260910_105324,STILL_1P_NA,14.908,19757760,218,STILL,NA,1,P02,LAB01,1,0,0,0,0,0
20260910_105324,STILL_1P_NA,14.908,19757760,218,STILL,NA,1,P02,LAB01,2,0,0,0,0,0
20260910_105324,STILL_1P_NA,14.997,19846833,219,STILL,NA,1,P02,LAB01,0,1,-710,2003,0,360
20260910_105324,STILL_1P_NA,14.997,19846833,219,STILL,NA,1,P02,LAB01,1,0,0,0,0,0
20260910_105324,STILL_1P_NA,14.997,19846833,219,STILL,NA,1,P02,LAB01,2,0,0,0,0,0
20260910_105324,STILL_1P_NA,15.086,19935881,220,STILL,NA,1,P02,LAB01,0,1,-703,2006,0,360
20260910_105324,STILL_1P_NA,15.086,19935881,220,STILL,NA,1,P02,LAB01,1,0,0,0,0,0
20260910_105324,STILL_1P_NA,15.086,19935881,220,STILL,NA,1,P02,LAB01,2,0,0,0,0,0
20260910_105324,STILL_1P_NA,15.175,20024615,221,STILL,NA,1,P02,LAB01,0,1,-691,2008,0,360
20260910_105324,STILL_1P_NA,15.175,20024615,221,STILL,NA,1,P02,LAB01,1,0,0,0,0,0
20260910_105324,STILL_1P_NA,15.175,20024615,221,STILL,NA,1,P02,LAB01,2,0,0,0,0,0
20260910_105324,STILL_1P_NA,15.264,20113750,222,STILL,NA,1,P02,LAB01,0,1,-681,2010,0,360
20260910_105324,STILL_1P_NA,15.264,20113750,222,STILL,NA,1,P02,LAB01,1,0,0,0,0,0
20260910_105324,STILL_1P_NA,15.264,20113750,222,STILL,NA,1,P02,LAB01,2,0,0,0,0,0
20260910_105324,STILL_1P_NA,15.353,20202674,223,STILL,NA,1,P02,LAB01,0,1,-677,2012,0,360
20260910_105324,STILL_1P_NA,15.353,20202674,223,STILL,NA,1,P02,LAB01,1,0,0,0,0,0
20260910_105324,STILL_1P_NA,15.353,20202674,223,STILL,NA,1,P02,LAB01,2,0,0,0,0,0
20260910_105324,STILL_1P_NA,15.442,20291692,224,STILL,NA,1,P02,LAB01,0,1,-678,2012,0,360
20260910_105324,STILL_1P_NA,15.442,20291692,224,STILL,NA,1,P02,LAB01,1,0,0,0,0,0
20260910_105324,STILL_1P_NA,15.442,20291692,224,STILL,NA,1,P02,LAB01,2,0,0,0,0,0
20260910_105324,STILL_1P_NA,15.531,20380636,225,STILL,NA,1,P02,LAB01,0,1,-679,2012,0,360
20260910_105324,STILL_1P_NA,15.531,20380636,225,STILL,NA,1,P02,LAB01,1,0,0,0,0,0
20260910_105324,STILL_1P_NA,15.531,20380636,225,STILL,NA,1,P02,LAB01,2,0,0,0,0,0
20260910_105324,STILL_1P_NA,15.620,20469712,226,STILL,NA,1,P02,LAB01,0,1,-680,2011,0,360
20260910_105324,STILL_1P_NA,15.620,20469712,226,STILL,NA,1,P02,LAB01,1,0,0,0,0,0
20260910_105324,STILL_1P_NA,15.620,20469712,226,STILL,NA,1,P02,LAB01,2,0,0,0,0,0
20260910_105324,STILL_1P_NA,15.709,20558662,227,STILL,NA,1,P02,LAB01,0,1,-681,2012,0,360
20260910_105324,STILL_1P_NA,15.709,20558662,227,STILL,NA,1,P02,LAB01,1,0,0,0,0,0
20260910_105324,STILL_1P_NA,15.709,20558662,227,STILL,NA,1,P02,LAB01,2,0,0,0,0,0
20260910_105324,STILL_1P_NA,15.798,20647674,228,STILL,NA,1,P02,LAB01,0,1,-681,2013,0,360
20260910_105324,STILL_1P_NA,15.798,20647674,228,STILL,NA,1,P02,LAB01,1,0,0,0,0,0
20260910_105324,STILL_1P_NA,15.798,20647674,228,STILL,NA,1,P02,LAB01,2,0,0,0,0,0
20260910_105324,STILL_1P_NA,15.887,20736662,229,STILL,NA,1,P02,LAB01,0,1,-682,2015,0,360
20260910_105324,STILL_1P_NA,15.887,20736662,229,STILL,NA,1,P02,LAB01,1,0,0,0,0,0
20260910_105324,STILL_1P_NA,15.887,20736662,229,STILL,NA,1,P02,LAB01,2,0,0,0,0,0
20260910_105324,STILL_1P_NA,15.976,20825702,230,STILL,NA,1,P02,LAB01,0,1,-684,2016,0,360
20260910_105324,STILL_1P_NA,15.976,20825702,230,STILL,NA,1,P02,LAB01,1,0,0,0,0,0
20260910_105324,STILL_1P_NA,15.976,20825702,230,STILL,NA,1,P02,LAB01,2,0,0,0,0,0
20260910_105324,STILL_1P_NA,16.065,20914499,231,STILL,NA,1,P02,LAB01,0,1,-685,2016,0,360
20260910_105324,STILL_1P_NA,16.065,20914499,231,STILL,NA,1,P02,LAB01,1,0,0,0,0,0
20260910_105324,STILL_1P_NA,16.065,20914499,231,STILL,NA,1,P02,LAB01,2,0,0,0,0,0
20260910_105324,STILL_1P_NA,16.154,21003701,232,STILL,NA,1,P02,LAB01,0,1,-685,2016,0,360
20260910_105324,STILL_1P_NA,16.154,21003701,232,STILL,NA,1,P02,LAB01,1,0,0,0,0,0
20260910_105324,STILL_1P_NA,16.154,21003701,232,STILL,NA,1,P02,LAB01,2,0,0,0,0,0
20260910_105324,STILL_1P_NA,16.243,21092591,233,STILL,NA,1,P02,LAB01,0,1,-686,2014,0,360
20260910_105324,STILL_1P_NA,16.243,21092591,233,STILL,NA,1,P02,LAB01,1,0,0,0,0,0
20260910_105324,STILL_1P_NA,16.243,21092591,233,STILL,NA,1,P02,LAB01,2,0,0,0,0,0
20260910_105324,STILL_1P_NA,16.332,21181505,234,STILL,NA,1,P02,LAB01,0,1,-687,2010,0,360
20260910_105324,STILL_1P_NA,16.332,21181505,234,STILL,NA,1,P02,LAB01,1,0,0,0,0,0
20260910_105324,STILL_1P_NA,16.332,21181505,234,STILL,NA,1,P02,LAB01,2,0,0,0,0,0
20260910_105324,STILL_1P_NA,16.421,21270458,235,STILL,NA,1,P02,LAB01,0,1,-685,2011,0,360
20260910_105324,STILL_1P_NA,16.421,21270458,235,STILL,NA,1,P02,LAB01,1,0,0,0,0,0
20260910_105324,STILL_1P_NA,16.421,21270458,235,STILL,NA,1,P02,LAB01,2,0,0,0,0,0
20260910_105324,STILL_1P_NA,16.510,21359695,236,STILL,NA,1,P02,LAB01,0,1,-683,2014,0,360
20260910_105324,STILL_1P_NA,16.510,21359695,236,STILL,NA,1,P02,LAB01,1,0,0,0,0,0
20260910_105324,STILL_1P_NA,16.510,21359695,236,STILL,NA,1,P02,LAB01,2,0,0,0,0,0
20260910_105324,STILL_1P_NA,16.599,21448485,237,STILL,NA,1,P02,LAB01,0,1,-680,2016,0,360
20260910_105324,STILL_1P_NA,16.599,21448485,237,STILL,NA,1,P02,LAB01,1,0,0,0,0,0
20260910_105324,STILL_1P_NA,16.599,21448485,237,STILL,NA,1,P02,LAB01,2,0,0,0,0,0
20260910_105324,STILL_1P_NA,16.688,21537750,238,STILL,NA,1,P02,LAB01,0,1,-678,2019,0,360
20260910_105324,STILL_1P_NA,16.688,21537750,238,STILL,NA,1,P02,LAB01,1,0,0,0,0,0
20260910_105324,STILL_1P_NA,16.688,21537750,238,STILL,NA,1,P02,LAB01,2,0,0,0,0,0
20260910_105324,STILL_1P_NA,16.777,21626513,239,STILL,NA,1,P02,LAB01,0,1,-676,2021,0,360
20260910_105324,STILL_1P_NA,16.777,21626513,239,STILL,NA,1,P02,LAB01,1,0,0,0,0,0
20260910_105324,STILL_1P_NA,16.777,21626513,239,STILL,NA,1,P02,LAB01,2,0,0,0,0,0
20260910_105324,STILL_1P_NA,16.866,21715528,240,STILL,NA,1,P02,LAB01,0,1,-674,2022,0,360
20260910_105324,STILL_1P_NA,16.866,21715528,240,STILL,NA,1,P02,LAB01,1,0,0,0,0,0
20260910_105324,STILL_1P_NA,16.866,21715528,240,STILL,NA,1,P02,LAB01,2,0,0,0,0,0
20260910_105324,STILL_1P_NA,16.955,21804668,241,STILL,NA,1,P02,LAB01,0,1,-671,2025,0,360
20260910_105324,STILL_1P_NA,16.955,21804668,241,STILL,NA,1,P02,LAB01,1,0,0,0,0,0
20260910_105324,STILL_1P_NA,16.955,21804668,241,STILL,NA,1,P02,LAB01,2,0,0,0,0,0
20260910_105324,STILL_1P_NA,17.044,21893520,242,STILL,NA,1,P02,LAB01,0,1,-669,2029,0,360
20260910_105324,STILL_1P_NA,17.044,21893520,242,STILL,NA,1,P02,LAB01,1,0,0,0,0,0
20260910_105324,STILL_1P_NA,17.044,21893520,242,STILL,NA,1,P02,LAB01,2,0,0,0,0,0
20260910_105324,STILL_1P_NA,17.133,21982444,243,STILL,NA,1,P02,LAB01,0,1,-667,2031,0,360
20260910_105324,STILL_1P_NA,17.133,21982444,243,STILL,NA,1,P02,LAB01,1,0,0,0,0,0
20260910_105324,STILL_1P_NA,17.133,21982444,243,STILL,NA,1,P02,LAB01,2,0,0,0,0,0
20260910_105324,STILL_1P_NA,17.222,22071588,244,STILL,NA,1,P02,LAB01,0,1,-661,2034,0,360
20260910_105324,STILL_1P_NA,17.222,22071588,244,STILL,NA,1,P02,LAB01,1,0,0,0,0,0
20260910_105324,STILL_1P_NA,17.222,22071588,244,STILL,NA,1,P02,LAB01,2,0,0,0,0,0
20260910_105324,STILL_1P_NA,17.311,22160600,245,STILL,NA,1,P02,LAB01,0,1,-657,2034,0,360
20260910_105324,STILL_1P_NA,17.311,22160600,245,STILL,NA,1,P02,LAB01,1,0,0,0,0,0
20260910_105324,STILL_1P_NA,17.311,22160600,245,STILL,NA,1,P02,LAB01,2,0,0,0,0,0
20260910_105324,STILL_1P_NA,17.400,22249702,246,STILL,NA,1,P02,LAB01,0,1,-658,2034,0,360
20260910_105324,STILL_1P_NA,17.400,22249702,246,STILL,NA,1,P02,LAB01,1,0,0,0,0,0
20260910_105324,STILL_1P_NA,17.400,22249702,246,STILL,NA,1,P02,LAB01,2,0,0,0,0,0
20260910_105324,STILL_1P_NA,17.489,22338692,247,STILL,NA,1,P02,LAB01,0,1,-661,2032,0,360
20260910_105324,STILL_1P_NA,17.489,22338692,247,STILL,NA,1,P02,LAB01,1,0,0,0,0,0
20260910_105324,STILL_1P_NA,17.489,22338692,247,STILL,NA,1,P02,LAB01,2,0,0,0,0,0
20260910_105324,STILL_1P_NA,17.578,22427668,248,STILL,NA,1,P02,LAB01,0,1,-664,2029,0,360
20260910_105324,STILL_1P_NA,17.578,22427668,248,STILL,NA,1,P02,LAB01,1,0,0,0,0,0
20260910_105324,STILL_1P_NA,17.578,22427668,248,STILL,NA,1,P02,LAB01,2,0,0,0,0,0
20260910_105324,STILL_1P_NA,17.667,22516619,249,STILL,NA,1,P02,LAB01,0,1,-665,2027,0,360
20260910_105324,STILL_1P_NA,17.667,22516619,249,STILL,NA,1,P02,LAB01,1,0,0,0,0,0
20260910_105324,STILL_1P_NA,17.667,22516619,249,STILL,NA,1,P02,LAB01,2,0,0,0,0,0
20260910_105324,STILL_1P_NA,17.756,22605506,250,STILL,NA,1,P02,LAB01,0,1,-665,2027,0,360
20260910_105324,STILL_1P_NA,17.756,22605506,250,STILL,NA,1,P02,LAB01,1,0,0,0,0,0
20260910_105324,STILL_1P_NA,17.756,22605506,250,STILL,NA,1,P02,LAB01,2,0,0,0,0,0
20260910_105324,STILL_1P_NA,17.845,22694486,251,STILL,NA,1,P02,LAB01,0,1,-664,2028,0,360
20260910_105324,STILL_1P_NA,17.845,22694486,251,STILL,NA,1,P02,LAB01,1,0,0,0,0,0
20260910_105324,STILL_1P_NA,17.845,22694486,251,STILL,NA,1,P02,LAB01,2,0,0,0,0,0
20260910_105324,STILL_1P_NA,17.934,22783499,252,STILL,NA,1,P02,LAB01,0,1,-664,2029,0,360
20260910_105324,STILL_1P_NA,17.934,22783499,252,STILL,NA,1,P02,LAB01,1,0,0,0,0,0
20260910_105324,STILL_1P_NA,17.934,22783499,252,STILL,NA,1,P02,LAB01,2,0,0,0,0,0
20260910_105324,STILL_1P_NA,18.023,22872552,253,STILL,NA,1,P02,LAB01,0,1,-665,2030,0,360
20260910_105324,STILL_1P_NA,18.023,22872552,253,STILL,NA,1,P02,LAB01,1,0,0,0,0,0
20260910_105324,STILL_1P_NA,18.023,22872552,253,STILL,NA,1,P02,LAB01,2,0,0,0,0,0
20260910_105324,STILL_1P_NA,18.112,22961591,254,STILL,NA,1,P02,LAB01,0,1,-665,2031,0,360
20260910_105324,STILL_1P_NA,18.112,22961591,254,STILL,NA,1,P02,LAB01,1,0,0,0,0,0
20260910_105324,STILL_1P_NA,18.112,22961591,254,STILL,NA,1,P02,LAB01,2,0,0,0,0,0
20260910_105324,STILL_1P_NA,18.201,23050513,255,STILL,NA,1,P02,LAB01,0,1,-663,2032,0,360
20260910_105324,STILL_1P_NA,18.201,23050513,255,STILL,NA,1,P02,LAB01,1,0,0,0,0,0
20260910_105324,STILL_1P_NA,18.201,23050513,255,STILL,NA,1,P02,LAB01,2,0,0,0,0,0
20260910_105324,STILL_1P_NA,18.290,23139685,256,STILL,NA,1,P02,LAB01,0,1,-660,2033,0,360
20260910_105324,STILL_1P_NA,18.290,23139685,256,STILL,NA,1,P02,LAB01,1,0,0,0,0,0
20260910_105324,STILL_1P_NA,18.290,23139685,256,STILL,NA,1,P02,LAB01,2,0,0,0,0,0
20260910_105324,STILL_1P_NA,18.379,23228478,257,STILL,NA,1,P02,LAB01,0,1,-659,2033,0,360
20260910_105324,STILL_1P_NA,18.379,23228478,257,STILL,NA,1,P02,LAB01,1,0,0,0,0,0
20260910_105324,STILL_1P_NA,18.379,23228478,257,STILL,NA,1,P02,LAB01,2,0,0,0,0,0
20260910_105324,STILL_1P_NA,18.468,23317586,258,STILL,NA,1,P02,LAB01,0,1,-659,2034,0,360
20260910_105324,STILL_1P_NA,18.468,23317586,258,STILL,NA,1,P02,LAB01,1,0,0,0,0,0
20260910_105324,STILL_1P_NA,18.468,23317586,258,STILL,NA,1,P02,LAB01,2,0,0,0,0,0
20260910_105324,STILL_1P_NA,18.557,23406537,259,STILL,NA,1,P02,LAB01,0,1,-662,2035,0,360
20260910_105324,STILL_1P_NA,18.557,23406537,259,STILL,NA,1,P02,LAB01,1,0,0,0,0,0
20260910_105324,STILL_1P_NA,18.557,23406537,259,STILL,NA,1,P02,LAB01,2,0,0,0,0,0
20260910_105324,STILL_1P_NA,18.647,23495552,260,STILL,NA,1,P02,LAB01,0,1,-669,2038,0,360
20260910_105324,STILL_1P_NA,18.647,23495552,260,STILL,NA,1,P02,LAB01,1,0,0,0,0,0
20260910_105324,STILL_1P_NA,18.647,23495552,260,STILL,NA,1,P02,LAB01,2,0,0,0,0,0
20260910_105324,STILL_1P_NA,18.735,23584537,261,STILL,NA,1,P02,LAB01,0,1,-681,2044,0,360
20260910_105324,STILL_1P_NA,18.735,23584537,261,STILL,NA,1,P02,LAB01,1,0,0,0,0,0
20260910_105324,STILL_1P_NA,18.735,23584537,261,STILL,NA,1,P02,LAB01,2,0,0,0,0,0
20260910_105324,STILL_1P_NA,18.824,23673478,262,STILL,NA,1,P02,LAB01,0,1,-700,2046,0,360
20260910_105324,STILL_1P_NA,18.824,23673478,262,STILL,NA,1,P02,LAB01,1,0,0,0,0,0
20260910_105324,STILL_1P_NA,18.824,23673478,262,STILL,NA,1,P02,LAB01,2,0,0,0,0,0
20260910_105324,STILL_1P_NA,18.913,23762528,263,STILL,NA,1,P02,LAB01,0,1,-751,2040,0,360
20260910_105324,STILL_1P_NA,18.913,23762528,263,STILL,NA,1,P02,LAB01,1,0,0,0,0,0
20260910_105324,STILL_1P_NA,18.913,23762528,263,STILL,NA,1,P02,LAB01,2,0,0,0,0,0
20260910_105324,STILL_1P_NA,19.002,23851444,264,STILL,NA,1,P02,LAB01,0,1,-766,2028,0,360
20260910_105324,STILL_1P_NA,19.002,23851444,264,STILL,NA,1,P02,LAB01,1,0,0,0,0,0
20260910_105324,STILL_1P_NA,19.002,23851444,264,STILL,NA,1,P02,LAB01,2,0,0,0,0,0
20260910_105324,STILL_1P_NA,19.091,23940242,265,STILL,NA,1,P02,LAB01,0,1,-768,2017,0,360
20260910_105324,STILL_1P_NA,19.091,23940242,265,STILL,NA,1,P02,LAB01,1,0,0,0,0,0
20260910_105324,STILL_1P_NA,19.091,23940242,265,STILL,NA,1,P02,LAB01,2,0,0,0,0,0
20260910_105324,STILL_1P_NA,19.180,24029506,266,STILL,NA,1,P02,LAB01,0,1,-767,2013,0,360
20260910_105324,STILL_1P_NA,19.180,24029506,266,STILL,NA,1,P02,LAB01,1,0,0,0,0,0
20260910_105324,STILL_1P_NA,19.180,24029506,266,STILL,NA,1,P02,LAB01,2,0,0,0,0,0
20260910_105324,STILL_1P_NA,19.269,24118361,267,STILL,NA,1,P02,LAB01,0,1,-768,2009,0,360
20260910_105324,STILL_1P_NA,19.269,24118361,267,STILL,NA,1,P02,LAB01,1,0,0,0,0,0
20260910_105324,STILL_1P_NA,19.269,24118361,267,STILL,NA,1,P02,LAB01,2,0,0,0,0,0
20260910_105324,STILL_1P_NA,19.358,24207537,268,STILL,NA,1,P02,LAB01,0,1,-772,2001,0,360
20260910_105324,STILL_1P_NA,19.358,24207537,268,STILL,NA,1,P02,LAB01,1,0,0,0,0,0
20260910_105324,STILL_1P_NA,19.358,24207537,268,STILL,NA,1,P02,LAB01,2,0,0,0,0,0
20260910_105324,STILL_1P_NA,19.447,24296300,269,STILL,NA,1,P02,LAB01,0,1,-779,1986,0,360
20260910_105324,STILL_1P_NA,19.447,24296300,269,STILL,NA,1,P02,LAB01,1,0,0,0,0,0
20260910_105324,STILL_1P_NA,19.447,24296300,269,STILL,NA,1,P02,LAB01,2,0,0,0,0,0
20260910_105324,STILL_1P_NA,19.536,24385564,270,STILL,NA,1,P02,LAB01,0,1,-781,1981,0,360
20260910_105324,STILL_1P_NA,19.536,24385564,270,STILL,NA,1,P02,LAB01,1,0,0,0,0,0
20260910_105324,STILL_1P_NA,19.536,24385564,270,STILL,NA,1,P02,LAB01,2,0,0,0,0,0
20260910_105324,STILL_1P_NA,19.624,24474012,271,STILL,NA,1,P02,LAB01,0,1,-781,1980,0,360
20260910_105324,STILL_1P_NA,19.624,24474012,271,STILL,NA,1,P02,LAB01,1,0,0,0,0,0
20260910_105324,STILL_1P_NA,19.624,24474012,271,STILL,NA,1,P02,LAB01,2,0,0,0,0,0
20260910_105324,STILL_1P_NA,19.714,24563403,272,STILL,NA,1,P02,LAB01,0,1,-781,1980,0,360
20260910_105324,STILL_1P_NA,19.714,24563403,272,STILL,NA,1,P02,LAB01,1,0,0,0,0,0
20260910_105324,STILL_1P_NA,19.714,24563403,272,STILL,NA,1,P02,LAB01,2,0,0,0,0,0
20260910_105324,STILL_1P_NA,19.803,24652232,273,STILL,NA,1,P02,LAB01,0,1,-781,1981,0,360
20260910_105324,STILL_1P_NA,19.803,24652232,273,STILL,NA,1,P02,LAB01,1,0,0,0,0,0
20260910_105324,STILL_1P_NA,19.803,24652232,273,STILL,NA,1,P02,LAB01,2,0,0,0,0,0
20260910_105324,STILL_1P_NA,19.891,24741174,274,STILL,NA,1,P02,LAB01,0,1,-780,1982,0,360
20260910_105324,STILL_1P_NA,19.891,24741174,274,STILL,NA,1,P02,LAB01,1,0,0,0,0,0
20260910_105324,STILL_1P_NA,19.891,24741174,274,STILL,NA,1,P02,LAB01,2,0,0,0,0,0
20260910_105324,STILL_1P_NA,19.981,24830345,275,STILL,NA,1,P02,LAB01,0,1,-779,1983,0,360
20260910_105324,STILL_1P_NA,19.981,24830345,275,STILL,NA,1,P02,LAB01,1,0,0,0,0,0
20260910_105324,STILL_1P_NA,19.981,24830345,275,STILL,NA,1,P02,LAB01,2,0,0,0,0,0
20260910_105324,STILL_1P_NA,20.070,24919451,276,STILL,NA,1,P02,LAB01,0,1,-778,1984,0,360
20260910_105324,STILL_1P_NA,20.070,24919451,276,STILL,NA,1,P02,LAB01,1,0,0,0,0,0
20260910_105324,STILL_1P_NA,20.070,24919451,276,STILL,NA,1,P02,LAB01,2,0,0,0,0,0
20260910_105324,STILL_1P_NA,20.158,25008120,277,STILL,NA,1,P02,LAB01,0,1,-779,1984,0,360
20260910_105324,STILL_1P_NA,20.158,25008120,277,STILL,NA,1,P02,LAB01,1,0,0,0,0,0
20260910_105324,STILL_1P_NA,20.158,25008120,277,STILL,NA,1,P02,LAB01,2,0,0,0,0,0
20260910_105324,STILL_1P_NA,20.248,25097194,278,STILL,NA,1,P02,LAB01,0,1,-777,1986,0,360
20260910_105324,STILL_1P_NA,20.248,25097194,278,STILL,NA,1,P02,LAB01,1,0,0,0,0,0
20260910_105324,STILL_1P_NA,20.248,25097194,278,STILL,NA,1,P02,LAB01,2,0,0,0,0,0
20260910_105324,STILL_1P_NA,20.337,25186085,279,STILL,NA,1,P02,LAB01,0,1,-773,1989,0,360
20260910_105324,STILL_1P_NA,20.337,25186085,279,STILL,NA,1,P02,LAB01,1,0,0,0,0,0
20260910_105324,STILL_1P_NA,20.337,25186085,279,STILL,NA,1,P02,LAB01,2,0,0,0,0,0
20260910_105324,STILL_1P_NA,20.425,25274919,280,STILL,NA,1,P02,LAB01,0,1,-770,1991,0,360
20260910_105324,STILL_1P_NA,20.425,25274919,280,STILL,NA,1,P02,LAB01,1,0,0,0,0,0
20260910_105324,STILL_1P_NA,20.425,25274919,280,STILL,NA,1,P02,LAB01,2,0,0,0,0,0
20260910_105324,STILL_1P_NA,20.515,25364431,281,STILL,NA,1,P02,LAB01,0,1,-771,1991,0,360
20260910_105324,STILL_1P_NA,20.515,25364431,281,STILL,NA,1,P02,LAB01,1,0,0,0,0,0
20260910_105324,STILL_1P_NA,20.515,25364431,281,STILL,NA,1,P02,LAB01,2,0,0,0,0,0
20260910_105324,STILL_1P_NA,20.603,25453123,282,STILL,NA,1,P02,LAB01,0,1,-786,1980,0,360
20260910_105324,STILL_1P_NA,20.603,25453123,282,STILL,NA,1,P02,LAB01,1,0,0,0,0,0
20260910_105324,STILL_1P_NA,20.603,25453123,282,STILL,NA,1,P02,LAB01,2,0,0,0,0,0
20260910_105324,STILL_1P_NA,20.692,25542273,283,STILL,NA,1,P02,LAB01,0,1,-803,1965,-8,360
20260910_105324,STILL_1P_NA,20.692,25542273,283,STILL,NA,1,P02,LAB01,1,0,0,0,0,0
20260910_105324,STILL_1P_NA,20.692,25542273,283,STILL,NA,1,P02,LAB01,2,0,0,0,0,0
20260910_105324,STILL_1P_NA,20.781,25631008,284,STILL,NA,1,P02,LAB01,0,1,-862,1913,-8,360
20260910_105324,STILL_1P_NA,20.781,25631008,284,STILL,NA,1,P02,LAB01,1,0,0,0,0,0
20260910_105324,STILL_1P_NA,20.781,25631008,284,STILL,NA,1,P02,LAB01,2,0,0,0,0,0
20260910_105324,STILL_1P_NA,20.870,25719987,285,STILL,NA,1,P02,LAB01,0,1,-916,1867,-8,360
20260910_105324,STILL_1P_NA,20.870,25719987,285,STILL,NA,1,P02,LAB01,1,0,0,0,0,0
20260910_105324,STILL_1P_NA,20.870,25719987,285,STILL,NA,1,P02,LAB01,2,0,0,0,0,0
20260910_105324,STILL_1P_NA,20.960,25809214,286,STILL,NA,1,P02,LAB01,0,1,-950,1814,0,360
20260910_105324,STILL_1P_NA,20.960,25809214,286,STILL,NA,1,P02,LAB01,1,0,0,0,0,0
20260910_105324,STILL_1P_NA,20.960,25809214,286,STILL,NA,1,P02,LAB01,2,0,0,0,0,0
20260910_105324,STILL_1P_NA,21.049,25898443,287,STILL,NA,1,P02,LAB01,0,1,-971,1784,0,360
20260910_105324,STILL_1P_NA,21.049,25898443,287,STILL,NA,1,P02,LAB01,1,0,0,0,0,0
20260910_105324,STILL_1P_NA,21.049,25898443,287,STILL,NA,1,P02,LAB01,2,0,0,0,0,0
20260910_105324,STILL_1P_NA,21.137,25987085,288,STILL,NA,1,P02,LAB01,0,1,-976,1775,0,360
20260910_105324,STILL_1P_NA,21.137,25987085,288,STILL,NA,1,P02,LAB01,1,0,0,0,0,0
20260910_105324,STILL_1P_NA,21.137,25987085,288,STILL,NA,1,P02,LAB01,2,0,0,0,0,0
20260910_105324,STILL_1P_NA,21.227,26076096,289,STILL,NA,1,P02,LAB01,0,1,-973,1775,0,360
20260910_105324,STILL_1P_NA,21.227,26076096,289,STILL,NA,1,P02,LAB01,1,0,0,0,0,0
20260910_105324,STILL_1P_NA,21.227,26076096,289,STILL,NA,1,P02,LAB01,2,0,0,0,0,0
20260910_105324,STILL_1P_NA,21.316,26165111,290,STILL,NA,1,P02,LAB01,0,1,-971,1778,0,360
20260910_105324,STILL_1P_NA,21.316,26165111,290,STILL,NA,1,P02,LAB01,1,0,0,0,0,0
20260910_105324,STILL_1P_NA,21.316,26165111,290,STILL,NA,1,P02,LAB01,2,0,0,0,0,0
20260910_105324,STILL_1P_NA,21.404,26253946,291,STILL,NA,1,P02,LAB01,0,1,-965,1782,0,360
20260910_105324,STILL_1P_NA,21.404,26253946,291,STILL,NA,1,P02,LAB01,1,0,0,0,0,0
20260910_105324,STILL_1P_NA,21.404,26253946,291,STILL,NA,1,P02,LAB01,2,0,0,0,0,0
20260910_105324,STILL_1P_NA,21.493,26342988,292,STILL,NA,1,P02,LAB01,0,1,-951,1790,0,360
20260910_105324,STILL_1P_NA,21.493,26342988,292,STILL,NA,1,P02,LAB01,1,0,0,0,0,0
20260910_105324,STILL_1P_NA,21.493,26342988,292,STILL,NA,1,P02,LAB01,2,0,0,0,0,0
20260910_105324,STILL_1P_NA,21.582,26431973,293,STILL,NA,1,P02,LAB01,0,1,-915,1812,0,360
20260910_105324,STILL_1P_NA,21.582,26431973,293,STILL,NA,1,P02,LAB01,1,0,0,0,0,0
20260910_105324,STILL_1P_NA,21.582,26431973,293,STILL,NA,1,P02,LAB01,2,0,0,0,0,0
20260910_105324,STILL_1P_NA,21.672,26521168,294,STILL,NA,1,P02,LAB01,0,1,-903,1824,0,360
20260910_105324,STILL_1P_NA,21.672,26521168,294,STILL,NA,1,P02,LAB01,1,0,0,0,0,0
20260910_105324,STILL_1P_NA,21.672,26521168,294,STILL,NA,1,P02,LAB01,2,0,0,0,0,0
20260910_105324,STILL_1P_NA,21.760,26610315,295,STILL,NA,1,P02,LAB01,0,1,-898,1834,0,360
20260910_105324,STILL_1P_NA,21.760,26610315,295,STILL,NA,1,P02,LAB01,1,0,0,0,0,0
20260910_105324,STILL_1P_NA,21.760,26610315,295,STILL,NA,1,P02,LAB01,2,0,0,0,0,0
20260910_105324,STILL_1P_NA,21.850,26699354,296,STILL,NA,1,P02,LAB01,0,1,-899,1842,0,360
20260910_105324,STILL_1P_NA,21.850,26699354,296,STILL,NA,1,P02,LAB01,1,0,0,0,0,0
20260910_105324,STILL_1P_NA,21.850,26699354,296,STILL,NA,1,P02,LAB01,2,0,0,0,0,0
20260910_105324,STILL_1P_NA,21.938,26788084,297,STILL,NA,1,P02,LAB01,0,1,-898,1845,0,360
20260910_105324,STILL_1P_NA,21.938,26788084,297,STILL,NA,1,P02,LAB01,1,0,0,0,0,0
20260910_105324,STILL_1P_NA,21.938,26788084,297,STILL,NA,1,P02,LAB01,2,0,0,0,0,0
20260910_105324,STILL_1P_NA,22.028,26877471,298,STILL,NA,1,P02,LAB01,0,1,-893,1848,0,360
20260910_105324,STILL_1P_NA,22.028,26877471,298,STILL,NA,1,P02,LAB01,1,0,0,0,0,0
20260910_105324,STILL_1P_NA,22.028,26877471,298,STILL,NA,1,P02,LAB01,2,0,0,0,0,0
20260910_105324,STILL_1P_NA,22.116,26966332,299,STILL,NA,1,P02,LAB01,0,1,-886,1852,0,360
20260910_105324,STILL_1P_NA,22.116,26966332,299,STILL,NA,1,P02,LAB01,1,0,0,0,0,0
20260910_105324,STILL_1P_NA,22.116,26966332,299,STILL,NA,1,P02,LAB01,2,0,0,0,0,0
20260910_105324,STILL_1P_NA,22.205,27055252,300,STILL,NA,1,P02,LAB01,0,1,-879,1856,0,360
20260910_105324,STILL_1P_NA,22.205,27055252,300,STILL,NA,1,P02,LAB01,1,0,0,0,0,0
20260910_105324,STILL_1P_NA,22.205,27055252,300,STILL,NA,1,P02,LAB01,2,0,0,0,0,0
20260910_105324,STILL_1P_NA,22.294,27144235,301,STILL,NA,1,P02,LAB01,0,1,-873,1861,0,360
20260910_105324,STILL_1P_NA,22.294,27144235,301,STILL,NA,1,P02,LAB01,1,0,0,0,0,0
20260910_105324,STILL_1P_NA,22.294,27144235,301,STILL,NA,1,P02,LAB01,2,0,0,0,0,0
20260910_105324,STILL_1P_NA,22.383,27233179,302,STILL,NA,1,P02,LAB01,0,1,-867,1865,0,360
20260910_105324,STILL_1P_NA,22.383,27233179,302,STILL,NA,1,P02,LAB01,1,0,0,0,0,0
20260910_105324,STILL_1P_NA,22.383,27233179,302,STILL,NA,1,P02,LAB01,2,0,0,0,0,0
20260910_105324,STILL_1P_NA,22.472,27322161,303,STILL,NA,1,P02,LAB01,0,1,-864,1869,0,360
20260910_105324,STILL_1P_NA,22.472,27322161,303,STILL,NA,1,P02,LAB01,1,0,0,0,0,0
20260910_105324,STILL_1P_NA,22.472,27322161,303,STILL,NA,1,P02,LAB01,2,0,0,0,0,0
20260910_105324,STILL_1P_NA,22.561,27411019,304,STILL,NA,1,P02,LAB01,0,1,-859,1872,0,360
20260910_105324,STILL_1P_NA,22.561,27411019,304,STILL,NA,1,P02,LAB01,1,0,0,0,0,0
20260910_105324,STILL_1P_NA,22.561,27411019,304,STILL,NA,1,P02,LAB01,2,0,0,0,0,0
20260910_105324,STILL_1P_NA,22.650,27500188,305,STILL,NA,1,P02,LAB01,0,1,-855,1877,0,360
20260910_105324,STILL_1P_NA,22.650,27500188,305,STILL,NA,1,P02,LAB01,1,0,0,0,0,0
20260910_105324,STILL_1P_NA,22.650,27500188,305,STILL,NA,1,P02,LAB01,2,0,0,0,0,0
20260910_105324,STILL_1P_NA,22.740,27589138,306,STILL,NA,1,P02,LAB01,0,1,-853,1880,0,360
20260910_105324,STILL_1P_NA,22.740,27589138,306,STILL,NA,1,P02,LAB01,1,0,0,0,0,0
20260910_105324,STILL_1P_NA,22.740,27589138,306,STILL,NA,1,P02,LAB01,2,0,0,0,0,0
20260910_105324,STILL_1P_NA,22.828,27678259,307,STILL,NA,1,P02,LAB01,0,1,-856,1883,0,360
20260910_105324,STILL_1P_NA,22.828,27678259,307,STILL,NA,1,P02,LAB01,1,0,0,0,0,0
20260910_105324,STILL_1P_NA,22.828,27678259,307,STILL,NA,1,P02,LAB01,2,0,0,0,0,0
20260910_105324,STILL_1P_NA,22.917,27767208,308,STILL,NA,1,P02,LAB01,0,1,-857,1887,0,360
20260910_105324,STILL_1P_NA,22.917,27767208,308,STILL,NA,1,P02,LAB01,1,0,0,0,0,0
20260910_105324,STILL_1P_NA,22.917,27767208,308,STILL,NA,1,P02,LAB01,2,0,0,0,0,0
20260910_105324,STILL_1P_NA,23.006,27856091,309,STILL,NA,1,P02,LAB01,0,1,-853,1892,0,360
20260910_105324,STILL_1P_NA,23.006,27856091,309,STILL,NA,1,P02,LAB01,1,0,0,0,0,0
20260910_105324,STILL_1P_NA,23.006,27856091,309,STILL,NA,1,P02,LAB01,2,0,0,0,0,0
20260910_105324,STILL_1P_NA,23.095,27945235,310,STILL,NA,1,P02,LAB01,0,1,-852,1897,-8,360
20260910_105324,STILL_1P_NA,23.095,27945235,310,STILL,NA,1,P02,LAB01,1,0,0,0,0,0
20260910_105324,STILL_1P_NA,23.095,27945235,310,STILL,NA,1,P02,LAB01,2,0,0,0,0,0
20260910_105324,STILL_1P_NA,23.185,28034019,311,STILL,NA,1,P02,LAB01,0,1,-858,1904,-16,360
20260910_105324,STILL_1P_NA,23.185,28034019,311,STILL,NA,1,P02,LAB01,1,0,0,0,0,0
20260910_105324,STILL_1P_NA,23.185,28034019,311,STILL,NA,1,P02,LAB01,2,0,0,0,0,0
20260910_105324,STILL_1P_NA,23.273,28123064,312,STILL,NA,1,P02,LAB01,0,1,-862,1914,-16,360
20260910_105324,STILL_1P_NA,23.273,28123064,312,STILL,NA,1,P02,LAB01,1,0,0,0,0,0
20260910_105324,STILL_1P_NA,23.273,28123064,312,STILL,NA,1,P02,LAB01,2,0,0,0,0,0
20260910_105324,STILL_1P_NA,23.363,28212111,313,STILL,NA,1,P02,LAB01,0,1,-868,1922,-8,360
20260910_105324,STILL_1P_NA,23.363,28212111,313,STILL,NA,1,P02,LAB01,1,0,0,0,0,0
20260910_105324,STILL_1P_NA,23.363,28212111,313,STILL,NA,1,P02,LAB01,2,0,0,0,0,0
20260910_105324,STILL_1P_NA,23.451,28301029,314,STILL,NA,1,P02,LAB01,0,1,-872,1932,0,360
20260910_105324,STILL_1P_NA,23.451,28301029,314,STILL,NA,1,P02,LAB01,1,0,0,0,0,0
20260910_105324,STILL_1P_NA,23.451,28301029,314,STILL,NA,1,P02,LAB01,2,0,0,0,0,0
20260910_105324,STILL_1P_NA,23.541,28390336,315,STILL,NA,1,P02,LAB01,0,1,-877,1940,-88,360
20260910_105324,STILL_1P_NA,23.541,28390336,315,STILL,NA,1,P02,LAB01,1,0,0,0,0,0
20260910_105324,STILL_1P_NA,23.541,28390336,315,STILL,NA,1,P02,LAB01,2,0,0,0,0,0
20260910_105324,STILL_1P_NA,23.629,28478910,316,STILL,NA,1,P02,LAB01,0,1,-882,1944,-24,360
20260910_105324,STILL_1P_NA,23.629,28478910,316,STILL,NA,1,P02,LAB01,1,0,0,0,0,0
20260910_105324,STILL_1P_NA,23.629,28478910,316,STILL,NA,1,P02,LAB01,2,0,0,0,0,0
20260910_105324,STILL_1P_NA,23.718,28568106,317,STILL,NA,1,P02,LAB01,0,1,-888,1945,-8,360
20260910_105324,STILL_1P_NA,23.718,28568106,317,STILL,NA,1,P02,LAB01,1,0,0,0,0,0
20260910_105324,STILL_1P_NA,23.718,28568106,317,STILL,NA,1,P02,LAB01,2,0,0,0,0,0
20260910_105324,STILL_1P_NA,23.807,28656905,318,STILL,NA,1,P02,LAB01,0,1,-892,1945,0,360
20260910_105324,STILL_1P_NA,23.807,28656905,318,STILL,NA,1,P02,LAB01,1,0,0,0,0,0
20260910_105324,STILL_1P_NA,23.807,28656905,318,STILL,NA,1,P02,LAB01,2,0,0,0,0,0
20260910_105324,STILL_1P_NA,23.896,28746035,319,STILL,NA,1,P02,LAB01,0,1,-889,1943,0,360
20260910_105324,STILL_1P_NA,23.896,28746035,319,STILL,NA,1,P02,LAB01,1,0,0,0,0,0
20260910_105324,STILL_1P_NA,23.896,28746035,319,STILL,NA,1,P02,LAB01,2,0,0,0,0,0
20260910_105324,STILL_1P_NA,23.985,28834871,320,STILL,NA,1,P02,LAB01,0,1,-887,1942,0,360
20260910_105324,STILL_1P_NA,23.985,28834871,320,STILL,NA,1,P02,LAB01,1,0,0,0,0,0
20260910_105324,STILL_1P_NA,23.985,28834871,320,STILL,NA,1,P02,LAB01,2,0,0,0,0,0
20260910_105324,STILL_1P_NA,24.075,28924123,321,STILL,NA,1,P02,LAB01,0,1,-882,1942,8,360
20260910_105324,STILL_1P_NA,24.075,28924123,321,STILL,NA,1,P02,LAB01,1,0,0,0,0,0
20260910_105324,STILL_1P_NA,24.075,28924123,321,STILL,NA,1,P02,LAB01,2,0,0,0,0,0
20260910_105324,STILL_1P_NA,24.163,29012992,322,STILL,NA,1,P02,LAB01,0,1,-879,1943,-8,360
20260910_105324,STILL_1P_NA,24.163,29012992,322,STILL,NA,1,P02,LAB01,1,0,0,0,0,0
20260910_105324,STILL_1P_NA,24.163,29012992,322,STILL,NA,1,P02,LAB01,2,0,0,0,0,0
20260910_105324,STILL_1P_NA,24.252,29101849,323,STILL,NA,1,P02,LAB01,0,1,-877,1945,-8,360
20260910_105324,STILL_1P_NA,24.252,29101849,323,STILL,NA,1,P02,LAB01,1,0,0,0,0,0
20260910_105324,STILL_1P_NA,24.252,29101849,323,STILL,NA,1,P02,LAB01,2,0,0,0,0,0
20260910_105324,STILL_1P_NA,24.342,29191068,324,STILL,NA,1,P02,LAB01,0,1,-871,1950,24,360
20260910_105324,STILL_1P_NA,24.342,29191068,324,STILL,NA,1,P02,LAB01,1,0,0,0,0,0
20260910_105324,STILL_1P_NA,24.342,29191068,324,STILL,NA,1,P02,LAB01,2,0,0,0,0,0
20260910_105324,STILL_1P_NA,24.431,29280020,325,STILL,NA,1,P02,LAB01,0,1,-866,1955,-8,360
20260910_105324,STILL_1P_NA,24.431,29280020,325,STILL,NA,1,P02,LAB01,1,0,0,0,0,0
20260910_105324,STILL_1P_NA,24.431,29280020,325,STILL,NA,1,P02,LAB01,2,0,0,0,0,0
20260910_105324,STILL_1P_NA,24.519,29368952,326,STILL,NA,1,P02,LAB01,0,1,-864,1957,-8,360
20260910_105324,STILL_1P_NA,24.519,29368952,326,STILL,NA,1,P02,LAB01,1,0,0,0,0,0
20260910_105324,STILL_1P_NA,24.519,29368952,326,STILL,NA,1,P02,LAB01,2,0,0,0,0,0
20260910_105324,STILL_1P_NA,24.608,29457993,327,STILL,NA,1,P02,LAB01,0,1,-858,1958,-8,360
20260910_105324,STILL_1P_NA,24.608,29457993,327,STILL,NA,1,P02,LAB01,1,0,0,0,0,0
20260910_105324,STILL_1P_NA,24.608,29457993,327,STILL,NA,1,P02,LAB01,2,0,0,0,0,0
20260910_105324,STILL_1P_NA,24.697,29546919,328,STILL,NA,1,P02,LAB01,0,1,-852,1956,-16,360
20260910_105324,STILL_1P_NA,24.697,29546919,328,STILL,NA,1,P02,LAB01,1,0,0,0,0,0
20260910_105324,STILL_1P_NA,24.697,29546919,328,STILL,NA,1,P02,LAB01,2,0,0,0,0,0
20260910_105324,STILL_1P_NA,24.786,29635993,329,STILL,NA,1,P02,LAB01,0,1,-851,1953,-8,360
20260910_105324,STILL_1P_NA,24.786,29635993,329,STILL,NA,1,P02,LAB01,1,0,0,0,0,0
20260910_105324,STILL_1P_NA,24.786,29635993,329,STILL,NA,1,P02,LAB01,2,0,0,0,0,0
20260910_105324,STILL_1P_NA,24.875,29725064,330,STILL,NA,1,P02,LAB01,0,1,-848,1954,16,360
20260910_105324,STILL_1P_NA,24.875,29725064,330,STILL,NA,1,P02,LAB01,1,0,0,0,0,0
20260910_105324,STILL_1P_NA,24.875,29725064,330,STILL,NA,1,P02,LAB01,2,0,0,0,0,0
20260910_105324,STILL_1P_NA,24.964,29813775,331,STILL,NA,1,P02,LAB01,0,1,-845,1951,0,360
20260910_105324,STILL_1P_NA,24.964,29813775,331,STILL,NA,1,P02,LAB01,1,0,0,0,0,0
20260910_105324,STILL_1P_NA,24.964,29813775,331,STILL,NA,1,P02,LAB01,2,0,0,0,0,0
20260910_105324,STILL_1P_NA,25.053,29903179,332,STILL,NA,1,P02,LAB01,0,1,-846,1948,0,360
20260910_105324,STILL_1P_NA,25.053,29903179,332,STILL,NA,1,P02,LAB01,1,0,0,0,0,0
20260910_105324,STILL_1P_NA,25.053,29903179,332,STILL,NA,1,P02,LAB01,2,0,0,0,0,0
20260910_105324,STILL_1P_NA,25.142,29992041,333,STILL,NA,1,P02,LAB01,0,1,-844,1945,0,360
20260910_105324,STILL_1P_NA,25.142,29992041,333,STILL,NA,1,P02,LAB01,1,0,0,0,0,0
20260910_105324,STILL_1P_NA,25.142,29992041,333,STILL,NA,1,P02,LAB01,2,0,0,0,0,0
20260910_105324,STILL_1P_NA,25.231,30080842,334,STILL,NA,1,P02,LAB01,0,1,-846,1943,-8,360
20260910_105324,STILL_1P_NA,25.231,30080842,334,STILL,NA,1,P02,LAB01,1,0,0,0,0,0
20260910_105324,STILL_1P_NA,25.231,30080842,334,STILL,NA,1,P02,LAB01,2,0,0,0,0,0
20260910_105324,STILL_1P_NA,25.320,30169828,335,STILL,NA,1,P02,LAB01,0,1,-845,1940,-8,360
20260910_105324,STILL_1P_NA,25.320,30169828,335,STILL,NA,1,P02,LAB01,1,0,0,0,0,0
20260910_105324,STILL_1P_NA,25.320,30169828,335,STILL,NA,1,P02,LAB01,2,0,0,0,0,0
20260910_105324,STILL_1P_NA,25.409,30258905,336,STILL,NA,1,P02,LAB01,0,1,-839,1938,-8,360
20260910_105324,STILL_1P_NA,25.409,30258905,336,STILL,NA,1,P02,LAB01,1,0,0,0,0,0
20260910_105324,STILL_1P_NA,25.409,30258905,336,STILL,NA,1,P02,LAB01,2,0,0,0,0,0
20260910_105324,STILL_1P_NA,25.498,30347787,337,STILL,NA,1,P02,LAB01,0,1,-826,1938,8,360
20260910_105324,STILL_1P_NA,25.498,30347787,337,STILL,NA,1,P02,LAB01,1,0,0,0,0,0
20260910_105324,STILL_1P_NA,25.498,30347787,337,STILL,NA,1,P02,LAB01,2,0,0,0,0,0
20260910_105324,STILL_1P_NA,25.587,30436801,338,STILL,NA,1,P02,LAB01,0,1,-814,1940,8,360
20260910_105324,STILL_1P_NA,25.587,30436801,338,STILL,NA,1,P02,LAB01,1,0,0,0,0,0
20260910_105324,STILL_1P_NA,25.587,30436801,338,STILL,NA,1,P02,LAB01,2,0,0,0,0,0
20260910_105324,STILL_1P_NA,25.676,30525750,339,STILL,NA,1,P02,LAB01,0,1,-805,1941,0,360
20260910_105324,STILL_1P_NA,25.676,30525750,339,STILL,NA,1,P02,LAB01,1,0,0,0,0,0
20260910_105324,STILL_1P_NA,25.676,30525750,339,STILL,NA,1,P02,LAB01,2,0,0,0,0,0
20260910_105324,STILL_1P_NA,25.765,30614801,340,STILL,NA,1,P02,LAB01,0,1,-799,1943,0,360
20260910_105324,STILL_1P_NA,25.765,30614801,340,STILL,NA,1,P02,LAB01,1,0,0,0,0,0
20260910_105324,STILL_1P_NA,25.765,30614801,340,STILL,NA,1,P02,LAB01,2,0,0,0,0,0
20260910_105324,STILL_1P_NA,25.854,30703751,341,STILL,NA,1,P02,LAB01,0,1,-793,1944,8,360
20260910_105324,STILL_1P_NA,25.854,30703751,341,STILL,NA,1,P02,LAB01,1,0,0,0,0,0
20260910_105324,STILL_1P_NA,25.854,30703751,341,STILL,NA,1,P02,LAB01,2,0,0,0,0,0
20260910_105324,STILL_1P_NA,25.943,30792919,342,STILL,NA,1,P02,LAB01,0,1,-787,1946,8,360
20260910_105324,STILL_1P_NA,25.943,30792919,342,STILL,NA,1,P02,LAB01,1,0,0,0,0,0
20260910_105324,STILL_1P_NA,25.943,30792919,342,STILL,NA,1,P02,LAB01,2,0,0,0,0,0
20260910_105324,STILL_1P_NA,26.032,30881934,343,STILL,NA,1,P02,LAB01,0,1,-785,1947,0,360
20260910_105324,STILL_1P_NA,26.032,30881934,343,STILL,NA,1,P02,LAB01,1,0,0,0,0,0
20260910_105324,STILL_1P_NA,26.032,30881934,343,STILL,NA,1,P02,LAB01,2,0,0,0,0,0
20260910_105324,STILL_1P_NA,26.121,30970982,344,STILL,NA,1,P02,LAB01,0,1,-791,1943,8,360
20260910_105324,STILL_1P_NA,26.121,30970982,344,STILL,NA,1,P02,LAB01,1,0,0,0,0,0
20260910_105324,STILL_1P_NA,26.121,30970982,344,STILL,NA,1,P02,LAB01,2,0,0,0,0,0
20260910_105324,STILL_1P_NA,26.210,31059871,345,STILL,NA,1,P02,LAB01,0,1,-799,1936,0,360
20260910_105324,STILL_1P_NA,26.210,31059871,345,STILL,NA,1,P02,LAB01,1,0,0,0,0,0
20260910_105324,STILL_1P_NA,26.210,31059871,345,STILL,NA,1,P02,LAB01,2,0,0,0,0,0
20260910_105324,STILL_1P_NA,26.299,31148822,346,STILL,NA,1,P02,LAB01,0,1,-807,1931,-8,360
20260910_105324,STILL_1P_NA,26.299,31148822,346,STILL,NA,1,P02,LAB01,1,0,0,0,0,0
20260910_105324,STILL_1P_NA,26.299,31148822,346,STILL,NA,1,P02,LAB01,2,0,0,0,0,0
20260910_105324,STILL_1P_NA,26.388,31237712,347,STILL,NA,1,P02,LAB01,0,1,-811,1933,0,360
20260910_105324,STILL_1P_NA,26.388,31237712,347,STILL,NA,1,P02,LAB01,1,0,0,0,0,0
20260910_105324,STILL_1P_NA,26.388,31237712,347,STILL,NA,1,P02,LAB01,2,0,0,0,0,0
20260910_105324,STILL_1P_NA,26.477,31326910,348,STILL,NA,1,P02,LAB01,0,1,-811,1936,-8,360
20260910_105324,STILL_1P_NA,26.477,31326910,348,STILL,NA,1,P02,LAB01,1,0,0,0,0,0
20260910_105324,STILL_1P_NA,26.477,31326910,348,STILL,NA,1,P02,LAB01,2,0,0,0,0,0
20260910_105324,STILL_1P_NA,26.566,31415828,349,STILL,NA,1,P02,LAB01,0,1,-813,1939,0,360
20260910_105324,STILL_1P_NA,26.566,31415828,349,STILL,NA,1,P02,LAB01,1,0,0,0,0,0
20260910_105324,STILL_1P_NA,26.566,31415828,349,STILL,NA,1,P02,LAB01,2,0,0,0,0,0
20260910_105324,STILL_1P_NA,26.655,31504878,350,STILL,NA,1,P02,LAB01,0,1,-810,1944,0,360
20260910_105324,STILL_1P_NA,26.655,31504878,350,STILL,NA,1,P02,LAB01,1,0,0,0,0,0
20260910_105324,STILL_1P_NA,26.655,31504878,350,STILL,NA,1,P02,LAB01,2,0,0,0,0,0
20260910_105324,STILL_1P_NA,26.744,31593506,351,STILL,NA,1,P02,LAB01,0,1,-810,1946,0,360
20260910_105324,STILL_1P_NA,26.744,31593506,351,STILL,NA,1,P02,LAB01,1,0,0,0,0,0
20260910_105324,STILL_1P_NA,26.744,31593506,351,STILL,NA,1,P02,LAB01,2,0,0,0,0,0
20260910_105324,STILL_1P_NA,26.833,31682833,352,STILL,NA,1,P02,LAB01,0,1,-817,1942,0,360
20260910_105324,STILL_1P_NA,26.833,31682833,352,STILL,NA,1,P02,LAB01,1,0,0,0,0,0
20260910_105324,STILL_1P_NA,26.833,31682833,352,STILL,NA,1,P02,LAB01,2,0,0,0,0,0
20260910_105324,STILL_1P_NA,26.922,31771573,353,STILL,NA,1,P02,LAB01,0,1,-823,1936,0,360
20260910_105324,STILL_1P_NA,26.922,31771573,353,STILL,NA,1,P02,LAB01,1,0,0,0,0,0
20260910_105324,STILL_1P_NA,26.922,31771573,353,STILL,NA,1,P02,LAB01,2,0,0,0,0,0
20260910_105324,STILL_1P_NA,27.011,31860712,354,STILL,NA,1,P02,LAB01,0,1,-816,1937,0,360
20260910_105324,STILL_1P_NA,27.011,31860712,354,STILL,NA,1,P02,LAB01,1,0,0,0,0,0
20260910_105324,STILL_1P_NA,27.011,31860712,354,STILL,NA,1,P02,LAB01,2,0,0,0,0,0
20260910_105324,STILL_1P_NA,27.100,31949723,355,STILL,NA,1,P02,LAB01,0,1,-806,1938,0,360
20260910_105324,STILL_1P_NA,27.100,31949723,355,STILL,NA,1,P02,LAB01,1,0,0,0,0,0
20260910_105324,STILL_1P_NA,27.100,31949723,355,STILL,NA,1,P02,LAB01,2,0,0,0,0,0
20260910_105324,STILL_1P_NA,27.189,32038702,356,STILL,NA,1,P02,LAB01,0,1,-791,1941,0,360
20260910_105324,STILL_1P_NA,27.189,32038702,356,STILL,NA,1,P02,LAB01,1,0,0,0,0,0
20260910_105324,STILL_1P_NA,27.189,32038702,356,STILL,NA,1,P02,LAB01,2,0,0,0,0,0
20260910_105324,STILL_1P_NA,27.278,32127843,357,STILL,NA,1,P02,LAB01,0,1,-783,1945,0,360
20260910_105324,STILL_1P_NA,27.278,32127843,357,STILL,NA,1,P02,LAB01,1,0,0,0,0,0
20260910_105324,STILL_1P_NA,27.278,32127843,357,STILL,NA,1,P02,LAB01,2,0,0,0,0,0
20260910_105324,STILL_1P_NA,27.367,32216606,358,STILL,NA,1,P02,LAB01,0,1,-777,1949,0,360
20260910_105324,STILL_1P_NA,27.367,32216606,358,STILL,NA,1,P02,LAB01,1,0,0,0,0,0
20260910_105324,STILL_1P_NA,27.367,32216606,358,STILL,NA,1,P02,LAB01,2,0,0,0,0,0
20260910_105324,STILL_1P_NA,27.456,32305805,359,STILL,NA,1,P02,LAB01,0,1,-773,1954,0,360
20260910_105324,STILL_1P_NA,27.456,32305805,359,STILL,NA,1,P02,LAB01,1,0,0,0,0,0
20260910_105324,STILL_1P_NA,27.456,32305805,359,STILL,NA,1,P02,LAB01,2,0,0,0,0,0
20260910_105324,STILL_1P_NA,27.545,32394760,360,STILL,NA,1,P02,LAB01,0,1,-770,1960,0,360
20260910_105324,STILL_1P_NA,27.545,32394760,360,STILL,NA,1,P02,LAB01,1,0,0,0,0,0
20260910_105324,STILL_1P_NA,27.545,32394760,360,STILL,NA,1,P02,LAB01,2,0,0,0,0,0
20260910_105324,STILL_1P_NA,27.634,32483674,361,STILL,NA,1,P02,LAB01,0,1,-762,1968,0,360
20260910_105324,STILL_1P_NA,27.634,32483674,361,STILL,NA,1,P02,LAB01,1,0,0,0,0,0
20260910_105324,STILL_1P_NA,27.634,32483674,361,STILL,NA,1,P02,LAB01,2,0,0,0,0,0
20260910_105324,STILL_1P_NA,27.723,32572662,362,STILL,NA,1,P02,LAB01,0,1,-753,1972,0,360
20260910_105324,STILL_1P_NA,27.723,32572662,362,STILL,NA,1,P02,LAB01,1,0,0,0,0,0
20260910_105324,STILL_1P_NA,27.723,32572662,362,STILL,NA,1,P02,LAB01,2,0,0,0,0,0
20260910_105324,STILL_1P_NA,27.812,32661642,363,STILL,NA,1,P02,LAB01,0,1,-746,1978,0,360
20260910_105324,STILL_1P_NA,27.812,32661642,363,STILL,NA,1,P02,LAB01,1,0,0,0,0,0
20260910_105324,STILL_1P_NA,27.812,32661642,363,STILL,NA,1,P02,LAB01,2,0,0,0,0,0
20260910_105324,STILL_1P_NA,27.901,32750656,364,STILL,NA,1,P02,LAB01,0,1,-742,1981,0,360
20260910_105324,STILL_1P_NA,27.901,32750656,364,STILL,NA,1,P02,LAB01,1,0,0,0,0,0
20260910_105324,STILL_1P_NA,27.901,32750656,364,STILL,NA,1,P02,LAB01,2,0,0,0,0,0
20260910_105324,STILL_1P_NA,27.990,32839479,365,STILL,NA,1,P02,LAB01,0,1,-735,1985,0,360
20260910_105324,STILL_1P_NA,27.990,32839479,365,STILL,NA,1,P02,LAB01,1,0,0,0,0,0
20260910_105324,STILL_1P_NA,27.990,32839479,365,STILL,NA,1,P02,LAB01,2,0,0,0,0,0
20260910_105324,STILL_1P_NA,28.079,32928528,366,STILL,NA,1,P02,LAB01,0,1,-728,1988,0,360
20260910_105324,STILL_1P_NA,28.079,32928528,366,STILL,NA,1,P02,LAB01,1,0,0,0,0,0
20260910_105324,STILL_1P_NA,28.079,32928528,366,STILL,NA,1,P02,LAB01,2,0,0,0,0,0
20260910_105324,STILL_1P_NA,28.168,33017354,367,STILL,NA,1,P02,LAB01,0,1,-726,1989,0,360
20260910_105324,STILL_1P_NA,28.168,33017354,367,STILL,NA,1,P02,LAB01,1,0,0,0,0,0
20260910_105324,STILL_1P_NA,28.168,33017354,367,STILL,NA,1,P02,LAB01,2,0,0,0,0,0
20260910_105324,STILL_1P_NA,28.257,33106619,368,STILL,NA,1,P02,LAB01,0,1,-729,1989,0,360
20260910_105324,STILL_1P_NA,28.257,33106619,368,STILL,NA,1,P02,LAB01,1,0,0,0,0,0
20260910_105324,STILL_1P_NA,28.257,33106619,368,STILL,NA,1,P02,LAB01,2,0,0,0,0,0
20260910_105324,STILL_1P_NA,28.346,33195444,369,STILL,NA,1,P02,LAB01,0,1,-732,1989,0,360
20260910_105324,STILL_1P_NA,28.346,33195444,369,STILL,NA,1,P02,LAB01,1,0,0,0,0,0
20260910_105324,STILL_1P_NA,28.346,33195444,369,STILL,NA,1,P02,LAB01,2,0,0,0,0,0
20260910_105324,STILL_1P_NA,28.435,33284552,370,STILL,NA,1,P02,LAB01,0,1,-734,1988,0,360
20260910_105324,STILL_1P_NA,28.435,33284552,370,STILL,NA,1,P02,LAB01,1,0,0,0,0,0
20260910_105324,STILL_1P_NA,28.435,33284552,370,STILL,NA,1,P02,LAB01,2,0,0,0,0,0
20260910_105324,STILL_1P_NA,28.524,33373318,371,STILL,NA,1,P02,LAB01,0,1,-731,1987,0,360
20260910_105324,STILL_1P_NA,28.524,33373318,371,STILL,NA,1,P02,LAB01,1,0,0,0,0,0
20260910_105324,STILL_1P_NA,28.524,33373318,371,STILL,NA,1,P02,LAB01,2,0,0,0,0,0
20260910_105324,STILL_1P_NA,28.613,33462547,372,STILL,NA,1,P02,LAB01,0,1,-726,1985,0,360
20260910_105324,STILL_1P_NA,28.613,33462547,372,STILL,NA,1,P02,LAB01,1,0,0,0,0,0
20260910_105324,STILL_1P_NA,28.613,33462547,372,STILL,NA,1,P02,LAB01,2,0,0,0,0,0
20260910_105324,STILL_1P_NA,28.702,33551147,373,STILL,NA,1,P02,LAB01,0,1,-720,1985,0,360
20260910_105324,STILL_1P_NA,28.702,33551147,373,STILL,NA,1,P02,LAB01,1,0,0,0,0,0
20260910_105324,STILL_1P_NA,28.702,33551147,373,STILL,NA,1,P02,LAB01,2,0,0,0,0,0
20260910_105324,STILL_1P_NA,28.791,33640382,374,STILL,NA,1,P02,LAB01,0,1,-716,1985,0,360
20260910_105324,STILL_1P_NA,28.791,33640382,374,STILL,NA,1,P02,LAB01,1,0,0,0,0,0
20260910_105324,STILL_1P_NA,28.791,33640382,374,STILL,NA,1,P02,LAB01,2,0,0,0,0,0
20260910_105324,STILL_1P_NA,28.880,33729338,375,STILL,NA,1,P02,LAB01,0,1,-712,1985,0,360
20260910_105324,STILL_1P_NA,28.880,33729338,375,STILL,NA,1,P02,LAB01,1,0,0,0,0,0
20260910_105324,STILL_1P_NA,28.880,33729338,375,STILL,NA,1,P02,LAB01,2,0,0,0,0,0
20260910_105324,STILL_1P_NA,28.968,33818471,376,STILL,NA,1,P02,LAB01,0,1,-707,1986,0,360
20260910_105324,STILL_1P_NA,28.968,33818471,376,STILL,NA,1,P02,LAB01,1,0,0,0,0,0
20260910_105324,STILL_1P_NA,28.968,33818471,376,STILL,NA,1,P02,LAB01,2,0,0,0,0,0
20260910_105324,STILL_1P_NA,29.057,33907332,377,STILL,NA,1,P02,LAB01,0,1,-703,1988,0,360
20260910_105324,STILL_1P_NA,29.057,33907332,377,STILL,NA,1,P02,LAB01,1,0,0,0,0,0
20260910_105324,STILL_1P_NA,29.057,33907332,377,STILL,NA,1,P02,LAB01,2,0,0,0,0,0
20260910_105324,STILL_1P_NA,29.147,33996600,378,STILL,NA,1,P02,LAB01,0,1,-702,1990,0,360
20260910_105324,STILL_1P_NA,29.147,33996600,378,STILL,NA,1,P02,LAB01,1,0,0,0,0,0
20260910_105324,STILL_1P_NA,29.147,33996600,378,STILL,NA,1,P02,LAB01,2,0,0,0,0,0
20260910_105324,STILL_1P_NA,29.236,34085451,379,STILL,NA,1,P02,LAB01,0,1,-701,1992,0,360
20260910_105324,STILL_1P_NA,29.236,34085451,379,STILL,NA,1,P02,LAB01,1,0,0,0,0,0
20260910_105324,STILL_1P_NA,29.236,34085451,379,STILL,NA,1,P02,LAB01,2,0,0,0,0,0
20260910_105324,STILL_1P_NA,29.324,34174057,380,STILL,NA,1,P02,LAB01,0,1,-700,1993,0,360
20260910_105324,STILL_1P_NA,29.324,34174057,380,STILL,NA,1,P02,LAB01,1,0,0,0,0,0
20260910_105324,STILL_1P_NA,29.324,34174057,380,STILL,NA,1,P02,LAB01,2,0,0,0,0,0
20260910_105324,STILL_1P_NA,29.413,34262828,381,STILL,NA,1,P02,LAB01,0,1,-700,1994,0,360
20260910_105324,STILL_1P_NA,29.413,34262828,381,STILL,NA,1,P02,LAB01,1,0,0,0,0,0
20260910_105324,STILL_1P_NA,29.413,34262828,381,STILL,NA,1,P02,LAB01,2,0,0,0,0,0
20260910_105324,STILL_1P_NA,29.502,34352252,382,STILL,NA,1,P02,LAB01,0,1,-702,1995,0,360
20260910_105324,STILL_1P_NA,29.502,34352252,382,STILL,NA,1,P02,LAB01,1,0,0,0,0,0
20260910_105324,STILL_1P_NA,29.502,34352252,382,STILL,NA,1,P02,LAB01,2,0,0,0,0,0
20260910_105324,STILL_1P_NA,29.592,34441232,383,STILL,NA,1,P02,LAB01,0,1,-703,1993,0,360
20260910_105324,STILL_1P_NA,29.592,34441232,383,STILL,NA,1,P02,LAB01,1,0,0,0,0,0
20260910_105324,STILL_1P_NA,29.592,34441232,383,STILL,NA,1,P02,LAB01,2,0,0,0,0,0
20260910_105324,STILL_1P_NA,29.681,34530492,384,STILL,NA,1,P02,LAB01,0,1,-704,1990,0,360
20260910_105324,STILL_1P_NA,29.681,34530492,384,STILL,NA,1,P02,LAB01,1,0,0,0,0,0
20260910_105324,STILL_1P_NA,29.681,34530492,384,STILL,NA,1,P02,LAB01,2,0,0,0,0,0
20260910_105324,STILL_1P_NA,29.770,34619409,385,STILL,NA,1,P02,LAB01,0,1,-706,1989,0,360
20260910_105324,STILL_1P_NA,29.770,34619409,385,STILL,NA,1,P02,LAB01,1,0,0,0,0,0
20260910_105324,STILL_1P_NA,29.770,34619409,385,STILL,NA,1,P02,LAB01,2,0,0,0,0,0
20260910_105324,STILL_1P_NA,29.858,34708235,386,STILL,NA,1,P02,LAB01,0,1,-706,1989,0,360
20260910_105324,STILL_1P_NA,29.858,34708235,386,STILL,NA,1,P02,LAB01,1,0,0,0,0,0
20260910_105324,STILL_1P_NA,29.858,34708235,386,STILL,NA,1,P02,LAB01,2,0,0,0,0,0
20260910_105324,STILL_1P_NA,29.948,34797437,387,STILL,NA,1,P02,LAB01,0,1,-704,1990,0,360
20260910_105324,STILL_1P_NA,29.948,34797437,387,STILL,NA,1,P02,LAB01,1,0,0,0,0,0
20260910_105324,STILL_1P_NA,29.948,34797437,387,STILL,NA,1,P02,LAB01,2,0,0,0,0,0
20260910_105324,STILL_1P_NA,30.036,34886389,388,STILL,NA,1,P02,LAB01,0,1,-701,1990,0,360
20260910_105324,STILL_1P_NA,30.036,34886389,388,STILL,NA,1,P02,LAB01,1,0,0,0,0,0
20260910_105324,STILL_1P_NA,30.036,34886389,388,STILL,NA,1,P02,LAB01,2,0,0,0,0,0
20260910_105324,STILL_1P_NA,30.125,34975252,389,STILL,NA,1,P02,LAB01,0,1,-698,1991,0,360
20260910_105324,STILL_1P_NA,30.125,34975252,389,STILL,NA,1,P02,LAB01,1,0,0,0,0,0
20260910_105324,STILL_1P_NA,30.125,34975252,389,STILL,NA,1,P02,LAB01,2,0,0,0,0,0
20260910_105324,STILL_1P_NA,30.214,35064194,390,STILL,NA,1,P02,LAB01,0,1,-693,1991,0,360
20260910_105324,STILL_1P_NA,30.214,35064194,390,STILL,NA,1,P02,LAB01,1,0,0,0,0,0
20260910_105324,STILL_1P_NA,30.214,35064194,390,STILL,NA,1,P02,LAB01,2,0,0,0,0,0
20260910_105324,STILL_1P_NA,30.304,35153368,391,STILL,NA,1,P02,LAB01,0,1,-689,1992,0,360
20260910_105324,STILL_1P_NA,30.304,35153368,391,STILL,NA,1,P02,LAB01,1,0,0,0,0,0
20260910_105324,STILL_1P_NA,30.304,35153368,391,STILL,NA,1,P02,LAB01,2,0,0,0,0,0
20260910_105324,STILL_1P_NA,30.392,35242259,392,STILL,NA,1,P02,LAB01,0,1,-685,1992,0,360
20260910_105324,STILL_1P_NA,30.392,35242259,392,STILL,NA,1,P02,LAB01,1,0,0,0,0,0
20260910_105324,STILL_1P_NA,30.392,35242259,392,STILL,NA,1,P02,LAB01,2,0,0,0,0,0
20260910_105324,STILL_1P_NA,30.481,35331305,393,STILL,NA,1,P02,LAB01,0,1,-679,1993,0,360
20260910_105324,STILL_1P_NA,30.481,35331305,393,STILL,NA,1,P02,LAB01,1,0,0,0,0,0
20260910_105324,STILL_1P_NA,30.481,35331305,393,STILL,NA,1,P02,LAB01,2,0,0,0,0,0
20260910_105324,STILL_1P_NA,30.570,35420223,394,STILL,NA,1,P02,LAB01,0,1,-674,1994,0,360
20260910_105324,STILL_1P_NA,30.570,35420223,394,STILL,NA,1,P02,LAB01,1,0,0,0,0,0
20260910_105324,STILL_1P_NA,30.570,35420223,394,STILL,NA,1,P02,LAB01,2,0,0,0,0,0
20260910_105324,STILL_1P_NA,30.660,35509274,395,STILL,NA,1,P02,LAB01,0,1,-665,1997,0,360
20260910_105324,STILL_1P_NA,30.660,35509274,395,STILL,NA,1,P02,LAB01,1,0,0,0,0,0
20260910_105324,STILL_1P_NA,30.660,35509274,395,STILL,NA,1,P02,LAB01,2,0,0,0,0,0
20260910_105324,STILL_1P_NA,30.748,35598058,396,STILL,NA,1,P02,LAB01,0,1,-655,2000,0,360
20260910_105324,STILL_1P_NA,30.748,35598058,396,STILL,NA,1,P02,LAB01,1,0,0,0,0,0
20260910_105324,STILL_1P_NA,30.748,35598058,396,STILL,NA,1,P02,LAB01,2,0,0,0,0,0
20260910_105324,STILL_1P_NA,30.837,35686978,397,STILL,NA,1,P02,LAB01,0,1,-645,2002,0,360
20260910_105324,STILL_1P_NA,30.837,35686978,397,STILL,NA,1,P02,LAB01,1,0,0,0,0,0
20260910_105324,STILL_1P_NA,30.837,35686978,397,STILL,NA,1,P02,LAB01,2,0,0,0,0,0
20260910_105324,STILL_1P_NA,30.926,35776111,398,STILL,NA,1,P02,LAB01,0,1,-641,2004,0,360
20260910_105324,STILL_1P_NA,30.926,35776111,398,STILL,NA,1,P02,LAB01,1,0,0,0,0,0
20260910_105324,STILL_1P_NA,30.926,35776111,398,STILL,NA,1,P02,LAB01,2,0,0,0,0,0
20260910_105324,STILL_1P_NA,31.015,35865291,399,STILL,NA,1,P02,LAB01,0,1,-639,2004,0,360
20260910_105324,STILL_1P_NA,31.015,35865291,399,STILL,NA,1,P02,LAB01,1,0,0,0,0,0
20260910_105324,STILL_1P_NA,31.015,35865291,399,STILL,NA,1,P02,LAB01,2,0,0,0,0,0
20260910_105324,STILL_1P_NA,31.104,35953993,400,STILL,NA,1,P02,LAB01,0,1,-639,2005,0,360
20260910_105324,STILL_1P_NA,31.104,35953993,400,STILL,NA,1,P02,LAB01,1,0,0,0,0,0
20260910_105324,STILL_1P_NA,31.104,35953993,400,STILL,NA,1,P02,LAB01,2,0,0,0,0,0
20260910_105324,STILL_1P_NA,31.193,36043225,401,STILL,NA,1,P02,LAB01,0,1,-640,2004,0,360
20260910_105324,STILL_1P_NA,31.193,36043225,401,STILL,NA,1,P02,LAB01,1,0,0,0,0,0
20260910_105324,STILL_1P_NA,31.193,36043225,401,STILL,NA,1,P02,LAB01,2,0,0,0,0,0
20260910_105324,STILL_1P_NA,31.282,36132168,402,STILL,NA,1,P02,LAB01,0,1,-641,2001,0,360
20260910_105324,STILL_1P_NA,31.282,36132168,402,STILL,NA,1,P02,LAB01,1,0,0,0,0,0
20260910_105324,STILL_1P_NA,31.282,36132168,402,STILL,NA,1,P02,LAB01,2,0,0,0,0,0
20260910_105324,STILL_1P_NA,31.372,36221499,403,STILL,NA,1,P02,LAB01,0,1,-641,2000,0,360
20260910_105324,STILL_1P_NA,31.372,36221499,403,STILL,NA,1,P02,LAB01,1,0,0,0,0,0
20260910_105324,STILL_1P_NA,31.372,36221499,403,STILL,NA,1,P02,LAB01,2,0,0,0,0,0
20260910_105324,STILL_1P_NA,31.461,36310263,404,STILL,NA,1,P02,LAB01,0,1,-637,2002,0,360
20260910_105324,STILL_1P_NA,31.461,36310263,404,STILL,NA,1,P02,LAB01,1,0,0,0,0,0
20260910_105324,STILL_1P_NA,31.461,36310263,404,STILL,NA,1,P02,LAB01,2,0,0,0,0,0
20260910_105324,STILL_1P_NA,31.549,36399002,405,STILL,NA,1,P02,LAB01,0,1,-634,2003,0,360
20260910_105324,STILL_1P_NA,31.549,36399002,405,STILL,NA,1,P02,LAB01,1,0,0,0,0,0
20260910_105324,STILL_1P_NA,31.549,36399002,405,STILL,NA,1,P02,LAB01,2,0,0,0,0,0
20260910_105324,STILL_1P_NA,31.638,36488014,406,STILL,NA,1,P02,LAB01,0,1,-629,2003,0,360
20260910_105324,STILL_1P_NA,31.638,36488014,406,STILL,NA,1,P02,LAB01,1,0,0,0,0,0
20260910_105324,STILL_1P_NA,31.638,36488014,406,STILL,NA,1,P02,LAB01,2,0,0,0,0,0
20260910_105324,STILL_1P_NA,31.728,36577279,407,STILL,NA,1,P02,LAB01,0,1,-619,2001,0,360
20260910_105324,STILL_1P_NA,31.728,36577279,407,STILL,NA,1,P02,LAB01,1,0,0,0,0,0
20260910_105324,STILL_1P_NA,31.728,36577279,407,STILL,NA,1,P02,LAB01,2,0,0,0,0,0
20260910_105324,STILL_1P_NA,31.816,36665982,408,STILL,NA,1,P02,LAB01,0,1,-611,1999,0,360
20260910_105324,STILL_1P_NA,31.816,36665982,408,STILL,NA,1,P02,LAB01,1,0,0,0,0,0
20260910_105324,STILL_1P_NA,31.816,36665982,408,STILL,NA,1,P02,LAB01,2,0,0,0,0,0
20260910_105324,STILL_1P_NA,31.905,36755105,409,STILL,NA,1,P02,LAB01,0,1,-608,1998,0,360
20260910_105324,STILL_1P_NA,31.905,36755105,409,STILL,NA,1,P02,LAB01,1,0,0,0,0,0
20260910_105324,STILL_1P_NA,31.905,36755105,409,STILL,NA,1,P02,LAB01,2,0,0,0,0,0
20260910_105324,STILL_1P_NA,31.994,36844029,410,STILL,NA,1,P02,LAB01,0,1,-608,1998,0,360
20260910_105324,STILL_1P_NA,31.994,36844029,410,STILL,NA,1,P02,LAB01,1,0,0,0,0,0
20260910_105324,STILL_1P_NA,31.994,36844029,410,STILL,NA,1,P02,LAB01,2,0,0,0,0,0
20260910_105324,STILL_1P_NA,32.083,36933014,411,STILL,NA,1,P02,LAB01,0,1,-609,1996,0,360
20260910_105324,STILL_1P_NA,32.083,36933014,411,STILL,NA,1,P02,LAB01,1,0,0,0,0,0
20260910_105324,STILL_1P_NA,32.083,36933014,411,STILL,NA,1,P02,LAB01,2,0,0,0,0,0
20260910_105324,STILL_1P_NA,32.172,37022178,412,STILL,NA,1,P02,LAB01,0,1,-610,1995,0,360
20260910_105324,STILL_1P_NA,32.172,37022178,412,STILL,NA,1,P02,LAB01,1,0,0,0,0,0
20260910_105324,STILL_1P_NA,32.172,37022178,412,STILL,NA,1,P02,LAB01,2,0,0,0,0,0
20260910_105324,STILL_1P_NA,32.262,37111291,413,STILL,NA,1,P02,LAB01,0,1,-611,1994,0,360
20260910_105324,STILL_1P_NA,32.262,37111291,413,STILL,NA,1,P02,LAB01,1,0,0,0,0,0
20260910_105324,STILL_1P_NA,32.262,37111291,413,STILL,NA,1,P02,LAB01,2,0,0,0,0,0
20260910_105324,STILL_1P_NA,32.350,37199964,414,STILL,NA,1,P02,LAB01,0,1,-615,1992,0,360
20260910_105324,STILL_1P_NA,32.350,37199964,414,STILL,NA,1,P02,LAB01,1,0,0,0,0,0
20260910_105324,STILL_1P_NA,32.350,37199964,414,STILL,NA,1,P02,LAB01,2,0,0,0,0,0
20260910_105324,STILL_1P_NA,32.439,37289162,415,STILL,NA,1,P02,LAB01,0,1,-618,1991,0,360
20260910_105324,STILL_1P_NA,32.439,37289162,415,STILL,NA,1,P02,LAB01,1,0,0,0,0,0
20260910_105324,STILL_1P_NA,32.439,37289162,415,STILL,NA,1,P02,LAB01,2,0,0,0,0,0
20260910_105324,STILL_1P_NA,32.528,37377961,416,STILL,NA,1,P02,LAB01,0,1,-620,1990,0,360
20260910_105324,STILL_1P_NA,32.528,37377961,416,STILL,NA,1,P02,LAB01,1,0,0,0,0,0
20260910_105324,STILL_1P_NA,32.528,37377961,416,STILL,NA,1,P02,LAB01,2,0,0,0,0,0
20260910_105324,STILL_1P_NA,32.617,37467223,417,STILL,NA,1,P02,LAB01,0,1,-621,1987,0,360
20260910_105324,STILL_1P_NA,32.617,37467223,417,STILL,NA,1,P02,LAB01,1,0,0,0,0,0
20260910_105324,STILL_1P_NA,32.617,37467223,417,STILL,NA,1,P02,LAB01,2,0,0,0,0,0
20260910_105324,STILL_1P_NA,32.706,37555833,418,STILL,NA,1,P02,LAB01,0,1,-621,1985,0,360
20260910_105324,STILL_1P_NA,32.706,37555833,418,STILL,NA,1,P02,LAB01,1,0,0,0,0,0
20260910_105324,STILL_1P_NA,32.706,37555833,418,STILL,NA,1,P02,LAB01,2,0,0,0,0,0
20260910_105324,STILL_1P_NA,32.795,37645151,419,STILL,NA,1,P02,LAB01,0,1,-620,1984,0,360
20260910_105324,STILL_1P_NA,32.795,37645151,419,STILL,NA,1,P02,LAB01,1,0,0,0,0,0
20260910_105324,STILL_1P_NA,32.795,37645151,419,STILL,NA,1,P02,LAB01,2,0,0,0,0,0
20260910_105324,STILL_1P_NA,32.884,37734012,420,STILL,NA,1,P02,LAB01,0,1,-621,1983,0,360
20260910_105324,STILL_1P_NA,32.884,37734012,420,STILL,NA,1,P02,LAB01,1,0,0,0,0,0
20260910_105324,STILL_1P_NA,32.884,37734012,420,STILL,NA,1,P02,LAB01,2,0,0,0,0,0
20260910_105324,STILL_1P_NA,32.973,37823178,421,STILL,NA,1,P02,LAB01,0,1,-622,1981,0,360
20260910_105324,STILL_1P_NA,32.973,37823178,421,STILL,NA,1,P02,LAB01,1,0,0,0,0,0
20260910_105324,STILL_1P_NA,32.973,37823178,421,STILL,NA,1,P02,LAB01,2,0,0,0,0,0
20260910_105324,STILL_1P_NA,33.062,37911982,422,STILL,NA,1,P02,LAB01,0,1,-622,1981,0,360
20260910_105324,STILL_1P_NA,33.062,37911982,422,STILL,NA,1,P02,LAB01,1,0,0,0,0,0
20260910_105324,STILL_1P_NA,33.062,37911982,422,STILL,NA,1,P02,LAB01,2,0,0,0,0,0
20260910_105324,STILL_1P_NA,33.151,38001079,423,STILL,NA,1,P02,LAB01,0,1,-620,1982,0,360
20260910_105324,STILL_1P_NA,33.151,38001079,423,STILL,NA,1,P02,LAB01,1,0,0,0,0,0
20260910_105324,STILL_1P_NA,33.151,38001079,423,STILL,NA,1,P02,LAB01,2,0,0,0,0,0
20260910_105324,STILL_1P_NA,33.240,38089695,424,STILL,NA,1,P02,LAB01,0,1,-619,1981,0,360
20260910_105324,STILL_1P_NA,33.240,38089695,424,STILL,NA,1,P02,LAB01,1,0,0,0,0,0
20260910_105324,STILL_1P_NA,33.240,38089695,424,STILL,NA,1,P02,LAB01,2,0,0,0,0,0
20260910_105324,STILL_1P_NA,33.329,38178961,425,STILL,NA,1,P02,LAB01,0,1,-619,1981,0,360
20260910_105324,STILL_1P_NA,33.329,38178961,425,STILL,NA,1,P02,LAB01,1,0,0,0,0,0
20260910_105324,STILL_1P_NA,33.329,38178961,425,STILL,NA,1,P02,LAB01,2,0,0,0,0,0
20260910_105324,STILL_1P_NA,33.418,38267751,426,STILL,NA,1,P02,LAB01,0,1,-619,1981,0,360
20260910_105324,STILL_1P_NA,33.418,38267751,426,STILL,NA,1,P02,LAB01,1,0,0,0,0,0
20260910_105324,STILL_1P_NA,33.418,38267751,426,STILL,NA,1,P02,LAB01,2,0,0,0,0,0
20260910_105324,STILL_1P_NA,33.507,38357068,427,STILL,NA,1,P02,LAB01,0,1,-620,1980,0,360
20260910_105324,STILL_1P_NA,33.507,38357068,427,STILL,NA,1,P02,LAB01,1,0,0,0,0,0
20260910_105324,STILL_1P_NA,33.507,38357068,427,STILL,NA,1,P02,LAB01,2,0,0,0,0,0
20260910_105324,STILL_1P_NA,33.596,38445778,428,STILL,NA,1,P02,LAB01,0,1,-620,1980,0,360
20260910_105324,STILL_1P_NA,33.596,38445778,428,STILL,NA,1,P02,LAB01,1,0,0,0,0,0
20260910_105324,STILL_1P_NA,33.596,38445778,428,STILL,NA,1,P02,LAB01,2,0,0,0,0,0
20260910_105324,STILL_1P_NA,33.685,38535132,429,STILL,NA,1,P02,LAB01,0,1,-619,1981,0,360
20260910_105324,STILL_1P_NA,33.685,38535132,429,STILL,NA,1,P02,LAB01,1,0,0,0,0,0
20260910_105324,STILL_1P_NA,33.685,38535132,429,STILL,NA,1,P02,LAB01,2,0,0,0,0,0
20260910_105324,STILL_1P_NA,33.774,38623778,430,STILL,NA,1,P02,LAB01,0,1,-619,1981,0,360
20260910_105324,STILL_1P_NA,33.774,38623778,430,STILL,NA,1,P02,LAB01,1,0,0,0,0,0
20260910_105324,STILL_1P_NA,33.774,38623778,430,STILL,NA,1,P02,LAB01,2,0,0,0,0,0
20260910_105324,STILL_1P_NA,33.863,38712600,431,STILL,NA,1,P02,LAB01,0,1,-621,1982,0,360
20260910_105324,STILL_1P_NA,33.863,38712600,431,STILL,NA,1,P02,LAB01,1,0,0,0,0,0
20260910_105324,STILL_1P_NA,33.863,38712600,431,STILL,NA,1,P02,LAB01,2,0,0,0,0,0
20260910_105324,STILL_1P_NA,33.952,38801871,432,STILL,NA,1,P02,LAB01,0,1,-622,1983,0,360
20260910_105324,STILL_1P_NA,33.952,38801871,432,STILL,NA,1,P02,LAB01,1,0,0,0,0,0
20260910_105324,STILL_1P_NA,33.952,38801871,432,STILL,NA,1,P02,LAB01,2,0,0,0,0,0
20260910_105324,STILL_1P_NA,34.041,38891029,433,STILL,NA,1,P02,LAB01,0,1,-626,1983,0,360
20260910_105324,STILL_1P_NA,34.041,38891029,433,STILL,NA,1,P02,LAB01,1,0,0,0,0,0
20260910_105324,STILL_1P_NA,34.041,38891029,433,STILL,NA,1,P02,LAB01,2,0,0,0,0,0
20260910_105324,STILL_1P_NA,34.130,38979738,434,STILL,NA,1,P02,LAB01,0,1,-628,1984,0,360
20260910_105324,STILL_1P_NA,34.130,38979738,434,STILL,NA,1,P02,LAB01,1,0,0,0,0,0
20260910_105324,STILL_1P_NA,34.130,38979738,434,STILL,NA,1,P02,LAB01,2,0,0,0,0,0
20260910_105324,STILL_1P_NA,34.219,39068815,435,STILL,NA,1,P02,LAB01,0,1,-629,1987,0,360
20260910_105324,STILL_1P_NA,34.219,39068815,435,STILL,NA,1,P02,LAB01,1,0,0,0,0,0
20260910_105324,STILL_1P_NA,34.219,39068815,435,STILL,NA,1,P02,LAB01,2,0,0,0,0,0
20260910_105324,STILL_1P_NA,34.308,39158014,436,STILL,NA,1,P02,LAB01,0,1,-628,1989,0,360
20260910_105324,STILL_1P_NA,34.308,39158014,436,STILL,NA,1,P02,LAB01,1,0,0,0,0,0
20260910_105324,STILL_1P_NA,34.308,39158014,436,STILL,NA,1,P02,LAB01,2,0,0,0,0,0
20260910_105324,STILL_1P_NA,34.397,39247018,437,STILL,NA,1,P02,LAB01,0,1,-628,1990,0,360
20260910_105324,STILL_1P_NA,34.397,39247018,437,STILL,NA,1,P02,LAB01,1,0,0,0,0,0
20260910_105324,STILL_1P_NA,34.397,39247018,437,STILL,NA,1,P02,LAB01,2,0,0,0,0,0
20260910_105324,STILL_1P_NA,34.486,39335946,438,STILL,NA,1,P02,LAB01,0,1,-624,1993,0,360
20260910_105324,STILL_1P_NA,34.486,39335946,438,STILL,NA,1,P02,LAB01,1,0,0,0,0,0
20260910_105324,STILL_1P_NA,34.486,39335946,438,STILL,NA,1,P02,LAB01,2,0,0,0,0,0
20260910_105324,STILL_1P_NA,34.575,39424833,439,STILL,NA,1,P02,LAB01,0,1,-615,1994,0,360
20260910_105324,STILL_1P_NA,34.575,39424833,439,STILL,NA,1,P02,LAB01,1,0,0,0,0,0
20260910_105324,STILL_1P_NA,34.575,39424833,439,STILL,NA,1,P02,LAB01,2,0,0,0,0,0
20260910_105324,STILL_1P_NA,34.664,39514029,440,STILL,NA,1,P02,LAB01,0,1,-610,1994,0,360
20260910_105324,STILL_1P_NA,34.664,39514029,440,STILL,NA,1,P02,LAB01,1,0,0,0,0,0
20260910_105324,STILL_1P_NA,34.664,39514029,440,STILL,NA,1,P02,LAB01,2,0,0,0,0,0
20260910_105324,STILL_1P_NA,34.753,39602739,441,STILL,NA,1,P02,LAB01,0,1,-612,1990,0,360
20260910_105324,STILL_1P_NA,34.753,39602739,441,STILL,NA,1,P02,LAB01,1,0,0,0,0,0
20260910_105324,STILL_1P_NA,34.753,39602739,441,STILL,NA,1,P02,LAB01,2,0,0,0,0,0
20260910_105324,STILL_1P_NA,34.842,39691937,442,STILL,NA,1,P02,LAB01,0,1,-618,1988,0,360
20260910_105324,STILL_1P_NA,34.842,39691937,442,STILL,NA,1,P02,LAB01,1,0,0,0,0,0
20260910_105324,STILL_1P_NA,34.842,39691937,442,STILL,NA,1,P02,LAB01,2,0,0,0,0,0
20260910_105324,STILL_1P_NA,34.931,39780765,443,STILL,NA,1,P02,LAB01,0,1,-622,1988,0,360
20260910_105324,STILL_1P_NA,34.931,39780765,443,STILL,NA,1,P02,LAB01,1,0,0,0,0,0
20260910_105324,STILL_1P_NA,34.931,39780765,443,STILL,NA,1,P02,LAB01,2,0,0,0,0,0
20260910_105324,STILL_1P_NA,35.020,39869937,444,STILL,NA,1,P02,LAB01,0,1,-628,1986,0,360
20260910_105324,STILL_1P_NA,35.020,39869937,444,STILL,NA,1,P02,LAB01,1,0,0,0,0,0
20260910_105324,STILL_1P_NA,35.020,39869937,444,STILL,NA,1,P02,LAB01,2,0,0,0,0,0
20260910_105324,STILL_1P_NA,35.109,39958609,445,STILL,NA,1,P02,LAB01,0,1,-632,1987,0,360
20260910_105324,STILL_1P_NA,35.109,39958609,445,STILL,NA,1,P02,LAB01,1,0,0,0,0,0
20260910_105324,STILL_1P_NA,35.109,39958609,445,STILL,NA,1,P02,LAB01,2,0,0,0,0,0
20260910_105324,STILL_1P_NA,35.198,40047806,446,STILL,NA,1,P02,LAB01,0,1,-637,1987,0,360
20260910_105324,STILL_1P_NA,35.198,40047806,446,STILL,NA,1,P02,LAB01,1,0,0,0,0,0
20260910_105324,STILL_1P_NA,35.198,40047806,446,STILL,NA,1,P02,LAB01,2,0,0,0,0,0
20260910_105324,STILL_1P_NA,35.287,40136789,447,STILL,NA,1,P02,LAB01,0,1,-640,1989,-8,360
20260910_105324,STILL_1P_NA,35.287,40136789,447,STILL,NA,1,P02,LAB01,1,0,0,0,0,0
20260910_105324,STILL_1P_NA,35.287,40136789,447,STILL,NA,1,P02,LAB01,2,0,0,0,0,0
20260910_105324,STILL_1P_NA,35.376,40225925,448,STILL,NA,1,P02,LAB01,0,1,-640,1988,0,360
20260910_105324,STILL_1P_NA,35.376,40225925,448,STILL,NA,1,P02,LAB01,1,0,0,0,0,0
20260910_105324,STILL_1P_NA,35.376,40225925,448,STILL,NA,1,P02,LAB01,2,0,0,0,0,0
20260910_105324,STILL_1P_NA,35.465,40314723,449,STILL,NA,1,P02,LAB01,0,1,-635,1987,-8,360
20260910_105324,STILL_1P_NA,35.465,40314723,449,STILL,NA,1,P02,LAB01,1,0,0,0,0,0
20260910_105324,STILL_1P_NA,35.465,40314723,449,STILL,NA,1,P02,LAB01,2,0,0,0,0,0
20260910_105324,STILL_1P_NA,35.554,40403828,450,STILL,NA,1,P02,LAB01,0,1,-632,1985,0,360
20260910_105324,STILL_1P_NA,35.554,40403828,450,STILL,NA,1,P02,LAB01,1,0,0,0,0,0
20260910_105324,STILL_1P_NA,35.554,40403828,450,STILL,NA,1,P02,LAB01,2,0,0,0,0,0
20260910_105324,STILL_1P_NA,35.643,40492878,451,STILL,NA,1,P02,LAB01,0,1,-632,1984,0,360
20260910_105324,STILL_1P_NA,35.643,40492878,451,STILL,NA,1,P02,LAB01,1,0,0,0,0,0
20260910_105324,STILL_1P_NA,35.643,40492878,451,STILL,NA,1,P02,LAB01,2,0,0,0,0,0
20260910_105324,STILL_1P_NA,35.732,40581828,452,STILL,NA,1,P02,LAB01,0,1,-632,1984,-8,360
20260910_105324,STILL_1P_NA,35.732,40581828,452,STILL,NA,1,P02,LAB01,1,0,0,0,0,0
20260910_105324,STILL_1P_NA,35.732,40581828,452,STILL,NA,1,P02,LAB01,2,0,0,0,0,0
20260910_105324,STILL_1P_NA,35.821,40670685,453,STILL,NA,1,P02,LAB01,0,1,-631,1983,0,360
20260910_105324,STILL_1P_NA,35.821,40670685,453,STILL,NA,1,P02,LAB01,1,0,0,0,0,0
20260910_105324,STILL_1P_NA,35.821,40670685,453,STILL,NA,1,P02,LAB01,2,0,0,0,0,0
20260910_105324,STILL_1P_NA,35.910,40760035,454,STILL,NA,1,P02,LAB01,0,1,-631,1981,0,360
20260910_105324,STILL_1P_NA,35.910,40760035,454,STILL,NA,1,P02,LAB01,1,0,0,0,0,0
20260910_105324,STILL_1P_NA,35.910,40760035,454,STILL,NA,1,P02,LAB01,2,0,0,0,0,0
20260910_105324,STILL_1P_NA,35.999,40848898,455,STILL,NA,1,P02,LAB01,0,1,-634,1979,8,360
20260910_105324,STILL_1P_NA,35.999,40848898,455,STILL,NA,1,P02,LAB01,1,0,0,0,0,0
20260910_105324,STILL_1P_NA,35.999,40848898,455,STILL,NA,1,P02,LAB01,2,0,0,0,0,0
20260910_105324,STILL_1P_NA,36.088,40937973,456,STILL,NA,1,P02,LAB01,0,1,-641,1979,8,360
20260910_105324,STILL_1P_NA,36.088,40937973,456,STILL,NA,1,P02,LAB01,1,0,0,0,0,0
20260910_105324,STILL_1P_NA,36.088,40937973,456,STILL,NA,1,P02,LAB01,2,0,0,0,0,0
20260910_105324,STILL_1P_NA,36.177,41026712,457,STILL,NA,1,P02,LAB01,0,1,-649,1979,-8,360
20260910_105324,STILL_1P_NA,36.177,41026712,457,STILL,NA,1,P02,LAB01,1,0,0,0,0,0
20260910_105324,STILL_1P_NA,36.177,41026712,457,STILL,NA,1,P02,LAB01,2,0,0,0,0,0
20260910_105324,STILL_1P_NA,36.266,41115973,458,STILL,NA,1,P02,LAB01,0,1,-652,1980,8,360
20260910_105324,STILL_1P_NA,36.266,41115973,458,STILL,NA,1,P02,LAB01,1,0,0,0,0,0
20260910_105324,STILL_1P_NA,36.266,41115973,458,STILL,NA,1,P02,LAB01,2,0,0,0,0,0
20260910_105324,STILL_1P_NA,36.355,41204765,459,STILL,NA,1,P02,LAB01,0,1,-657,1983,8,360
20260910_105324,STILL_1P_NA,36.355,41204765,459,STILL,NA,1,P02,LAB01,1,0,0,0,0,0
20260910_105324,STILL_1P_NA,36.355,41204765,459,STILL,NA,1,P02,LAB01,2,0,0,0,0,0
20260910_105324,STILL_1P_NA,36.444,41293937,460,STILL,NA,1,P02,LAB01,0,1,-666,1983,16,360
20260910_105324,STILL_1P_NA,36.444,41293937,460,STILL,NA,1,P02,LAB01,1,0,0,0,0,0
20260910_105324,STILL_1P_NA,36.444,41293937,460,STILL,NA,1,P02,LAB01,2,0,0,0,0,0
20260910_105324,STILL_1P_NA,36.533,41382636,461,STILL,NA,1,P02,LAB01,0,1,-672,1982,0,360
20260910_105324,STILL_1P_NA,36.533,41382636,461,STILL,NA,1,P02,LAB01,1,0,0,0,0,0
20260910_105324,STILL_1P_NA,36.533,41382636,461,STILL,NA,1,P02,LAB01,2,0,0,0,0,0
20260910_105324,STILL_1P_NA,36.622,41472017,462,STILL,NA,1,P02,LAB01,0,1,-682,1979,16,360
20260910_105324,STILL_1P_NA,36.622,41472017,462,STILL,NA,1,P02,LAB01,1,0,0,0,0,0
20260910_105324,STILL_1P_NA,36.622,41472017,462,STILL,NA,1,P02,LAB01,2,0,0,0,0,0
20260910_105324,STILL_1P_NA,36.711,41560695,463,STILL,NA,1,P02,LAB01,0,1,-695,1976,16,360
20260910_105324,STILL_1P_NA,36.711,41560695,463,STILL,NA,1,P02,LAB01,1,0,0,0,0,0
20260910_105324,STILL_1P_NA,36.711,41560695,463,STILL,NA,1,P02,LAB01,2,0,0,0,0,0
20260910_105324,STILL_1P_NA,36.800,41650041,464,STILL,NA,1,P02,LAB01,0,1,-708,1972,16,360
20260910_105324,STILL_1P_NA,36.800,41650041,464,STILL,NA,1,P02,LAB01,1,0,0,0,0,0
20260910_105324,STILL_1P_NA,36.800,41650041,464,STILL,NA,1,P02,LAB01,2,0,0,0,0,0
20260910_105324,STILL_1P_NA,36.889,41738692,465,STILL,NA,1,P02,LAB01,0,1,-718,1970,8,360
20260910_105324,STILL_1P_NA,36.889,41738692,465,STILL,NA,1,P02,LAB01,1,0,0,0,0,0
20260910_105324,STILL_1P_NA,36.889,41738692,465,STILL,NA,1,P02,LAB01,2,0,0,0,0,0
20260910_105324,STILL_1P_NA,36.978,41827925,466,STILL,NA,1,P02,LAB01,0,1,-727,1970,8,360
20260910_105324,STILL_1P_NA,36.978,41827925,466,STILL,NA,1,P02,LAB01,1,0,0,0,0,0
20260910_105324,STILL_1P_NA,36.978,41827925,466,STILL,NA,1,P02,LAB01,2,0,0,0,0,0
20260910_105324,STILL_1P_NA,37.067,41916656,467,STILL,NA,1,P02,LAB01,0,1,-732,1972,8,360
20260910_105324,STILL_1P_NA,37.067,41916656,467,STILL,NA,1,P02,LAB01,1,0,0,0,0,0
20260910_105324,STILL_1P_NA,37.067,41916656,467,STILL,NA,1,P02,LAB01,2,0,0,0,0,0
20260910_105324,STILL_1P_NA,37.156,42005733,468,STILL,NA,1,P02,LAB01,0,1,-730,1974,0,360
20260910_105324,STILL_1P_NA,37.156,42005733,468,STILL,NA,1,P02,LAB01,1,0,0,0,0,0
20260910_105324,STILL_1P_NA,37.156,42005733,468,STILL,NA,1,P02,LAB01,2,0,0,0,0,0
20260910_105324,STILL_1P_NA,37.245,42094656,469,STILL,NA,1,P02,LAB01,0,1,-726,1976,8,360
20260910_105324,STILL_1P_NA,37.245,42094656,469,STILL,NA,1,P02,LAB01,1,0,0,0,0,0
20260910_105324,STILL_1P_NA,37.245,42094656,469,STILL,NA,1,P02,LAB01,2,0,0,0,0,0
20260910_105324,STILL_1P_NA,37.334,42183823,470,STILL,NA,1,P02,LAB01,0,1,-724,1979,-16,360
20260910_105324,STILL_1P_NA,37.334,42183823,470,STILL,NA,1,P02,LAB01,1,0,0,0,0,0
20260910_105324,STILL_1P_NA,37.334,42183823,470,STILL,NA,1,P02,LAB01,2,0,0,0,0,0
20260910_105324,STILL_1P_NA,37.422,42272332,471,STILL,NA,1,P02,LAB01,0,1,-721,1982,-16,360
20260910_105324,STILL_1P_NA,37.422,42272332,471,STILL,NA,1,P02,LAB01,1,0,0,0,0,0
20260910_105324,STILL_1P_NA,37.422,42272332,471,STILL,NA,1,P02,LAB01,2,0,0,0,0,0
20260910_105324,STILL_1P_NA,37.512,42361849,472,STILL,NA,1,P02,LAB01,0,1,-722,1982,-16,360
20260910_105324,STILL_1P_NA,37.512,42361849,472,STILL,NA,1,P02,LAB01,1,0,0,0,0,0
20260910_105324,STILL_1P_NA,37.512,42361849,472,STILL,NA,1,P02,LAB01,2,0,0,0,0,0
20260910_105324,STILL_1P_NA,37.601,42450738,473,STILL,NA,1,P02,LAB01,0,1,-721,1981,-16,360
20260910_105324,STILL_1P_NA,37.601,42450738,473,STILL,NA,1,P02,LAB01,1,0,0,0,0,0
20260910_105324,STILL_1P_NA,37.601,42450738,473,STILL,NA,1,P02,LAB01,2,0,0,0,0,0
20260910_105324,STILL_1P_NA,37.690,42539692,474,STILL,NA,1,P02,LAB01,0,1,-717,1984,0,360
20260910_105324,STILL_1P_NA,37.690,42539692,474,STILL,NA,1,P02,LAB01,1,0,0,0,0,0
20260910_105324,STILL_1P_NA,37.690,42539692,474,STILL,NA,1,P02,LAB01,2,0,0,0,0,0
20260910_105324,STILL_1P_NA,37.778,42628389,475,STILL,NA,1,P02,LAB01,0,1,-716,1986,8,360
20260910_105324,STILL_1P_NA,37.778,42628389,475,STILL,NA,1,P02,LAB01,1,0,0,0,0,0
20260910_105324,STILL_1P_NA,37.778,42628389,475,STILL,NA,1,P02,LAB01,2,0,0,0,0,0
20260910_105324,STILL_1P_NA,37.868,42717778,476,STILL,NA,1,P02,LAB01,0,1,-715,1988,-8,360
20260910_105324,STILL_1P_NA,37.868,42717778,476,STILL,NA,1,P02,LAB01,1,0,0,0,0,0
20260910_105324,STILL_1P_NA,37.868,42717778,476,STILL,NA,1,P02,LAB01,2,0,0,0,0,0
20260910_105324,STILL_1P_NA,37.957,42806506,477,STILL,NA,1,P02,LAB01,0,1,-718,1987,-8,360
20260910_105324,STILL_1P_NA,37.957,42806506,477,STILL,NA,1,P02,LAB01,1,0,0,0,0,0
20260910_105324,STILL_1P_NA,37.957,42806506,477,STILL,NA,1,P02,LAB01,2,0,0,0,0,0
20260910_105324,STILL_1P_NA,38.046,42895833,478,STILL,NA,1,P02,LAB01,0,1,-717,1986,-8,360
20260910_105324,STILL_1P_NA,38.046,42895833,478,STILL,NA,1,P02,LAB01,1,0,0,0,0,0
20260910_105324,STILL_1P_NA,38.046,42895833,478,STILL,NA,1,P02,LAB01,2,0,0,0,0,0
20260910_105324,STILL_1P_NA,38.135,42984537,479,STILL,NA,1,P02,LAB01,0,1,-716,1986,-8,360
20260910_105324,STILL_1P_NA,38.135,42984537,479,STILL,NA,1,P02,LAB01,1,0,0,0,0,0
20260910_105324,STILL_1P_NA,38.135,42984537,479,STILL,NA,1,P02,LAB01,2,0,0,0,0,0
20260910_105324,STILL_1P_NA,38.224,43073552,480,STILL,NA,1,P02,LAB01,0,1,-710,1986,-8,360
20260910_105324,STILL_1P_NA,38.224,43073552,480,STILL,NA,1,P02,LAB01,1,0,0,0,0,0
20260910_105324,STILL_1P_NA,38.224,43073552,480,STILL,NA,1,P02,LAB01,2,0,0,0,0,0
20260910_105324,STILL_1P_NA,38.313,43162750,481,STILL,NA,1,P02,LAB01,0,1,-704,1987,-8,360
20260910_105324,STILL_1P_NA,38.313,43162750,481,STILL,NA,1,P02,LAB01,1,0,0,0,0,0
20260910_105324,STILL_1P_NA,38.313,43162750,481,STILL,NA,1,P02,LAB01,2,0,0,0,0,0
20260910_105324,STILL_1P_NA,38.401,43251642,482,STILL,NA,1,P02,LAB01,0,1,-699,1987,0,360
20260910_105324,STILL_1P_NA,38.401,43251642,482,STILL,NA,1,P02,LAB01,1,0,0,0,0,0
20260910_105324,STILL_1P_NA,38.401,43251642,482,STILL,NA,1,P02,LAB01,2,0,0,0,0,0
20260910_105324,STILL_1P_NA,38.491,43340591,483,STILL,NA,1,P02,LAB01,0,1,-701,1988,8,360
20260910_105324,STILL_1P_NA,38.491,43340591,483,STILL,NA,1,P02,LAB01,1,0,0,0,0,0
20260910_105324,STILL_1P_NA,38.491,43340591,483,STILL,NA,1,P02,LAB01,2,0,0,0,0,0
20260910_105324,STILL_1P_NA,38.580,43429668,484,STILL,NA,1,P02,LAB01,0,1,-707,1987,8,360
20260910_105324,STILL_1P_NA,38.580,43429668,484,STILL,NA,1,P02,LAB01,1,0,0,0,0,0
20260910_105324,STILL_1P_NA,38.580,43429668,484,STILL,NA,1,P02,LAB01,2,0,0,0,0,0
20260910_105324,STILL_1P_NA,38.669,43518712,485,STILL,NA,1,P02,LAB01,0,1,-711,1985,8,360
20260910_105324,STILL_1P_NA,38.669,43518712,485,STILL,NA,1,P02,LAB01,1,0,0,0,0,0
20260910_105324,STILL_1P_NA,38.669,43518712,485,STILL,NA,1,P02,LAB01,2,0,0,0,0,0
20260910_105324,STILL_1P_NA,38.758,43607695,486,STILL,NA,1,P02,LAB01,0,1,-713,1984,0,360
20260910_105324,STILL_1P_NA,38.758,43607695,486,STILL,NA,1,P02,LAB01,1,0,0,0,0,0
20260910_105324,STILL_1P_NA,38.758,43607695,486,STILL,NA,1,P02,LAB01,2,0,0,0,0,0
20260910_105324,STILL_1P_NA,38.846,43696485,487,STILL,NA,1,P02,LAB01,0,1,-715,1981,0,360
20260910_105324,STILL_1P_NA,38.846,43696485,487,STILL,NA,1,P02,LAB01,1,0,0,0,0,0
20260910_105324,STILL_1P_NA,38.846,43696485,487,STILL,NA,1,P02,LAB01,2,0,0,0,0,0
20260910_105324,STILL_1P_NA,38.935,43785259,488,STILL,NA,1,P02,LAB01,0,1,-716,1978,0,360
20260910_105324,STILL_1P_NA,38.935,43785259,488,STILL,NA,1,P02,LAB01,1,0,0,0,0,0
20260910_105324,STILL_1P_NA,38.935,43785259,488,STILL,NA,1,P02,LAB01,2,0,0,0,0,0
20260910_105324,STILL_1P_NA,39.024,43874388,489,STILL,NA,1,P02,LAB01,0,1,-715,1977,0,360
20260910_105324,STILL_1P_NA,39.024,43874388,489,STILL,NA,1,P02,LAB01,1,0,0,0,0,0
20260910_105324,STILL_1P_NA,39.024,43874388,489,STILL,NA,1,P02,LAB01,2,0,0,0,0,0
20260910_105324,STILL_1P_NA,39.114,43963528,490,STILL,NA,1,P02,LAB01,0,1,-712,1977,0,360
20260910_105324,STILL_1P_NA,39.114,43963528,490,STILL,NA,1,P02,LAB01,1,0,0,0,0,0
20260910_105324,STILL_1P_NA,39.114,43963528,490,STILL,NA,1,P02,LAB01,2,0,0,0,0,0
20260910_105324,STILL_1P_NA,39.203,44052168,491,STILL,NA,1,P02,LAB01,0,1,-710,1973,8,360
20260910_105324,STILL_1P_NA,39.203,44052168,491,STILL,NA,1,P02,LAB01,1,0,0,0,0,0
20260910_105324,STILL_1P_NA,39.203,44052168,491,STILL,NA,1,P02,LAB01,2,0,0,0,0,0
20260910_105324,STILL_1P_NA,39.292,44141559,492,STILL,NA,1,P02,LAB01,0,1,-713,1969,8,360
20260910_105324,STILL_1P_NA,39.292,44141559,492,STILL,NA,1,P02,LAB01,1,0,0,0,0,0
20260910_105324,STILL_1P_NA,39.292,44141559,492,STILL,NA,1,P02,LAB01,2,0,0,0,0,0
20260910_105324,STILL_1P_NA,39.381,44230636,493,STILL,NA,1,P02,LAB01,0,1,-713,1968,8,360
20260910_105324,STILL_1P_NA,39.381,44230636,493,STILL,NA,1,P02,LAB01,1,0,0,0,0,0
20260910_105324,STILL_1P_NA,39.381,44230636,493,STILL,NA,1,P02,LAB01,2,0,0,0,0,0
20260910_105324,STILL_1P_NA,39.469,44319586,494,STILL,NA,1,P02,LAB01,0,1,-713,1968,8,360
20260910_105324,STILL_1P_NA,39.469,44319586,494,STILL,NA,1,P02,LAB01,1,0,0,0,0,0
20260910_105324,STILL_1P_NA,39.469,44319586,494,STILL,NA,1,P02,LAB01,2,0,0,0,0,0
20260910_105324,STILL_1P_NA,39.558,44408537,495,STILL,NA,1,P02,LAB01,0,1,-711,1969,8,360
20260910_105324,STILL_1P_NA,39.558,44408537,495,STILL,NA,1,P02,LAB01,1,0,0,0,0,0
20260910_105324,STILL_1P_NA,39.558,44408537,495,STILL,NA,1,P02,LAB01,2,0,0,0,0,0
20260910_105324,STILL_1P_NA,39.647,44497579,496,STILL,NA,1,P02,LAB01,0,1,-710,1970,0,360
20260910_105324,STILL_1P_NA,39.647,44497579,496,STILL,NA,1,P02,LAB01,1,0,0,0,0,0
20260910_105324,STILL_1P_NA,39.647,44497579,496,STILL,NA,1,P02,LAB01,2,0,0,0,0,0
20260910_105324,STILL_1P_NA,39.736,44586436,497,STILL,NA,1,P02,LAB01,0,1,-710,1971,8,360
20260910_105324,STILL_1P_NA,39.736,44586436,497,STILL,NA,1,P02,LAB01,1,0,0,0,0,0
20260910_105324,STILL_1P_NA,39.736,44586436,497,STILL,NA,1,P02,LAB01,2,0,0,0,0,0
20260910_105324,STILL_1P_NA,39.826,44675642,498,STILL,NA,1,P02,LAB01,0,1,-708,1973,0,360
20260910_105324,STILL_1P_NA,39.826,44675642,498,STILL,NA,1,P02,LAB01,1,0,0,0,0,0
20260910_105324,STILL_1P_NA,39.826,44675642,498,STILL,NA,1,P02,LAB01,2,0,0,0,0,0
20260910_105324,STILL_1P_NA,39.914,44764279,499,STILL,NA,1,P02,LAB01,0,1,-709,1974,0,360
20260910_105324,STILL_1P_NA,39.914,44764279,499,STILL,NA,1,P02,LAB01,1,0,0,0,0,0
20260910_105324,STILL_1P_NA,39.914,44764279,499,STILL,NA,1,P02,LAB01,2,0,0,0,0,0
20260910_105324,STILL_1P_NA,40.003,44853290,500,STILL,NA,1,P02,LAB01,0,1,-706,1974,8,360
20260910_105324,STILL_1P_NA,40.003,44853290,500,STILL,NA,1,P02,LAB01,1,0,0,0,0,0
20260910_105324,STILL_1P_NA,40.003,44853290,500,STILL,NA,1,P02,LAB01,2,0,0,0,0,0
20260910_105324,STILL_1P_NA,40.092,44942430,501,STILL,NA,1,P02,LAB01,0,1,-702,1975,8,360
20260910_105324,STILL_1P_NA,40.092,44942430,501,STILL,NA,1,P02,LAB01,1,0,0,0,0,0
20260910_105324,STILL_1P_NA,40.092,44942430,501,STILL,NA,1,P02,LAB01,2,0,0,0,0,0
20260910_105324,STILL_1P_NA,40.181,45031409,502,STILL,NA,1,P02,LAB01,0,1,-699,1977,8,360
20260910_105324,STILL_1P_NA,40.181,45031409,502,STILL,NA,1,P02,LAB01,1,0,0,0,0,0
20260910_105324,STILL_1P_NA,40.181,45031409,502,STILL,NA,1,P02,LAB01,2,0,0,0,0,0
20260910_105324,STILL_1P_NA,40.270,45120395,503,STILL,NA,1,P02,LAB01,0,1,-695,1979,0,360
20260910_105324,STILL_1P_NA,40.270,45120395,503,STILL,NA,1,P02,LAB01,1,0,0,0,0,0
20260910_105324,STILL_1P_NA,40.270,45120395,503,STILL,NA,1,P02,LAB01,2,0,0,0,0,0
20260910_105324,STILL_1P_NA,40.360,45209374,504,STILL,NA,1,P02,LAB01,0,1,-688,1978,0,360
20260910_105324,STILL_1P_NA,40.360,45209374,504,STILL,NA,1,P02,LAB01,1,0,0,0,0,0
20260910_105324,STILL_1P_NA,40.360,45209374,504,STILL,NA,1,P02,LAB01,2,0,0,0,0,0
20260910_105324,STILL_1P_NA,40.448,45298300,505,STILL,NA,1,P02,LAB01,0,1,-679,1977,0,360
20260910_105324,STILL_1P_NA,40.448,45298300,505,STILL,NA,1,P02,LAB01,1,0,0,0,0,0
20260910_105324,STILL_1P_NA,40.448,45298300,505,STILL,NA,1,P02,LAB01,2,0,0,0,0,0
20260910_105324,STILL_1P_NA,40.537,45387214,506,STILL,NA,1,P02,LAB01,0,1,-674,1977,8,360
20260910_105324,STILL_1P_NA,40.537,45387214,506,STILL,NA,1,P02,LAB01,1,0,0,0,0,0
20260910_105324,STILL_1P_NA,40.537,45387214,506,STILL,NA,1,P02,LAB01,2,0,0,0,0,0
20260910_105324,STILL_1P_NA,40.627,45476382,507,STILL,NA,1,P02,LAB01,0,1,-671,1981,0,360
20260910_105324,STILL_1P_NA,40.627,45476382,507,STILL,NA,1,P02,LAB01,1,0,0,0,0,0
20260910_105324,STILL_1P_NA,40.627,45476382,507,STILL,NA,1,P02,LAB01,2,0,0,0,0,0
20260910_105324,STILL_1P_NA,40.715,45565147,508,STILL,NA,1,P02,LAB01,0,1,-673,1983,-8,360
20260910_105324,STILL_1P_NA,40.715,45565147,508,STILL,NA,1,P02,LAB01,1,0,0,0,0,0
20260910_105324,STILL_1P_NA,40.715,45565147,508,STILL,NA,1,P02,LAB01,2,0,0,0,0,0
20260910_105324,STILL_1P_NA,40.804,45654038,509,STILL,NA,1,P02,LAB01,0,1,-675,1985,-8,360
20260910_105324,STILL_1P_NA,40.804,45654038,509,STILL,NA,1,P02,LAB01,1,0,0,0,0,0
20260910_105324,STILL_1P_NA,40.804,45654038,509,STILL,NA,1,P02,LAB01,2,0,0,0,0,0
20260910_105324,STILL_1P_NA,40.893,45742871,510,STILL,NA,1,P02,LAB01,0,1,-676,1986,-8,360
20260910_105324,STILL_1P_NA,40.893,45742871,510,STILL,NA,1,P02,LAB01,1,0,0,0,0,0
20260910_105324,STILL_1P_NA,40.893,45742871,510,STILL,NA,1,P02,LAB01,2,0,0,0,0,0
20260910_105324,STILL_1P_NA,40.983,45832285,511,STILL,NA,1,P02,LAB01,0,1,-682,1986,0,360
20260910_105324,STILL_1P_NA,40.983,45832285,511,STILL,NA,1,P02,LAB01,1,0,0,0,0,0
20260910_105324,STILL_1P_NA,40.983,45832285,511,STILL,NA,1,P02,LAB01,2,0,0,0,0,0
20260910_105324,STILL_1P_NA,41.071,45921274,512,STILL,NA,1,P02,LAB01,0,1,-687,1986,0,360
20260910_105324,STILL_1P_NA,41.071,45921274,512,STILL,NA,1,P02,LAB01,1,0,0,0,0,0
20260910_105324,STILL_1P_NA,41.071,45921274,512,STILL,NA,1,P02,LAB01,2,0,0,0,0,0
20260910_105324,STILL_1P_NA,41.160,46010118,513,STILL,NA,1,P02,LAB01,0,1,-689,1987,-8,360
20260910_105324,STILL_1P_NA,41.160,46010118,513,STILL,NA,1,P02,LAB01,1,0,0,0,0,0
20260910_105324,STILL_1P_NA,41.160,46010118,513,STILL,NA,1,P02,LAB01,2,0,0,0,0,0
20260910_105324,STILL_1P_NA,41.250,46099354,514,STILL,NA,1,P02,LAB01,0,1,-685,1990,-8,360
20260910_105324,STILL_1P_NA,41.250,46099354,514,STILL,NA,1,P02,LAB01,1,0,0,0,0,0
20260910_105324,STILL_1P_NA,41.250,46099354,514,STILL,NA,1,P02,LAB01,2,0,0,0,0,0
20260910_105324,STILL_1P_NA,41.339,46188402,515,STILL,NA,1,P02,LAB01,0,1,-679,1994,0,360
20260910_105324,STILL_1P_NA,41.339,46188402,515,STILL,NA,1,P02,LAB01,1,0,0,0,0,0
20260910_105324,STILL_1P_NA,41.339,46188402,515,STILL,NA,1,P02,LAB01,2,0,0,0,0,0
20260910_105324,STILL_1P_NA,41.427,46277038,516,STILL,NA,1,P02,LAB01,0,1,-676,1997,0,360
20260910_105324,STILL_1P_NA,41.427,46277038,516,STILL,NA,1,P02,LAB01,1,0,0,0,0,0
20260910_105324,STILL_1P_NA,41.427,46277038,516,STILL,NA,1,P02,LAB01,2,0,0,0,0,0
20260910_105324,STILL_1P_NA,41.516,46366520,517,STILL,NA,1,P02,LAB01,0,1,-673,1998,-8,360
20260910_105324,STILL_1P_NA,41.516,46366520,517,STILL,NA,1,P02,LAB01,1,0,0,0,0,0
20260910_105324,STILL_1P_NA,41.516,46366520,517,STILL,NA,1,P02,LAB01,2,0,0,0,0,0
20260910_105324,STILL_1P_NA,41.605,46455345,518,STILL,NA,1,P02,LAB01,0,1,-672,2002,0,360
20260910_105324,STILL_1P_NA,41.605,46455345,518,STILL,NA,1,P02,LAB01,1,0,0,0,0,0
20260910_105324,STILL_1P_NA,41.605,46455345,518,STILL,NA,1,P02,LAB01,2,0,0,0,0,0
20260910_105324,STILL_1P_NA,41.694,46544336,519,STILL,NA,1,P02,LAB01,0,1,-674,2004,-8,360
20260910_105324,STILL_1P_NA,41.694,46544336,519,STILL,NA,1,P02,LAB01,1,0,0,0,0,0
20260910_105324,STILL_1P_NA,41.694,46544336,519,STILL,NA,1,P02,LAB01,2,0,0,0,0,0
20260910_105324,STILL_1P_NA,41.784,46633403,520,STILL,NA,1,P02,LAB01,0,1,-678,2004,-8,360
20260910_105324,STILL_1P_NA,41.784,46633403,520,STILL,NA,1,P02,LAB01,1,0,0,0,0,0
20260910_105324,STILL_1P_NA,41.784,46633403,520,STILL,NA,1,P02,LAB01,2,0,0,0,0,0
20260910_105324,STILL_1P_NA,41.872,46722263,521,STILL,NA,1,P02,LAB01,0,1,-681,2002,0,360
20260910_105324,STILL_1P_NA,41.872,46722263,521,STILL,NA,1,P02,LAB01,1,0,0,0,0,0
20260910_105324,STILL_1P_NA,41.872,46722263,521,STILL,NA,1,P02,LAB01,2,0,0,0,0,0
20260910_105324,STILL_1P_NA,41.961,46811315,522,STILL,NA,1,P02,LAB01,0,1,-684,2000,-8,360
20260910_105324,STILL_1P_NA,41.961,46811315,522,STILL,NA,1,P02,LAB01,1,0,0,0,0,0
20260910_105324,STILL_1P_NA,41.961,46811315,522,STILL,NA,1,P02,LAB01,2,0,0,0,0,0
20260910_105324,STILL_1P_NA,42.050,46900444,523,STILL,NA,1,P02,LAB01,0,1,-684,2000,-8,360
20260910_105324,STILL_1P_NA,42.050,46900444,523,STILL,NA,1,P02,LAB01,1,0,0,0,0,0
20260910_105324,STILL_1P_NA,42.050,46900444,523,STILL,NA,1,P02,LAB01,2,0,0,0,0,0
20260910_105324,STILL_1P_NA,42.139,46989111,524,STILL,NA,1,P02,LAB01,0,1,-676,2003,0,360
20260910_105324,STILL_1P_NA,42.139,46989111,524,STILL,NA,1,P02,LAB01,1,0,0,0,0,0
20260910_105324,STILL_1P_NA,42.139,46989111,524,STILL,NA,1,P02,LAB01,2,0,0,0,0,0
20260910_105324,STILL_1P_NA,42.228,47078259,525,STILL,NA,1,P02,LAB01,0,1,-666,2007,0,360
20260910_105324,STILL_1P_NA,42.228,47078259,525,STILL,NA,1,P02,LAB01,1,0,0,0,0,0
20260910_105324,STILL_1P_NA,42.228,47078259,525,STILL,NA,1,P02,LAB01,2,0,0,0,0,0
20260910_105324,STILL_1P_NA,42.317,47167079,526,STILL,NA,1,P02,LAB01,0,1,-659,2013,0,360
20260910_105324,STILL_1P_NA,42.317,47167079,526,STILL,NA,1,P02,LAB01,1,0,0,0,0,0
20260910_105324,STILL_1P_NA,42.317,47167079,526,STILL,NA,1,P02,LAB01,2,0,0,0,0,0
20260910_105324,STILL_1P_NA,42.406,47256123,527,STILL,NA,1,P02,LAB01,0,1,-649,2020,0,360
20260910_105324,STILL_1P_NA,42.406,47256123,527,STILL,NA,1,P02,LAB01,1,0,0,0,0,0
20260910_105324,STILL_1P_NA,42.406,47256123,527,STILL,NA,1,P02,LAB01,2,0,0,0,0,0
20260910_105324,STILL_1P_NA,42.495,47345041,528,STILL,NA,1,P02,LAB01,0,1,-637,2029,0,360
20260910_105324,STILL_1P_NA,42.495,47345041,528,STILL,NA,1,P02,LAB01,1,0,0,0,0,0
20260910_105324,STILL_1P_NA,42.495,47345041,528,STILL,NA,1,P02,LAB01,2,0,0,0,0,0
20260910_105324,STILL_1P_NA,42.584,47434120,529,STILL,NA,1,P02,LAB01,0,1,-615,2052,0,360
20260910_105324,STILL_1P_NA,42.584,47434120,529,STILL,NA,1,P02,LAB01,1,0,0,0,0,0
20260910_105324,STILL_1P_NA,42.584,47434120,529,STILL,NA,1,P02,LAB01,2,0,0,0,0,0
20260910_105324,STILL_1P_NA,42.673,47522925,530,STILL,NA,1,P02,LAB01,0,1,-594,2069,0,360
20260910_105324,STILL_1P_NA,42.673,47522925,530,STILL,NA,1,P02,LAB01,1,0,0,0,0,0
20260910_105324,STILL_1P_NA,42.673,47522925,530,STILL,NA,1,P02,LAB01,2,0,0,0,0,0
20260910_105324,STILL_1P_NA,42.762,47612214,531,STILL,NA,1,P02,LAB01,0,1,-586,2074,0,360
20260910_105324,STILL_1P_NA,42.762,47612214,531,STILL,NA,1,P02,LAB01,1,0,0,0,0,0
20260910_105324,STILL_1P_NA,42.762,47612214,531,STILL,NA,1,P02,LAB01,2,0,0,0,0,0
20260910_105324,STILL_1P_NA,42.851,47701038,532,STILL,NA,1,P02,LAB01,0,1,-583,2077,0,360
20260910_105324,STILL_1P_NA,42.851,47701038,532,STILL,NA,1,P02,LAB01,1,0,0,0,0,0
20260910_105324,STILL_1P_NA,42.851,47701038,532,STILL,NA,1,P02,LAB01,2,0,0,0,0,0
20260910_105324,STILL_1P_NA,42.940,47790017,533,STILL,NA,1,P02,LAB01,0,1,-585,2072,0,360
20260910_105324,STILL_1P_NA,42.940,47790017,533,STILL,NA,1,P02,LAB01,1,0,0,0,0,0
20260910_105324,STILL_1P_NA,42.940,47790017,533,STILL,NA,1,P02,LAB01,2,0,0,0,0,0
20260910_105324,STILL_1P_NA,43.029,47878695,534,STILL,NA,1,P02,LAB01,0,1,-595,2066,0,360
20260910_105324,STILL_1P_NA,43.029,47878695,534,STILL,NA,1,P02,LAB01,1,0,0,0,0,0
20260910_105324,STILL_1P_NA,43.029,47878695,534,STILL,NA,1,P02,LAB01,2,0,0,0,0,0
20260910_105324,STILL_1P_NA,43.118,47968106,535,STILL,NA,1,P02,LAB01,0,1,-604,2062,0,360
20260910_105324,STILL_1P_NA,43.118,47968106,535,STILL,NA,1,P02,LAB01,1,0,0,0,0,0
20260910_105324,STILL_1P_NA,43.118,47968106,535,STILL,NA,1,P02,LAB01,2,0,0,0,0,0
20260910_105324,STILL_1P_NA,43.207,48056878,536,STILL,NA,1,P02,LAB01,0,1,-609,2056,0,360
20260910_105324,STILL_1P_NA,43.207,48056878,536,STILL,NA,1,P02,LAB01,1,0,0,0,0,0
20260910_105324,STILL_1P_NA,43.207,48056878,536,STILL,NA,1,P02,LAB01,2,0,0,0,0,0
20260910_105324,STILL_1P_NA,43.296,48145861,537,STILL,NA,1,P02,LAB01,0,1,-616,2051,0,360
20260910_105324,STILL_1P_NA,43.296,48145861,537,STILL,NA,1,P02,LAB01,1,0,0,0,0,0
20260910_105324,STILL_1P_NA,43.296,48145861,537,STILL,NA,1,P02,LAB01,2,0,0,0,0,0
20260910_105324,STILL_1P_NA,43.385,48234878,538,STILL,NA,1,P02,LAB01,0,1,-625,2047,0,360
20260910_105324,STILL_1P_NA,43.385,48234878,538,STILL,NA,1,P02,LAB01,1,0,0,0,0,0
20260910_105324,STILL_1P_NA,43.385,48234878,538,STILL,NA,1,P02,LAB01,2,0,0,0,0,0
20260910_105324,STILL_1P_NA,43.474,48323893,539,STILL,NA,1,P02,LAB01,0,1,-630,2046,0,360
20260910_105324,STILL_1P_NA,43.474,48323893,539,STILL,NA,1,P02,LAB01,1,0,0,0,0,0
20260910_105324,STILL_1P_NA,43.474,48323893,539,STILL,NA,1,P02,LAB01,2,0,0,0,0,0
20260910_105324,STILL_1P_NA,43.563,48412993,540,STILL,NA,1,P02,LAB01,0,1,-635,2046,0,360
20260910_105324,STILL_1P_NA,43.563,48412993,540,STILL,NA,1,P02,LAB01,1,0,0,0,0,0
20260910_105324,STILL_1P_NA,43.563,48412993,540,STILL,NA,1,P02,LAB01,2,0,0,0,0,0
20260910_105324,STILL_1P_NA,43.652,48502123,541,STILL,NA,1,P02,LAB01,0,1,-639,2046,0,360
20260910_105324,STILL_1P_NA,43.652,48502123,541,STILL,NA,1,P02,LAB01,1,0,0,0,0,0
20260910_105324,STILL_1P_NA,43.652,48502123,541,STILL,NA,1,P02,LAB01,2,0,0,0,0,0
20260910_105324,STILL_1P_NA,43.741,48590993,542,STILL,NA,1,P02,LAB01,0,1,-638,2047,0,360
20260910_105324,STILL_1P_NA,43.741,48590993,542,STILL,NA,1,P02,LAB01,1,0,0,0,0,0
20260910_105324,STILL_1P_NA,43.741,48590993,542,STILL,NA,1,P02,LAB01,2,0,0,0,0,0
20260910_105324,STILL_1P_NA,43.830,48679881,543,STILL,NA,1,P02,LAB01,0,1,-639,2047,0,360
20260910_105324,STILL_1P_NA,43.830,48679881,543,STILL,NA,1,P02,LAB01,1,0,0,0,0,0
20260910_105324,STILL_1P_NA,43.830,48679881,543,STILL,NA,1,P02,LAB01,2,0,0,0,0,0
20260910_105324,STILL_1P_NA,43.919,48768898,544,STILL,NA,1,P02,LAB01,0,1,-637,2045,0,360
20260910_105324,STILL_1P_NA,43.919,48768898,544,STILL,NA,1,P02,LAB01,1,0,0,0,0,0
20260910_105324,STILL_1P_NA,43.919,48768898,544,STILL,NA,1,P02,LAB01,2,0,0,0,0,0
20260910_105324,STILL_1P_NA,44.008,48857815,545,STILL,NA,1,P02,LAB01,0,1,-638,2042,0,360
20260910_105324,STILL_1P_NA,44.008,48857815,545,STILL,NA,1,P02,LAB01,1,0,0,0,0,0
20260910_105324,STILL_1P_NA,44.008,48857815,545,STILL,NA,1,P02,LAB01,2,0,0,0,0,0
20260910_105324,STILL_1P_NA,44.097,48947038,546,STILL,NA,1,P02,LAB01,0,1,-641,2040,0,360
20260910_105324,STILL_1P_NA,44.097,48947038,546,STILL,NA,1,P02,LAB01,1,0,0,0,0,0
20260910_105324,STILL_1P_NA,44.097,48947038,546,STILL,NA,1,P02,LAB01,2,0,0,0,0,0
20260910_105324,STILL_1P_NA,44.186,49035806,547,STILL,NA,1,P02,LAB01,0,1,-644,2038,0,360
20260910_105324,STILL_1P_NA,44.186,49035806,547,STILL,NA,1,P02,LAB01,1,0,0,0,0,0
20260910_105324,STILL_1P_NA,44.186,49035806,547,STILL,NA,1,P02,LAB01,2,0,0,0,0,0
20260910_105324,STILL_1P_NA,44.275,49125161,548,STILL,NA,1,P02,LAB01,0,1,-645,2038,0,360
20260910_105324,STILL_1P_NA,44.275,49125161,548,STILL,NA,1,P02,LAB01,1,0,0,0,0,0
20260910_105324,STILL_1P_NA,44.275,49125161,548,STILL,NA,1,P02,LAB01,2,0,0,0,0,0
20260910_105324,STILL_1P_NA,44.364,49213806,549,STILL,NA,1,P02,LAB01,0,1,-649,2036,0,360
20260910_105324,STILL_1P_NA,44.364,49213806,549,STILL,NA,1,P02,LAB01,1,0,0,0,0,0
20260910_105324,STILL_1P_NA,44.364,49213806,549,STILL,NA,1,P02,LAB01,2,0,0,0,0,0
20260910_105324,STILL_1P_NA,44.453,49302910,550,STILL,NA,1,P02,LAB01,0,1,-651,2034,0,360
20260910_105324,STILL_1P_NA,44.453,49302910,550,STILL,NA,1,P02,LAB01,1,0,0,0,0,0
20260910_105324,STILL_1P_NA,44.453,49302910,550,STILL,NA,1,P02,LAB01,2,0,0,0,0,0
20260910_105324,STILL_1P_NA,44.542,49391647,551,STILL,NA,1,P02,LAB01,0,1,-651,2030,0,360
20260910_105324,STILL_1P_NA,44.542,49391647,551,STILL,NA,1,P02,LAB01,1,0,0,0,0,0
20260910_105324,STILL_1P_NA,44.542,49391647,551,STILL,NA,1,P02,LAB01,2,0,0,0,0,0
20260910_105324,STILL_1P_NA,44.631,49480937,552,STILL,NA,1,P02,LAB01,0,1,-651,2027,0,360
20260910_105324,STILL_1P_NA,44.631,49480937,552,STILL,NA,1,P02,LAB01,1,0,0,0,0,0
20260910_105324,STILL_1P_NA,44.631,49480937,552,STILL,NA,1,P02,LAB01,2,0,0,0,0,0
20260910_105324,STILL_1P_NA,44.720,49569925,553,STILL,NA,1,P02,LAB01,0,1,-649,2021,0,360
20260910_105324,STILL_1P_NA,44.720,49569925,553,STILL,NA,1,P02,LAB01,1,0,0,0,0,0
20260910_105324,STILL_1P_NA,44.720,49569925,553,STILL,NA,1,P02,LAB01,2,0,0,0,0,0
20260910_105324,STILL_1P_NA,44.809,49658750,554,STILL,NA,1,P02,LAB01,0,1,-649,2017,0,360
20260910_105324,STILL_1P_NA,44.809,49658750,554,STILL,NA,1,P02,LAB01,1,0,0,0,0,0
20260910_105324,STILL_1P_NA,44.809,49658750,554,STILL,NA,1,P02,LAB01,2,0,0,0,0,0
20260910_105324,STILL_1P_NA,44.897,49747668,555,STILL,NA,1,P02,LAB01,0,1,-652,2014,0,360
20260910_105324,STILL_1P_NA,44.897,49747668,555,STILL,NA,1,P02,LAB01,1,0,0,0,0,0
20260910_105324,STILL_1P_NA,44.897,49747668,555,STILL,NA,1,P02,LAB01,2,0,0,0,0,0
20260910_105324,STILL_1P_NA,44.987,49836745,556,STILL,NA,1,P02,LAB01,0,1,-657,2011,0,360
20260910_105324,STILL_1P_NA,44.987,49836745,556,STILL,NA,1,P02,LAB01,1,0,0,0,0,0
20260910_105324,STILL_1P_NA,44.987,49836745,556,STILL,NA,1,P02,LAB01,2,0,0,0,0,0
20260910_105324,STILL_1P_NA,45.076,49925822,557,STILL,NA,1,P02,LAB01,0,1,-660,2010,0,360
20260910_105324,STILL_1P_NA,45.076,49925822,557,STILL,NA,1,P02,LAB01,1,0,0,0,0,0
20260910_105324,STILL_1P_NA,45.076,49925822,557,STILL,NA,1,P02,LAB01,2,0,0,0,0,0
20260910_105324,STILL_1P_NA,45.165,50014961,558,STILL,NA,1,P02,LAB01,0,1,-661,2010,0,360
20260910_105324,STILL_1P_NA,45.165,50014961,558,STILL,NA,1,P02,LAB01,1,0,0,0,0,0
20260910_105324,STILL_1P_NA,45.165,50014961,558,STILL,NA,1,P02,LAB01,2,0,0,0,0,0
20260910_105324,STILL_1P_NA,45.254,50103723,559,STILL,NA,1,P02,LAB01,0,1,-660,2010,0,360
20260910_105324,STILL_1P_NA,45.254,50103723,559,STILL,NA,1,P02,LAB01,1,0,0,0,0,0
20260910_105324,STILL_1P_NA,45.254,50103723,559,STILL,NA,1,P02,LAB01,2,0,0,0,0,0
20260910_105324,STILL_1P_NA,45.343,50192893,560,STILL,NA,1,P02,LAB01,0,1,-661,2009,0,360
20260910_105324,STILL_1P_NA,45.343,50192893,560,STILL,NA,1,P02,LAB01,1,0,0,0,0,0
20260910_105324,STILL_1P_NA,45.343,50192893,560,STILL,NA,1,P02,LAB01,2,0,0,0,0,0
20260910_105324,STILL_1P_NA,45.432,50282020,561,STILL,NA,1,P02,LAB01,0,1,-660,2009,0,360
20260910_105324,STILL_1P_NA,45.432,50282020,561,STILL,NA,1,P02,LAB01,1,0,0,0,0,0
20260910_105324,STILL_1P_NA,45.432,50282020,561,STILL,NA,1,P02,LAB01,2,0,0,0,0,0
20260910_105324,STILL_1P_NA,45.520,50370701,562,STILL,NA,1,P02,LAB01,0,1,-657,2010,0,360
20260910_105324,STILL_1P_NA,45.520,50370701,562,STILL,NA,1,P02,LAB01,1,0,0,0,0,0
20260910_105324,STILL_1P_NA,45.520,50370701,562,STILL,NA,1,P02,LAB01,2,0,0,0,0,0
20260910_105324,STILL_1P_NA,45.610,50459871,563,STILL,NA,1,P02,LAB01,0,1,-651,2012,0,360
20260910_105324,STILL_1P_NA,45.610,50459871,563,STILL,NA,1,P02,LAB01,1,0,0,0,0,0
20260910_105324,STILL_1P_NA,45.610,50459871,563,STILL,NA,1,P02,LAB01,2,0,0,0,0,0
20260910_105324,STILL_1P_NA,45.699,50548760,564,STILL,NA,1,P02,LAB01,0,1,-640,2013,0,360
20260910_105324,STILL_1P_NA,45.699,50548760,564,STILL,NA,1,P02,LAB01,1,0,0,0,0,0
20260910_105324,STILL_1P_NA,45.699,50548760,564,STILL,NA,1,P02,LAB01,2,0,0,0,0,0
20260910_105324,STILL_1P_NA,45.788,50637775,565,STILL,NA,1,P02,LAB01,0,1,-621,2015,0,360
20260910_105324,STILL_1P_NA,45.788,50637775,565,STILL,NA,1,P02,LAB01,1,0,0,0,0,0
20260910_105324,STILL_1P_NA,45.788,50637775,565,STILL,NA,1,P02,LAB01,2,0,0,0,0,0
20260910_105324,STILL_1P_NA,45.877,50726822,566,STILL,NA,1,P02,LAB01,0,1,-566,2018,8,360
20260910_105324,STILL_1P_NA,45.877,50726822,566,STILL,NA,1,P02,LAB01,1,0,0,0,0,0
20260910_105324,STILL_1P_NA,45.877,50726822,566,STILL,NA,1,P02,LAB01,2,0,0,0,0,0
20260910_105324,STILL_1P_NA,45.966,50815647,567,STILL,NA,1,P02,LAB01,0,1,-581,2003,0,360
20260910_105324,STILL_1P_NA,45.966,50815647,567,STILL,NA,1,P02,LAB01,1,0,0,0,0,0
20260910_105324,STILL_1P_NA,45.966,50815647,567,STILL,NA,1,P02,LAB01,2,0,0,0,0,0
20260910_105324,STILL_1P_NA,46.055,50904973,568,STILL,NA,1,P02,LAB01,0,1,-587,1998,8,360
20260910_105324,STILL_1P_NA,46.055,50904973,568,STILL,NA,1,P02,LAB01,1,0,0,0,0,0
20260910_105324,STILL_1P_NA,46.055,50904973,568,STILL,NA,1,P02,LAB01,2,0,0,0,0,0
20260910_105324,STILL_1P_NA,46.144,50993893,569,STILL,NA,1,P02,LAB01,0,1,-598,1993,0,360
20260910_105324,STILL_1P_NA,46.144,50993893,569,STILL,NA,1,P02,LAB01,1,0,0,0,0,0
20260910_105324,STILL_1P_NA,46.144,50993893,569,STILL,NA,1,P02,LAB01,2,0,0,0,0,0
20260910_105324,STILL_1P_NA,46.233,51082878,570,STILL,NA,1,P02,LAB01,0,1,-611,1992,0,360
20260910_105324,STILL_1P_NA,46.233,51082878,570,STILL,NA,1,P02,LAB01,1,0,0,0,0,0
20260910_105324,STILL_1P_NA,46.233,51082878,570,STILL,NA,1,P02,LAB01,2,0,0,0,0,0
20260910_105324,STILL_1P_NA,46.322,51172035,571,STILL,NA,1,P02,LAB01,0,1,-626,1992,0,360
20260910_105324,STILL_1P_NA,46.322,51172035,571,STILL,NA,1,P02,LAB01,1,0,0,0,0,0
20260910_105324,STILL_1P_NA,46.322,51172035,571,STILL,NA,1,P02,LAB01,2,0,0,0,0,0
20260910_105324,STILL_1P_NA,46.411,51260898,572,STILL,NA,1,P02,LAB01,0,1,-633,1992,0,360
20260910_105324,STILL_1P_NA,46.411,51260898,572,STILL,NA,1,P02,LAB01,1,0,0,0,0,0
20260910_105324,STILL_1P_NA,46.411,51260898,572,STILL,NA,1,P02,LAB01,2,0,0,0,0,0
20260910_105324,STILL_1P_NA,46.500,51349662,573,STILL,NA,1,P02,LAB01,0,1,-637,1993,0,360
20260910_105324,STILL_1P_NA,46.500,51349662,573,STILL,NA,1,P02,LAB01,1,0,0,0,0,0
20260910_105324,STILL_1P_NA,46.500,51349662,573,STILL,NA,1,P02,LAB01,2,0,0,0,0,0
20260910_105324,STILL_1P_NA,46.589,51438861,574,STILL,NA,1,P02,LAB01,0,1,-638,1995,0,360
20260910_105324,STILL_1P_NA,46.589,51438861,574,STILL,NA,1,P02,LAB01,1,0,0,0,0,0
20260910_105324,STILL_1P_NA,46.589,51438861,574,STILL,NA,1,P02,LAB01,2,0,0,0,0,0
20260910_105324,STILL_1P_NA,46.678,51527662,575,STILL,NA,1,P02,LAB01,0,1,-633,2000,0,360
20260910_105324,STILL_1P_NA,46.678,51527662,575,STILL,NA,1,P02,LAB01,1,0,0,0,0,0
20260910_105324,STILL_1P_NA,46.678,51527662,575,STILL,NA,1,P02,LAB01,2,0,0,0,0,0
20260910_105324,STILL_1P_NA,46.767,51616952,576,STILL,NA,1,P02,LAB01,0,1,-629,2006,0,360
20260910_105324,STILL_1P_NA,46.767,51616952,576,STILL,NA,1,P02,LAB01,1,0,0,0,0,0
20260910_105324,STILL_1P_NA,46.767,51616952,576,STILL,NA,1,P02,LAB01,2,0,0,0,0,0
20260910_105324,STILL_1P_NA,46.856,51705778,577,STILL,NA,1,P02,LAB01,0,1,-658,2004,0,360
20260910_105324,STILL_1P_NA,46.856,51705778,577,STILL,NA,1,P02,LAB01,1,0,0,0,0,0
20260910_105324,STILL_1P_NA,46.856,51705778,577,STILL,NA,1,P02,LAB01,2,0,0,0,0,0
20260910_105324,STILL_1P_NA,46.944,51794792,578,STILL,NA,1,P02,LAB01,0,1,-665,2004,0,360
20260910_105324,STILL_1P_NA,46.944,51794792,578,STILL,NA,1,P02,LAB01,1,0,0,0,0,0
20260910_105324,STILL_1P_NA,46.944,51794792,578,STILL,NA,1,P02,LAB01,2,0,0,0,0,0
20260910_105324,STILL_1P_NA,47.033,51883492,579,STILL,NA,1,P02,LAB01,0,1,-667,2011,0,360
20260910_105324,STILL_1P_NA,47.033,51883492,579,STILL,NA,1,P02,LAB01,1,0,0,0,0,0
20260910_105324,STILL_1P_NA,47.033,51883492,579,STILL,NA,1,P02,LAB01,2,0,0,0,0,0
20260910_105324,STILL_1P_NA,47.122,51972695,580,STILL,NA,1,P02,LAB01,0,1,-669,2014,0,360
20260910_105324,STILL_1P_NA,47.122,51972695,580,STILL,NA,1,P02,LAB01,1,0,0,0,0,0
20260910_105324,STILL_1P_NA,47.122,51972695,580,STILL,NA,1,P02,LAB01,2,0,0,0,0,0
20260910_105324,STILL_1P_NA,47.212,52061934,581,STILL,NA,1,P02,LAB01,0,1,-669,2015,0,360
20260910_105324,STILL_1P_NA,47.212,52061934,581,STILL,NA,1,P02,LAB01,1,0,0,0,0,0
20260910_105324,STILL_1P_NA,47.212,52061934,581,STILL,NA,1,P02,LAB01,2,0,0,0,0,0
20260910_105324,STILL_1P_NA,47.301,52150723,582,STILL,NA,1,P02,LAB01,0,1,-670,2015,0,360
20260910_105324,STILL_1P_NA,47.301,52150723,582,STILL,NA,1,P02,LAB01,1,0,0,0,0,0
20260910_105324,STILL_1P_NA,47.301,52150723,582,STILL,NA,1,P02,LAB01,2,0,0,0,0,0
20260910_105324,STILL_1P_NA,47.390,52239674,583,STILL,NA,1,P02,LAB01,0,1,-674,2014,0,360
20260910_105324,STILL_1P_NA,47.390,52239674,583,STILL,NA,1,P02,LAB01,1,0,0,0,0,0
20260910_105324,STILL_1P_NA,47.390,52239674,583,STILL,NA,1,P02,LAB01,2,0,0,0,0,0
20260910_105324,STILL_1P_NA,47.479,52329058,584,STILL,NA,1,P02,LAB01,0,1,-678,2013,0,360
20260910_105324,STILL_1P_NA,47.479,52329058,584,STILL,NA,1,P02,LAB01,1,0,0,0,0,0
20260910_105324,STILL_1P_NA,47.479,52329058,584,STILL,NA,1,P02,LAB01,2,0,0,0,0,0
20260910_105324,STILL_1P_NA,47.567,52417765,585,STILL,NA,1,P02,LAB01,0,1,-681,2017,0,360
20260910_105324,STILL_1P_NA,47.567,52417765,585,STILL,NA,1,P02,LAB01,1,0,0,0,0,0
20260910_105324,STILL_1P_NA,47.567,52417765,585,STILL,NA,1,P02,LAB01,2,0,0,0,0,0
20260910_105324,STILL_1P_NA,47.657,52506619,586,STILL,NA,1,P02,LAB01,0,1,-684,2020,0,360
20260910_105324,STILL_1P_NA,47.657,52506619,586,STILL,NA,1,P02,LAB01,1,0,0,0,0,0
20260910_105324,STILL_1P_NA,47.657,52506619,586,STILL,NA,1,P02,LAB01,2,0,0,0,0,0
20260910_105324,STILL_1P_NA,47.746,52595822,587,STILL,NA,1,P02,LAB01,0,1,-691,2021,-8,360
20260910_105324,STILL_1P_NA,47.746,52595822,587,STILL,NA,1,P02,LAB01,1,0,0,0,0,0
20260910_105324,STILL_1P_NA,47.746,52595822,587,STILL,NA,1,P02,LAB01,2,0,0,0,0,0
20260910_105324,STILL_1P_NA,47.835,52684806,588,STILL,NA,1,P02,LAB01,0,1,-694,2022,0,360
20260910_105324,STILL_1P_NA,47.835,52684806,588,STILL,NA,1,P02,LAB01,1,0,0,0,0,0
20260910_105324,STILL_1P_NA,47.835,52684806,588,STILL,NA,1,P02,LAB01,2,0,0,0,0,0
20260910_105324,STILL_1P_NA,47.923,52773636,589,STILL,NA,1,P02,LAB01,0,1,-696,2022,0,360
20260910_105324,STILL_1P_NA,47.923,52773636,589,STILL,NA,1,P02,LAB01,1,0,0,0,0,0
20260910_105324,STILL_1P_NA,47.923,52773636,589,STILL,NA,1,P02,LAB01,2,0,0,0,0,0
20260910_105324,STILL_1P_NA,48.012,52862738,590,STILL,NA,1,P02,LAB01,0,1,-696,2022,0,360
20260910_105324,STILL_1P_NA,48.012,52862738,590,STILL,NA,1,P02,LAB01,1,0,0,0,0,0
20260910_105324,STILL_1P_NA,48.012,52862738,590,STILL,NA,1,P02,LAB01,2,0,0,0,0,0
20260910_105324,STILL_1P_NA,48.101,52951436,591,STILL,NA,1,P02,LAB01,0,1,-698,2021,0,360
20260910_105324,STILL_1P_NA,48.101,52951436,591,STILL,NA,1,P02,LAB01,1,0,0,0,0,0
20260910_105324,STILL_1P_NA,48.101,52951436,591,STILL,NA,1,P02,LAB01,2,0,0,0,0,0
20260910_105324,STILL_1P_NA,48.191,53040579,592,STILL,NA,1,P02,LAB01,0,1,-702,2018,0,360
20260910_105324,STILL_1P_NA,48.191,53040579,592,STILL,NA,1,P02,LAB01,1,0,0,0,0,0
20260910_105324,STILL_1P_NA,48.191,53040579,592,STILL,NA,1,P02,LAB01,2,0,0,0,0,0
20260910_105324,STILL_1P_NA,48.279,53129719,593,STILL,NA,1,P02,LAB01,0,1,-705,2016,0,360
20260910_105324,STILL_1P_NA,48.279,53129719,593,STILL,NA,1,P02,LAB01,1,0,0,0,0,0
20260910_105324,STILL_1P_NA,48.279,53129719,593,STILL,NA,1,P02,LAB01,2,0,0,0,0,0
20260910_105324,STILL_1P_NA,48.368,53218133,594,STILL,NA,1,P02,LAB01,0,1,-710,2012,0,360
20260910_105324,STILL_1P_NA,48.368,53218133,594,STILL,NA,1,P02,LAB01,1,0,0,0,0,0
20260910_105324,STILL_1P_NA,48.368,53218133,594,STILL,NA,1,P02,LAB01,2,0,0,0,0,0
20260910_105324,STILL_1P_NA,48.457,53307368,595,STILL,NA,1,P02,LAB01,0,1,-714,2008,0,360
20260910_105324,STILL_1P_NA,48.457,53307368,595,STILL,NA,1,P02,LAB01,1,0,0,0,0,0
20260910_105324,STILL_1P_NA,48.457,53307368,595,STILL,NA,1,P02,LAB01,2,0,0,0,0,0
20260910_105324,STILL_1P_NA,48.546,53396574,596,STILL,NA,1,P02,LAB01,0,1,-715,2006,8,360
20260910_105324,STILL_1P_NA,48.546,53396574,596,STILL,NA,1,P02,LAB01,1,0,0,0,0,0
20260910_105324,STILL_1P_NA,48.546,53396574,596,STILL,NA,1,P02,LAB01,2,0,0,0,0,0
20260910_105324,STILL_1P_NA,48.635,53485485,597,STILL,NA,1,P02,LAB01,0,1,-714,2005,0,360
20260910_105324,STILL_1P_NA,48.635,53485485,597,STILL,NA,1,P02,LAB01,1,0,0,0,0,0
20260910_105324,STILL_1P_NA,48.635,53485485,597,STILL,NA,1,P02,LAB01,2,0,0,0,0,0
20260910_105324,STILL_1P_NA,48.725,53574629,598,STILL,NA,1,P02,LAB01,0,1,-716,2002,0,360
20260910_105324,STILL_1P_NA,48.725,53574629,598,STILL,NA,1,P02,LAB01,1,0,0,0,0,0
20260910_105324,STILL_1P_NA,48.725,53574629,598,STILL,NA,1,P02,LAB01,2,0,0,0,0,0
20260910_105324,STILL_1P_NA,48.813,53663273,599,STILL,NA,1,P02,LAB01,0,1,-715,2002,0,360
20260910_105324,STILL_1P_NA,48.813,53663273,599,STILL,NA,1,P02,LAB01,1,0,0,0,0,0
20260910_105324,STILL_1P_NA,48.813,53663273,599,STILL,NA,1,P02,LAB01,2,0,0,0,0,0
20260910_105324,STILL_1P_NA,48.902,53752375,600,STILL,NA,1,P02,LAB01,0,1,-718,1998,0,360
20260910_105324,STILL_1P_NA,48.902,53752375,600,STILL,NA,1,P02,LAB01,1,0,0,0,0,0
20260910_105324,STILL_1P_NA,48.902,53752375,600,STILL,NA,1,P02,LAB01,2,0,0,0,0,0
20260910_105324,STILL_1P_NA,48.991,53841353,601,STILL,NA,1,P02,LAB01,0,1,-720,1996,0,360
20260910_105324,STILL_1P_NA,48.991,53841353,601,STILL,NA,1,P02,LAB01,1,0,0,0,0,0
20260910_105324,STILL_1P_NA,48.991,53841353,601,STILL,NA,1,P02,LAB01,2,0,0,0,0,0
20260910_105324,STILL_1P_NA,49.080,53930465,602,STILL,NA,1,P02,LAB01,0,1,-720,1995,0,360
20260910_105324,STILL_1P_NA,49.080,53930465,602,STILL,NA,1,P02,LAB01,1,0,0,0,0,0
20260910_105324,STILL_1P_NA,49.080,53930465,602,STILL,NA,1,P02,LAB01,2,0,0,0,0,0
20260910_105324,STILL_1P_NA,49.169,54019573,603,STILL,NA,1,P02,LAB01,0,1,-720,1995,0,360
20260910_105324,STILL_1P_NA,49.169,54019573,603,STILL,NA,1,P02,LAB01,1,0,0,0,0,0
20260910_105324,STILL_1P_NA,49.169,54019573,603,STILL,NA,1,P02,LAB01,2,0,0,0,0,0
20260910_105324,STILL_1P_NA,49.258,54108361,604,STILL,NA,1,P02,LAB01,0,1,-717,1996,0,360
20260910_105324,STILL_1P_NA,49.258,54108361,604,STILL,NA,1,P02,LAB01,1,0,0,0,0,0
20260910_105324,STILL_1P_NA,49.258,54108361,604,STILL,NA,1,P02,LAB01,2,0,0,0,0,0
20260910_105324,STILL_1P_NA,49.347,54197259,605,STILL,NA,1,P02,LAB01,0,1,-716,1998,0,360
20260910_105324,STILL_1P_NA,49.347,54197259,605,STILL,NA,1,P02,LAB01,1,0,0,0,0,0
20260910_105324,STILL_1P_NA,49.347,54197259,605,STILL,NA,1,P02,LAB01,2,0,0,0,0,0
20260910_105324,STILL_1P_NA,49.436,54286423,606,STILL,NA,1,P02,LAB01,0,1,-718,1999,0,360
20260910_105324,STILL_1P_NA,49.436,54286423,606,STILL,NA,1,P02,LAB01,1,0,0,0,0,0
20260910_105324,STILL_1P_NA,49.436,54286423,606,STILL,NA,1,P02,LAB01,2,0,0,0,0,0
20260910_105324,STILL_1P_NA,49.525,54375465,607,STILL,NA,1,P02,LAB01,0,1,-718,2000,0,360
20260910_105324,STILL_1P_NA,49.525,54375465,607,STILL,NA,1,P02,LAB01,1,0,0,0,0,0
20260910_105324,STILL_1P_NA,49.525,54375465,607,STILL,NA,1,P02,LAB01,2,0,0,0,0,0
20260910_105324,STILL_1P_NA,49.615,54464579,608,STILL,NA,1,P02,LAB01,0,1,-719,2000,0,360
20260910_105324,STILL_1P_NA,49.615,54464579,608,STILL,NA,1,P02,LAB01,1,0,0,0,0,0
20260910_105324,STILL_1P_NA,49.615,54464579,608,STILL,NA,1,P02,LAB01,2,0,0,0,0,0
20260910_105324,STILL_1P_NA,49.703,54553315,609,STILL,NA,1,P02,LAB01,0,1,-722,1999,0,360
20260910_105324,STILL_1P_NA,49.703,54553315,609,STILL,NA,1,P02,LAB01,1,0,0,0,0,0
20260910_105324,STILL_1P_NA,49.703,54553315,609,STILL,NA,1,P02,LAB01,2,0,0,0,0,0
20260910_105324,STILL_1P_NA,49.792,54642382,610,STILL,NA,1,P02,LAB01,0,1,-729,1994,0,360
20260910_105324,STILL_1P_NA,49.792,54642382,610,STILL,NA,1,P02,LAB01,1,0,0,0,0,0
20260910_105324,STILL_1P_NA,49.792,54642382,610,STILL,NA,1,P02,LAB01,2,0,0,0,0,0
20260910_105324,STILL_1P_NA,49.881,54731368,611,STILL,NA,1,P02,LAB01,0,1,-734,1990,0,360
20260910_105324,STILL_1P_NA,49.881,54731368,611,STILL,NA,1,P02,LAB01,1,0,0,0,0,0
20260910_105324,STILL_1P_NA,49.881,54731368,611,STILL,NA,1,P02,LAB01,2,0,0,0,0,0
20260910_105324,STILL_1P_NA,49.970,54820259,612,STILL,NA,1,P02,LAB01,0,1,-732,1990,0,360
20260910_105324,STILL_1P_NA,49.970,54820259,612,STILL,NA,1,P02,LAB01,1,0,0,0,0,0
20260910_105324,STILL_1P_NA,49.970,54820259,612,STILL,NA,1,P02,LAB01,2,0,0,0,0,0
20260910_105324,STILL_1P_NA,50.059,54909458,613,STILL,NA,1,P02,LAB01,0,1,-729,1994,0,360
20260910_105324,STILL_1P_NA,50.059,54909458,613,STILL,NA,1,P02,LAB01,1,0,0,0,0,0
20260910_105324,STILL_1P_NA,50.059,54909458,613,STILL,NA,1,P02,LAB01,2,0,0,0,0,0
20260910_105324,STILL_1P_NA,50.148,54998318,614,STILL,NA,1,P02,LAB01,0,1,-725,1998,-8,360
20260910_105324,STILL_1P_NA,50.148,54998318,614,STILL,NA,1,P02,LAB01,1,0,0,0,0,0
20260910_105324,STILL_1P_NA,50.148,54998318,614,STILL,NA,1,P02,LAB01,2,0,0,0,0,0
20260910_105324,STILL_1P_NA,50.237,55087361,615,STILL,NA,1,P02,LAB01,0,1,-723,2001,0,360
20260910_105324,STILL_1P_NA,50.237,55087361,615,STILL,NA,1,P02,LAB01,1,0,0,0,0,0
20260910_105324,STILL_1P_NA,50.237,55087361,615,STILL,NA,1,P02,LAB01,2,0,0,0,0,0
20260910_105324,STILL_1P_NA,50.327,55176403,616,STILL,NA,1,P02,LAB01,0,1,-723,2001,0,360
20260910_105324,STILL_1P_NA,50.327,55176403,616,STILL,NA,1,P02,LAB01,1,0,0,0,0,0
20260910_105324,STILL_1P_NA,50.327,55176403,616,STILL,NA,1,P02,LAB01,2,0,0,0,0,0
20260910_105324,STILL_1P_NA,50.415,55265161,617,STILL,NA,1,P02,LAB01,0,1,-723,2001,0,360
20260910_105324,STILL_1P_NA,50.415,55265161,617,STILL,NA,1,P02,LAB01,1,0,0,0,0,0
20260910_105324,STILL_1P_NA,50.415,55265161,617,STILL,NA,1,P02,LAB01,2,0,0,0,0,0
20260910_105324,STILL_1P_NA,50.504,55354338,618,STILL,NA,1,P02,LAB01,0,1,-724,2001,0,360
20260910_105324,STILL_1P_NA,50.504,55354338,618,STILL,NA,1,P02,LAB01,1,0,0,0,0,0
20260910_105324,STILL_1P_NA,50.504,55354338,618,STILL,NA,1,P02,LAB01,2,0,0,0,0,0
20260910_105324,STILL_1P_NA,50.593,55443318,619,STILL,NA,1,P02,LAB01,0,1,-720,2002,0,360
20260910_105324,STILL_1P_NA,50.593,55443318,619,STILL,NA,1,P02,LAB01,1,0,0,0,0,0
20260910_105324,STILL_1P_NA,50.593,55443318,619,STILL,NA,1,P02,LAB01,2,0,0,0,0,0
20260910_105324,STILL_1P_NA,50.682,55532423,620,STILL,NA,1,P02,LAB01,0,1,-714,2003,8,360
20260910_105324,STILL_1P_NA,50.682,55532423,620,STILL,NA,1,P02,LAB01,1,0,0,0,0,0
20260910_105324,STILL_1P_NA,50.682,55532423,620,STILL,NA,1,P02,LAB01,2,0,0,0,0,0
20260910_105324,STILL_1P_NA,50.771,55621723,621,STILL,NA,1,P02,LAB01,0,1,-712,2005,0,360
20260910_105324,STILL_1P_NA,50.771,55621723,621,STILL,NA,1,P02,LAB01,1,0,0,0,0,0
20260910_105324,STILL_1P_NA,50.771,55621723,621,STILL,NA,1,P02,LAB01,2,0,0,0,0,0
20260910_105324,STILL_1P_NA,50.861,55710579,622,STILL,NA,1,P02,LAB01,0,1,-712,2006,0,360
20260910_105324,STILL_1P_NA,50.861,55710579,622,STILL,NA,1,P02,LAB01,1,0,0,0,0,0
20260910_105324,STILL_1P_NA,50.861,55710579,622,STILL,NA,1,P02,LAB01,2,0,0,0,0,0
20260910_105324,STILL_1P_NA,50.949,55799375,623,STILL,NA,1,P02,LAB01,0,1,-712,2008,8,360
20260910_105324,STILL_1P_NA,50.949,55799375,623,STILL,NA,1,P02,LAB01,1,0,0,0,0,0
20260910_105324,STILL_1P_NA,50.949,55799375,623,STILL,NA,1,P02,LAB01,2,0,0,0,0,0
20260910_105324,STILL_1P_NA,51.039,55888513,624,STILL,NA,1,P02,LAB01,0,1,-707,2010,0,360
20260910_105324,STILL_1P_NA,51.039,55888513,624,STILL,NA,1,P02,LAB01,1,0,0,0,0,0
20260910_105324,STILL_1P_NA,51.039,55888513,624,STILL,NA,1,P02,LAB01,2,0,0,0,0,0
20260910_105324,STILL_1P_NA,51.127,55977368,625,STILL,NA,1,P02,LAB01,0,1,-703,2011,16,360
20260910_105324,STILL_1P_NA,51.127,55977368,625,STILL,NA,1,P02,LAB01,1,0,0,0,0,0
20260910_105324,STILL_1P_NA,51.127,55977368,625,STILL,NA,1,P02,LAB01,2,0,0,0,0,0
20260910_105324,STILL_1P_NA,51.216,56066478,626,STILL,NA,1,P02,LAB01,0,1,-713,2007,-32,360
20260910_105324,STILL_1P_NA,51.216,56066478,626,STILL,NA,1,P02,LAB01,1,0,0,0,0,0
20260910_105324,STILL_1P_NA,51.216,56066478,626,STILL,NA,1,P02,LAB01,2,0,0,0,0,0
20260910_105324,STILL_1P_NA,51.305,56155368,627,STILL,NA,1,P02,LAB01,0,1,-724,2001,0,360
20260910_105324,STILL_1P_NA,51.305,56155368,627,STILL,NA,1,P02,LAB01,1,0,0,0,0,0
20260910_105324,STILL_1P_NA,51.305,56155368,627,STILL,NA,1,P02,LAB01,2,0,0,0,0,0
20260910_105324,STILL_1P_NA,51.394,56244123,628,STILL,NA,1,P02,LAB01,0,1,-722,2002,0,360
20260910_105324,STILL_1P_NA,51.394,56244123,628,STILL,NA,1,P02,LAB01,1,0,0,0,0,0
20260910_105324,STILL_1P_NA,51.394,56244123,628,STILL,NA,1,P02,LAB01,2,0,0,0,0,0
20260910_105324,STILL_1P_NA,51.483,56333361,629,STILL,NA,1,P02,LAB01,0,1,-719,2006,8,360
20260910_105324,STILL_1P_NA,51.483,56333361,629,STILL,NA,1,P02,LAB01,1,0,0,0,0,0
20260910_105324,STILL_1P_NA,51.483,56333361,629,STILL,NA,1,P02,LAB01,2,0,0,0,0,0
20260910_105324,STILL_1P_NA,51.573,56422375,630,STILL,NA,1,P02,LAB01,0,1,-711,2011,0,360
20260910_105324,STILL_1P_NA,51.573,56422375,630,STILL,NA,1,P02,LAB01,1,0,0,0,0,0
20260910_105324,STILL_1P_NA,51.573,56422375,630,STILL,NA,1,P02,LAB01,2,0,0,0,0,0
20260910_105324,STILL_1P_NA,51.661,56511479,631,STILL,NA,1,P02,LAB01,0,1,-705,2014,8,360
20260910_105324,STILL_1P_NA,51.661,56511479,631,STILL,NA,1,P02,LAB01,1,0,0,0,0,0
20260910_105324,STILL_1P_NA,51.661,56511479,631,STILL,NA,1,P02,LAB01,2,0,0,0,0,0
20260910_105324,STILL_1P_NA,51.750,56600214,632,STILL,NA,1,P02,LAB01,0,1,-703,2014,24,360
20260910_105324,STILL_1P_NA,51.750,56600214,632,STILL,NA,1,P02,LAB01,1,0,0,0,0,0
20260910_105324,STILL_1P_NA,51.750,56600214,632,STILL,NA,1,P02,LAB01,2,0,0,0,0,0
20260910_105324,STILL_1P_NA,51.839,56689014,633,STILL,NA,1,P02,LAB01,0,1,-702,2011,0,360
20260910_105324,STILL_1P_NA,51.839,56689014,633,STILL,NA,1,P02,LAB01,1,0,0,0,0,0
20260910_105324,STILL_1P_NA,51.839,56689014,633,STILL,NA,1,P02,LAB01,2,0,0,0,0,0
20260910_105324,STILL_1P_NA,51.928,56778279,634,STILL,NA,1,P02,LAB01,0,1,-702,2004,0,360
20260910_105324,STILL_1P_NA,51.928,56778279,634,STILL,NA,1,P02,LAB01,1,0,0,0,0,0
20260910_105324,STILL_1P_NA,51.928,56778279,634,STILL,NA,1,P02,LAB01,2,0,0,0,0,0
20260910_105324,STILL_1P_NA,52.017,56867162,635,STILL,NA,1,P02,LAB01,0,1,-699,2000,0,360
20260910_105324,STILL_1P_NA,52.017,56867162,635,STILL,NA,1,P02,LAB01,1,0,0,0,0,0
20260910_105324,STILL_1P_NA,52.017,56867162,635,STILL,NA,1,P02,LAB01,2,0,0,0,0,0
20260910_105324,STILL_1P_NA,52.106,56956111,636,STILL,NA,1,P02,LAB01,0,1,-700,1996,8,360
20260910_105324,STILL_1P_NA,52.106,56956111,636,STILL,NA,1,P02,LAB01,1,0,0,0,0,0
20260910_105324,STILL_1P_NA,52.106,56956111,636,STILL,NA,1,P02,LAB01,2,0,0,0,0,0
20260910_105324,STILL_1P_NA,52.194,57044849,637,STILL,NA,1,P02,LAB01,0,1,-705,1995,8,360
20260910_105324,STILL_1P_NA,52.194,57044849,637,STILL,NA,1,P02,LAB01,1,0,0,0,0,0
20260910_105324,STILL_1P_NA,52.194,57044849,637,STILL,NA,1,P02,LAB01,2,0,0,0,0,0
20260910_105324,STILL_1P_NA,52.284,57134208,638,STILL,NA,1,P02,LAB01,0,1,-706,1996,0,360
20260910_105324,STILL_1P_NA,52.284,57134208,638,STILL,NA,1,P02,LAB01,1,0,0,0,0,0
20260910_105324,STILL_1P_NA,52.284,57134208,638,STILL,NA,1,P02,LAB01,2,0,0,0,0,0
20260910_105324,STILL_1P_NA,52.373,57223344,639,STILL,NA,1,P02,LAB01,0,1,-708,1992,0,360
20260910_105324,STILL_1P_NA,52.373,57223344,639,STILL,NA,1,P02,LAB01,1,0,0,0,0,0
20260910_105324,STILL_1P_NA,52.373,57223344,639,STILL,NA,1,P02,LAB01,2,0,0,0,0,0
20260910_105324,STILL_1P_NA,52.463,57312262,640,STILL,NA,1,P02,LAB01,0,1,-708,1993,0,360
20260910_105324,STILL_1P_NA,52.463,57312262,640,STILL,NA,1,P02,LAB01,1,0,0,0,0,0
20260910_105324,STILL_1P_NA,52.463,57312262,640,STILL,NA,1,P02,LAB01,2,0,0,0,0,0
20260910_105324,STILL_1P_NA,52.551,57401315,641,STILL,NA,1,P02,LAB01,0,1,-714,1995,-8,360
20260910_105324,STILL_1P_NA,52.551,57401315,641,STILL,NA,1,P02,LAB01,1,0,0,0,0,0
20260910_105324,STILL_1P_NA,52.551,57401315,641,STILL,NA,1,P02,LAB01,2,0,0,0,0,0
20260910_105324,STILL_1P_NA,52.640,57490123,642,STILL,NA,1,P02,LAB01,0,1,-717,1995,0,360
20260910_105324,STILL_1P_NA,52.640,57490123,642,STILL,NA,1,P02,LAB01,1,0,0,0,0,0
20260910_105324,STILL_1P_NA,52.640,57490123,642,STILL,NA,1,P02,LAB01,2,0,0,0,0,0
20260910_105324,STILL_1P_NA,52.729,57579274,643,STILL,NA,1,P02,LAB01,0,1,-720,1996,0,360
20260910_105324,STILL_1P_NA,52.729,57579274,643,STILL,NA,1,P02,LAB01,1,0,0,0,0,0
20260910_105324,STILL_1P_NA,52.729,57579274,643,STILL,NA,1,P02,LAB01,2,0,0,0,0,0
20260910_105324,STILL_1P_NA,52.818,57667973,644,STILL,NA,1,P02,LAB01,0,1,-724,1995,-8,360
20260910_105324,STILL_1P_NA,52.818,57667973,644,STILL,NA,1,P02,LAB01,1,0,0,0,0,0
20260910_105324,STILL_1P_NA,52.818,57667973,644,STILL,NA,1,P02,LAB01,2,0,0,0,0,0
20260910_105324,STILL_1P_NA,52.908,57757300,645,STILL,NA,1,P02,LAB01,0,1,-731,1994,-8,360
20260910_105324,STILL_1P_NA,52.908,57757300,645,STILL,NA,1,P02,LAB01,1,0,0,0,0,0
20260910_105324,STILL_1P_NA,52.908,57757300,645,STILL,NA,1,P02,LAB01,2,0,0,0,0,0
20260910_105324,STILL_1P_NA,52.996,57846058,646,STILL,NA,1,P02,LAB01,0,1,-735,1995,0,360
20260910_105324,STILL_1P_NA,52.996,57846058,646,STILL,NA,1,P02,LAB01,1,0,0,0,0,0
20260910_105324,STILL_1P_NA,52.996,57846058,646,STILL,NA,1,P02,LAB01,2,0,0,0,0,0
20260910_105324,STILL_1P_NA,53.085,57935169,647,STILL,NA,1,P02,LAB01,0,1,-736,1996,8,360
20260910_105324,STILL_1P_NA,53.085,57935169,647,STILL,NA,1,P02,LAB01,1,0,0,0,0,0
20260910_105324,STILL_1P_NA,53.085,57935169,647,STILL,NA,1,P02,LAB01,2,0,0,0,0,0
20260910_105324,STILL_1P_NA,53.174,58023937,648,STILL,NA,1,P02,LAB01,0,1,-736,1997,8,360
20260910_105324,STILL_1P_NA,53.174,58023937,648,STILL,NA,1,P02,LAB01,1,0,0,0,0,0
20260910_105324,STILL_1P_NA,53.174,58023937,648,STILL,NA,1,P02,LAB01,2,0,0,0,0,0
20260910_105324,STILL_1P_NA,53.263,58113354,649,STILL,NA,1,P02,LAB01,0,1,-742,1999,0,360
20260910_105324,STILL_1P_NA,53.263,58113354,649,STILL,NA,1,P02,LAB01,1,0,0,0,0,0
20260910_105324,STILL_1P_NA,53.263,58113354,649,STILL,NA,1,P02,LAB01,2,0,0,0,0,0
20260910_105324,STILL_1P_NA,53.352,58202019,650,STILL,NA,1,P02,LAB01,0,1,-745,2003,0,360
20260910_105324,STILL_1P_NA,53.352,58202019,650,STILL,NA,1,P02,LAB01,1,0,0,0,0,0
20260910_105324,STILL_1P_NA,53.352,58202019,650,STILL,NA,1,P02,LAB01,2,0,0,0,0,0
20260910_105324,STILL_1P_NA,53.441,58291232,651,STILL,NA,1,P02,LAB01,0,1,-751,2003,0,360
20260910_105324,STILL_1P_NA,53.441,58291232,651,STILL,NA,1,P02,LAB01,1,0,0,0,0,0
20260910_105324,STILL_1P_NA,53.441,58291232,651,STILL,NA,1,P02,LAB01,2,0,0,0,0,0
20260910_105324,STILL_1P_NA,53.530,58379932,652,STILL,NA,1,P02,LAB01,0,1,-755,2003,8,360
20260910_105324,STILL_1P_NA,53.530,58379932,652,STILL,NA,1,P02,LAB01,1,0,0,0,0,0
20260910_105324,STILL_1P_NA,53.530,58379932,652,STILL,NA,1,P02,LAB01,2,0,0,0,0,0
20260910_105324,STILL_1P_NA,53.619,58468881,653,STILL,NA,1,P02,LAB01,0,1,-745,2008,8,360
20260910_105324,STILL_1P_NA,53.619,58468881,653,STILL,NA,1,P02,LAB01,1,0,0,0,0,0
20260910_105324,STILL_1P_NA,53.619,58468881,653,STILL,NA,1,P02,LAB01,2,0,0,0,0,0
20260910_105324,STILL_1P_NA,53.708,58558106,654,STILL,NA,1,P02,LAB01,0,1,-735,2012,0,360
20260910_105324,STILL_1P_NA,53.708,58558106,654,STILL,NA,1,P02,LAB01,1,0,0,0,0,0
20260910_105324,STILL_1P_NA,53.708,58558106,654,STILL,NA,1,P02,LAB01,2,0,0,0,0,0
20260910_105324,STILL_1P_NA,53.797,58646973,655,STILL,NA,1,P02,LAB01,0,1,-726,2014,0,360
20260910_105324,STILL_1P_NA,53.797,58646973,655,STILL,NA,1,P02,LAB01,1,0,0,0,0,0
20260910_105324,STILL_1P_NA,53.797,58646973,655,STILL,NA,1,P02,LAB01,2,0,0,0,0,0
20260910_105324,STILL_1P_NA,53.886,58736263,656,STILL,NA,1,P02,LAB01,0,1,-721,2017,0,360
20260910_105324,STILL_1P_NA,53.886,58736263,656,STILL,NA,1,P02,LAB01,1,0,0,0,0,0
20260910_105324,STILL_1P_NA,53.886,58736263,656,STILL,NA,1,P02,LAB01,2,0,0,0,0,0
20260910_105324,STILL_1P_NA,53.974,58824778,657,STILL,NA,1,P02,LAB01,0,1,-719,2020,0,360
20260910_105324,STILL_1P_NA,53.974,58824778,657,STILL,NA,1,P02,LAB01,1,0,0,0,0,0
20260910_105324,STILL_1P_NA,53.974,58824778,657,STILL,NA,1,P02,LAB01,2,0,0,0,0,0
20260910_105324,STILL_1P_NA,54.064,58913919,658,STILL,NA,1,P02,LAB01,0,1,-723,2021,0,360
20260910_105324,STILL_1P_NA,54.064,58913919,658,STILL,NA,1,P02,LAB01,1,0,0,0,0,0
20260910_105324,STILL_1P_NA,54.064,58913919,658,STILL,NA,1,P02,LAB01,2,0,0,0,0,0
20260910_105324,STILL_1P_NA,54.153,59002712,659,STILL,NA,1,P02,LAB01,0,1,-727,2020,0,360
20260910_105324,STILL_1P_NA,54.153,59002712,659,STILL,NA,1,P02,LAB01,1,0,0,0,0,0
20260910_105324,STILL_1P_NA,54.153,59002712,659,STILL,NA,1,P02,LAB01,2,0,0,0,0,0
20260910_105324,STILL_1P_NA,54.242,59091849,660,STILL,NA,1,P02,LAB01,0,1,-732,2018,0,360
20260910_105324,STILL_1P_NA,54.242,59091849,660,STILL,NA,1,P02,LAB01,1,0,0,0,0,0
20260910_105324,STILL_1P_NA,54.242,59091849,660,STILL,NA,1,P02,LAB01,2,0,0,0,0,0
20260910_105324,STILL_1P_NA,54.331,59181235,661,STILL,NA,1,P02,LAB01,0,1,-738,2012,0,360
20260910_105324,STILL_1P_NA,54.331,59181235,661,STILL,NA,1,P02,LAB01,1,0,0,0,0,0
20260910_105324,STILL_1P_NA,54.331,59181235,661,STILL,NA,1,P02,LAB01,2,0,0,0,0,0
20260910_105324,STILL_1P_NA,54.420,59269973,662,STILL,NA,1,P02,LAB01,0,1,-740,2004,0,360
20260910_105324,STILL_1P_NA,54.420,59269973,662,STILL,NA,1,P02,LAB01,1,0,0,0,0,0
20260910_105324,STILL_1P_NA,54.420,59269973,662,STILL,NA,1,P02,LAB01,2,0,0,0,0,0
20260910_105324,STILL_1P_NA,54.509,59359014,663,STILL,NA,1,P02,LAB01,0,1,-746,1994,0,360
20260910_105324,STILL_1P_NA,54.509,59359014,663,STILL,NA,1,P02,LAB01,1,0,0,0,0,0
20260910_105324,STILL_1P_NA,54.509,59359014,663,STILL,NA,1,P02,LAB01,2,0,0,0,0,0
20260910_105324,STILL_1P_NA,54.598,59447905,664,STILL,NA,1,P02,LAB01,0,1,-753,1982,0,360
20260910_105324,STILL_1P_NA,54.598,59447905,664,STILL,NA,1,P02,LAB01,1,0,0,0,0,0
20260910_105324,STILL_1P_NA,54.598,59447905,664,STILL,NA,1,P02,LAB01,2,0,0,0,0,0
20260910_105324,STILL_1P_NA,54.687,59536734,665,STILL,NA,1,P02,LAB01,0,1,-757,1975,0,360
20260910_105324,STILL_1P_NA,54.687,59536734,665,STILL,NA,1,P02,LAB01,1,0,0,0,0,0
20260910_105324,STILL_1P_NA,54.687,59536734,665,STILL,NA,1,P02,LAB01,2,0,0,0,0,0
20260910_105324,STILL_1P_NA,54.776,59625964,666,STILL,NA,1,P02,LAB01,0,1,-747,1978,-8,360
20260910_105324,STILL_1P_NA,54.776,59625964,666,STILL,NA,1,P02,LAB01,1,0,0,0,0,0
20260910_105324,STILL_1P_NA,54.776,59625964,666,STILL,NA,1,P02,LAB01,2,0,0,0,0,0
20260910_105324,STILL_1P_NA,54.865,59715091,667,STILL,NA,1,P02,LAB01,0,1,-738,1985,0,360
20260910_105324,STILL_1P_NA,54.865,59715091,667,STILL,NA,1,P02,LAB01,1,0,0,0,0,0
20260910_105324,STILL_1P_NA,54.865,59715091,667,STILL,NA,1,P02,LAB01,2,0,0,0,0,0
20260910_105324,STILL_1P_NA,54.954,59804141,668,STILL,NA,1,P02,LAB01,0,1,-738,1989,0,360
20260910_105324,STILL_1P_NA,54.954,59804141,668,STILL,NA,1,P02,LAB01,1,0,0,0,0,0
20260910_105324,STILL_1P_NA,54.954,59804141,668,STILL,NA,1,P02,LAB01,2,0,0,0,0,0
20260910_105324,STILL_1P_NA,55.043,59892815,669,STILL,NA,1,P02,LAB01,0,1,-735,1995,-8,360
20260910_105324,STILL_1P_NA,55.043,59892815,669,STILL,NA,1,P02,LAB01,1,0,0,0,0,0
20260910_105324,STILL_1P_NA,55.043,59892815,669,STILL,NA,1,P02,LAB01,2,0,0,0,0,0
20260910_105324,STILL_1P_NA,55.131,59981801,670,STILL,NA,1,P02,LAB01,0,1,-728,2001,-8,360
20260910_105324,STILL_1P_NA,55.131,59981801,670,STILL,NA,1,P02,LAB01,1,0,0,0,0,0
20260910_105324,STILL_1P_NA,55.131,59981801,670,STILL,NA,1,P02,LAB01,2,0,0,0,0,0
20260910_105324,STILL_1P_NA,55.221,60070718,671,STILL,NA,1,P02,LAB01,0,1,-724,2006,0,360
20260910_105324,STILL_1P_NA,55.221,60070718,671,STILL,NA,1,P02,LAB01,1,0,0,0,0,0
20260910_105324,STILL_1P_NA,55.221,60070718,671,STILL,NA,1,P02,LAB01,2,0,0,0,0,0
20260910_105324,STILL_1P_NA,55.310,60159982,672,STILL,NA,1,P02,LAB01,0,1,-724,2008,0,360
20260910_105324,STILL_1P_NA,55.310,60159982,672,STILL,NA,1,P02,LAB01,1,0,0,0,0,0
20260910_105324,STILL_1P_NA,55.310,60159982,672,STILL,NA,1,P02,LAB01,2,0,0,0,0,0
20260910_105324,STILL_1P_NA,55.399,60248964,673,STILL,NA,1,P02,LAB01,0,1,-721,2009,0,360
20260910_105324,STILL_1P_NA,55.399,60248964,673,STILL,NA,1,P02,LAB01,1,0,0,0,0,0
20260910_105324,STILL_1P_NA,55.399,60248964,673,STILL,NA,1,P02,LAB01,2,0,0,0,0,0
20260910_105324,STILL_1P_NA,55.488,60337822,674,STILL,NA,1,P02,LAB01,0,1,-716,2011,0,360
20260910_105324,STILL_1P_NA,55.488,60337822,674,STILL,NA,1,P02,LAB01,1,0,0,0,0,0
20260910_105324,STILL_1P_NA,55.488,60337822,674,STILL,NA,1,P02,LAB01,2,0,0,0,0,0
20260910_105324,STILL_1P_NA,55.577,60426871,675,STILL,NA,1,P02,LAB01,0,1,-713,2011,0,360
20260910_105324,STILL_1P_NA,55.577,60426871,675,STILL,NA,1,P02,LAB01,1,0,0,0,0,0
20260910_105324,STILL_1P_NA,55.577,60426871,675,STILL,NA,1,P02,LAB01,2,0,0,0,0,0
20260910_105324,STILL_1P_NA,55.665,60515600,676,STILL,NA,1,P02,LAB01,0,1,-713,2011,0,360
20260910_105324,STILL_1P_NA,55.665,60515600,676,STILL,NA,1,P02,LAB01,1,0,0,0,0,0
20260910_105324,STILL_1P_NA,55.665,60515600,676,STILL,NA,1,P02,LAB01,2,0,0,0,0,0
20260910_105324,STILL_1P_NA,55.754,60604860,677,STILL,NA,1,P02,LAB01,0,1,-715,2012,0,360
20260910_105324,STILL_1P_NA,55.754,60604860,677,STILL,NA,1,P02,LAB01,1,0,0,0,0,0
20260910_105324,STILL_1P_NA,55.754,60604860,677,STILL,NA,1,P02,LAB01,2,0,0,0,0,0
20260910_105324,STILL_1P_NA,55.843,60693815,678,STILL,NA,1,P02,LAB01,0,1,-718,2013,0,360
20260910_105324,STILL_1P_NA,55.843,60693815,678,STILL,NA,1,P02,LAB01,1,0,0,0,0,0
20260910_105324,STILL_1P_NA,55.843,60693815,678,STILL,NA,1,P02,LAB01,2,0,0,0,0,0
20260910_105324,STILL_1P_NA,55.932,60782668,679,STILL,NA,1,P02,LAB01,0,1,-724,2013,0,360
20260910_105324,STILL_1P_NA,55.932,60782668,679,STILL,NA,1,P02,LAB01,1,0,0,0,0,0
20260910_105324,STILL_1P_NA,55.932,60782668,679,STILL,NA,1,P02,LAB01,2,0,0,0,0,0
20260910_105324,STILL_1P_NA,56.021,60871685,680,STILL,NA,1,P02,LAB01,0,1,-728,2012,0,360
20260910_105324,STILL_1P_NA,56.021,60871685,680,STILL,NA,1,P02,LAB01,1,0,0,0,0,0
20260910_105324,STILL_1P_NA,56.021,60871685,680,STILL,NA,1,P02,LAB01,2,0,0,0,0,0
20260910_105324,STILL_1P_NA,56.111,60960792,681,STILL,NA,1,P02,LAB01,0,1,-732,2011,0,360
20260910_105324,STILL_1P_NA,56.111,60960792,681,STILL,NA,1,P02,LAB01,1,0,0,0,0,0
20260910_105324,STILL_1P_NA,56.111,60960792,681,STILL,NA,1,P02,LAB01,2,0,0,0,0,0
20260910_105324,STILL_1P_NA,56.200,61049898,682,STILL,NA,1,P02,LAB01,0,1,-732,2013,0,360
20260910_105324,STILL_1P_NA,56.200,61049898,682,STILL,NA,1,P02,LAB01,1,0,0,0,0,0
20260910_105324,STILL_1P_NA,56.200,61049898,682,STILL,NA,1,P02,LAB01,2,0,0,0,0,0
20260910_105324,STILL_1P_NA,56.288,61138636,683,STILL,NA,1,P02,LAB01,0,1,-726,2016,0,360
20260910_105324,STILL_1P_NA,56.288,61138636,683,STILL,NA,1,P02,LAB01,1,0,0,0,0,0
20260910_105324,STILL_1P_NA,56.288,61138636,683,STILL,NA,1,P02,LAB01,2,0,0,0,0,0
20260910_105324,STILL_1P_NA,56.378,61227801,684,STILL,NA,1,P02,LAB01,0,1,-719,2020,0,360
20260910_105324,STILL_1P_NA,56.378,61227801,684,STILL,NA,1,P02,LAB01,1,0,0,0,0,0
20260910_105324,STILL_1P_NA,56.378,61227801,684,STILL,NA,1,P02,LAB01,2,0,0,0,0,0
20260910_105324,STILL_1P_NA,56.467,61316787,685,STILL,NA,1,P02,LAB01,0,1,-705,2026,0,360
20260910_105324,STILL_1P_NA,56.467,61316787,685,STILL,NA,1,P02,LAB01,1,0,0,0,0,0
20260910_105324,STILL_1P_NA,56.467,61316787,685,STILL,NA,1,P02,LAB01,2,0,0,0,0,0
20260910_105324,STILL_1P_NA,56.555,61405702,686,STILL,NA,1,P02,LAB01,0,1,-693,2031,0,360
20260910_105324,STILL_1P_NA,56.555,61405702,686,STILL,NA,1,P02,LAB01,1,0,0,0,0,0
20260910_105324,STILL_1P_NA,56.555,61405702,686,STILL,NA,1,P02,LAB01,2,0,0,0,0,0
20260910_105324,STILL_1P_NA,56.645,61494750,687,STILL,NA,1,P02,LAB01,0,1,-681,2041,0,360
20260910_105324,STILL_1P_NA,56.645,61494750,687,STILL,NA,1,P02,LAB01,1,0,0,0,0,0
20260910_105324,STILL_1P_NA,56.645,61494750,687,STILL,NA,1,P02,LAB01,2,0,0,0,0,0
20260910_105324,STILL_1P_NA,56.733,61583765,688,STILL,NA,1,P02,LAB01,0,1,-679,2041,0,360
20260910_105324,STILL_1P_NA,56.733,61583765,688,STILL,NA,1,P02,LAB01,1,0,0,0,0,0
20260910_105324,STILL_1P_NA,56.733,61583765,688,STILL,NA,1,P02,LAB01,2,0,0,0,0,0
20260910_105324,STILL_1P_NA,56.822,61672520,689,STILL,NA,1,P02,LAB01,0,1,-680,2040,0,360
20260910_105324,STILL_1P_NA,56.822,61672520,689,STILL,NA,1,P02,LAB01,1,0,0,0,0,0
20260910_105324,STILL_1P_NA,56.822,61672520,689,STILL,NA,1,P02,LAB01,2,0,0,0,0,0
20260910_105324,STILL_1P_NA,56.911,61761695,690,STILL,NA,1,P02,LAB01,0,1,-678,2036,0,360
20260910_105324,STILL_1P_NA,56.911,61761695,690,STILL,NA,1,P02,LAB01,1,0,0,0,0,0
20260910_105324,STILL_1P_NA,56.911,61761695,690,STILL,NA,1,P02,LAB01,2,0,0,0,0,0
20260910_105324,STILL_1P_NA,57.000,61850485,691,STILL,NA,1,P02,LAB01,0,1,-681,2031,0,360
20260910_105324,STILL_1P_NA,57.000,61850485,691,STILL,NA,1,P02,LAB01,1,0,0,0,0,0
20260910_105324,STILL_1P_NA,57.000,61850485,691,STILL,NA,1,P02,LAB01,2,0,0,0,0,0
20260910_105324,STILL_1P_NA,57.089,61939629,692,STILL,NA,1,P02,LAB01,0,1,-685,2025,0,360
20260910_105324,STILL_1P_NA,57.089,61939629,692,STILL,NA,1,P02,LAB01,1,0,0,0,0,0
20260910_105324,STILL_1P_NA,57.089,61939629,692,STILL,NA,1,P02,LAB01,2,0,0,0,0,0
20260910_105324,STILL_1P_NA,57.178,62028451,693,STILL,NA,1,P02,LAB01,0,1,-689,2019,0,360
20260910_105324,STILL_1P_NA,57.178,62028451,693,STILL,NA,1,P02,LAB01,1,0,0,0,0,0
20260910_105324,STILL_1P_NA,57.178,62028451,693,STILL,NA,1,P02,LAB01,2,0,0,0,0,0
20260910_105324,STILL_1P_NA,57.268,62117718,694,STILL,NA,1,P02,LAB01,0,1,-699,2009,0,360
20260910_105324,STILL_1P_NA,57.268,62117718,694,STILL,NA,1,P02,LAB01,1,0,0,0,0,0
20260910_105324,STILL_1P_NA,57.268,62117718,694,STILL,NA,1,P02,LAB01,2,0,0,0,0,0
20260910_105324,STILL_1P_NA,57.357,62206642,695,STILL,NA,1,P02,LAB01,0,1,-706,2002,8,360
20260910_105324,STILL_1P_NA,57.357,62206642,695,STILL,NA,1,P02,LAB01,1,0,0,0,0,0
20260910_105324,STILL_1P_NA,57.357,62206642,695,STILL,NA,1,P02,LAB01,2,0,0,0,0,0
20260910_105324,STILL_1P_NA,57.446,62295718,696,STILL,NA,1,P02,LAB01,0,1,-693,2003,0,360
20260910_105324,STILL_1P_NA,57.446,62295718,696,STILL,NA,1,P02,LAB01,1,0,0,0,0,0
20260910_105324,STILL_1P_NA,57.446,62295718,696,STILL,NA,1,P02,LAB01,2,0,0,0,0,0
20260910_105324,STILL_1P_NA,57.534,62384291,697,STILL,NA,1,P02,LAB01,0,1,-680,2007,0,360
20260910_105324,STILL_1P_NA,57.534,62384291,697,STILL,NA,1,P02,LAB01,1,0,0,0,0,0
20260910_105324,STILL_1P_NA,57.534,62384291,697,STILL,NA,1,P02,LAB01,2,0,0,0,0,0
20260910_105324,STILL_1P_NA,57.624,62473775,698,STILL,NA,1,P02,LAB01,0,1,-674,2010,0,360
20260910_105324,STILL_1P_NA,57.624,62473775,698,STILL,NA,1,P02,LAB01,1,0,0,0,0,0
20260910_105324,STILL_1P_NA,57.624,62473775,698,STILL,NA,1,P02,LAB01,2,0,0,0,0,0
20260910_105324,STILL_1P_NA,57.712,62562760,699,STILL,NA,1,P02,LAB01,0,1,-673,2012,0,360
20260910_105324,STILL_1P_NA,57.712,62562760,699,STILL,NA,1,P02,LAB01,1,0,0,0,0,0
20260910_105324,STILL_1P_NA,57.712,62562760,699,STILL,NA,1,P02,LAB01,2,0,0,0,0,0
20260910_105324,STILL_1P_NA,57.801,62651712,700,STILL,NA,1,P02,LAB01,0,1,-677,2010,0,360
20260910_105324,STILL_1P_NA,57.801,62651712,700,STILL,NA,1,P02,LAB01,1,0,0,0,0,0
20260910_105324,STILL_1P_NA,57.801,62651712,700,STILL,NA,1,P02,LAB01,2,0,0,0,0,0
20260910_105324,STILL_1P_NA,57.890,62740464,701,STILL,NA,1,P02,LAB01,0,1,-682,2009,0,360
20260910_105324,STILL_1P_NA,57.890,62740464,701,STILL,NA,1,P02,LAB01,1,0,0,0,0,0
20260910_105324,STILL_1P_NA,57.890,62740464,701,STILL,NA,1,P02,LAB01,2,0,0,0,0,0
20260910_105324,STILL_1P_NA,57.979,62829738,702,STILL,NA,1,P02,LAB01,0,1,-689,2003,0,360
20260910_105324,STILL_1P_NA,57.979,62829738,702,STILL,NA,1,P02,LAB01,1,0,0,0,0,0
20260910_105324,STILL_1P_NA,57.979,62829738,702,STILL,NA,1,P02,LAB01,2,0,0,0,0,0
20260910_105324,STILL_1P_NA,58.069,62918591,703,STILL,NA,1,P02,LAB01,0,1,-696,1998,0,360
20260910_105324,STILL_1P_NA,58.069,62918591,703,STILL,NA,1,P02,LAB01,1,0,0,0,0,0
20260910_105324,STILL_1P_NA,58.069,62918591,703,STILL,NA,1,P02,LAB01,2,0,0,0,0,0
20260910_105324,STILL_1P_NA,58.157,63007416,704,STILL,NA,1,P02,LAB01,0,1,-694,2001,0,360
20260910_105324,STILL_1P_NA,58.157,63007416,704,STILL,NA,1,P02,LAB01,1,0,0,0,0,0
20260910_105324,STILL_1P_NA,58.157,63007416,704,STILL,NA,1,P02,LAB01,2,0,0,0,0,0
20260910_105324,STILL_1P_NA,58.246,63096430,705,STILL,NA,1,P02,LAB01,0,1,-683,2007,0,360
20260910_105324,STILL_1P_NA,58.246,63096430,705,STILL,NA,1,P02,LAB01,1,0,0,0,0,0
20260910_105324,STILL_1P_NA,58.246,63096430,705,STILL,NA,1,P02,LAB01,2,0,0,0,0,0
20260910_105324,STILL_1P_NA,58.335,63185352,706,STILL,NA,1,P02,LAB01,0,1,-663,2016,0,360
20260910_105324,STILL_1P_NA,58.335,63185352,706,STILL,NA,1,P02,LAB01,1,0,0,0,0,0
20260910_105324,STILL_1P_NA,58.335,63185352,706,STILL,NA,1,P02,LAB01,2,0,0,0,0,0
20260910_105324,STILL_1P_NA,58.424,63274647,707,STILL,NA,1,P02,LAB01,0,1,-603,2049,0,360
20260910_105324,STILL_1P_NA,58.424,63274647,707,STILL,NA,1,P02,LAB01,1,0,0,0,0,0
20260910_105324,STILL_1P_NA,58.424,63274647,707,STILL,NA,1,P02,LAB01,2,0,0,0,0,0
20260910_105324,STILL_1P_NA,58.513,63363537,708,STILL,NA,1,P02,LAB01,0,1,-598,2057,0,360
20260910_105324,STILL_1P_NA,58.513,63363537,708,STILL,NA,1,P02,LAB01,1,0,0,0,0,0
20260910_105324,STILL_1P_NA,58.513,63363537,708,STILL,NA,1,P02,LAB01,2,0,0,0,0,0
20260910_105324,STILL_1P_NA,58.602,63452451,709,STILL,NA,1,P02,LAB01,0,1,-606,2059,0,360
20260910_105324,STILL_1P_NA,58.602,63452451,709,STILL,NA,1,P02,LAB01,1,0,0,0,0,0
20260910_105324,STILL_1P_NA,58.602,63452451,709,STILL,NA,1,P02,LAB01,2,0,0,0,0,0
20260910_105324,STILL_1P_NA,58.691,63541464,710,STILL,NA,1,P02,LAB01,0,1,-608,2057,0,360
20260910_105324,STILL_1P_NA,58.691,63541464,710,STILL,NA,1,P02,LAB01,1,0,0,0,0,0
20260910_105324,STILL_1P_NA,58.691,63541464,710,STILL,NA,1,P02,LAB01,2,0,0,0,0,0
20260910_105324,STILL_1P_NA,58.780,63630609,711,STILL,NA,1,P02,LAB01,0,1,-607,2058,0,360
20260910_105324,STILL_1P_NA,58.780,63630609,711,STILL,NA,1,P02,LAB01,1,0,0,0,0,0
20260910_105324,STILL_1P_NA,58.780,63630609,711,STILL,NA,1,P02,LAB01,2,0,0,0,0,0
20260910_105324,STILL_1P_NA,58.869,63719403,712,STILL,NA,1,P02,LAB01,0,1,-601,2064,0,360
20260910_105324,STILL_1P_NA,58.869,63719403,712,STILL,NA,1,P02,LAB01,1,0,0,0,0,0
20260910_105324,STILL_1P_NA,58.869,63719403,712,STILL,NA,1,P02,LAB01,2,0,0,0,0,0
20260910_105324,STILL_1P_NA,58.958,63808574,713,STILL,NA,1,P02,LAB01,0,1,-594,2070,0,360
20260910_105324,STILL_1P_NA,58.958,63808574,713,STILL,NA,1,P02,LAB01,1,0,0,0,0,0
20260910_105324,STILL_1P_NA,58.958,63808574,713,STILL,NA,1,P02,LAB01,2,0,0,0,0,0
20260910_105324,STILL_1P_NA,59.047,63897111,714,STILL,NA,1,P02,LAB01,0,1,-583,2077,0,360
20260910_105324,STILL_1P_NA,59.047,63897111,714,STILL,NA,1,P02,LAB01,1,0,0,0,0,0
20260910_105324,STILL_1P_NA,59.047,63897111,714,STILL,NA,1,P02,LAB01,2,0,0,0,0,0
20260910_105324,STILL_1P_NA,59.136,63986409,715,STILL,NA,1,P02,LAB01,0,1,-566,2084,0,360
20260910_105324,STILL_1P_NA,59.136,63986409,715,STILL,NA,1,P02,LAB01,1,0,0,0,0,0
20260910_105324,STILL_1P_NA,59.136,63986409,715,STILL,NA,1,P02,LAB01,2,0,0,0,0,0
20260910_105324,STILL_1P_NA,59.225,64075361,716,STILL,NA,1,P02,LAB01,0,1,-542,2091,0,360
20260910_105324,STILL_1P_NA,59.225,64075361,716,STILL,NA,1,P02,LAB01,1,0,0,0,0,0
20260910_105324,STILL_1P_NA,59.225,64075361,716,STILL,NA,1,P02,LAB01,2,0,0,0,0,0
20260910_105324,STILL_1P_NA,59.314,64164315,717,STILL,NA,1,P02,LAB01,0,1,-479,2101,0,360
20260910_105324,STILL_1P_NA,59.314,64164315,717,STILL,NA,1,P02,LAB01,1,0,0,0,0,0
20260910_105324,STILL_1P_NA,59.314,64164315,717,STILL,NA,1,P02,LAB01,2,0,0,0,0,0
20260910_105324,STILL_1P_NA,59.403,64253451,718,STILL,NA,1,P02,LAB01,0,1,-429,2105,0,360
20260910_105324,STILL_1P_NA,59.403,64253451,718,STILL,NA,1,P02,LAB01,1,0,0,0,0,0
20260910_105324,STILL_1P_NA,59.403,64253451,718,STILL,NA,1,P02,LAB01,2,0,0,0,0,0
20260910_105324,STILL_1P_NA,59.492,64342279,719,STILL,NA,1,P02,LAB01,0,1,-440,2098,0,360
20260910_105324,STILL_1P_NA,59.492,64342279,719,STILL,NA,1,P02,LAB01,1,0,0,0,0,0
20260910_105324,STILL_1P_NA,59.492,64342279,719,STILL,NA,1,P02,LAB01,2,0,0,0,0,0
20260910_105324,STILL_1P_NA,59.581,64431382,720,STILL,NA,1,P02,LAB01,0,1,-449,2093,0,360
20260910_105324,STILL_1P_NA,59.581,64431382,720,STILL,NA,1,P02,LAB01,1,0,0,0,0,0
20260910_105324,STILL_1P_NA,59.581,64431382,720,STILL,NA,1,P02,LAB01,2,0,0,0,0,0
20260910_105324,STILL_1P_NA,59.670,64520685,721,STILL,NA,1,P02,LAB01,0,1,-459,2087,0,360
20260910_105324,STILL_1P_NA,59.670,64520685,721,STILL,NA,1,P02,LAB01,1,0,0,0,0,0
20260910_105324,STILL_1P_NA,59.670,64520685,721,STILL,NA,1,P02,LAB01,2,0,0,0,0,0
20260910_105324,STILL_1P_NA,59.759,64609290,722,STILL,NA,1,P02,LAB01,0,1,-478,2078,0,360
20260910_105324,STILL_1P_NA,59.759,64609290,722,STILL,NA,1,P02,LAB01,1,0,0,0,0,0
20260910_105324,STILL_1P_NA,59.759,64609290,722,STILL,NA,1,P02,LAB01,2,0,0,0,0,0
20260910_105324,STILL_1P_NA,59.848,64698360,723,STILL,NA,1,P02,LAB01,0,1,-477,2078,0,360
20260910_105324,STILL_1P_NA,59.848,64698360,723,STILL,NA,1,P02,LAB01,1,0,0,0,0,0
20260910_105324,STILL_1P_NA,59.848,64698360,723,STILL,NA,1,P02,LAB01,2,0,0,0,0,0
20260910_105324,STILL_1P_NA,59.937,64787318,724,STILL,NA,1,P02,LAB01,0,1,-476,2079,0,360
20260910_105324,STILL_1P_NA,59.937,64787318,724,STILL,NA,1,P02,LAB01,1,0,0,0,0,0
20260910_105324,STILL_1P_NA,59.937,64787318,724,STILL,NA,1,P02,LAB01,2,0,0,0,0,0
20260910_105324,STILL_1P_NA,60.026,64876361,725,STILL,NA,1,P02,LAB01,0,1,-478,2081,0,360
20260910_105324,STILL_1P_NA,60.026,64876361,725,STILL,NA,1,P02,LAB01,1,0,0,0,0,0
20260910_105324,STILL_1P_NA,60.026,64876361,725,STILL,NA,1,P02,LAB01,2,0,0,0,0,0
