session_id,scenario,pc_time_s,esp_time_us,frame_id,activity,direction,people_count,participants,environment,target_slot,valid,x_mm,y_mm,speed_cm_s,resolution_mm
20260910_100219,STILL_1P_NA,0.007,1856564,17,STILL,NA,1,P01,LAB01,0,1,300,3211,0,360
20260910_100219,STILL_1P_NA,0.007,1856564,17,STILL,NA,1,P01,LAB01,1,0,0,0,0,0
20260910_100219,STILL_1P_NA,0.007,1856564,17,STILL,NA,1,P01,LAB01,2,0,0,0,0,0
20260910_100219,STILL_1P_NA,0.012,1945636,18,STILL,NA,1,P01,LAB01,0,1,300,3211,0,360
20260910_100219,STILL_1P_NA,0.012,1945636,18,STILL,NA,1,P01,LAB01,1,0,0,0,0,0
20260910_100219,STILL_1P_NA,0.012,1945636,18,STILL,NA,1,P01,LAB01,2,0,0,0,0,0
20260910_100219,STILL_1P_NA,0.014,2034362,19,STILL,NA,1,P01,LAB01,0,1,300,3211,0,360
20260910_100219,STILL_1P_NA,0.014,2034362,19,STILL,NA,1,P01,LAB01,1,0,0,0,0,0
20260910_100219,STILL_1P_NA,0.014,2034362,19,STILL,NA,1,P01,LAB01,2,0,0,0,0,0
20260910_100219,STILL_1P_NA,0.017,2123537,20,STILL,NA,1,P01,LAB01,0,1,300,3211,0,360
20260910_100219,STILL_1P_NA,0.017,2123537,20,STILL,NA,1,P01,LAB01,1,0,0,0,0,0
20260910_100219,STILL_1P_NA,0.017,2123537,20,STILL,NA,1,P01,LAB01,2,0,0,0,0,0
20260910_100219,STILL_1P_NA,0.019,2212488,21,STILL,NA,1,P01,LAB01,0,1,300,3211,0,360
20260910_100219,STILL_1P_NA,0.019,2212488,21,STILL,NA,1,P01,LAB01,1,0,0,0,0,0
20260910_100219,STILL_1P_NA,0.019,2212488,21,STILL,NA,1,P01,LAB01,2,0,0,0,0,0
20260910_100219,STILL_1P_NA,0.021,2301433,22,STILL,NA,1,P01,LAB01,0,1,300,3211,0,360
20260910_100219,STILL_1P_NA,0.021,2301433,22,STILL,NA,1,P01,LAB01,1,0,0,0,0,0
20260910_100219,STILL_1P_NA,0.021,2301433,22,STILL,NA,1,P01,LAB01,2,0,0,0,0,0
20260910_100219,STILL_1P_NA,0.024,2390385,23,STILL,NA,1,P01,LAB01,0,1,300,3211,0,360
20260910_100219,STILL_1P_NA,0.024,2390385,23,STILL,NA,1,P01,LAB01,1,0,0,0,0,0
20260910_100219,STILL_1P_NA,0.024,2390385,23,STILL,NA,1,P01,LAB01,2,0,0,0,0,0
20260910_100219,STILL_1P_NA,0.027,2479461,24,STILL,NA,1,P01,LAB01,0,1,300,3211,0,360
20260910_100219,STILL_1P_NA,0.027,2479461,24,STILL,NA,1,P01,LAB01,1,0,0,0,0,0
20260910_100219,STILL_1P_NA,0.027,2479461,24,STILL,NA,1,P01,LAB01,2,0,0,0,0,0
20260910_100219,STILL_1P_NA,0.031,2568322,25,STILL,NA,1,P01,LAB01,0,1,300,3211,0,360
20260910_100219,STILL_1P_NA,0.031,2568322,25,STILL,NA,1,P01,LAB01,1,0,0,0,0,0
20260910_100219,STILL_1P_NA,0.031,2568322,25,STILL,NA,1,P01,LAB01,2,0,0,0,0,0
20260910_100219,STILL_1P_NA,0.037,2657398,26,STILL,NA,1,P01,LAB01,0,1,300,3211,0,360
20260910_100219,STILL_1P_NA,0.037,2657398,26,STILL,NA,1,P01,LAB01,1,0,0,0,0,0
20260910_100219,STILL_1P_NA,0.037,2657398,26,STILL,NA,1,P01,LAB01,2,0,0,0,0,0
20260910_100219,STILL_1P_NA,0.040,2746378,27,STILL,NA,1,P01,LAB01,0,1,300,3211,0,360
20260910_100219,STILL_1P_NA,0.040,2746378,27,STILL,NA,1,P01,LAB01,1,0,0,0,0,0
20260910_100219,STILL_1P_NA,0.040,2746378,27,STILL,NA,1,P01,LAB01,2,0,0,0,0,0
20260910_100219,STILL_1P_NA,0.041,2835045,28,STILL,NA,1,P01,LAB01,0,1,300,3211,0,360
20260910_100219,STILL_1P_NA,0.041,2835045,28,STILL,NA,1,P01,LAB01,1,0,0,0,0,0
20260910_100219,STILL_1P_NA,0.041,2835045,28,STILL,NA,1,P01,LAB01,2,0,0,0,0,0
20260910_100219,STILL_1P_NA,0.043,2924405,29,STILL,NA,1,P01,LAB01,0,1,300,3211,0,360
20260910_100219,STILL_1P_NA,0.043,2924405,29,STILL,NA,1,P01,LAB01,1,0,0,0,0,0
20260910_100219,STILL_1P_NA,0.043,2924405,29,STILL,NA,1,P01,LAB01,2,0,0,0,0,0
20260910_100219,STILL_1P_NA,0.047,3013134,30,STILL,NA,1,P01,LAB01,0,1,300,3211,0,360
20260910_100219,STILL_1P_NA,0.047,3013134,30,STILL,NA,1,P01,LAB01,1,0,0,0,0,0
20260910_100219,STILL_1P_NA,0.047,3013134,30,STILL,NA,1,P01,LAB01,2,0,0,0,0,0
20260910_100219,STILL_1P_NA,0.048,3102317,31,STILL,NA,1,P01,LAB01,0,1,300,3211,0,360
20260910_100219,STILL_1P_NA,0.048,3102317,31,STILL,NA,1,P01,LAB01,1,0,0,0,0,0
20260910_100219,STILL_1P_NA,0.048,3102317,31,STILL,NA,1,P01,LAB01,2,0,0,0,0,0
20260910_100219,STILL_1P_NA,0.049,3191385,32,STILL,NA,1,P01,LAB01,0,1,300,3211,0,360
20260910_100219,STILL_1P_NA,0.049,3191385,32,STILL,NA,1,P01,LAB01,1,0,0,0,0,0
20260910_100219,STILL_1P_NA,0.049,3191385,32,STILL,NA,1,P01,LAB01,2,0,0,0,0,0
20260910_100219,STILL_1P_NA,0.052,3280685,33,STILL,NA,1,P01,LAB01,0,1,300,3211,0,360
20260910_100219,STILL_1P_NA,0.052,3280685,33,STILL,NA,1,P01,LAB01,1,0,0,0,0,0
20260910_100219,STILL_1P_NA,0.052,3280685,33,STILL,NA,1,P01,LAB01,2,0,0,0,0,0
20260910_100219,STILL_1P_NA,0.053,3369440,34,STILL,NA,1,P01,LAB01,0,1,300,3211,0,360
20260910_100219,STILL_1P_NA,0.053,3369440,34,STILL,NA,1,P01,LAB01,1,0,0,0,0,0
20260910_100219,STILL_1P_NA,0.053,3369440,34,STILL,NA,1,P01,LAB01,2,0,0,0,0,0
20260910_100219,STILL_1P_NA,0.054,3458738,35,STILL,NA,1,P01,LAB01,0,1,300,3211,0,360
20260910_100219,STILL_1P_NA,0.054,3458738,35,STILL,NA,1,P01,LAB01,1,0,0,0,0,0
20260910_100219,STILL_1P_NA,0.054,3458738,35,STILL,NA,1,P01,LAB01,2,0,0,0,0,0
20260910_100219,STILL_1P_NA,0.055,3547158,36,STILL,NA,1,P01,LAB01,0,1,300,3211,0,360
20260910_100219,STILL_1P_NA,0.055,3547158,36,STILL,NA,1,P01,LAB01,1,0,0,0,0,0
20260910_100219,STILL_1P_NA,0.055,3547158,36,STILL,NA,1,P01,LAB01,2,0,0,0,0,0
20260910_100219,STILL_1P_NA,0.056,3636516,37,STILL,NA,1,P01,LAB01,0,1,284,3213,0,360
20260910_100219,STILL_1P_NA,0.056,3636516,37,STILL,NA,1,P01,LAB01,1,0,0,0,0,0
20260910_100219,STILL_1P_NA,0.056,3636516,37,STILL,NA,1,P01,LAB01,2,0,0,0,0,0
20260910_100219,STILL_1P_NA,0.057,3725495,38,STILL,NA,1,P01,LAB01,0,1,267,3215,0,360
20260910_100219,STILL_1P_NA,0.057,3725495,38,STILL,NA,1,P01,LAB01,1,0,0,0,0,0
20260910_100219,STILL_1P_NA,0.057,3725495,38,STILL,NA,1,P01,LAB01,2,0,0,0,0,0
20260910_100219,STILL_1P_NA,0.060,3814576,39,STILL,NA,1,P01,LAB01,0,1,252,3217,0,360
20260910_100219,STILL_1P_NA,0.060,3814576,39,STILL,NA,1,P01,LAB01,1,0,0,0,0,0
20260910_100219,STILL_1P_NA,0.060,3814576,39,STILL,NA,1,P01,LAB01,2,0,0,0,0,0
20260910_100219,STILL_1P_NA,0.061,3903495,40,STILL,NA,1,P01,LAB01,0,1,236,3219,0,360
20260910_100219,STILL_1P_NA,0.061,3903495,40,STILL,NA,1,P01,LAB01,1,0,0,0,0,0
20260910_100219,STILL_1P_NA,0.061,3903495,40,STILL,NA,1,P01,LAB01,2,0,0,0,0,0
20260910_100219,STILL_1P_NA,0.061,3992509,41,STILL,NA,1,P01,LAB01,0,1,222,3221,0,360
20260910_100219,STILL_1P_NA,0.061,3992509,41,STILL,NA,1,P01,LAB01,1,0,0,0,0,0
20260910_100219,STILL_1P_NA,0.061,3992509,41,STILL,NA,1,P01,LAB01,2,0,0,0,0,0
20260910_100219,STILL_1P_NA,0.062,4081276,42,STILL,NA,1,P01,LAB01,0,1,207,3223,0,360
20260910_100219,STILL_1P_NA,0.062,4081276,42,STILL,NA,1,P01,LAB01,1,0,0,0,0,0
20260910_100219,STILL_1P_NA,0.062,4081276,42,STILL,NA,1,P01,LAB01,2,0,0,0,0,0
20260910_100219,STILL_1P_NA,0.064,4170475,43,STILL,NA,1,P01,LAB01,0,1,194,3225,0,360
20260910_100219,STILL_1P_NA,0.064,4170475,43,STILL,NA,1,P01,LAB01,1,0,0,0,0,0
20260910_100219,STILL_1P_NA,0.064,4170475,43,STILL,NA,1,P01,LAB01,2,0,0,0,0,0
20260910_100219,STILL_1P_NA,0.065,4259679,44,STILL,NA,1,P01,LAB01,0,1,181,3227,0,360
20260910_100219,STILL_1P_NA,0.065,4259679,44,STILL,NA,1,P01,LAB01,1,0,0,0,0,0
20260910_100219,STILL_1P_NA,0.065,4259679,44,STILL,NA,1,P01,LAB01,2,0,0,0,0,0
20260910_100219,STILL_1P_NA,0.067,4348818,45,STILL,NA,1,P01,LAB01,0,1,168,3228,0,360
20260910_100219,STILL_1P_NA,0.067,4348818,45,STILL,NA,1,P01,LAB01,1,0,0,0,0,0
20260910_100219,STILL_1P_NA,0.067,4348818,45,STILL,NA,1,P01,LAB01,2,0,0,0,0,0
20260910_100219,STILL_1P_NA,0.068,4437735,46,STILL,NA,1,P01,LAB01,0,1,155,3230,0,360
20260910_100219,STILL_1P_NA,0.068,4437735,46,STILL,NA,1,P01,LAB01,1,0,0,0,0,0
20260910_100219,STILL_1P_NA,0.068,4437735,46,STILL,NA,1,P01,LAB01,2,0,0,0,0,0
20260910_100219,STILL_1P_NA,0.069,4526596,47,STILL,NA,1,P01,LAB01,0,1,144,3232,0,360
20260910_100219,STILL_1P_NA,0.069,4526596,47,STILL,NA,1,P01,LAB01,1,0,0,0,0,0
20260910_100219,STILL_1P_NA,0.069,4526596,47,STILL,NA,1,P01,LAB01,2,0,0,0,0,0
20260910_100219,STILL_1P_NA,0.070,4615795,48,STILL,NA,1,P01,LAB01,0,1,132,3233,0,360
20260910_100219,STILL_1P_NA,0.070,4615795,48,STILL,NA,1,P01,LAB01,1,0,0,0,0,0
20260910_100219,STILL_1P_NA,0.070,4615795,48,STILL,NA,1,P01,LAB01,2,0,0,0,0,0
20260910_100219,STILL_1P_NA,0.072,4704590,49,STILL,NA,1,P01,LAB01,0,1,121,3235,0,360
20260910_100219,STILL_1P_NA,0.072,4704590,49,STILL,NA,1,P01,LAB01,1,0,0,0,0,0
20260910_100219,STILL_1P_NA,0.072,4704590,49,STILL,NA,1,P01,LAB01,2,0,0,0,0,0
20260910_100219,STILL_1P_NA,0.073,4793729,50,STILL,NA,1,P01,LAB01,0,1,110,3236,0,360
20260910_100219,STILL_1P_NA,0.073,4793729,50,STILL,NA,1,P01,LAB01,1,0,0,0,0,0
20260910_100219,STILL_1P_NA,0.073,4793729,50,STILL,NA,1,P01,LAB01,2,0,0,0,0,0
20260910_100219,STILL_1P_NA,0.074,4882488,51,STILL,NA,1,P01,LAB01,0,1,100,3237,0,360
20260910_100219,STILL_1P_NA,0.074,4882488,51,STILL,NA,1,P01,LAB01,1,0,0,0,0,0
20260910_100219,STILL_1P_NA,0.074,4882488,51,STILL,NA,1,P01,LAB01,2,0,0,0,0,0
20260910_100219,STILL_1P_NA,0.113,4971755,52,STILL,NA,1,P01,LAB01,0,1,97,3238,0,360
20260910_100219,STILL_1P_NA,0.113,4971755,52,STILL,NA,1,P01,LAB01,1,0,0,0,0,0
20260910_100219,STILL_1P_NA,0.113,4971755,52,STILL,NA,1,P01,LAB01,2,0,0,0,0,0
20260910_100219,STILL_1P_NA,0.202,5060581,53,STILL,NA,1,P01,LAB01,0,1,96,3237,0,360
20260910_100219,STILL_1P_NA,0.202,5060581,53,STILL,NA,1,P01,LAB01,1,0,0,0,0,0
20260910_100219,STILL_1P_NA,0.202,5060581,53,STILL,NA,1,P01,LAB01,2,0,0,0,0,0
20260910_100219,STILL_1P_NA,0.291,5149626,54,STILL,NA,1,P01,LAB01,0,1,101,3237,0,360
20260910_100219,STILL_1P_NA,0.291,5149626,54,STILL,NA,1,P01,LAB01,1,0,0,0,0,0
20260910_100219,STILL_1P_NA,0.291,5149626,54,STILL,NA,1,P01,LAB01,2,0,0,0,0,0
20260910_100219,STILL_1P_NA,0.380,5238481,55,STILL,NA,1,P01,LAB01,0,1,108,3236,0,360
20260910_100219,STILL_1P_NA,0.380,5238481,55,STILL,NA,1,P01,LAB01,1,0,0,0,0,0
20260910_100219,STILL_1P_NA,0.380,5238481,55,STILL,NA,1,P01,LAB01,2,0,0,0,0,0
20260910_100219,STILL_1P_NA,0.468,5327279,56,STILL,NA,1,P01,LAB01,0,1,109,3234,0,360
20260910_100219,STILL_1P_NA,0.468,5327279,56,STILL,NA,1,P01,LAB01,1,0,0,0,0,0
20260910_100219,STILL_1P_NA,0.468,5327279,56,STILL,NA,1,P01,LAB01,2,0,0,0,0,0
20260910_100219,STILL_1P_NA,0.558,5416605,57,STILL,NA,1,P01,LAB01,0,1,112,3231,0,360
20260910_100219,STILL_1P_NA,0.558,5416605,57,STILL,NA,1,P01,LAB01,1,0,0,0,0,0
20260910_100219,STILL_1P_NA,0.558,5416605,57,STILL,NA,1,P01,LAB01,2,0,0,0,0,0
20260910_100219,STILL_1P_NA,0.646,5505362,58,STILL,NA,1,P01,LAB01,0,1,114,3227,0,360
20260910_100219,STILL_1P_NA,0.646,5505362,58,STILL,NA,1,P01,LAB01,1,0,0,0,0,0
20260910_100219,STILL_1P_NA,0.646,5505362,58,STILL,NA,1,P01,LAB01,2,0,0,0,0,0
20260910_100219,STILL_1P_NA,0.735,5594352,59,STILL,NA,1,P01,LAB01,0,1,117,3223,0,360
20260910_100219,STILL_1P_NA,0.735,5594352,59,STILL,NA,1,P01,LAB01,1,0,0,0,0,0
20260910_100219,STILL_1P_NA,0.735,5594352,59,STILL,NA,1,P01,LAB01,2,0,0,0,0,0
20260910_100219,STILL_1P_NA,0.824,5683269,60,STILL,NA,1,P01,LAB01,0,1,119,3220,0,360
20260910_100219,STILL_1P_NA,0.824,5683269,60,STILL,NA,1,P01,LAB01,1,0,0,0,0,0
20260910_100219,STILL_1P_NA,0.824,5683269,60,STILL,NA,1,P01,LAB01,2,0,0,0,0,0
20260910_100219,STILL_1P_NA,0.913,5772406,61,STILL,NA,1,P01,LAB01,0,1,121,3217,0,360
20260910_100219,STILL_1P_NA,0.913,5772406,61,STILL,NA,1,P01,LAB01,1,0,0,0,0,0
20260910_100219,STILL_1P_NA,0.913,5772406,61,STILL,NA,1,P01,LAB01,2,0,0,0,0,0
20260910_100219,STILL_1P_NA,1.002,5861196,62,STILL,NA,1,P01,LAB01,0,1,123,3213,0,360
20260910_100219,STILL_1P_NA,1.002,5861196,62,STILL,NA,1,P01,LAB01,1,0,0,0,0,0
20260910_100219,STILL_1P_NA,1.002,5861196,62,STILL,NA,1,P01,LAB01,2,0,0,0,0,0
20260910_100219,STILL_1P_NA,1.092,5950399,63,STILL,NA,1,P01,LAB01,0,1,125,3210,0,360
20260910_100219,STILL_1P_NA,1.092,5950399,63,STILL,NA,1,P01,LAB01,1,0,0,0,0,0
20260910_100219,STILL_1P_NA,1.092,5950399,63,STILL,NA,1,P01,LAB01,2,0,0,0,0,0
20260910_100219,STILL_1P_NA,1.180,6039231,64,STILL,NA,1,P01,LAB01,0,1,126,3207,0,360
20260910_100219,STILL_1P_NA,1.180,6039231,64,STILL,NA,1,P01,LAB01,1,0,0,0,0,0
20260910_100219,STILL_1P_NA,1.180,6039231,64,STILL,NA,1,P01,LAB01,2,0,0,0,0,0
20260910_100219,STILL_1P_NA,1.269,6128398,65,STILL,NA,1,P01,LAB01,0,1,128,3204,0,360
20260910_100219,STILL_1P_NA,1.269,6128398,65,STILL,NA,1,P01,LAB01,1,0,0,0,0,0
20260910_100219,STILL_1P_NA,1.269,6128398,65,STILL,NA,1,P01,LAB01,2,0,0,0,0,0
20260910_100219,STILL_1P_NA,1.358,6217010,66,STILL,NA,1,P01,LAB01,0,1,130,3202,0,360
20260910_100219,STILL_1P_NA,1.358,6217010,66,STILL,NA,1,P01,LAB01,1,0,0,0,0,0
20260910_100219,STILL_1P_NA,1.358,6217010,66,STILL,NA,1,P01,LAB01,2,0,0,0,0,0
20260910_100219,STILL_1P_NA,1.448,6306488,67,STILL,NA,1,P01,LAB01,0,1,135,3201,0,360
20260910_100219,STILL_1P_NA,1.448,6306488,67,STILL,NA,1,P01,LAB01,1,0,0,0,0,0
20260910_100219,STILL_1P_NA,1.448,6306488,67,STILL,NA,1,P01,LAB01,2,0,0,0,0,0
20260910_100219,STILL_1P_NA,1.536,6395290,68,STILL,NA,1,P01,LAB01,0,1,136,3202,0,360
20260910_100219,STILL_1P_NA,1.536,6395290,68,STILL,NA,1,P01,LAB01,1,0,0,0,0,0
20260910_100219,STILL_1P_NA,1.536,6395290,68,STILL,NA,1,P01,LAB01,2,0,0,0,0,0
20260910_100219,STILL_1P_NA,1.626,6484709,69,STILL,NA,1,P01,LAB01,0,1,136,3203,0,360
20260910_100219,STILL_1P_NA,1.626,6484709,69,STILL,NA,1,P01,LAB01,1,0,0,0,0,0
20260910_100219,STILL_1P_NA,1.626,6484709,69,STILL,NA,1,P01,LAB01,2,0,0,0,0,0
20260910_100219,STILL_1P_NA,1.714,6573317,70,STILL,NA,1,P01,LAB01,0,1,139,3203,0,360
20260910_100219,STILL_1P_NA,1.714,6573317,70,STILL,NA,1,P01,LAB01,1,0,0,0,0,0
20260910_100219,STILL_1P_NA,1.714,6573317,70,STILL,NA,1,P01,LAB01,2,0,0,0,0,0
20260910_100219,STILL_1P_NA,1.803,6662231,71,STILL,NA,1,P01,LAB01,0,1,142,3204,0,360
20260910_100219,STILL_1P_NA,1.803,6662231,71,STILL,NA,1,P01,LAB01,1,0,0,0,0,0
20260910_100219,STILL_1P_NA,1.803,6662231,71,STILL,NA,1,P01,LAB01,2,0,0,0,0,0
20260910_100219,STILL_1P_NA,1.892,6751249,72,STILL,NA,1,P01,LAB01,0,1,141,3204,0,360
20260910_100219,STILL_1P_NA,1.892,6751249,72,STILL,NA,1,P01,LAB01,1,0,0,0,0,0
20260910_100219,STILL_1P_NA,1.892,6751249,72,STILL,NA,1,P01,LAB01,2,0,0,0,0,0
20260910_100219,STILL_1P_NA,1.981,6840378,73,STILL,NA,1,P01,LAB01,0,1,137,3203,0,360
20260910_100219,STILL_1P_NA,1.981,6840378,73,STILL,NA,1,P01,LAB01,1,0,0,0,0,0
20260910_100219,STILL_1P_NA,1.981,6840378,73,STILL,NA,1,P01,LAB01,2,0,0,0,0,0
20260910_100219,STILL_1P_NA,2.070,6929205,74,STILL,NA,1,P01,LAB01,0,1,135,3203,0,360
20260910_100219,STILL_1P_NA,2.070,6929205,74,STILL,NA,1,P01,LAB01,1,0,0,0,0,0
20260910_100219,STILL_1P_NA,2.070,6929205,74,STILL,NA,1,P01,LAB01,2,0,0,0,0,0
20260910_100219,STILL_1P_NA,2.160,7018252,75,STILL,NA,1,P01,LAB01,0,1,138,3203,0,360
20260910_100219,STILL_1P_NA,2.160,7018252,75,STILL,NA,1,P01,LAB01,1,0,0,0,0,0
20260910_100219,STILL_1P_NA,2.160,7018252,75,STILL,NA,1,P01,LAB01,2,0,0,0,0,0
20260910_100219,STILL_1P_NA,2.248,7107108,76,STILL,NA,1,P01,LAB01,0,1,139,3203,0,360
20260910_100219,STILL_1P_NA,2.248,7107108,76,STILL,NA,1,P01,LAB01,1,0,0,0,0,0
20260910_100219,STILL_1P_NA,2.248,7107108,76,STILL,NA,1,P01,LAB01,2,0,0,0,0,0
20260910_100219,STILL_1P_NA,2.337,7196211,77,STILL,NA,1,P01,LAB01,0,1,141,3203,0,360
20260910_100219,STILL_1P_NA,2.337,7196211,77,STILL,NA,1,P01,LAB01,1,0,0,0,0,0
20260910_100219,STILL_1P_NA,2.337,7196211,77,STILL,NA,1,P01,LAB01,2,0,0,0,0,0
20260910_100219,STILL_1P_NA,2.427,7285296,78,STILL,NA,1,P01,LAB01,0,1,139,3203,0,360
20260910_100219,STILL_1P_NA,2.427,7285296,78,STILL,NA,1,P01,LAB01,1,0,0,0,0,0
20260910_100219,STILL_1P_NA,2.427,7285296,78,STILL,NA,1,P01,LAB01,2,0,0,0,0,0
20260910_100219,STILL_1P_NA,2.515,7374280,79,STILL,NA,1,P01,LAB01,0,1,132,3204,0,360
20260910_100219,STILL_1P_NA,2.515,7374280,79,STILL,NA,1,P01,LAB01,1,0,0,0,0,0
20260910_100219,STILL_1P_NA,2.515,7374280,79,STILL,NA,1,P01,LAB01,2,0,0,0,0,0
20260910_100219,STILL_1P_NA,2.605,7463164,80,STILL,NA,1,P01,LAB01,0,1,122,3207,0,360
20260910_100219,STILL_1P_NA,2.605,7463164,80,STILL,NA,1,P01,LAB01,1,0,0,0,0,0
20260910_100219,STILL_1P_NA,2.605,7463164,80,STILL,NA,1,P01,LAB01,2,0,0,0,0,0
20260910_100219,STILL_1P_NA,2.693,7552055,81,STILL,NA,1,P01,LAB01,0,1,108,3207,0,360
20260910_100219,STILL_1P_NA,2.693,7552055,81,STILL,NA,1,P01,LAB01,1,0,0,0,0,0
20260910_100219,STILL_1P_NA,2.693,7552055,81,STILL,NA,1,P01,LAB01,2,0,0,0,0,0
20260910_100219,STILL_1P_NA,2.782,7641034,82,STILL,NA,1,P01,LAB01,0,1,95,3206,0,360
20260910_100219,STILL_1P_NA,2.782,7641034,82,STILL,NA,1,P01,LAB01,1,0,0,0,0,0
20260910_100219,STILL_1P_NA,2.782,7641034,82,STILL,NA,1,P01,LAB01,2,0,0,0,0,0
20260910_100219,STILL_1P_NA,2.871,7730302,83,STILL,NA,1,P01,LAB01,0,1,84,3200,0,360
20260910_100219,STILL_1P_NA,2.871,7730302,83,STILL,NA,1,P01,LAB01,1,0,0,0,0,0
20260910_100219,STILL_1P_NA,2.871,7730302,83,STILL,NA,1,P01,LAB01,2,0,0,0,0,0
20260910_100219,STILL_1P_NA,2.960,7819085,84,STILL,NA,1,P01,LAB01,0,1,84,3198,0,360
20260910_100219,STILL_1P_NA,2.960,7819085,84,STILL,NA,1,P01,LAB01,1,0,0,0,0,0
20260910_100219,STILL_1P_NA,2.960,7819085,84,STILL,NA,1,P01,LAB01,2,0,0,0,0,0
20260910_100219,STILL_1P_NA,3.049,7908019,85,STILL,NA,1,P01,LAB01,0,1,83,3195,0,360
20260910_100219,STILL_1P_NA,3.049,7908019,85,STILL,NA,1,P01,LAB01,1,0,0,0,0,0
20260910_100219,STILL_1P_NA,3.049,7908019,85,STILL,NA,1,P01,LAB01,2,0,0,0,0,0
20260910_100219,STILL_1P_NA,3.138,7997308,86,STILL,NA,1,P01,LAB01,0,1,88,3197,0,360
20260910_100219,STILL_1P_NA,3.138,7997308,86,STILL,NA,1,P01,LAB01,1,0,0,0,0,0
20260910_100219,STILL_1P_NA,3.138,7997308,86,STILL,NA,1,P01,LAB01,2,0,0,0,0,0
20260910_100219,STILL_1P_NA,3.227,8086128,87,STILL,NA,1,P01,LAB01,0,1,91,3199,0,360
20260910_100219,STILL_1P_NA,3.227,8086128,87,STILL,NA,1,P01,LAB01,1,0,0,0,0,0
20260910_100219,STILL_1P_NA,3.227,8086128,87,STILL,NA,1,P01,LAB01,2,0,0,0,0,0
20260910_100219,STILL_1P_NA,3.317,8175308,88,STILL,NA,1,P01,LAB01,0,1,95,3201,0,360
20260910_100219,STILL_1P_NA,3.317,8175308,88,STILL,NA,1,P01,LAB01,1,0,0,0,0,0
20260910_100219,STILL_1P_NA,3.317,8175308,88,STILL,NA,1,P01,LAB01,2,0,0,0,0,0
20260910_100219,STILL_1P_NA,3.405,8263978,89,STILL,NA,1,P01,LAB01,0,1,96,3204,0,360
20260910_100219,STILL_1P_NA,3.405,8263978,89,STILL,NA,1,P01,LAB01,1,0,0,0,0,0
20260910_100219,STILL_1P_NA,3.405,8263978,89,STILL,NA,1,P01,LAB01,2,0,0,0,0,0
20260910_100219,STILL_1P_NA,3.494,8353108,90,STILL,NA,1,P01,LAB01,0,1,93,3209,0,360
20260910_100219,STILL_1P_NA,3.494,8353108,90,STILL,NA,1,P01,LAB01,1,0,0,0,0,0
20260910_100219,STILL_1P_NA,3.494,8353108,90,STILL,NA,1,P01,LAB01,2,0,0,0,0,0
20260910_100219,STILL_1P_NA,3.583,8442155,91,STILL,NA,1,P01,LAB01,0,1,90,3213,0,360
20260910_100219,STILL_1P_NA,3.583,8442155,91,STILL,NA,1,P01,LAB01,1,0,0,0,0,0
20260910_100219,STILL_1P_NA,3.583,8442155,91,STILL,NA,1,P01,LAB01,2,0,0,0,0,0
20260910_100219,STILL_1P_NA,3.672,8531240,92,STILL,NA,1,P01,LAB01,0,1,86,3217,0,360
20260910_100219,STILL_1P_NA,3.672,8531240,92,STILL,NA,1,P01,LAB01,1,0,0,0,0,0
20260910_100219,STILL_1P_NA,3.672,8531240,92,STILL,NA,1,P01,LAB01,2,0,0,0,0,0
20260910_100219,STILL_1P_NA,3.761,8620057,93,STILL,NA,1,P01,LAB01,0,1,80,3217,0,360
20260910_100219,STILL_1P_NA,3.761,8620057,93,STILL,NA,1,P01,LAB01,1,0,0,0,0,0
20260910_100219,STILL_1P_NA,3.761,8620057,93,STILL,NA,1,P01,LAB01,2,0,0,0,0,0
20260910_100219,STILL_1P_NA,3.850,8708981,94,STILL,NA,1,P01,LAB01,0,1,79,3214,0,360
20260910_100219,STILL_1P_NA,3.850,8708981,94,STILL,NA,1,P01,LAB01,1,0,0,0,0,0
20260910_100219,STILL_1P_NA,3.850,8708981,94,STILL,NA,1,P01,LAB01,2,0,0,0,0,0
20260910_100219,STILL_1P_NA,3.939,8798113,95,STILL,NA,1,P01,LAB01,0,1,76,3212,0,360
20260910_100219,STILL_1P_NA,3.939,8798113,95,STILL,NA,1,P01,LAB01,1,0,0,0,0,0
20260910_100219,STILL_1P_NA,3.939,8798113,95,STILL,NA,1,P01,LAB01,2,0,0,0,0,0
20260910_100219,STILL_1P_NA,4.028,8887231,96,STILL,NA,1,P01,LAB01,0,1,73,3209,0,360
20260910_100219,STILL_1P_NA,4.028,8887231,96,STILL,NA,1,P01,LAB01,1,0,0,0,0,0
20260910_100219,STILL_1P_NA,4.028,8887231,96,STILL,NA,1,P01,LAB01,2,0,0,0,0,0
20260910_100219,STILL_1P_NA,4.117,8975999,97,STILL,NA,1,P01,LAB01,0,1,76,3207,0,360
20260910_100219,STILL_1P_NA,4.117,8975999,97,STILL,NA,1,P01,LAB01,1,0,0,0,0,0
20260910_100219,STILL_1P_NA,4.117,8975999,97,STILL,NA,1,P01,LAB01,2,0,0,0,0,0
20260910_100219,STILL_1P_NA,4.206,9065322,98,STILL,NA,1,P01,LAB01,0,1,81,3205,0,360
20260910_100219,STILL_1P_NA,4.206,9065322,98,STILL,NA,1,P01,LAB01,1,0,0,0,0,0
20260910_100219,STILL_1P_NA,4.206,9065322,98,STILL,NA,1,P01,LAB01,2,0,0,0,0,0
20260910_100219,STILL_1P_NA,4.295,9153832,99,STILL,NA,1,P01,LAB01,0,1,89,3203,8,360
20260910_100219,STILL_1P_NA,4.295,9153832,99,STILL,NA,1,P01,LAB01,1,0,0,0,0,0
20260910_100219,STILL_1P_NA,4.295,9153832,99,STILL,NA,1,P01,LAB01,2,0,0,0,0,0
20260910_100219,STILL_1P_NA,4.385,9243279,100,STILL,NA,1,P01,LAB01,0,1,95,3203,0,360
20260910_100219,STILL_1P_NA,4.385,9243279,100,STILL,NA,1,P01,LAB01,1,0,0,0,0,0
20260910_100219,STILL_1P_NA,4.385,9243279,100,STILL,NA,1,P01,LAB01,2,0,0,0,0,0
20260910_100219,STILL_1P_NA,4.473,9331767,101,STILL,NA,1,P01,LAB01,0,1,92,3204,0,360
20260910_100219,STILL_1P_NA,4.473,9331767,101,STILL,NA,1,P01,LAB01,1,0,0,0,0,0
20260910_100219,STILL_1P_NA,4.473,9331767,101,STILL,NA,1,P01,LAB01,2,0,0,0,0,0
20260910_100219,STILL_1P_NA,4.562,9421112,102,STILL,NA,1,P01,LAB01,0,1,86,3206,0,360
20260910_100219,STILL_1P_NA,4.562,9421112,102,STILL,NA,1,P01,LAB01,1,0,0,0,0,0
20260910_100219,STILL_1P_NA,4.562,9421112,102,STILL,NA,1,P01,LAB01,2,0,0,0,0,0
20260910_100219,STILL_1P_NA,4.651,9510101,103,STILL,NA,1,P01,LAB01,0,1,81,3209,0,360
20260910_100219,STILL_1P_NA,4.651,9510101,103,STILL,NA,1,P01,LAB01,1,0,0,0,0,0
20260910_100219,STILL_1P_NA,4.651,9510101,103,STILL,NA,1,P01,LAB01,2,0,0,0,0,0
20260910_100219,STILL_1P_NA,4.740,9599021,104,STILL,NA,1,P01,LAB01,0,1,75,3211,0,360
20260910_100219,STILL_1P_NA,4.740,9599021,104,STILL,NA,1,P01,LAB01,1,0,0,0,0,0
20260910_100219,STILL_1P_NA,4.740,9599021,104,STILL,NA,1,P01,LAB01,2,0,0,0,0,0
20260910_100219,STILL_1P_NA,4.829,9688034,105,STILL,NA,1,P01,LAB01,0,1,74,3212,0,360
20260910_100219,STILL_1P_NA,4.829,9688034,105,STILL,NA,1,P01,LAB01,1,0,0,0,0,0
20260910_100219,STILL_1P_NA,4.829,9688034,105,STILL,NA,1,P01,LAB01,2,0,0,0,0,0
20260910_100219,STILL_1P_NA,4.918,9776839,106,STILL,NA,1,P01,LAB01,0,1,72,3212,0,360
20260910_100219,STILL_1P_NA,4.918,9776839,106,STILL,NA,1,P01,LAB01,1,0,0,0,0,0
20260910_100219,STILL_1P_NA,4.918,9776839,106,STILL,NA,1,P01,LAB01,2,0,0,0,0,0
20260910_100219,STILL_1P_NA,5.007,9865915,107,STILL,NA,1,P01,LAB01,0,1,75,3211,0,360
20260910_100219,STILL_1P_NA,5.007,9865915,107,STILL,NA,1,P01,LAB01,1,0,0,0,0,0
20260910_100219,STILL_1P_NA,5.007,9865915,107,STILL,NA,1,P01,LAB01,2,0,0,0,0,0
20260910_100219,STILL_1P_NA,5.096,9954832,108,STILL,NA,1,P01,LAB01,0,1,77,3209,0,360
20260910_100219,STILL_1P_NA,5.096,9954832,108,STILL,NA,1,P01,LAB01,1,0,0,0,0,0
20260910_100219,STILL_1P_NA,5.096,9954832,108,STILL,NA,1,P01,LAB01,2,0,0,0,0,0
20260910_100219,STILL_1P_NA,5.185,10043904,109,STILL,NA,1,P01,LAB01,0,1,82,3208,0,360
20260910_100219,STILL_1P_NA,5.185,10043904,109,STILL,NA,1,P01,LAB01,1,0,0,0,0,0
20260910_100219,STILL_1P_NA,5.185,10043904,109,STILL,NA,1,P01,LAB01,2,0,0,0,0,0
20260910_100219,STILL_1P_NA,5.274,10133164,110,STILL,NA,1,P01,LAB01,0,1,83,3207,0,360
20260910_100219,STILL_1P_NA,5.274,10133164,110,STILL,NA,1,P01,LAB01,1,0,0,0,0,0
20260910_100219,STILL_1P_NA,5.274,10133164,110,STILL,NA,1,P01,LAB01,2,0,0,0,0,0
20260910_100219,STILL_1P_NA,5.363,10221750,111,STILL,NA,1,P01,LAB01,0,1,84,3205,0,360
20260910_100219,STILL_1P_NA,5.363,10221750,111,STILL,NA,1,P01,LAB01,1,0,0,0,0,0
20260910_100219,STILL_1P_NA,5.363,10221750,111,STILL,NA,1,P01,LAB01,2,0,0,0,0,0
20260910_100219,STILL_1P_NA,5.452,10310888,112,STILL,NA,1,P01,LAB01,0,1,89,3203,0,360
20260910_100219,STILL_1P_NA,5.452,10310888,112,STILL,NA,1,P01,LAB01,1,0,0,0,0,0
20260910_100219,STILL_1P_NA,5.452,10310888,112,STILL,NA,1,P01,LAB01,2,0,0,0,0,0
20260910_100219,STILL_1P_NA,5.541,10399839,113,STILL,NA,1,P01,LAB01,0,1,97,3200,0,360
20260910_100219,STILL_1P_NA,5.541,10399839,113,STILL,NA,1,P01,LAB01,1,0,0,0,0,0
20260910_100219,STILL_1P_NA,5.541,10399839,113,STILL,NA,1,P01,LAB01,2,0,0,0,0,0
20260910_100219,STILL_1P_NA,5.630,10488941,114,STILL,NA,1,P01,LAB01,0,1,103,3201,0,360
20260910_100219,STILL_1P_NA,5.630,10488941,114,STILL,NA,1,P01,LAB01,1,0,0,0,0,0
20260910_100219,STILL_1P_NA,5.630,10488941,114,STILL,NA,1,P01,LAB01,2,0,0,0,0,0
20260910_100219,STILL_1P_NA,5.719,10577806,115,STILL,NA,1,P01,LAB01,0,1,109,3202,0,360
20260910_100219,STILL_1P_NA,5.719,10577806,115,STILL,NA,1,P01,LAB01,1,0,0,0,0,0
20260910_100219,STILL_1P_NA,5.719,10577806,115,STILL,NA,1,P01,LAB01,2,0,0,0,0,0
20260910_100219,STILL_1P_NA,5.808,10666969,116,STILL,NA,1,P01,LAB01,0,1,111,3200,0,360
20260910_100219,STILL_1P_NA,5.808,10666969,116,STILL,NA,1,P01,LAB01,1,0,0,0,0,0
20260910_100219,STILL_1P_NA,5.808,10666969,116,STILL,NA,1,P01,LAB01,2,0,0,0,0,0
20260910_100219,STILL_1P_NA,5.897,10755673,117,STILL,NA,1,P01,LAB01,0,1,111,3197,0,360
20260910_100219,STILL_1P_NA,5.897,10755673,117,STILL,NA,1,P01,LAB01,1,0,0,0,0,0
20260910_100219,STILL_1P_NA,5.897,10755673,117,STILL,NA,1,P01,LAB01,2,0,0,0,0,0
20260910_100219,STILL_1P_NA,5.986,10844685,118,STILL,NA,1,P01,LAB01,0,1,117,3192,0,360
20260910_100219,STILL_1P_NA,5.986,10844685,118,STILL,NA,1,P01,LAB01,1,0,0,0,0,0
20260910_100219,STILL_1P_NA,5.986,10844685,118,STILL,NA,1,P01,LAB01,2,0,0,0,0,0
20260910_100219,STILL_1P_NA,6.075,10933762,119,STILL,NA,1,P01,LAB01,0,1,120,3190,0,360
20260910_100219,STILL_1P_NA,6.075,10933762,119,STILL,NA,1,P01,LAB01,1,0,0,0,0,0
20260910_100219,STILL_1P_NA,6.075,10933762,119,STILL,NA,1,P01,LAB01,2,0,0,0,0,0
20260910_100219,STILL_1P_NA,6.165,11023139,120,STILL,NA,1,P01,LAB01,0,1,117,3192,0,360
20260910_100219,STILL_1P_NA,6.165,11023139,120,STILL,NA,1,P01,LAB01,1,0,0,0,0,0
20260910_100219,STILL_1P_NA,6.165,11023139,120,STILL,NA,1,P01,LAB01,2,0,0,0,0,0
20260910_100219,STILL_1P_NA,6.253,11111850,121,STILL,NA,1,P01,LAB01,0,1,111,3196,0,360
20260910_100219,STILL_1P_NA,6.253,11111850,121,STILL,NA,1,P01,LAB01,1,0,0,0,0,0
20260910_100219,STILL_1P_NA,6.253,11111850,121,STILL,NA,1,P01,LAB01,2,0,0,0,0,0
20260910_100219,STILL_1P_NA,6.342,11200866,122,STILL,NA,1,P01,LAB01,0,1,101,3198,0,360
20260910_100219,STILL_1P_NA,6.342,11200866,122,STILL,NA,1,P01,LAB01,1,0,0,0,0,0
20260910_100219,STILL_1P_NA,6.342,11200866,122,STILL,NA,1,P01,LAB01,2,0,0,0,0,0
20260910_100219,STILL_1P_NA,6.431,11289658,123,STILL,NA,1,P01,LAB01,0,1,88,3202,0,360
20260910_100219,STILL_1P_NA,6.431,11289658,123,STILL,NA,1,P01,LAB01,1,0,0,0,0,0
20260910_100219,STILL_1P_NA,6.431,11289658,123,STILL,NA,1,P01,LAB01,2,0,0,0,0,0
20260910_100219,STILL_1P_NA,6.520,11378709,124,STILL,NA,1,P01,LAB01,0,1,75,3205,0,360
20260910_100219,STILL_1P_NA,6.520,11378709,124,STILL,NA,1,P01,LAB01,1,0,0,0,0,0
20260910_100219,STILL_1P_NA,6.520,11378709,124,STILL,NA,1,P01,LAB01,2,0,0,0,0,0
20260910_100219,STILL_1P_NA,6.609,11467596,125,STILL,NA,1,P01,LAB01,0,1,63,3208,0,360
20260910_100219,STILL_1P_NA,6.609,11467596,125,STILL,NA,1,P01,LAB01,1,0,0,0,0,0
20260910_100219,STILL_1P_NA,6.609,11467596,125,STILL,NA,1,P01,LAB01,2,0,0,0,0,0
20260910_100219,STILL_1P_NA,6.698,11556636,126,STILL,NA,1,P01,LAB01,0,1,51,3211,0,360
20260910_100219,STILL_1P_NA,6.698,11556636,126,STILL,NA,1,P01,LAB01,1,0,0,0,0,0
20260910_100219,STILL_1P_NA,6.698,11556636,126,STILL,NA,1,P01,LAB01,2,0,0,0,0,0
20260910_100219,STILL_1P_NA,6.787,11645495,127,STILL,NA,1,P01,LAB01,0,1,40,3214,0,360
20260910_100219,STILL_1P_NA,6.787,11645495,127,STILL,NA,1,P01,LAB01,1,0,0,0,0,0
20260910_100219,STILL_1P_NA,6.787,11645495,127,STILL,NA,1,P01,LAB01,2,0,0,0,0,0
20260910_100219,STILL_1P_NA,6.876,11734728,128,STILL,NA,1,P01,LAB01,0,1,29,3216,0,360
20260910_100219,STILL_1P_NA,6.876,11734728,128,STILL,NA,1,P01,LAB01,1,0,0,0,0,0
20260910_100219,STILL_1P_NA,6.876,11734728,128,STILL,NA,1,P01,LAB01,2,0,0,0,0,0
20260910_100219,STILL_1P_NA,6.965,11823487,129,STILL,NA,1,P01,LAB01,0,1,19,3219,0,360
20260910_100219,STILL_1P_NA,6.965,11823487,129,STILL,NA,1,P01,LAB01,1,0,0,0,0,0
20260910_100219,STILL_1P_NA,6.965,11823487,129,STILL,NA,1,P01,LAB01,2,0,0,0,0,0
20260910_100219,STILL_1P_NA,7.054,11912349,130,STILL,NA,1,P01,LAB01,0,1,9,3221,0,360
20260910_100219,STILL_1P_NA,7.054,11912349,130,STILL,NA,1,P01,LAB01,1,0,0,0,0,0
20260910_100219,STILL_1P_NA,7.054,11912349,130,STILL,NA,1,P01,LAB01,2,0,0,0,0,0
20260910_100219,STILL_1P_NA,7.143,12001646,131,STILL,NA,1,P01,LAB01,0,1,0,3224,0,360
20260910_100219,STILL_1P_NA,7.143,12001646,131,STILL,NA,1,P01,LAB01,1,0,0,0,0,0
20260910_100219,STILL_1P_NA,7.143,12001646,131,STILL,NA,1,P01,LAB01,2,0,0,0,0,0
20260910_100219,STILL_1P_NA,7.232,12090564,132,STILL,NA,1,P01,LAB01,0,1,-10,3226,0,360
20260910_100219,STILL_1P_NA,7.232,12090564,132,STILL,NA,1,P01,LAB01,1,0,0,0,0,0
20260910_100219,STILL_1P_NA,7.232,12090564,132,STILL,NA,1,P01,LAB01,2,0,0,0,0,0
20260910_100219,STILL_1P_NA,7.321,12179709,133,STILL,NA,1,P01,LAB01,0,1,-19,3228,0,360
20260910_100219,STILL_1P_NA,7.321,12179709,133,STILL,NA,1,P01,LAB01,1,0,0,0,0,0
20260910_100219,STILL_1P_NA,7.321,12179709,133,STILL,NA,1,P01,LAB01,2,0,0,0,0,0
20260910_100219,STILL_1P_NA,7.410,12268626,134,STILL,NA,1,P01,LAB01,0,1,-27,3231,0,360
20260910_100219,STILL_1P_NA,7.410,12268626,134,STILL,NA,1,P01,LAB01,1,0,0,0,0,0
20260910_100219,STILL_1P_NA,7.410,12268626,134,STILL,NA,1,P01,LAB01,2,0,0,0,0,0
20260910_100219,STILL_1P_NA,7.499,12357605,135,STILL,NA,1,P01,LAB01,0,1,-36,3233,0,360
20260910_100219,STILL_1P_NA,7.499,12357605,135,STILL,NA,1,P01,LAB01,1,0,0,0,0,0
20260910_100219,STILL_1P_NA,7.499,12357605,135,STILL,NA,1,P01,LAB01,2,0,0,0,0,0
20260910_100219,STILL_1P_NA,7.587,12446461,136,STILL,NA,1,P01,LAB01,0,1,-44,3235,0,360
20260910_100219,STILL_1P_NA,7.587,12446461,136,STILL,NA,1,P01,LAB01,1,0,0,0,0,0
20260910_100219,STILL_1P_NA,7.587,12446461,136,STILL,NA,1,P01,LAB01,2,0,0,0,0,0
20260910_100219,STILL_1P_NA,7.677,12535569,137,STILL,NA,1,P01,LAB01,0,1,-52,3237,0,360
20260910_100219,STILL_1P_NA,7.677,12535569,137,STILL,NA,1,P01,LAB01,1,0,0,0,0,0
20260910_100219,STILL_1P_NA,7.677,12535569,137,STILL,NA,1,P01,LAB01,2,0,0,0,0,0
20260910_100219,STILL_1P_NA,7.766,12624426,138,STILL,NA,1,P01,LAB01,0,1,-52,3237,0,360
20260910_100219,STILL_1P_NA,7.766,12624426,138,STILL,NA,1,P01,LAB01,1,0,0,0,0,0
20260910_100219,STILL_1P_NA,7.766,12624426,138,STILL,NA,1,P01,LAB01,2,0,0,0,0,0
20260910_100219,STILL_1P_NA,7.855,12713467,139,STILL,NA,1,P01,LAB01,0,1,-52,3237,0,360
20260910_100219,STILL_1P_NA,7.855,12713467,139,STILL,NA,1,P01,LAB01,1,0,0,0,0,0
20260910_100219,STILL_1P_NA,7.855,12713467,139,STILL,NA,1,P01,LAB01,2,0,0,0,0,0
20260910_100219,STILL_1P_NA,7.944,12802453,140,STILL,NA,1,P01,LAB01,0,1,-52,3237,0,360
20260910_100219,STILL_1P_NA,7.944,12802453,140,STILL,NA,1,P01,LAB01,1,0,0,0,0,0
20260910_100219,STILL_1P_NA,7.944,12802453,140,STILL,NA,1,P01,LAB01,2,0,0,0,0,0
20260910_100219,STILL_1P_NA,8.033,12891564,141,STILL,NA,1,P01,LAB01,0,1,-52,3237,0,360
20260910_100219,STILL_1P_NA,8.033,12891564,141,STILL,NA,1,P01,LAB01,1,0,0,0,0,0
20260910_100219,STILL_1P_NA,8.033,12891564,141,STILL,NA,1,P01,LAB01,2,0,0,0,0,0
20260910_100219,STILL_1P_NA,8.121,12980231,142,STILL,NA,1,P01,LAB01,0,1,-52,3237,0,360
20260910_100219,STILL_1P_NA,8.121,12980231,142,STILL,NA,1,P01,LAB01,1,0,0,0,0,0
20260910_100219,STILL_1P_NA,8.121,12980231,142,STILL,NA,1,P01,LAB01,2,0,0,0,0,0
20260910_100219,STILL_1P_NA,8.211,13069564,143,STILL,NA,1,P01,LAB01,0,1,-52,3237,0,360
20260910_100219,STILL_1P_NA,8.211,13069564,143,STILL,NA,1,P01,LAB01,1,0,0,0,0,0
20260910_100219,STILL_1P_NA,8.211,13069564,143,STILL,NA,1,P01,LAB01,2,0,0,0,0,0
20260910_100219,STILL_1P_NA,8.299,13158291,144,STILL,NA,1,P01,LAB01,0,1,-52,3237,0,360
20260910_100219,STILL_1P_NA,8.299,13158291,144,STILL,NA,1,P01,LAB01,1,0,0,0,0,0
20260910_100219,STILL_1P_NA,8.299,13158291,144,STILL,NA,1,P01,LAB01,2,0,0,0,0,0
20260910_100219,STILL_1P_NA,8.389,13247488,145,STILL,NA,1,P01,LAB01,0,1,-52,3237,0,360
20260910_100219,STILL_1P_NA,8.389,13247488,145,STILL,NA,1,P01,LAB01,1,0,0,0,0,0
20260910_100219,STILL_1P_NA,8.389,13247488,145,STILL,NA,1,P01,LAB01,2,0,0,0,0,0
20260910_100219,STILL_1P_NA,8.478,13336158,146,STILL,NA,1,P01,LAB01,0,1,-52,3237,0,360
20260910_100219,STILL_1P_NA,8.478,13336158,146,STILL,NA,1,P01,LAB01,1,0,0,0,0,0
20260910_100219,STILL_1P_NA,8.478,13336158,146,STILL,NA,1,P01,LAB01,2,0,0,0,0,0
20260910_100219,STILL_1P_NA,8.567,13425482,147,STILL,NA,1,P01,LAB01,0,1,-52,3237,0,360
20260910_100219,STILL_1P_NA,8.567,13425482,147,STILL,NA,1,P01,LAB01,1,0,0,0,0,0
20260910_100219,STILL_1P_NA,8.567,13425482,147,STILL,NA,1,P01,LAB01,2,0,0,0,0,0
20260910_100219,STILL_1P_NA,8.655,13514280,148,STILL,NA,1,P01,LAB01,0,1,-52,3237,0,360
20260910_100219,STILL_1P_NA,8.655,13514280,148,STILL,NA,1,P01,LAB01,1,0,0,0,0,0
20260910_100219,STILL_1P_NA,8.655,13514280,148,STILL,NA,1,P01,LAB01,2,0,0,0,0,0
20260910_100219,STILL_1P_NA,8.745,13603385,149,STILL,NA,1,P01,LAB01,0,1,-52,3237,0,360
20260910_100219,STILL_1P_NA,8.745,13603385,149,STILL,NA,1,P01,LAB01,1,0,0,0,0,0
20260910_100219,STILL_1P_NA,8.745,13603385,149,STILL,NA,1,P01,LAB01,2,0,0,0,0,0
20260910_100219,STILL_1P_NA,8.833,13692149,150,STILL,NA,1,P01,LAB01,0,1,-52,3237,0,360
20260910_100219,STILL_1P_NA,8.833,13692149,150,STILL,NA,1,P01,LAB01,1,0,0,0,0,0
20260910_100219,STILL_1P_NA,8.833,13692149,150,STILL,NA,1,P01,LAB01,2,0,0,0,0,0
20260910_100219,STILL_1P_NA,8.922,13781385,151,STILL,NA,1,P01,LAB01,0,1,-52,3237,0,360
20260910_100219,STILL_1P_NA,8.922,13781385,151,STILL,NA,1,P01,LAB01,1,0,0,0,0,0
20260910_100219,STILL_1P_NA,8.922,13781385,151,STILL,NA,1,P01,LAB01,2,0,0,0,0,0
20260910_100219,STILL_1P_NA,9.011,13870276,152,STILL,NA,1,P01,LAB01,0,1,-52,3237,0,360
20260910_100219,STILL_1P_NA,9.011,13870276,152,STILL,NA,1,P01,LAB01,1,0,0,0,0,0
20260910_100219,STILL_1P_NA,9.011,13870276,152,STILL,NA,1,P01,LAB01,2,0,0,0,0,0
20260910_100219,STILL_1P_NA,9.100,13958978,153,STILL,NA,1,P01,LAB01,0,1,-52,3237,0,360
20260910_100219,STILL_1P_NA,9.100,13958978,153,STILL,NA,1,P01,LAB01,1,0,0,0,0,0
20260910_100219,STILL_1P_NA,9.100,13958978,153,STILL,NA,1,P01,LAB01,2,0,0,0,0,0
20260910_100219,STILL_1P_NA,9.189,14048362,154,STILL,NA,1,P01,LAB01,0,1,-52,3237,0,360
20260910_100219,STILL_1P_NA,9.189,14048362,154,STILL,NA,1,P01,LAB01,1,0,0,0,0,0
20260910_100219,STILL_1P_NA,9.189,14048362,154,STILL,NA,1,P01,LAB01,2,0,0,0,0,0
20260910_100219,STILL_1P_NA,9.278,14137378,155,STILL,NA,1,P01,LAB01,0,1,-53,3238,0,360
20260910_100219,STILL_1P_NA,9.278,14137378,155,STILL,NA,1,P01,LAB01,1,0,0,0,0,0
20260910_100219,STILL_1P_NA,9.278,14137378,155,STILL,NA,1,P01,LAB01,2,0,0,0,0,0
20260910_100219,STILL_1P_NA,9.368,14226384,156,STILL,NA,1,P01,LAB01,0,1,-53,3238,0,360
20260910_100219,STILL_1P_NA,9.368,14226384,156,STILL,NA,1,P01,LAB01,1,0,0,0,0,0
20260910_100219,STILL_1P_NA,9.368,14226384,156,STILL,NA,1,P01,LAB01,2,0,0,0,0,0
20260910_100219,STILL_1P_NA,9.457,14315719,157,STILL,NA,1,P01,LAB01,0,1,-52,3237,0,360
20260910_100219,STILL_1P_NA,9.457,14315719,157,STILL,NA,1,P01,LAB01,1,0,0,0,0,0
20260910_100219,STILL_1P_NA,9.457,14315719,157,STILL,NA,1,P01,LAB01,2,0,0,0,0,0
20260910_100219,STILL_1P_NA,9.546,14404296,158,STILL,NA,1,P01,LAB01,0,1,-49,3236,0,360
20260910_100219,STILL_1P_NA,9.546,14404296,158,STILL,NA,1,P01,LAB01,1,0,0,0,0,0
20260910_100219,STILL_1P_NA,9.546,14404296,158,STILL,NA,1,P01,LAB01,2,0,0,0,0,0
20260910_100219,STILL_1P_NA,9.634,14493369,159,STILL,NA,1,P01,LAB01,0,1,-47,3234,0,360
20260910_100219,STILL_1P_NA,9.634,14493369,159,STILL,NA,1,P01,LAB01,1,0,0,0,0,0
20260910_100219,STILL_1P_NA,9.634,14493369,159,STILL,NA,1,P01,LAB01,2,0,0,0,0,0
20260910_100219,STILL_1P_NA,9.723,14582378,160,STILL,NA,1,P01,LAB01,0,1,-44,3233,0,360
20260910_100219,STILL_1P_NA,9.723,14582378,160,STILL,NA,1,P01,LAB01,1,0,0,0,0,0
20260910_100219,STILL_1P_NA,9.723,14582378,160,STILL,NA,1,P01,LAB01,2,0,0,0,0,0
20260910_100219,STILL_1P_NA,9.812,14671426,161,STILL,NA,1,P01,LAB01,0,1,-42,3232,0,360
20260910_100219,STILL_1P_NA,9.812,14671426,161,STILL,NA,1,P01,LAB01,1,0,0,0,0,0
20260910_100219,STILL_1P_NA,9.812,14671426,161,STILL,NA,1,P01,LAB01,2,0,0,0,0,0
20260910_100219,STILL_1P_NA,9.901,14760352,162,STILL,NA,1,P01,LAB01,0,1,-40,3231,0,360
20260910_100219,STILL_1P_NA,9.901,14760352,162,STILL,NA,1,P01,LAB01,1,0,0,0,0,0
20260910_100219,STILL_1P_NA,9.901,14760352,162,STILL,NA,1,P01,LAB01,2,0,0,0,0,0
20260910_100219,STILL_1P_NA,9.991,14849646,163,STILL,NA,1,P01,LAB01,0,1,-38,3230,0,360
20260910_100219,STILL_1P_NA,9.991,14849646,163,STILL,NA,1,P01,LAB01,1,0,0,0,0,0
20260910_100219,STILL_1P_NA,9.991,14849646,163,STILL,NA,1,P01,LAB01,2,0,0,0,0,0
20260910_100219,STILL_1P_NA,10.080,14938468,164,STILL,NA,1,P01,LAB01,0,1,-36,3229,0,360
20260910_100219,STILL_1P_NA,10.080,14938468,164,STILL,NA,1,P01,LAB01,1,0,0,0,0,0
20260910_100219,STILL_1P_NA,10.080,14938468,164,STILL,NA,1,P01,LAB01,2,0,0,0,0,0
20260910_100219,STILL_1P_NA,10.169,15027509,165,STILL,NA,1,P01,LAB01,0,1,-34,3228,0,360
20260910_100219,STILL_1P_NA,10.169,15027509,165,STILL,NA,1,P01,LAB01,1,0,0,0,0,0
20260910_100219,STILL_1P_NA,10.169,15027509,165,STILL,NA,1,P01,LAB01,2,0,0,0,0,0
20260910_100219,STILL_1P_NA,10.257,15116344,166,STILL,NA,1,P01,LAB01,0,1,-32,3227,0,360
20260910_100219,STILL_1P_NA,10.257,15116344,166,STILL,NA,1,P01,LAB01,1,0,0,0,0,0
20260910_100219,STILL_1P_NA,10.257,15116344,166,STILL,NA,1,P01,LAB01,2,0,0,0,0,0
20260910_100219,STILL_1P_NA,10.346,15205155,167,STILL,NA,1,P01,LAB01,0,1,-31,3226,0,360
20260910_100219,STILL_1P_NA,10.346,15205155,167,STILL,NA,1,P01,LAB01,1,0,0,0,0,0
20260910_100219,STILL_1P_NA,10.346,15205155,167,STILL,NA,1,P01,LAB01,2,0,0,0,0,0
20260910_100219,STILL_1P_NA,10.435,15294308,168,STILL,NA,1,P01,LAB01,0,1,-29,3225,0,360
20260910_100219,STILL_1P_NA,10.435,15294308,168,STILL,NA,1,P01,LAB01,1,0,0,0,0,0
20260910_100219,STILL_1P_NA,10.435,15294308,168,STILL,NA,1,P01,LAB01,2,0,0,0,0,0
20260910_100219,STILL_1P_NA,10.524,15383317,169,STILL,NA,1,P01,LAB01,0,1,-27,3224,0,360
20260910_100219,STILL_1P_NA,10.524,15383317,169,STILL,NA,1,P01,LAB01,1,0,0,0,0,0
20260910_100219,STILL_1P_NA,10.524,15383317,169,STILL,NA,1,P01,LAB01,2,0,0,0,0,0
20260910_100219,STILL_1P_NA,10.613,15472167,170,STILL,NA,1,P01,LAB01,0,1,-26,3223,0,360
20260910_100219,STILL_1P_NA,10.613,15472167,170,STILL,NA,1,P01,LAB01,1,0,0,0,0,0
20260910_100219,STILL_1P_NA,10.613,15472167,170,STILL,NA,1,P01,LAB01,2,0,0,0,0,0
20260910_100219,STILL_1P_NA,10.703,15561371,171,STILL,NA,1,P01,LAB01,0,1,-24,3222,0,360
20260910_100219,STILL_1P_NA,10.703,15561371,171,STILL,NA,1,P01,LAB01,1,0,0,0,0,0
20260910_100219,STILL_1P_NA,10.703,15561371,171,STILL,NA,1,P01,LAB01,2,0,0,0,0,0
20260910_100219,STILL_1P_NA,10.792,15650355,172,STILL,NA,1,P01,LAB01,0,1,-23,3222,0,360
20260910_100219,STILL_1P_NA,10.792,15650355,172,STILL,NA,1,P01,LAB01,1,0,0,0,0,0
20260910_100219,STILL_1P_NA,10.792,15650355,172,STILL,NA,1,P01,LAB01,2,0,0,0,0,0
20260910_100219,STILL_1P_NA,10.880,15739211,173,STILL,NA,1,P01,LAB01,0,1,-23,3222,0,360
20260910_100219,STILL_1P_NA,10.880,15739211,173,STILL,NA,1,P01,LAB01,1,0,0,0,0,0
20260910_100219,STILL_1P_NA,10.880,15739211,173,STILL,NA,1,P01,LAB01,2,0,0,0,0,0
20260910_100219,STILL_1P_NA,10.969,15828128,174,STILL,NA,1,P01,LAB01,0,1,-23,3222,0,360
20260910_100219,STILL_1P_NA,10.969,15828128,174,STILL,NA,1,P01,LAB01,1,0,0,0,0,0
20260910_100219,STILL_1P_NA,10.969,15828128,174,STILL,NA,1,P01,LAB01,2,0,0,0,0,0
20260910_100219,STILL_1P_NA,11.059,15917488,175,STILL,NA,1,P01,LAB01,0,1,-19,3222,0,360
20260910_100219,STILL_1P_NA,11.059,15917488,175,STILL,NA,1,P01,LAB01,1,0,0,0,0,0
20260910_100219,STILL_1P_NA,11.059,15917488,175,STILL,NA,1,P01,LAB01,2,0,0,0,0,0
20260910_100219,STILL_1P_NA,11.148,16006322,176,STILL,NA,1,P01,LAB01,0,1,-18,3223,0,360
20260910_100219,STILL_1P_NA,11.148,16006322,176,STILL,NA,1,P01,LAB01,1,0,0,0,0,0
20260910_100219,STILL_1P_NA,11.148,16006322,176,STILL,NA,1,P01,LAB01,2,0,0,0,0,0
20260910_100219,STILL_1P_NA,11.237,16095617,177,STILL,NA,1,P01,LAB01,0,1,-20,3224,0,360
20260910_100219,STILL_1P_NA,11.237,16095617,177,STILL,NA,1,P01,LAB01,1,0,0,0,0,0
20260910_100219,STILL_1P_NA,11.237,16095617,177,STILL,NA,1,P01,LAB01,2,0,0,0,0,0
20260910_100219,STILL_1P_NA,11.325,16184122,178,STILL,NA,1,P01,LAB01,0,1,-21,3226,0,360
20260910_100219,STILL_1P_NA,11.325,16184122,178,STILL,NA,1,P01,LAB01,1,0,0,0,0,0
20260910_100219,STILL_1P_NA,11.325,16184122,178,STILL,NA,1,P01,LAB01,2,0,0,0,0,0
20260910_100219,STILL_1P_NA,11.415,16273516,179,STILL,NA,1,P01,LAB01,0,1,-18,3223,-8,360
20260910_100219,STILL_1P_NA,11.415,16273516,179,STILL,NA,1,P01,LAB01,1,0,0,0,0,0
20260910_100219,STILL_1P_NA,11.415,16273516,179,STILL,NA,1,P01,LAB01,2,0,0,0,0,0
20260910_100219,STILL_1P_NA,11.503,16362149,180,STILL,NA,1,P01,LAB01,0,1,-15,3220,0,360
20260910_100219,STILL_1P_NA,11.503,16362149,180,STILL,NA,1,P01,LAB01,1,0,0,0,0,0
20260910_100219,STILL_1P_NA,11.503,16362149,180,STILL,NA,1,P01,LAB01,2,0,0,0,0,0
20260910_100219,STILL_1P_NA,11.593,16451545,181,STILL,NA,1,P01,LAB01,0,1,-17,3218,0,360
20260910_100219,STILL_1P_NA,11.593,16451545,181,STILL,NA,1,P01,LAB01,1,0,0,0,0,0
20260910_100219,STILL_1P_NA,11.593,16451545,181,STILL,NA,1,P01,LAB01,2,0,0,0,0,0
20260910_100219,STILL_1P_NA,11.681,16539998,182,STILL,NA,1,P01,LAB01,0,1,-15,3218,0,360
20260910_100219,STILL_1P_NA,11.681,16539998,182,STILL,NA,1,P01,LAB01,1,0,0,0,0,0
20260910_100219,STILL_1P_NA,11.681,16539998,182,STILL,NA,1,P01,LAB01,2,0,0,0,0,0
20260910_100219,STILL_1P_NA,11.771,16629349,183,STILL,NA,1,P01,LAB01,0,1,-12,3218,0,360
20260910_100219,STILL_1P_NA,11.771,16629349,183,STILL,NA,1,P01,LAB01,1,0,0,0,0,0
20260910_100219,STILL_1P_NA,11.771,16629349,183,STILL,NA,1,P01,LAB01,2,0,0,0,0,0
20260910_100219,STILL_1P_NA,11.859,16718108,184,STILL,NA,1,P01,LAB01,0,1,-7,3217,0,360
20260910_100219,STILL_1P_NA,11.859,16718108,184,STILL,NA,1,P01,LAB01,1,0,0,0,0,0
20260910_100219,STILL_1P_NA,11.859,16718108,184,STILL,NA,1,P01,LAB01,2,0,0,0,0,0
20260910_100219,STILL_1P_NA,11.948,16807252,185,STILL,NA,1,P01,LAB01,0,1,2,3216,0,360
20260910_100219,STILL_1P_NA,11.948,16807252,185,STILL,NA,1,P01,LAB01,1,0,0,0,0,0
20260910_100219,STILL_1P_NA,11.948,16807252,185,STILL,NA,1,P01,LAB01,2,0,0,0,0,0
20260910_100219,STILL_1P_NA,12.037,16896362,186,STILL,NA,1,P01,LAB01,0,1,9,3214,0,360
20260910_100219,STILL_1P_NA,12.037,16896362,186,STILL,NA,1,P01,LAB01,1,0,0,0,0,0
20260910_100219,STILL_1P_NA,12.037,16896362,186,STILL,NA,1,P01,LAB01,2,0,0,0,0,0
20260910_100219,STILL_1P_NA,12.126,16985185,187,STILL,NA,1,P01,LAB01,0,1,17,3213,0,360
20260910_100219,STILL_1P_NA,12.126,16985185,187,STILL,NA,1,P01,LAB01,1,0,0,0,0,0
20260910_100219,STILL_1P_NA,12.126,16985185,187,STILL,NA,1,P01,LAB01,2,0,0,0,0,0
20260910_100219,STILL_1P_NA,12.215,17074164,188,STILL,NA,1,P01,LAB01,0,1,22,3209,8,360
20260910_100219,STILL_1P_NA,12.215,17074164,188,STILL,NA,1,P01,LAB01,1,0,0,0,0,0
20260910_100219,STILL_1P_NA,12.215,17074164,188,STILL,NA,1,P01,LAB01,2,0,0,0,0,0
20260910_100219,STILL_1P_NA,12.305,17163371,189,STILL,NA,1,P01,LAB01,0,1,23,3208,0,360
20260910_100219,STILL_1P_NA,12.305,17163371,189,STILL,NA,1,P01,LAB01,1,0,0,0,0,0
20260910_100219,STILL_1P_NA,12.305,17163371,189,STILL,NA,1,P01,LAB01,2,0,0,0,0,0
20260910_100219,STILL_1P_NA,12.394,17252128,190,STILL,NA,1,P01,LAB01,0,1,22,3208,0,360
20260910_100219,STILL_1P_NA,12.394,17252128,190,STILL,NA,1,P01,LAB01,1,0,0,0,0,0
20260910_100219,STILL_1P_NA,12.394,17252128,190,STILL,NA,1,P01,LAB01,2,0,0,0,0,0
20260910_100219,STILL_1P_NA,12.482,17341139,191,STILL,NA,1,P01,LAB01,0,1,23,3210,0,360
20260910_100219,STILL_1P_NA,12.482,17341139,191,STILL,NA,1,P01,LAB01,1,0,0,0,0,0
20260910_100219,STILL_1P_NA,12.482,17341139,191,STILL,NA,1,P01,LAB01,2,0,0,0,0,0
20260910_100219,STILL_1P_NA,12.571,17430291,192,STILL,NA,1,P01,LAB01,0,1,24,3214,0,360
20260910_100219,STILL_1P_NA,12.571,17430291,192,STILL,NA,1,P01,LAB01,1,0,0,0,0,0
20260910_100219,STILL_1P_NA,12.571,17430291,192,STILL,NA,1,P01,LAB01,2,0,0,0,0,0
20260910_100219,STILL_1P_NA,12.660,17519137,193,STILL,NA,1,P01,LAB01,0,1,27,3214,0,360
20260910_100219,STILL_1P_NA,12.660,17519137,193,STILL,NA,1,P01,LAB01,1,0,0,0,0,0
20260910_100219,STILL_1P_NA,12.660,17519137,193,STILL,NA,1,P01,LAB01,2,0,0,0,0,0
20260910_100219,STILL_1P_NA,12.750,17608406,194,STILL,NA,1,P01,LAB01,0,1,30,3215,0,360
20260910_100219,STILL_1P_NA,12.750,17608406,194,STILL,NA,1,P01,LAB01,1,0,0,0,0,0
20260910_100219,STILL_1P_NA,12.750,17608406,194,STILL,NA,1,P01,LAB01,2,0,0,0,0,0
20260910_100219,STILL_1P_NA,12.838,17697240,195,STILL,NA,1,P01,LAB01,0,1,39,3217,0,360
20260910_100219,STILL_1P_NA,12.838,17697240,195,STILL,NA,1,P01,LAB01,1,0,0,0,0,0
20260910_100219,STILL_1P_NA,12.838,17697240,195,STILL,NA,1,P01,LAB01,2,0,0,0,0,0
20260910_100219,STILL_1P_NA,12.928,17786344,196,STILL,NA,1,P01,LAB01,0,1,46,3218,0,360
20260910_100219,STILL_1P_NA,12.928,17786344,196,STILL,NA,1,P01,LAB01,1,0,0,0,0,0
20260910_100219,STILL_1P_NA,12.928,17786344,196,STILL,NA,1,P01,LAB01,2,0,0,0,0,0
20260910_100219,STILL_1P_NA,13.016,17875064,197,STILL,NA,1,P01,LAB01,0,1,54,3218,0,360
20260910_100219,STILL_1P_NA,13.016,17875064,197,STILL,NA,1,P01,LAB01,1,0,0,0,0,0
20260910_100219,STILL_1P_NA,13.016,17875064,197,STILL,NA,1,P01,LAB01,2,0,0,0,0,0
20260910_100219,STILL_1P_NA,13.105,17964205,198,STILL,NA,1,P01,LAB01,0,1,54,3218,0,360
20260910_100219,STILL_1P_NA,13.105,17964205,198,STILL,NA,1,P01,LAB01,1,0,0,0,0,0
20260910_100219,STILL_1P_NA,13.105,17964205,198,STILL,NA,1,P01,LAB01,2,0,0,0,0,0
20260910_100219,STILL_1P_NA,13.195,18053034,199,STILL,NA,1,P01,LAB01,0,1,51,3217,0,360
20260910_100219,STILL_1P_NA,13.195,18053034,199,STILL,NA,1,P01,LAB01,1,0,0,0,0,0
20260910_100219,STILL_1P_NA,13.195,18053034,199,STILL,NA,1,P01,LAB01,2,0,0,0,0,0
20260910_100219,STILL_1P_NA,13.283,18142025,200,STILL,NA,1,P01,LAB01,0,1,49,3215,0,360
20260910_100219,STILL_1P_NA,13.283,18142025,200,STILL,NA,1,P01,LAB01,1,0,0,0,0,0
20260910_100219,STILL_1P_NA,13.283,18142025,200,STILL,NA,1,P01,LAB01,2,0,0,0,0,0
20260910_100219,STILL_1P_NA,13.372,18230978,201,STILL,NA,1,P01,LAB01,0,1,46,3214,0,360
20260910_100219,STILL_1P_NA,13.372,18230978,201,STILL,NA,1,P01,LAB01,1,0,0,0,0,0
20260910_100219,STILL_1P_NA,13.372,18230978,201,STILL,NA,1,P01,LAB01,2,0,0,0,0,0
20260910_100219,STILL_1P_NA,13.461,18320045,202,STILL,NA,1,P01,LAB01,0,1,44,3214,0,360
20260910_100219,STILL_1P_NA,13.461,18320045,202,STILL,NA,1,P01,LAB01,1,0,0,0,0,0
20260910_100219,STILL_1P_NA,13.461,18320045,202,STILL,NA,1,P01,LAB01,2,0,0,0,0,0
20260910_100219,STILL_1P_NA,13.550,18408969,203,STILL,NA,1,P01,LAB01,0,1,42,3213,0,360
20260910_100219,STILL_1P_NA,13.550,18408969,203,STILL,NA,1,P01,LAB01,1,0,0,0,0,0
20260910_100219,STILL_1P_NA,13.550,18408969,203,STILL,NA,1,P01,LAB01,2,0,0,0,0,0
20260910_100219,STILL_1P_NA,13.639,18498137,204,STILL,NA,1,P01,LAB01,0,1,39,3212,0,360
20260910_100219,STILL_1P_NA,13.639,18498137,204,STILL,NA,1,P01,LAB01,1,0,0,0,0,0
20260910_100219,STILL_1P_NA,13.639,18498137,204,STILL,NA,1,P01,LAB01,2,0,0,0,0,0
20260910_100219,STILL_1P_NA,13.728,18586932,205,STILL,NA,1,P01,LAB01,0,1,37,3211,0,360
20260910_100219,STILL_1P_NA,13.728,18586932,205,STILL,NA,1,P01,LAB01,1,0,0,0,0,0
20260910_100219,STILL_1P_NA,13.728,18586932,205,STILL,NA,1,P01,LAB01,2,0,0,0,0,0
20260910_100219,STILL_1P_NA,13.817,18676155,206,STILL,NA,1,P01,LAB01,0,1,35,3210,0,360
20260910_100219,STILL_1P_NA,13.817,18676155,206,STILL,NA,1,P01,LAB01,1,0,0,0,0,0
20260910_100219,STILL_1P_NA,13.817,18676155,206,STILL,NA,1,P01,LAB01,2,0,0,0,0,0
20260910_100219,STILL_1P_NA,13.906,18764963,207,STILL,NA,1,P01,LAB01,0,1,33,3209,0,360
20260910_100219,STILL_1P_NA,13.906,18764963,207,STILL,NA,1,P01,LAB01,1,0,0,0,0,0
20260910_100219,STILL_1P_NA,13.906,18764963,207,STILL,NA,1,P01,LAB01,2,0,0,0,0,0
20260910_100219,STILL_1P_NA,13.995,18853978,208,STILL,NA,1,P01,LAB01,0,1,31,3208,0,360
20260910_100219,STILL_1P_NA,13.995,18853978,208,STILL,NA,1,P01,LAB01,1,0,0,0,0,0
20260910_100219,STILL_1P_NA,13.995,18853978,208,STILL,NA,1,P01,LAB01,2,0,0,0,0,0
20260910_100219,STILL_1P_NA,14.084,18942806,209,STILL,NA,1,P01,LAB01,0,1,30,3208,0,360
20260910_100219,STILL_1P_NA,14.084,18942806,209,STILL,NA,1,P01,LAB01,1,0,0,0,0,0
20260910_100219,STILL_1P_NA,14.084,18942806,209,STILL,NA,1,P01,LAB01,2,0,0,0,0,0
20260910_100219,STILL_1P_NA,14.173,19031877,210,STILL,NA,1,P01,LAB01,0,1,28,3207,0,360
20260910_100219,STILL_1P_NA,14.173,19031877,210,STILL,NA,1,P01,LAB01,1,0,0,0,0,0
20260910_100219,STILL_1P_NA,14.173,19031877,210,STILL,NA,1,P01,LAB01,2,0,0,0,0,0
20260910_100219,STILL_1P_NA,14.262,19120735,211,STILL,NA,1,P01,LAB01,0,1,26,3206,0,360
20260910_100219,STILL_1P_NA,14.262,19120735,211,STILL,NA,1,P01,LAB01,1,0,0,0,0,0
20260910_100219,STILL_1P_NA,14.262,19120735,211,STILL,NA,1,P01,LAB01,2,0,0,0,0,0
20260910_100219,STILL_1P_NA,14.351,19209969,212,STILL,NA,1,P01,LAB01,0,1,24,3205,0,360
20260910_100219,STILL_1P_NA,14.351,19209969,212,STILL,NA,1,P01,LAB01,1,0,0,0,0,0
20260910_100219,STILL_1P_NA,14.351,19209969,212,STILL,NA,1,P01,LAB01,2,0,0,0,0,0
20260910_100219,STILL_1P_NA,14.440,19298951,213,STILL,NA,1,P01,LAB01,0,1,23,3205,0,360
20260910_100219,STILL_1P_NA,14.440,19298951,213,STILL,NA,1,P01,LAB01,1,0,0,0,0,0
20260910_100219,STILL_1P_NA,14.440,19298951,213,STILL,NA,1,P01,LAB01,2,0,0,0,0,0
20260910_100219,STILL_1P_NA,14.529,19387963,214,STILL,NA,1,P01,LAB01,0,1,23,3205,0,360
20260910_100219,STILL_1P_NA,14.529,19387963,214,STILL,NA,1,P01,LAB01,1,0,0,0,0,0
20260910_100219,STILL_1P_NA,14.529,19387963,214,STILL,NA,1,P01,LAB01,2,0,0,0,0,0
20260910_100219,STILL_1P_NA,14.618,19476948,215,STILL,NA,1,P01,LAB01,0,1,24,3204,0,360
20260910_100219,STILL_1P_NA,14.618,19476948,215,STILL,NA,1,P01,LAB01,1,0,0,0,0,0
20260910_100219,STILL_1P_NA,14.618,19476948,215,STILL,NA,1,P01,LAB01,2,0,0,0,0,0
20260910_100219,STILL_1P_NA,14.707,19565898,216,STILL,NA,1,P01,LAB01,0,1,25,3202,0,360
20260910_100219,STILL_1P_NA,14.707,19565898,216,STILL,NA,1,P01,LAB01,1,0,0,0,0,0
20260910_100219,STILL_1P_NA,14.707,19565898,216,STILL,NA,1,P01,LAB01,2,0,0,0,0,0
20260910_100219,STILL_1P_NA,14.796,19654850,217,STILL,NA,1,P01,LAB01,0,1,27,3201,0,360
20260910_100219,STILL_1P_NA,14.796,19654850,217,STILL,NA,1,P01,LAB01,1,0,0,0,0,0
20260910_100219,STILL_1P_NA,14.796,19654850,217,STILL,NA,1,P01,LAB01,2,0,0,0,0,0
20260910_100219,STILL_1P_NA,14.886,19744074,218,STILL,NA,1,P01,LAB01,0,1,28,3200,0,360
20260910_100219,STILL_1P_NA,14.886,19744074,218,STILL,NA,1,P01,LAB01,1,0,0,0,0,0
20260910_100219,STILL_1P_NA,14.886,19744074,218,STILL,NA,1,P01,LAB01,2,0,0,0,0,0
20260910_100219,STILL_1P_NA,14.974,19832719,219,STILL,NA,1,P01,LAB01,0,1,29,3199,0,360
20260910_100219,STILL_1P_NA,14.974,19832719,219,STILL,NA,1,P01,LAB01,1,0,0,0,0,0
20260910_100219,STILL_1P_NA,14.974,19832719,219,STILL,NA,1,P01,LAB01,2,0,0,0,0,0
20260910_100219,STILL_1P_NA,15.063,19921981,220,STILL,NA,1,P01,LAB01,0,1,31,3198,0,360
20260910_100219,STILL_1P_NA,15.063,19921981,220,STILL,NA,1,P01,LAB01,1,0,0,0,0,0
20260910_100219,STILL_1P_NA,15.063,19921981,220,STILL,NA,1,P01,LAB01,2,0,0,0,0,0
20260910_100219,STILL_1P_NA,15.152,20010653,221,STILL,NA,1,P01,LAB01,0,1,32,3197,0,360
20260910_100219,STILL_1P_NA,15.152,20010653,221,STILL,NA,1,P01,LAB01,1,0,0,0,0,0
20260910_100219,STILL_1P_NA,15.152,20010653,221,STILL,NA,1,P01,LAB01,2,0,0,0,0,0
20260910_100219,STILL_1P_NA,15.241,20099949,222,STILL,NA,1,P01,LAB01,0,1,33,3196,0,360
20260910_100219,STILL_1P_NA,15.241,20099949,222,STILL,NA,1,P01,LAB01,1,0,0,0,0,0
20260910_100219,STILL_1P_NA,15.241,20099949,222,STILL,NA,1,P01,LAB01,2,0,0,0,0,0
20260910_100219,STILL_1P_NA,15.330,20188740,223,STILL,NA,1,P01,LAB01,0,1,34,3195,0,360
20260910_100219,STILL_1P_NA,15.330,20188740,223,STILL,NA,1,P01,LAB01,1,0,0,0,0,0
20260910_100219,STILL_1P_NA,15.330,20188740,223,STILL,NA,1,P01,LAB01,2,0,0,0,0,0
20260910_100219,STILL_1P_NA,15.419,20277877,224,STILL,NA,1,P01,LAB01,0,1,35,3194,0,360
20260910_100219,STILL_1P_NA,15.419,20277877,224,STILL,NA,1,P01,LAB01,1,0,0,0,0,0
20260910_100219,STILL_1P_NA,15.419,20277877,224,STILL,NA,1,P01,LAB01,2,0,0,0,0,0
20260910_100219,STILL_1P_NA,15.508,20366832,225,STILL,NA,1,P01,LAB01,0,1,37,3193,0,360
20260910_100219,STILL_1P_NA,15.508,20366832,225,STILL,NA,1,P01,LAB01,1,0,0,0,0,0
20260910_100219,STILL_1P_NA,15.508,20366832,225,STILL,NA,1,P01,LAB01,2,0,0,0,0,0
20260910_100219,STILL_1P_NA,15.597,20455632,226,STILL,NA,1,P01,LAB01,0,1,38,3192,0,360
20260910_100219,STILL_1P_NA,15.597,20455632,226,STILL,NA,1,P01,LAB01,1,0,0,0,0,0
20260910_100219,STILL_1P_NA,15.597,20455632,226,STILL,NA,1,P01,LAB01,2,0,0,0,0,0
20260910_100219,STILL_1P_NA,15.686,20544767,227,STILL,NA,1,P01,LAB01,0,1,39,3191,0,360
20260910_100219,STILL_1P_NA,15.686,20544767,227,STILL,NA,1,P01,LAB01,1,0,0,0,0,0
20260910_100219,STILL_1P_NA,15.686,20544767,227,STILL,NA,1,P01,LAB01,2,0,0,0,0,0
20260910_100219,STILL_1P_NA,15.775,20633782,228,STILL,NA,1,P01,LAB01,0,1,40,3190,0,360
20260910_100219,STILL_1P_NA,15.775,20633782,228,STILL,NA,1,P01,LAB01,1,0,0,0,0,0
20260910_100219,STILL_1P_NA,15.775,20633782,228,STILL,NA,1,P01,LAB01,2,0,0,0,0,0
20260910_100219,STILL_1P_NA,15.864,20722822,229,STILL,NA,1,P01,LAB01,0,1,43,3190,0,360
20260910_100219,STILL_1P_NA,15.864,20722822,229,STILL,NA,1,P01,LAB01,1,0,0,0,0,0
20260910_100219,STILL_1P_NA,15.864,20722822,229,STILL,NA,1,P01,LAB01,2,0,0,0,0,0
20260910_100219,STILL_1P_NA,15.953,20811936,230,STILL,NA,1,P01,LAB01,0,1,47,3190,0,360
20260910_100219,STILL_1P_NA,15.953,20811936,230,STILL,NA,1,P01,LAB01,1,0,0,0,0,0
20260910_100219,STILL_1P_NA,15.953,20811936,230,STILL,NA,1,P01,LAB01,2,0,0,0,0,0
20260910_100219,STILL_1P_NA,16.042,20900729,231,STILL,NA,1,P01,LAB01,0,1,51,3190,0,360
20260910_100219,STILL_1P_NA,16.042,20900729,231,STILL,NA,1,P01,LAB01,1,0,0,0,0,0
20260910_100219,STILL_1P_NA,16.042,20900729,231,STILL,NA,1,P01,LAB01,2,0,0,0,0,0
20260910_100219,STILL_1P_NA,16.131,20989426,232,STILL,NA,1,P01,LAB01,0,1,55,3189,0,360
20260910_100219,STILL_1P_NA,16.131,20989426,232,STILL,NA,1,P01,LAB01,1,0,0,0,0,0
20260910_100219,STILL_1P_NA,16.131,20989426,232,STILL,NA,1,P01,LAB01,2,0,0,0,0,0
20260910_100219,STILL_1P_NA,16.220,21078658,233,STILL,NA,1,P01,LAB01,0,1,58,3189,0,360
20260910_100219,STILL_1P_NA,16.220,21078658,233,STILL,NA,1,P01,LAB01,1,0,0,0,0,0
20260910_100219,STILL_1P_NA,16.220,21078658,233,STILL,NA,1,P01,LAB01,2,0,0,0,0,0
20260910_100219,STILL_1P_NA,16.309,21167767,234,STILL,NA,1,P01,LAB01,0,1,58,3192,0,360
20260910_100219,STILL_1P_NA,16.309,21167767,234,STILL,NA,1,P01,LAB01,1,0,0,0,0,0
20260910_100219,STILL_1P_NA,16.309,21167767,234,STILL,NA,1,P01,LAB01,2,0,0,0,0,0
20260910_100219,STILL_1P_NA,16.398,21256595,235,STILL,NA,1,P01,LAB01,0,1,55,3196,0,360
20260910_100219,STILL_1P_NA,16.398,21256595,235,STILL,NA,1,P01,LAB01,1,0,0,0,0,0
20260910_100219,STILL_1P_NA,16.398,21256595,235,STILL,NA,1,P01,LAB01,2,0,0,0,0,0
20260910_100219,STILL_1P_NA,16.487,21345673,236,STILL,NA,1,P01,LAB01,0,1,53,3199,0,360
20260910_100219,STILL_1P_NA,16.487,21345673,236,STILL,NA,1,P01,LAB01,1,0,0,0,0,0
20260910_100219,STILL_1P_NA,16.487,21345673,236,STILL,NA,1,P01,LAB01,2,0,0,0,0,0
20260910_100219,STILL_1P_NA,16.575,21434523,237,STILL,NA,1,P01,LAB01,0,1,51,3203,0,360
20260910_100219,STILL_1P_NA,16.575,21434523,237,STILL,NA,1,P01,LAB01,1,0,0,0,0,0
20260910_100219,STILL_1P_NA,16.575,21434523,237,STILL,NA,1,P01,LAB01,2,0,0,0,0,0
20260910_100219,STILL_1P_NA,16.665,21523728,238,STILL,NA,1,P01,LAB01,0,1,49,3206,0,360
20260910_100219,STILL_1P_NA,16.665,21523728,238,STILL,NA,1,P01,LAB01,1,0,0,0,0,0
20260910_100219,STILL_1P_NA,16.665,21523728,238,STILL,NA,1,P01,LAB01,2,0,0,0,0,0
20260910_100219,STILL_1P_NA,16.754,21612740,239,STILL,NA,1,P01,LAB01,0,1,47,3209,0,360
20260910_100219,STILL_1P_NA,16.754,21612740,239,STILL,NA,1,P01,LAB01,1,0,0,0,0,0
20260910_100219,STILL_1P_NA,16.754,21612740,239,STILL,NA,1,P01,LAB01,2,0,0,0,0,0
20260910_100219,STILL_1P_NA,16.842,21701440,240,STILL,NA,1,P01,LAB01,0,1,45,3212,0,360
20260910_100219,STILL_1P_NA,16.842,21701440,240,STILL,NA,1,P01,LAB01,1,0,0,0,0,0
20260910_100219,STILL_1P_NA,16.842,21701440,240,STILL,NA,1,P01,LAB01,2,0,0,0,0,0
20260910_100219,STILL_1P_NA,16.932,21790679,241,STILL,NA,1,P01,LAB01,0,1,43,3215,0,360
20260910_100219,STILL_1P_NA,16.932,21790679,241,STILL,NA,1,P01,LAB01,1,0,0,0,0,0
20260910_100219,STILL_1P_NA,16.932,21790679,241,STILL,NA,1,P01,LAB01,2,0,0,0,0,0
20260910_100219,STILL_1P_NA,17.021,21879691,242,STILL,NA,1,P01,LAB01,0,1,41,3218,0,360
20260910_100219,STILL_1P_NA,17.021,21879691,242,STILL,NA,1,P01,LAB01,1,0,0,0,0,0
20260910_100219,STILL_1P_NA,17.021,21879691,242,STILL,NA,1,P01,LAB01,2,0,0,0,0,0
20260910_100219,STILL_1P_NA,17.110,21968735,243,STILL,NA,1,P01,LAB01,0,1,39,3220,0,360
20260910_100219,STILL_1P_NA,17.110,21968735,243,STILL,NA,1,P01,LAB01,1,0,0,0,0,0
20260910_100219,STILL_1P_NA,17.110,21968735,243,STILL,NA,1,P01,LAB01,2,0,0,0,0,0
20260910_100219,STILL_1P_NA,17.199,22057653,244,STILL,NA,1,P01,LAB01,0,1,38,3223,0,360
20260910_100219,STILL_1P_NA,17.199,22057653,244,STILL,NA,1,P01,LAB01,1,0,0,0,0,0
20260910_100219,STILL_1P_NA,17.199,22057653,244,STILL,NA,1,P01,LAB01,2,0,0,0,0,0
20260910_100219,STILL_1P_NA,17.288,22146922,245,STILL,NA,1,P01,LAB01,0,1,36,3226,0,360
20260910_100219,STILL_1P_NA,17.288,22146922,245,STILL,NA,1,P01,LAB01,1,0,0,0,0,0
20260910_100219,STILL_1P_NA,17.288,22146922,245,STILL,NA,1,P01,LAB01,2,0,0,0,0,0
20260910_100219,STILL_1P_NA,17.376,22235426,246,STILL,NA,1,P01,LAB01,0,1,34,3228,0,360
20260910_100219,STILL_1P_NA,17.376,22235426,246,STILL,NA,1,P01,LAB01,1,0,0,0,0,0
20260910_100219,STILL_1P_NA,17.376,22235426,246,STILL,NA,1,P01,LAB01,2,0,0,0,0,0
20260910_100219,STILL_1P_NA,17.466,22324664,247,STILL,NA,1,P01,LAB01,0,1,33,3230,0,360
20260910_100219,STILL_1P_NA,17.466,22324664,247,STILL,NA,1,P01,LAB01,1,0,0,0,0,0
20260910_100219,STILL_1P_NA,17.466,22324664,247,STILL,NA,1,P01,LAB01,2,0,0,0,0,0
20260910_100219,STILL_1P_NA,17.555,22413554,248,STILL,NA,1,P01,LAB01,0,1,31,3233,0,360
20260910_100219,STILL_1P_NA,17.555,22413554,248,STILL,NA,1,P01,LAB01,1,0,0,0,0,0
20260910_100219,STILL_1P_NA,17.555,22413554,248,STILL,NA,1,P01,LAB01,2,0,0,0,0,0
20260910_100219,STILL_1P_NA,17.644,22502691,249,STILL,NA,1,P01,LAB01,0,1,30,3235,0,360
20260910_100219,STILL_1P_NA,17.644,22502691,249,STILL,NA,1,P01,LAB01,1,0,0,0,0,0
20260910_100219,STILL_1P_NA,17.644,22502691,249,STILL,NA,1,P01,LAB01,2,0,0,0,0,0
20260910_100219,STILL_1P_NA,17.732,22591361,250,STILL,NA,1,P01,LAB01,0,1,30,3235,0,360
20260910_100219,STILL_1P_NA,17.732,22591361,250,STILL,NA,1,P01,LAB01,1,0,0,0,0,0
20260910_100219,STILL_1P_NA,17.732,22591361,250,STILL,NA,1,P01,LAB01,2,0,0,0,0,0
20260910_100219,STILL_1P_NA,17.822,22680718,251,STILL,NA,1,P01,LAB01,0,1,30,3235,0,360
20260910_100219,STILL_1P_NA,17.822,22680718,251,STILL,NA,1,P01,LAB01,1,0,0,0,0,0
20260910_100219,STILL_1P_NA,17.822,22680718,251,STILL,NA,1,P01,LAB01,2,0,0,0,0,0
20260910_100219,STILL_1P_NA,17.910,22769231,252,STILL,NA,1,P01,LAB01,0,1,30,3235,0,360
20260910_100219,STILL_1P_NA,17.910,22769231,252,STILL,NA,1,P01,LAB01,1,0,0,0,0,0
20260910_100219,STILL_1P_NA,17.910,22769231,252,STILL,NA,1,P01,LAB01,2,0,0,0,0,0
20260910_100219,STILL_1P_NA,17.999,22858653,253,STILL,NA,1,P01,LAB01,0,1,38,3234,0,360
20260910_100219,STILL_1P_NA,17.999,22858653,253,STILL,NA,1,P01,LAB01,1,0,0,0,0,0
20260910_100219,STILL_1P_NA,17.999,22858653,253,STILL,NA,1,P01,LAB01,2,0,0,0,0,0
20260910_100219,STILL_1P_NA,18.089,22947663,254,STILL,NA,1,P01,LAB01,0,1,51,3231,0,360
20260910_100219,STILL_1P_NA,18.089,22947663,254,STILL,NA,1,P01,LAB01,1,0,0,0,0,0
20260910_100219,STILL_1P_NA,18.089,22947663,254,STILL,NA,1,P01,LAB01,2,0,0,0,0,0
20260910_100219,STILL_1P_NA,18.178,23036712,255,STILL,NA,1,P01,LAB01,0,1,67,3229,0,360
20260910_100219,STILL_1P_NA,18.178,23036712,255,STILL,NA,1,P01,LAB01,1,0,0,0,0,0
20260910_100219,STILL_1P_NA,18.178,23036712,255,STILL,NA,1,P01,LAB01,2,0,0,0,0,0
20260910_100219,STILL_1P_NA,18.266,23125569,256,STILL,NA,1,P01,LAB01,0,1,81,3228,0,360
20260910_100219,STILL_1P_NA,18.266,23125569,256,STILL,NA,1,P01,LAB01,1,0,0,0,0,0
20260910_100219,STILL_1P_NA,18.266,23125569,256,STILL,NA,1,P01,LAB01,2,0,0,0,0,0
20260910_100219,STILL_1P_NA,18.356,23214832,257,STILL,NA,1,P01,LAB01,0,1,90,3229,0,360
20260910_100219,STILL_1P_NA,18.356,23214832,257,STILL,NA,1,P01,LAB01,1,0,0,0,0,0
20260910_100219,STILL_1P_NA,18.356,23214832,257,STILL,NA,1,P01,LAB01,2,0,0,0,0,0
20260910_100219,STILL_1P_NA,18.445,23303658,258,STILL,NA,1,P01,LAB01,0,1,97,3229,0,360
20260910_100219,STILL_1P_NA,18.445,23303658,258,STILL,NA,1,P01,LAB01,1,0,0,0,0,0
20260910_100219,STILL_1P_NA,18.445,23303658,258,STILL,NA,1,P01,LAB01,2,0,0,0,0,0
20260910_100219,STILL_1P_NA,18.534,23392823,259,STILL,NA,1,P01,LAB01,0,1,103,3229,0,360
20260910_100219,STILL_1P_NA,18.534,23392823,259,STILL,NA,1,P01,LAB01,1,0,0,0,0,0
20260910_100219,STILL_1P_NA,18.534,23392823,259,STILL,NA,1,P01,LAB01,2,0,0,0,0,0
20260910_100219,STILL_1P_NA,18.622,23481523,260,STILL,NA,1,P01,LAB01,0,1,108,3229,0,360
20260910_100219,STILL_1P_NA,18.622,23481523,260,STILL,NA,1,P01,LAB01,1,0,0,0,0,0
20260910_100219,STILL_1P_NA,18.622,23481523,260,STILL,NA,1,P01,LAB01,2,0,0,0,0,0
20260910_100219,STILL_1P_NA,18.712,23570915,261,STILL,NA,1,P01,LAB01,0,1,113,3228,0,360
20260910_100219,STILL_1P_NA,18.712,23570915,261,STILL,NA,1,P01,LAB01,1,0,0,0,0,0
20260910_100219,STILL_1P_NA,18.712,23570915,261,STILL,NA,1,P01,LAB01,2,0,0,0,0,0
20260910_100219,STILL_1P_NA,18.800,23659653,262,STILL,NA,1,P01,LAB01,0,1,119,3228,0,360
20260910_100219,STILL_1P_NA,18.800,23659653,262,STILL,NA,1,P01,LAB01,1,0,0,0,0,0
20260910_100219,STILL_1P_NA,18.800,23659653,262,STILL,NA,1,P01,LAB01,2,0,0,0,0,0
20260910_100219,STILL_1P_NA,18.890,23748729,263,STILL,NA,1,P01,LAB01,0,1,123,3227,0,360
20260910_100219,STILL_1P_NA,18.890,23748729,263,STILL,NA,1,P01,LAB01,1,0,0,0,0,0
20260910_100219,STILL_1P_NA,18.890,23748729,263,STILL,NA,1,P01,LAB01,2,0,0,0,0,0
20260910_100219,STILL_1P_NA,18.978,23837302,264,STILL,NA,1,P01,LAB01,0,1,127,3226,0,360
20260910_100219,STILL_1P_NA,18.978,23837302,264,STILL,NA,1,P01,LAB01,1,0,0,0,0,0
20260910_100219,STILL_1P_NA,18.978,23837302,264,STILL,NA,1,P01,LAB01,2,0,0,0,0,0
20260910_100219,STILL_1P_NA,19.068,23926596,265,STILL,NA,1,P01,LAB01,0,1,135,3224,0,360
20260910_100219,STILL_1P_NA,19.068,23926596,265,STILL,NA,1,P01,LAB01,1,0,0,0,0,0
20260910_100219,STILL_1P_NA,19.068,23926596,265,STILL,NA,1,P01,LAB01,2,0,0,0,0,0
20260910_100219,STILL_1P_NA,19.157,24015544,266,STILL,NA,1,P01,LAB01,0,1,144,3226,0,360
20260910_100219,STILL_1P_NA,19.157,24015544,266,STILL,NA,1,P01,LAB01,1,0,0,0,0,0
20260910_100219,STILL_1P_NA,19.157,24015544,266,STILL,NA,1,P01,LAB01,2,0,0,0,0,0
20260910_100219,STILL_1P_NA,19.246,24104564,267,STILL,NA,1,P01,LAB01,0,1,148,3228,0,360
20260910_100219,STILL_1P_NA,19.246,24104564,267,STILL,NA,1,P01,LAB01,1,0,0,0,0,0
20260910_100219,STILL_1P_NA,19.246,24104564,267,STILL,NA,1,P01,LAB01,2,0,0,0,0,0
20260910_100219,STILL_1P_NA,19.334,24193536,268,STILL,NA,1,P01,LAB01,0,1,151,3230,0,360
20260910_100219,STILL_1P_NA,19.334,24193536,268,STILL,NA,1,P01,LAB01,1,0,0,0,0,0
20260910_100219,STILL_1P_NA,19.334,24193536,268,STILL,NA,1,P01,LAB01,2,0,0,0,0,0
20260910_100219,STILL_1P_NA,19.423,24282488,269,STILL,NA,1,P01,LAB01,0,1,156,3230,0,360
20260910_100219,STILL_1P_NA,19.423,24282488,269,STILL,NA,1,P01,LAB01,1,0,0,0,0,0
20260910_100219,STILL_1P_NA,19.423,24282488,269,STILL,NA,1,P01,LAB01,2,0,0,0,0,0
20260910_100219,STILL_1P_NA,19.512,24371412,270,STILL,NA,1,P01,LAB01,0,1,160,3230,0,360
20260910_100219,STILL_1P_NA,19.512,24371412,270,STILL,NA,1,P01,LAB01,1,0,0,0,0,0
20260910_100219,STILL_1P_NA,19.512,24371412,270,STILL,NA,1,P01,LAB01,2,0,0,0,0,0
20260910_100219,STILL_1P_NA,19.602,24460740,271,STILL,NA,1,P01,LAB01,0,1,161,3229,0,360
20260910_100219,STILL_1P_NA,19.602,24460740,271,STILL,NA,1,P01,LAB01,1,0,0,0,0,0
20260910_100219,STILL_1P_NA,19.602,24460740,271,STILL,NA,1,P01,LAB01,2,0,0,0,0,0
20260910_100219,STILL_1P_NA,19.690,24549352,272,STILL,NA,1,P01,LAB01,0,1,160,3229,0,360
20260910_100219,STILL_1P_NA,19.690,24549352,272,STILL,NA,1,P01,LAB01,1,0,0,0,0,0
20260910_100219,STILL_1P_NA,19.690,24549352,272,STILL,NA,1,P01,LAB01,2,0,0,0,0,0
20260910_100219,STILL_1P_NA,19.780,24638454,273,STILL,NA,1,P01,LAB01,0,1,160,3228,0,360
20260910_100219,STILL_1P_NA,19.780,24638454,273,STILL,NA,1,P01,LAB01,1,0,0,0,0,0
20260910_100219,STILL_1P_NA,19.780,24638454,273,STILL,NA,1,P01,LAB01,2,0,0,0,0,0
20260910_100219,STILL_1P_NA,19.868,24727433,274,STILL,NA,1,P01,LAB01,0,1,160,3228,0,360
20260910_100219,STILL_1P_NA,19.868,24727433,274,STILL,NA,1,P01,LAB01,1,0,0,0,0,0
20260910_100219,STILL_1P_NA,19.868,24727433,274,STILL,NA,1,P01,LAB01,2,0,0,0,0,0
20260910_100219,STILL_1P_NA,19.957,24816576,275,STILL,NA,1,P01,LAB01,0,1,164,3226,0,360
20260910_100219,STILL_1P_NA,19.957,24816576,275,STILL,NA,1,P01,LAB01,1,0,0,0,0,0
20260910_100219,STILL_1P_NA,19.957,24816576,275,STILL,NA,1,P01,LAB01,2,0,0,0,0,0
20260910_100219,STILL_1P_NA,20.047,24905306,276,STILL,NA,1,P01,LAB01,0,1,165,3224,0,360
20260910_100219,STILL_1P_NA,20.047,24905306,276,STILL,NA,1,P01,LAB01,1,0,0,0,0,0
20260910_100219,STILL_1P_NA,20.047,24905306,276,STILL,NA,1,P01,LAB01,2,0,0,0,0,0
20260910_100219,STILL_1P_NA,20.136,24994509,277,STILL,NA,1,P01,LAB01,0,1,165,3222,0,360
20260910_100219,STILL_1P_NA,20.136,24994509,277,STILL,NA,1,P01,LAB01,1,0,0,0,0,0
20260910_100219,STILL_1P_NA,20.136,24994509,277,STILL,NA,1,P01,LAB01,2,0,0,0,0,0
20260910_100219,STILL_1P_NA,20.225,25083398,278,STILL,NA,1,P01,LAB01,0,1,165,3220,0,360
20260910_100219,STILL_1P_NA,20.225,25083398,278,STILL,NA,1,P01,LAB01,1,0,0,0,0,0
20260910_100219,STILL_1P_NA,20.225,25083398,278,STILL,NA,1,P01,LAB01,2,0,0,0,0,0
20260910_100219,STILL_1P_NA,20.314,25172475,279,STILL,NA,1,P01,LAB01,0,1,166,3219,0,360
20260910_100219,STILL_1P_NA,20.314,25172475,279,STILL,NA,1,P01,LAB01,1,0,0,0,0,0
20260910_100219,STILL_1P_NA,20.314,25172475,279,STILL,NA,1,P01,LAB01,2,0,0,0,0,0
20260910_100219,STILL_1P_NA,20.402,25261488,280,STILL,NA,1,P01,LAB01,0,1,168,3219,0,360
20260910_100219,STILL_1P_NA,20.402,25261488,280,STILL,NA,1,P01,LAB01,1,0,0,0,0,0
20260910_100219,STILL_1P_NA,20.402,25261488,280,STILL,NA,1,P01,LAB01,2,0,0,0,0,0
20260910_100219,STILL_1P_NA,20.491,25350317,281,STILL,NA,1,P01,LAB01,0,1,172,3220,0,360
20260910_100219,STILL_1P_NA,20.491,25350317,281,STILL,NA,1,P01,LAB01,1,0,0,0,0,0
20260910_100219,STILL_1P_NA,20.491,25350317,281,STILL,NA,1,P01,LAB01,2,0,0,0,0,0
20260910_100219,STILL_1P_NA,20.581,25439482,282,STILL,NA,1,P01,LAB01,0,1,177,3221,0,360
20260910_100219,STILL_1P_NA,20.581,25439482,282,STILL,NA,1,P01,LAB01,1,0,0,0,0,0
20260910_100219,STILL_1P_NA,20.581,25439482,282,STILL,NA,1,P01,LAB01,2,0,0,0,0,0
20260910_100219,STILL_1P_NA,20.669,25528523,283,STILL,NA,1,P01,LAB01,0,1,182,3224,0,360
20260910_100219,STILL_1P_NA,20.669,25528523,283,STILL,NA,1,P01,LAB01,1,0,0,0,0,0
20260910_100219,STILL_1P_NA,20.669,25528523,283,STILL,NA,1,P01,LAB01,2,0,0,0,0,0
20260910_100219,STILL_1P_NA,20.758,25616922,284,STILL,NA,1,P01,LAB01,0,1,187,3226,0,360
20260910_100219,STILL_1P_NA,20.758,25616922,284,STILL,NA,1,P01,LAB01,1,0,0,0,0,0
20260910_100219,STILL_1P_NA,20.758,25616922,284,STILL,NA,1,P01,LAB01,2,0,0,0,0,0
20260910_100219,STILL_1P_NA,20.847,25706554,285,STILL,NA,1,P01,LAB01,0,1,193,3228,0,360
20260910_100219,STILL_1P_NA,20.847,25706554,285,STILL,NA,1,P01,LAB01,1,0,0,0,0,0
20260910_100219,STILL_1P_NA,20.847,25706554,285,STILL,NA,1,P01,LAB01,2,0,0,0,0,0
20260910_100219,STILL_1P_NA,20.936,25795191,286,STILL,NA,1,P01,LAB01,0,1,196,3226,0,360
20260910_100219,STILL_1P_NA,20.936,25795191,286,STILL,NA,1,P01,LAB01,1,0,0,0,0,0
20260910_100219,STILL_1P_NA,20.936,25795191,286,STILL,NA,1,P01,LAB01,2,0,0,0,0,0
20260910_100219,STILL_1P_NA,21.025,25884581,287,STILL,NA,1,P01,LAB01,0,1,201,3220,0,360
20260910_100219,STILL_1P_NA,21.025,25884581,287,STILL,NA,1,P01,LAB01,1,0,0,0,0,0
20260910_100219,STILL_1P_NA,21.025,25884581,287,STILL,NA,1,P01,LAB01,2,0,0,0,0,0
20260910_100219,STILL_1P_NA,21.114,25973377,288,STILL,NA,1,P01,LAB01,0,1,205,3214,0,360
20260910_100219,STILL_1P_NA,21.114,25973377,288,STILL,NA,1,P01,LAB01,1,0,0,0,0,0
20260910_100219,STILL_1P_NA,21.114,25973377,288,STILL,NA,1,P01,LAB01,2,0,0,0,0,0
20260910_100219,STILL_1P_NA,21.203,26062544,289,STILL,NA,1,P01,LAB01,0,1,205,3208,0,360
20260910_100219,STILL_1P_NA,21.203,26062544,289,STILL,NA,1,P01,LAB01,1,0,0,0,0,0
20260910_100219,STILL_1P_NA,21.203,26062544,289,STILL,NA,1,P01,LAB01,2,0,0,0,0,0
20260910_100219,STILL_1P_NA,21.292,26151252,290,STILL,NA,1,P01,LAB01,0,1,198,3204,0,360
20260910_100219,STILL_1P_NA,21.292,26151252,290,STILL,NA,1,P01,LAB01,1,0,0,0,0,0
20260910_100219,STILL_1P_NA,21.292,26151252,290,STILL,NA,1,P01,LAB01,2,0,0,0,0,0
20260910_100219,STILL_1P_NA,21.381,26240576,291,STILL,NA,1,P01,LAB01,0,1,191,3203,0,360
20260910_100219,STILL_1P_NA,21.381,26240576,291,STILL,NA,1,P01,LAB01,1,0,0,0,0,0
20260910_100219,STILL_1P_NA,21.381,26240576,291,STILL,NA,1,P01,LAB01,2,0,0,0,0,0
20260910_100219,STILL_1P_NA,21.471,26329307,292,STILL,NA,1,P01,LAB01,0,1,184,3203,0,360
20260910_100219,STILL_1P_NA,21.471,26329307,292,STILL,NA,1,P01,LAB01,1,0,0,0,0,0
20260910_100219,STILL_1P_NA,21.471,26329307,292,STILL,NA,1,P01,LAB01,2,0,0,0,0,0
20260910_100219,STILL_1P_NA,21.559,26418291,293,STILL,NA,1,P01,LAB01,0,1,178,3204,0,360
20260910_100219,STILL_1P_NA,21.559,26418291,293,STILL,NA,1,P01,LAB01,1,0,0,0,0,0
20260910_100219,STILL_1P_NA,21.559,26418291,293,STILL,NA,1,P01,LAB01,2,0,0,0,0,0
20260910_100219,STILL_1P_NA,21.648,26507275,294,STILL,NA,1,P01,LAB01,0,1,171,3203,0,360
20260910_100219,STILL_1P_NA,21.648,26507275,294,STILL,NA,1,P01,LAB01,1,0,0,0,0,0
20260910_100219,STILL_1P_NA,21.648,26507275,294,STILL,NA,1,P01,LAB01,2,0,0,0,0,0
20260910_100219,STILL_1P_NA,21.737,26596406,295,STILL,NA,1,P01,LAB01,0,1,164,3202,0,360
20260910_100219,STILL_1P_NA,21.737,26596406,295,STILL,NA,1,P01,LAB01,1,0,0,0,0,0
20260910_100219,STILL_1P_NA,21.737,26596406,295,STILL,NA,1,P01,LAB01,2,0,0,0,0,0
20260910_100219,STILL_1P_NA,21.826,26685481,296,STILL,NA,1,P01,LAB01,0,1,158,3202,0,360
20260910_100219,STILL_1P_NA,21.826,26685481,296,STILL,NA,1,P01,LAB01,1,0,0,0,0,0
20260910_100219,STILL_1P_NA,21.826,26685481,296,STILL,NA,1,P01,LAB01,2,0,0,0,0,0
20260910_100219,STILL_1P_NA,21.915,26774185,297,STILL,NA,1,P01,LAB01,0,1,152,3203,0,360
20260910_100219,STILL_1P_NA,21.915,26774185,297,STILL,NA,1,P01,LAB01,1,0,0,0,0,0
20260910_100219,STILL_1P_NA,21.915,26774185,297,STILL,NA,1,P01,LAB01,2,0,0,0,0,0
20260910_100219,STILL_1P_NA,22.004,26863231,298,STILL,NA,1,P01,LAB01,0,1,146,3203,0,360
20260910_100219,STILL_1P_NA,22.004,26863231,298,STILL,NA,1,P01,LAB01,1,0,0,0,0,0
20260910_100219,STILL_1P_NA,22.004,26863231,298,STILL,NA,1,P01,LAB01,2,0,0,0,0,0
20260910_100219,STILL_1P_NA,22.093,26952249,299,STILL,NA,1,P01,LAB01,0,1,141,3205,0,360
20260910_100219,STILL_1P_NA,22.093,26952249,299,STILL,NA,1,P01,LAB01,1,0,0,0,0,0
20260910_100219,STILL_1P_NA,22.093,26952249,299,STILL,NA,1,P01,LAB01,2,0,0,0,0,0
20260910_100219,STILL_1P_NA,22.182,27041231,300,STILL,NA,1,P01,LAB01,0,1,137,3207,0,360
20260910_100219,STILL_1P_NA,22.182,27041231,300,STILL,NA,1,P01,LAB01,1,0,0,0,0,0
20260910_100219,STILL_1P_NA,22.182,27041231,300,STILL,NA,1,P01,LAB01,2,0,0,0,0,0
20260910_100219,STILL_1P_NA,22.271,27130205,301,STILL,NA,1,P01,LAB01,0,1,137,3207,0,360
20260910_100219,STILL_1P_NA,22.271,27130205,301,STILL,NA,1,P01,LAB01,1,0,0,0,0,0
20260910_100219,STILL_1P_NA,22.271,27130205,301,STILL,NA,1,P01,LAB01,2,0,0,0,0,0
20260910_100219,STILL_1P_NA,22.360,27219377,302,STILL,NA,1,P01,LAB01,0,1,135,3207,0,360
20260910_100219,STILL_1P_NA,22.360,27219377,302,STILL,NA,1,P01,LAB01,1,0,0,0,0,0
20260910_100219,STILL_1P_NA,22.360,27219377,302,STILL,NA,1,P01,LAB01,2,0,0,0,0,0
20260910_100219,STILL_1P_NA,22.449,27308108,303,STILL,NA,1,P01,LAB01,0,1,133,3208,0,360
20260910_100219,STILL_1P_NA,22.449,27308108,303,STILL,NA,1,P01,LAB01,1,0,0,0,0,0
20260910_100219,STILL_1P_NA,22.449,27308108,303,STILL,NA,1,P01,LAB01,2,0,0,0,0,0
20260910_100219,STILL_1P_NA,22.538,27397149,304,STILL,NA,1,P01,LAB01,0,1,127,3208,0,360
20260910_100219,STILL_1P_NA,22.538,27397149,304,STILL,NA,1,P01,LAB01,1,0,0,0,0,0
20260910_100219,STILL_1P_NA,22.538,27397149,304,STILL,NA,1,P01,LAB01,2,0,0,0,0,0
20260910_100219,STILL_1P_NA,22.628,27486332,305,STILL,NA,1,P01,LAB01,0,1,124,3208,0,360
20260910_100219,STILL_1P_NA,22.628,27486332,305,STILL,NA,1,P01,LAB01,1,0,0,0,0,0
20260910_100219,STILL_1P_NA,22.628,27486332,305,STILL,NA,1,P01,LAB01,2,0,0,0,0,0
20260910_100219,STILL_1P_NA,22.717,27575433,306,STILL,NA,1,P01,LAB01,0,1,123,3208,0,360
20260910_100219,STILL_1P_NA,22.717,27575433,306,STILL,NA,1,P01,LAB01,1,0,0,0,0,0
20260910_100219,STILL_1P_NA,22.717,27575433,306,STILL,NA,1,P01,LAB01,2,0,0,0,0,0
20260910_100219,STILL_1P_NA,22.805,27664128,307,STILL,NA,1,P01,LAB01,0,1,120,3208,0,360
20260910_100219,STILL_1P_NA,22.805,27664128,307,STILL,NA,1,P01,LAB01,1,0,0,0,0,0
20260910_100219,STILL_1P_NA,22.805,27664128,307,STILL,NA,1,P01,LAB01,2,0,0,0,0,0
20260910_100219,STILL_1P_NA,22.894,27753081,308,STILL,NA,1,P01,LAB01,0,1,112,3210,0,360
20260910_100219,STILL_1P_NA,22.894,27753081,308,STILL,NA,1,P01,LAB01,1,0,0,0,0,0
20260910_100219,STILL_1P_NA,22.894,27753081,308,STILL,NA,1,P01,LAB01,2,0,0,0,0,0
20260910_100219,STILL_1P_NA,22.983,27842128,309,STILL,NA,1,P01,LAB01,0,1,105,3212,0,360
20260910_100219,STILL_1P_NA,22.983,27842128,309,STILL,NA,1,P01,LAB01,1,0,0,0,0,0
20260910_100219,STILL_1P_NA,22.983,27842128,309,STILL,NA,1,P01,LAB01,2,0,0,0,0,0
20260910_100219,STILL_1P_NA,23.073,27931362,310,STILL,NA,1,P01,LAB01,0,1,91,3213,0,360
20260910_100219,STILL_1P_NA,23.073,27931362,310,STILL,NA,1,P01,LAB01,1,0,0,0,0,0
20260910_100219,STILL_1P_NA,23.073,27931362,310,STILL,NA,1,P01,LAB01,2,0,0,0,0,0
20260910_100219,STILL_1P_NA,23.161,28020034,311,STILL,NA,1,P01,LAB01,0,1,75,3214,0,360
20260910_100219,STILL_1P_NA,23.161,28020034,311,STILL,NA,1,P01,LAB01,1,0,0,0,0,0
20260910_100219,STILL_1P_NA,23.161,28020034,311,STILL,NA,1,P01,LAB01,2,0,0,0,0,0
20260910_100219,STILL_1P_NA,23.250,28109167,312,STILL,NA,1,P01,LAB01,0,1,63,3215,0,360
20260910_100219,STILL_1P_NA,23.250,28109167,312,STILL,NA,1,P01,LAB01,1,0,0,0,0,0
20260910_100219,STILL_1P_NA,23.250,28109167,312,STILL,NA,1,P01,LAB01,2,0,0,0,0,0
20260910_100219,STILL_1P_NA,23.339,28198405,313,STILL,NA,1,P01,LAB01,0,1,64,3213,0,360
20260910_100219,STILL_1P_NA,23.339,28198405,313,STILL,NA,1,P01,LAB01,1,0,0,0,0,0
20260910_100219,STILL_1P_NA,23.339,28198405,313,STILL,NA,1,P01,LAB01,2,0,0,0,0,0
20260910_100219,STILL_1P_NA,23.428,28287231,314,STILL,NA,1,P01,LAB01,0,1,69,3210,0,360
20260910_100219,STILL_1P_NA,23.428,28287231,314,STILL,NA,1,P01,LAB01,1,0,0,0,0,0
20260910_100219,STILL_1P_NA,23.428,28287231,314,STILL,NA,1,P01,LAB01,2,0,0,0,0,0
20260910_100219,STILL_1P_NA,23.517,28376150,315,STILL,NA,1,P01,LAB01,0,1,74,3207,0,360
20260910_100219,STILL_1P_NA,23.517,28376150,315,STILL,NA,1,P01,LAB01,1,0,0,0,0,0
20260910_100219,STILL_1P_NA,23.517,28376150,315,STILL,NA,1,P01,LAB01,2,0,0,0,0,0
20260910_100219,STILL_1P_NA,23.606,28465296,316,STILL,NA,1,P01,LAB01,0,1,80,3208,0,360
20260910_100219,STILL_1P_NA,23.606,28465296,316,STILL,NA,1,P01,LAB01,1,0,0,0,0,0
20260910_100219,STILL_1P_NA,23.606,28465296,316,STILL,NA,1,P01,LAB01,2,0,0,0,0,0
20260910_100219,STILL_1P_NA,23.695,28554025,317,STILL,NA,1,P01,LAB01,0,1,86,3209,0,360
20260910_100219,STILL_1P_NA,23.695,28554025,317,STILL,NA,1,P01,LAB01,1,0,0,0,0,0
20260910_100219,STILL_1P_NA,23.695,28554025,317,STILL,NA,1,P01,LAB01,2,0,0,0,0,0
20260910_100219,STILL_1P_NA,23.784,28643155,318,STILL,NA,1,P01,LAB01,0,1,92,3210,0,360
20260910_100219,STILL_1P_NA,23.784,28643155,318,STILL,NA,1,P01,LAB01,1,0,0,0,0,0
20260910_100219,STILL_1P_NA,23.784,28643155,318,STILL,NA,1,P01,LAB01,2,0,0,0,0,0
20260910_100219,STILL_1P_NA,23.873,28732137,319,STILL,NA,1,P01,LAB01,0,1,97,3211,0,360
20260910_100219,STILL_1P_NA,23.873,28732137,319,STILL,NA,1,P01,LAB01,1,0,0,0,0,0
20260910_100219,STILL_1P_NA,23.873,28732137,319,STILL,NA,1,P01,LAB01,2,0,0,0,0,0
20260910_100219,STILL_1P_NA,23.962,28821004,320,STILL,NA,1,P01,LAB01,0,1,103,3212,0,360
20260910_100219,STILL_1P_NA,23.962,28821004,320,STILL,NA,1,P01,LAB01,1,0,0,0,0,0
20260910_100219,STILL_1P_NA,23.962,28821004,320,STILL,NA,1,P01,LAB01,2,0,0,0,0,0
20260910_100219,STILL_1P_NA,24.051,28909832,321,STILL,NA,1,P01,LAB01,0,1,108,3213,0,360
20260910_100219,STILL_1P_NA,24.051,28909832,321,STILL,NA,1,P01,LAB01,1,0,0,0,0,0
20260910_100219,STILL_1P_NA,24.051,28909832,321,STILL,NA,1,P01,LAB01,2,0,0,0,0,0
20260910_100219,STILL_1P_NA,24.140,28998998,322,STILL,NA,1,P01,LAB01,0,1,113,3214,0,360
20260910_100219,STILL_1P_NA,24.140,28998998,322,STILL,NA,1,P01,LAB01,1,0,0,0,0,0
20260910_100219,STILL_1P_NA,24.140,28998998,322,STILL,NA,1,P01,LAB01,2,0,0,0,0,0
20260910_100219,STILL_1P_NA,24.229,29088010,323,STILL,NA,1,P01,LAB01,0,1,118,3215,0,360
20260910_100219,STILL_1P_NA,24.229,29088010,323,STILL,NA,1,P01,LAB01,1,0,0,0,0,0
20260910_100219,STILL_1P_NA,24.229,29088010,323,STILL,NA,1,P01,LAB01,2,0,0,0,0,0
20260910_100219,STILL_1P_NA,24.318,29176936,324,STILL,NA,1,P01,LAB01,0,1,124,3216,0,360
20260910_100219,STILL_1P_NA,24.318,29176936,324,STILL,NA,1,P01,LAB01,1,0,0,0,0,0
20260910_100219,STILL_1P_NA,24.318,29176936,324,STILL,NA,1,P01,LAB01,2,0,0,0,0,0
20260910_100219,STILL_1P_NA,24.407,29265948,325,STILL,NA,1,P01,LAB01,0,1,131,3216,0,360
20260910_100219,STILL_1P_NA,24.407,29265948,325,STILL,NA,1,P01,LAB01,1,0,0,0,0,0
20260910_100219,STILL_1P_NA,24.407,29265948,325,STILL,NA,1,P01,LAB01,2,0,0,0,0,0
20260910_100219,STILL_1P_NA,24.496,29355025,326,STILL,NA,1,P01,LAB01,0,1,137,3216,0,360
20260910_100219,STILL_1P_NA,24.496,29355025,326,STILL,NA,1,P01,LAB01,1,0,0,0,0,0
20260910_100219,STILL_1P_NA,24.496,29355025,326,STILL,NA,1,P01,LAB01,2,0,0,0,0,0
20260910_100219,STILL_1P_NA,24.585,29443941,327,STILL,NA,1,P01,LAB01,0,1,143,3216,0,360
20260910_100219,STILL_1P_NA,24.585,29443941,327,STILL,NA,1,P01,LAB01,1,0,0,0,0,0
20260910_100219,STILL_1P_NA,24.585,29443941,327,STILL,NA,1,P01,LAB01,2,0,0,0,0,0
20260910_100219,STILL_1P_NA,24.674,29533036,328,STILL,NA,1,P01,LAB01,0,1,149,3216,0,360
20260910_100219,STILL_1P_NA,24.674,29533036,328,STILL,NA,1,P01,LAB01,1,0,0,0,0,0
20260910_100219,STILL_1P_NA,24.674,29533036,328,STILL,NA,1,P01,LAB01,2,0,0,0,0,0
20260910_100219,STILL_1P_NA,24.763,29621904,329,STILL,NA,1,P01,LAB01,0,1,155,3216,0,360
20260910_100219,STILL_1P_NA,24.763,29621904,329,STILL,NA,1,P01,LAB01,1,0,0,0,0,0
20260910_100219,STILL_1P_NA,24.763,29621904,329,STILL,NA,1,P01,LAB01,2,0,0,0,0,0
20260910_100219,STILL_1P_NA,24.852,29711191,330,STILL,NA,1,P01,LAB01,0,1,161,3216,0,360
20260910_100219,STILL_1P_NA,24.852,29711191,330,STILL,NA,1,P01,LAB01,1,0,0,0,0,0
20260910_100219,STILL_1P_NA,24.852,29711191,330,STILL,NA,1,P01,LAB01,2,0,0,0,0,0
20260910_100219,STILL_1P_NA,24.941,29799898,331,STILL,NA,1,P01,LAB01,0,1,166,3216,0,360
20260910_100219,STILL_1P_NA,24.941,29799898,331,STILL,NA,1,P01,LAB01,1,0,0,0,0,0
20260910_100219,STILL_1P_NA,24.941,29799898,331,STILL,NA,1,P01,LAB01,2,0,0,0,0,0
20260910_100219,STILL_1P_NA,25.030,29888791,332,STILL,NA,1,P01,LAB01,0,1,171,3216,0,360
20260910_100219,STILL_1P_NA,25.030,29888791,332,STILL,NA,1,P01,LAB01,1,0,0,0,0,0
20260910_100219,STILL_1P_NA,25.030,29888791,332,STILL,NA,1,P01,LAB01,2,0,0,0,0,0
20260910_100219,STILL_1P_NA,25.119,29977839,333,STILL,NA,1,P01,LAB01,0,1,176,3216,0,360
20260910_100219,STILL_1P_NA,25.119,29977839,333,STILL,NA,1,P01,LAB01,1,0,0,0,0,0
20260910_100219,STILL_1P_NA,25.119,29977839,333,STILL,NA,1,P01,LAB01,2,0,0,0,0,0
20260910_100219,STILL_1P_NA,25.208,30066691,334,STILL,NA,1,P01,LAB01,0,1,175,3215,0,360
20260910_100219,STILL_1P_NA,25.208,30066691,334,STILL,NA,1,P01,LAB01,1,0,0,0,0,0
20260910_100219,STILL_1P_NA,25.208,30066691,334,STILL,NA,1,P01,LAB01,2,0,0,0,0,0
20260910_100219,STILL_1P_NA,25.297,30156018,335,STILL,NA,1,P01,LAB01,0,1,172,3214,0,360
20260910_100219,STILL_1P_NA,25.297,30156018,335,STILL,NA,1,P01,LAB01,1,0,0,0,0,0
20260910_100219,STILL_1P_NA,25.297,30156018,335,STILL,NA,1,P01,LAB01,2,0,0,0,0,0
20260910_100219,STILL_1P_NA,25.386,30245185,336,STILL,NA,1,P01,LAB01,0,1,172,3214,0,360
20260910_100219,STILL_1P_NA,25.386,30245185,336,STILL,NA,1,P01,LAB01,1,0,0,0,0,0
20260910_100219,STILL_1P_NA,25.386,30245185,336,STILL,NA,1,P01,LAB01,2,0,0,0,0,0
20260910_100219,STILL_1P_NA,25.475,30333922,337,STILL,NA,1,P01,LAB01,0,1,174,3212,0,360
20260910_100219,STILL_1P_NA,25.475,30333922,337,STILL,NA,1,P01,LAB01,1,0,0,0,0,0
20260910_100219,STILL_1P_NA,25.475,30333922,337,STILL,NA,1,P01,LAB01,2,0,0,0,0,0
20260910_100219,STILL_1P_NA,25.564,30423112,338,STILL,NA,1,P01,LAB01,0,1,172,3211,0,360
20260910_100219,STILL_1P_NA,25.564,30423112,338,STILL,NA,1,P01,LAB01,1,0,0,0,0,0
20260910_100219,STILL_1P_NA,25.564,30423112,338,STILL,NA,1,P01,LAB01,2,0,0,0,0,0
20260910_100219,STILL_1P_NA,25.653,30511822,339,STILL,NA,1,P01,LAB01,0,1,170,3210,0,360
20260910_100219,STILL_1P_NA,25.653,30511822,339,STILL,NA,1,P01,LAB01,1,0,0,0,0,0
20260910_100219,STILL_1P_NA,25.653,30511822,339,STILL,NA,1,P01,LAB01,2,0,0,0,0,0
20260910_100219,STILL_1P_NA,25.741,30600712,340,STILL,NA,1,P01,LAB01,0,1,168,3210,0,360
20260910_100219,STILL_1P_NA,25.741,30600712,340,STILL,NA,1,P01,LAB01,1,0,0,0,0,0
20260910_100219,STILL_1P_NA,25.741,30600712,340,STILL,NA,1,P01,LAB01,2,0,0,0,0,0
20260910_100219,STILL_1P_NA,25.831,30689888,341,STILL,NA,1,P01,LAB01,0,1,166,3210,0,360
20260910_100219,STILL_1P_NA,25.831,30689888,341,STILL,NA,1,P01,LAB01,1,0,0,0,0,0
20260910_100219,STILL_1P_NA,25.831,30689888,341,STILL,NA,1,P01,LAB01,2,0,0,0,0,0
20260910_100219,STILL_1P_NA,25.919,30778767,342,STILL,NA,1,P01,LAB01,0,1,164,3209,0,360
20260910_100219,STILL_1P_NA,25.919,30778767,342,STILL,NA,1,P01,LAB01,1,0,0,0,0,0
20260910_100219,STILL_1P_NA,25.919,30778767,342,STILL,NA,1,P01,LAB01,2,0,0,0,0,0
20260910_100219,STILL_1P_NA,26.009,30867782,343,STILL,NA,1,P01,LAB01,0,1,162,3209,0,360
20260910_100219,STILL_1P_NA,26.009,30867782,343,STILL,NA,1,P01,LAB01,1,0,0,0,0,0
20260910_100219,STILL_1P_NA,26.009,30867782,343,STILL,NA,1,P01,LAB01,2,0,0,0,0,0
20260910_100219,STILL_1P_NA,26.098,30956608,344,STILL,NA,1,P01,LAB01,0,1,160,3208,0,360
20260910_100219,STILL_1P_NA,26.098,30956608,344,STILL,NA,1,P01,LAB01,1,0,0,0,0,0
20260910_100219,STILL_1P_NA,26.098,30956608,344,STILL,NA,1,P01,LAB01,2,0,0,0,0,0
20260910_100219,STILL_1P_NA,26.187,31045845,345,STILL,NA,1,P01,LAB01,0,1,158,3208,0,360
20260910_100219,STILL_1P_NA,26.187,31045845,345,STILL,NA,1,P01,LAB01,1,0,0,0,0,0
20260910_100219,STILL_1P_NA,26.187,31045845,345,STILL,NA,1,P01,LAB01,2,0,0,0,0,0
20260910_100219,STILL_1P_NA,26.276,31134544,346,STILL,NA,1,P01,LAB01,0,1,156,3208,0,360
20260910_100219,STILL_1P_NA,26.276,31134544,346,STILL,NA,1,P01,LAB01,1,0,0,0,0,0
20260910_100219,STILL_1P_NA,26.276,31134544,346,STILL,NA,1,P01,LAB01,2,0,0,0,0,0
20260910_100219,STILL_1P_NA,26.365,31223871,347,STILL,NA,1,P01,LAB01,0,1,155,3207,0,360
20260910_100219,STILL_1P_NA,26.365,31223871,347,STILL,NA,1,P01,LAB01,1,0,0,0,0,0
20260910_100219,STILL_1P_NA,26.365,31223871,347,STILL,NA,1,P01,LAB01,2,0,0,0,0,0
20260910_100219,STILL_1P_NA,26.454,31312664,348,STILL,NA,1,P01,LAB01,0,1,153,3207,0,360
20260910_100219,STILL_1P_NA,26.454,31312664,348,STILL,NA,1,P01,LAB01,1,0,0,0,0,0
20260910_100219,STILL_1P_NA,26.454,31312664,348,STILL,NA,1,P01,LAB01,2,0,0,0,0,0
20260910_100219,STILL_1P_NA,26.543,31401590,349,STILL,NA,1,P01,LAB01,0,1,152,3207,0,360
20260910_100219,STILL_1P_NA,26.543,31401590,349,STILL,NA,1,P01,LAB01,1,0,0,0,0,0
20260910_100219,STILL_1P_NA,26.543,31401590,349,STILL,NA,1,P01,LAB01,2,0,0,0,0,0
20260910_100219,STILL_1P_NA,26.632,31490605,350,STILL,NA,1,P01,LAB01,0,1,148,3205,0,360
20260910_100219,STILL_1P_NA,26.632,31490605,350,STILL,NA,1,P01,LAB01,1,0,0,0,0,0
20260910_100219,STILL_1P_NA,26.632,31490605,350,STILL,NA,1,P01,LAB01,2,0,0,0,0,0
20260910_100219,STILL_1P_NA,26.721,31579806,351,STILL,NA,1,P01,LAB01,0,1,146,3204,0,360
20260910_100219,STILL_1P_NA,26.721,31579806,351,STILL,NA,1,P01,LAB01,1,0,0,0,0,0
20260910_100219,STILL_1P_NA,26.721,31579806,351,STILL,NA,1,P01,LAB01,2,0,0,0,0,0
20260910_100219,STILL_1P_NA,26.809,31668569,352,STILL,NA,1,P01,LAB01,0,1,144,3203,0,360
20260910_100219,STILL_1P_NA,26.809,31668569,352,STILL,NA,1,P01,LAB01,1,0,0,0,0,0
20260910_100219,STILL_1P_NA,26.809,31668569,352,STILL,NA,1,P01,LAB01,2,0,0,0,0,0
20260910_100219,STILL_1P_NA,26.898,31757709,353,STILL,NA,1,P01,LAB01,0,1,142,3202,0,360
20260910_100219,STILL_1P_NA,26.898,31757709,353,STILL,NA,1,P01,LAB01,1,0,0,0,0,0
20260910_100219,STILL_1P_NA,26.898,31757709,353,STILL,NA,1,P01,LAB01,2,0,0,0,0,0
20260910_100219,STILL_1P_NA,26.988,31846653,354,STILL,NA,1,P01,LAB01,0,1,140,3201,0,360
20260910_100219,STILL_1P_NA,26.988,31846653,354,STILL,NA,1,P01,LAB01,1,0,0,0,0,0
20260910_100219,STILL_1P_NA,26.988,31846653,354,STILL,NA,1,P01,LAB01,2,0,0,0,0,0
20260910_100219,STILL_1P_NA,27.076,31935636,355,STILL,NA,1,P01,LAB01,0,1,139,3201,0,360
20260910_100219,STILL_1P_NA,27.076,31935636,355,STILL,NA,1,P01,LAB01,1,0,0,0,0,0
20260910_100219,STILL_1P_NA,27.076,31935636,355,STILL,NA,1,P01,LAB01,2,0,0,0,0,0
20260910_100219,STILL_1P_NA,27.165,32024523,356,STILL,NA,1,P01,LAB01,0,1,136,3200,0,360
20260910_100219,STILL_1P_NA,27.165,32024523,356,STILL,NA,1,P01,LAB01,1,0,0,0,0,0
20260910_100219,STILL_1P_NA,27.165,32024523,356,STILL,NA,1,P01,LAB01,2,0,0,0,0,0
20260910_100219,STILL_1P_NA,27.255,32113877,357,STILL,NA,1,P01,LAB01,0,1,132,3199,0,360
20260910_100219,STILL_1P_NA,27.255,32113877,357,STILL,NA,1,P01,LAB01,1,0,0,0,0,0
20260910_100219,STILL_1P_NA,27.255,32113877,357,STILL,NA,1,P01,LAB01,2,0,0,0,0,0
20260910_100219,STILL_1P_NA,27.344,32202832,358,STILL,NA,1,P01,LAB01,0,1,128,3199,0,360
20260910_100219,STILL_1P_NA,27.344,32202832,358,STILL,NA,1,P01,LAB01,1,0,0,0,0,0
20260910_100219,STILL_1P_NA,27.344,32202832,358,STILL,NA,1,P01,LAB01,2,0,0,0,0,0
20260910_100219,STILL_1P_NA,27.433,32292004,359,STILL,NA,1,P01,LAB01,0,1,130,3199,0,360
20260910_100219,STILL_1P_NA,27.433,32292004,359,STILL,NA,1,P01,LAB01,1,0,0,0,0,0
20260910_100219,STILL_1P_NA,27.433,32292004,359,STILL,NA,1,P01,LAB01,2,0,0,0,0,0
20260910_100219,STILL_1P_NA,27.521,32380709,360,STILL,NA,1,P01,LAB01,0,1,135,3200,0,360
20260910_100219,STILL_1P_NA,27.521,32380709,360,STILL,NA,1,P01,LAB01,1,0,0,0,0,0
20260910_100219,STILL_1P_NA,27.521,32380709,360,STILL,NA,1,P01,LAB01,2,0,0,0,0,0
20260910_100219,STILL_1P_NA,27.611,32469809,361,STILL,NA,1,P01,LAB01,0,1,137,3203,-8,360
20260910_100219,STILL_1P_NA,27.611,32469809,361,STILL,NA,1,P01,LAB01,1,0,0,0,0,0
20260910_100219,STILL_1P_NA,27.611,32469809,361,STILL,NA,1,P01,LAB01,2,0,0,0,0,0
20260910_100219,STILL_1P_NA,27.700,32558636,362,STILL,NA,1,P01,LAB01,0,1,136,3207,8,360
20260910_100219,STILL_1P_NA,27.700,32558636,362,STILL,NA,1,P01,LAB01,1,0,0,0,0,0
20260910_100219,STILL_1P_NA,27.700,32558636,362,STILL,NA,1,P01,LAB01,2,0,0,0,0,0
20260910_100219,STILL_1P_NA,27.789,32647809,363,STILL,NA,1,P01,LAB01,0,1,133,3213,8,360
20260910_100219,STILL_1P_NA,27.789,32647809,363,STILL,NA,1,P01,LAB01,1,0,0,0,0,0
20260910_100219,STILL_1P_NA,27.789,32647809,363,STILL,NA,1,P01,LAB01,2,0,0,0,0,0
20260910_100219,STILL_1P_NA,27.877,32736702,364,STILL,NA,1,P01,LAB01,0,1,134,3217,8,360
20260910_100219,STILL_1P_NA,27.877,32736702,364,STILL,NA,1,P01,LAB01,1,0,0,0,0,0
20260910_100219,STILL_1P_NA,27.877,32736702,364,STILL,NA,1,P01,LAB01,2,0,0,0,0,0
20260910_100219,STILL_1P_NA,27.966,32825617,365,STILL,NA,1,P01,LAB01,0,1,144,3218,0,360
20260910_100219,STILL_1P_NA,27.966,32825617,365,STILL,NA,1,P01,LAB01,1,0,0,0,0,0
20260910_100219,STILL_1P_NA,27.966,32825617,365,STILL,NA,1,P01,LAB01,2,0,0,0,0,0
20260910_100219,STILL_1P_NA,28.055,32914252,366,STILL,NA,1,P01,LAB01,0,1,158,3217,0,360
20260910_100219,STILL_1P_NA,28.055,32914252,366,STILL,NA,1,P01,LAB01,1,0,0,0,0,0
20260910_100219,STILL_1P_NA,28.055,32914252,366,STILL,NA,1,P01,LAB01,2,0,0,0,0,0
20260910_100219,STILL_1P_NA,28.144,33003646,367,STILL,NA,1,P01,LAB01,0,1,165,3216,0,360
20260910_100219,STILL_1P_NA,28.144,33003646,367,STILL,NA,1,P01,LAB01,1,0,0,0,0,0
20260910_100219,STILL_1P_NA,28.144,33003646,367,STILL,NA,1,P01,LAB01,2,0,0,0,0,0
20260910_100219,STILL_1P_NA,28.233,33092530,368,STILL,NA,1,P01,LAB01,0,1,170,3215,0,360
20260910_100219,STILL_1P_NA,28.233,33092530,368,STILL,NA,1,P01,LAB01,1,0,0,0,0,0
20260910_100219,STILL_1P_NA,28.233,33092530,368,STILL,NA,1,P01,LAB01,2,0,0,0,0,0
20260910_100219,STILL_1P_NA,28.322,33181735,369,STILL,NA,1,P01,LAB01,0,1,166,3214,0,360
20260910_100219,STILL_1P_NA,28.322,33181735,369,STILL,NA,1,P01,LAB01,1,0,0,0,0,0
20260910_100219,STILL_1P_NA,28.322,33181735,369,STILL,NA,1,P01,LAB01,2,0,0,0,0,0
20260910_100219,STILL_1P_NA,28.411,33270626,370,STILL,NA,1,P01,LAB01,0,1,160,3213,0,360
20260910_100219,STILL_1P_NA,28.411,33270626,370,STILL,NA,1,P01,LAB01,1,0,0,0,0,0
20260910_100219,STILL_1P_NA,28.411,33270626,370,STILL,NA,1,P01,LAB01,2,0,0,0,0,0
20260910_100219,STILL_1P_NA,28.501,33359636,371,STILL,NA,1,P01,LAB01,0,1,154,3212,0,360
20260910_100219,STILL_1P_NA,28.501,33359636,371,STILL,NA,1,P01,LAB01,1,0,0,0,0,0
20260910_100219,STILL_1P_NA,28.501,33359636,371,STILL,NA,1,P01,LAB01,2,0,0,0,0,0
20260910_100219,STILL_1P_NA,28.589,33448276,372,STILL,NA,1,P01,LAB01,0,1,148,3211,0,360
20260910_100219,STILL_1P_NA,28.589,33448276,372,STILL,NA,1,P01,LAB01,1,0,0,0,0,0
20260910_100219,STILL_1P_NA,28.589,33448276,372,STILL,NA,1,P01,LAB01,2,0,0,0,0,0
20260910_100219,STILL_1P_NA,28.679,33537605,373,STILL,NA,1,P01,LAB01,0,1,142,3210,0,360
20260910_100219,STILL_1P_NA,28.679,33537605,373,STILL,NA,1,P01,LAB01,1,0,0,0,0,0
20260910_100219,STILL_1P_NA,28.679,33537605,373,STILL,NA,1,P01,LAB01,2,0,0,0,0,0
20260910_100219,STILL_1P_NA,28.767,33626242,374,STILL,NA,1,P01,LAB01,0,1,137,3209,0,360
20260910_100219,STILL_1P_NA,28.767,33626242,374,STILL,NA,1,P01,LAB01,1,0,0,0,0,0
20260910_100219,STILL_1P_NA,28.767,33626242,374,STILL,NA,1,P01,LAB01,2,0,0,0,0,0
20260910_100219,STILL_1P_NA,28.856,33715632,375,STILL,NA,1,P01,LAB01,0,1,132,3208,0,360
20260910_100219,STILL_1P_NA,28.856,33715632,375,STILL,NA,1,P01,LAB01,1,0,0,0,0,0
20260910_100219,STILL_1P_NA,28.856,33715632,375,STILL,NA,1,P01,LAB01,2,0,0,0,0,0
20260910_100219,STILL_1P_NA,28.946,33804453,376,STILL,NA,1,P01,LAB01,0,1,127,3207,0,360
20260910_100219,STILL_1P_NA,28.946,33804453,376,STILL,NA,1,P01,LAB01,1,0,0,0,0,0
20260910_100219,STILL_1P_NA,28.946,33804453,376,STILL,NA,1,P01,LAB01,2,0,0,0,0,0
20260910_100219,STILL_1P_NA,29.034,33893658,377,STILL,NA,1,P01,LAB01,0,1,122,3206,0,360
20260910_100219,STILL_1P_NA,29.034,33893658,377,STILL,NA,1,P01,LAB01,1,0,0,0,0,0
20260910_100219,STILL_1P_NA,29.034,33893658,377,STILL,NA,1,P01,LAB01,2,0,0,0,0,0
20260910_100219,STILL_1P_NA,29.123,33982259,378,STILL,NA,1,P01,LAB01,0,1,117,3205,0,360
20260910_100219,STILL_1P_NA,29.123,33982259,378,STILL,NA,1,P01,LAB01,1,0,0,0,0,0
20260910_100219,STILL_1P_NA,29.123,33982259,378,STILL,NA,1,P01,LAB01,2,0,0,0,0,0
20260910_100219,STILL_1P_NA,29.212,34071399,379,STILL,NA,1,P01,LAB01,0,1,113,3204,0,360
20260910_100219,STILL_1P_NA,29.212,34071399,379,STILL,NA,1,P01,LAB01,1,0,0,0,0,0
20260910_100219,STILL_1P_NA,29.212,34071399,379,STILL,NA,1,P01,LAB01,2,0,0,0,0,0
20260910_100219,STILL_1P_NA,29.301,34160378,380,STILL,NA,1,P01,LAB01,0,1,108,3203,0,360
20260910_100219,STILL_1P_NA,29.301,34160378,380,STILL,NA,1,P01,LAB01,1,0,0,0,0,0
20260910_100219,STILL_1P_NA,29.301,34160378,380,STILL,NA,1,P01,LAB01,2,0,0,0,0,0
20260910_100219,STILL_1P_NA,29.390,34249554,381,STILL,NA,1,P01,LAB01,0,1,104,3202,0,360
20260910_100219,STILL_1P_NA,29.390,34249554,381,STILL,NA,1,P01,LAB01,1,0,0,0,0,0
20260910_100219,STILL_1P_NA,29.390,34249554,381,STILL,NA,1,P01,LAB01,2,0,0,0,0,0
20260910_100219,STILL_1P_NA,29.479,34338291,382,STILL,NA,1,P01,LAB01,0,1,100,3201,0,360
20260910_100219,STILL_1P_NA,29.479,34338291,382,STILL,NA,1,P01,LAB01,1,0,0,0,0,0
20260910_100219,STILL_1P_NA,29.479,34338291,382,STILL,NA,1,P01,LAB01,2,0,0,0,0,0
20260910_100219,STILL_1P_NA,29.568,34427269,383,STILL,NA,1,P01,LAB01,0,1,96,3201,0,360
20260910_100219,STILL_1P_NA,29.568,34427269,383,STILL,NA,1,P01,LAB01,1,0,0,0,0,0
20260910_100219,STILL_1P_NA,29.568,34427269,383,STILL,NA,1,P01,LAB01,2,0,0,0,0,0
20260910_100219,STILL_1P_NA,29.657,34516371,384,STILL,NA,1,P01,LAB01,0,1,92,3200,0,360
20260910_100219,STILL_1P_NA,29.657,34516371,384,STILL,NA,1,P01,LAB01,1,0,0,0,0,0
20260910_100219,STILL_1P_NA,29.657,34516371,384,STILL,NA,1,P01,LAB01,2,0,0,0,0,0
20260910_100219,STILL_1P_NA,29.746,34605164,385,STILL,NA,1,P01,LAB01,0,1,92,3200,0,360
20260910_100219,STILL_1P_NA,29.746,34605164,385,STILL,NA,1,P01,LAB01,1,0,0,0,0,0
20260910_100219,STILL_1P_NA,29.746,34605164,385,STILL,NA,1,P01,LAB01,2,0,0,0,0,0
20260910_100219,STILL_1P_NA,29.835,34693998,386,STILL,NA,1,P01,LAB01,0,1,92,3200,0,360
20260910_100219,STILL_1P_NA,29.835,34693998,386,STILL,NA,1,P01,LAB01,1,0,0,0,0,0
20260910_100219,STILL_1P_NA,29.835,34693998,386,STILL,NA,1,P01,LAB01,2,0,0,0,0,0
20260910_100219,STILL_1P_NA,29.924,34783155,387,STILL,NA,1,P01,LAB01,0,1,92,3200,0,360
20260910_100219,STILL_1P_NA,29.924,34783155,387,STILL,NA,1,P01,LAB01,1,0,0,0,0,0
20260910_100219,STILL_1P_NA,29.924,34783155,387,STILL,NA,1,P01,LAB01,2,0,0,0,0,0
20260910_100219,STILL_1P_NA,30.013,34872140,388,STILL,NA,1,P01,LAB01,0,1,92,3200,0,360
20260910_100219,STILL_1P_NA,30.013,34872140,388,STILL,NA,1,P01,LAB01,1,0,0,0,0,0
20260910_100219,STILL_1P_NA,30.013,34872140,388,STILL,NA,1,P01,LAB01,2,0,0,0,0,0
20260910_100219,STILL_1P_NA,30.102,34961096,389,STILL,NA,1,P01,LAB01,0,1,92,3200,0,360
20260910_100219,STILL_1P_NA,30.102,34961096,389,STILL,NA,1,P01,LAB01,1,0,0,0,0,0
20260910_100219,STILL_1P_NA,30.102,34961096,389,STILL,NA,1,P01,LAB01,2,0,0,0,0,0
20260910_100219,STILL_1P_NA,30.191,35050168,390,STILL,NA,1,P01,LAB01,0,1,92,3200,0,360
20260910_100219,STILL_1P_NA,30.191,35050168,390,STILL,NA,1,P01,LAB01,1,0,0,0,0,0
20260910_100219,STILL_1P_NA,30.191,35050168,390,STILL,NA,1,P01,LAB01,2,0,0,0,0,0
20260910_100219,STILL_1P_NA,30.280,35139085,391,STILL,NA,1,P01,LAB01,0,1,92,3200,0,360
20260910_100219,STILL_1P_NA,30.280,35139085,391,STILL,NA,1,P01,LAB01,1,0,0,0,0,0
20260910_100219,STILL_1P_NA,30.280,35139085,391,STILL,NA,1,P01,LAB01,2,0,0,0,0,0
20260910_100219,STILL_1P_NA,30.369,35228164,392,STILL,NA,1,P01,LAB01,0,1,92,3200,0,360
20260910_100219,STILL_1P_NA,30.369,35228164,392,STILL,NA,1,P01,LAB01,1,0,0,0,0,0
20260910_100219,STILL_1P_NA,30.369,35228164,392,STILL,NA,1,P01,LAB01,2,0,0,0,0,0
20260910_100219,STILL_1P_NA,30.458,35317150,393,STILL,NA,1,P01,LAB01,0,1,92,3200,0,360
20260910_100219,STILL_1P_NA,30.458,35317150,393,STILL,NA,1,P01,LAB01,1,0,0,0,0,0
20260910_100219,STILL_1P_NA,30.458,35317150,393,STILL,NA,1,P01,LAB01,2,0,0,0,0,0
20260910_100219,STILL_1P_NA,30.547,35406385,394,STILL,NA,1,P01,LAB01,0,1,111,3203,0,360
20260910_100219,STILL_1P_NA,30.547,35406385,394,STILL,NA,1,P01,LAB01,1,0,0,0,0,0
20260910_100219,STILL_1P_NA,30.547,35406385,394,STILL,NA,1,P01,LAB01,2,0,0,0,0,0
20260910_100219,STILL_1P_NA,30.636,35495653,395,STILL,NA,1,P01,LAB01,0,1,118,3207,0,360
20260910_100219,STILL_1P_NA,30.636,35495653,395,STILL,NA,1,P01,LAB01,1,0,0,0,0,0
20260910_100219,STILL_1P_NA,30.636,35495653,395,STILL,NA,1,P01,LAB01,2,0,0,0,0,0
20260910_100219,STILL_1P_NA,30.725,35584440,396,STILL,NA,1,P01,LAB01,0,1,118,3211,-8,360
20260910_100219,STILL_1P_NA,30.725,35584440,396,STILL,NA,1,P01,LAB01,1,0,0,0,0,0
20260910_100219,STILL_1P_NA,30.725,35584440,396,STILL,NA,1,P01,LAB01,2,0,0,0,0,0
20260910_100219,STILL_1P_NA,30.814,35673617,397,STILL,NA,1,P01,LAB01,0,1,112,3214,0,360
20260910_100219,STILL_1P_NA,30.814,35673617,397,STILL,NA,1,P01,LAB01,1,0,0,0,0,0
20260910_100219,STILL_1P_NA,30.814,35673617,397,STILL,NA,1,P01,LAB01,2,0,0,0,0,0
20260910_100219,STILL_1P_NA,30.903,35762158,398,STILL,NA,1,P01,LAB01,0,1,103,3215,-8,360
20260910_100219,STILL_1P_NA,30.903,35762158,398,STILL,NA,1,P01,LAB01,1,0,0,0,0,0
20260910_100219,STILL_1P_NA,30.903,35762158,398,STILL,NA,1,P01,LAB01,2,0,0,0,0,0
20260910_100219,STILL_1P_NA,30.992,35851482,399,STILL,NA,1,P01,LAB01,0,1,96,3218,-8,360
20260910_100219,STILL_1P_NA,30.992,35851482,399,STILL,NA,1,P01,LAB01,1,0,0,0,0,0
20260910_100219,STILL_1P_NA,30.992,35851482,399,STILL,NA,1,P01,LAB01,2,0,0,0,0,0
20260910_100219,STILL_1P_NA,31.081,35940495,400,STILL,NA,1,P01,LAB01,0,1,93,3225,-8,360
20260910_100219,STILL_1P_NA,31.081,35940495,400,STILL,NA,1,P01,LAB01,1,0,0,0,0,0
20260910_100219,STILL_1P_NA,31.081,35940495,400,STILL,NA,1,P01,LAB01,2,0,0,0,0,0
20260910_100219,STILL_1P_NA,31.170,36029064,401,STILL,NA,1,P01,LAB01,0,1,88,3230,-8,360
20260910_100219,STILL_1P_NA,31.170,36029064,401,STILL,NA,1,P01,LAB01,1,0,0,0,0,0
20260910_100219,STILL_1P_NA,31.170,36029064,401,STILL,NA,1,P01,LAB01,2,0,0,0,0,0
20260910_100219,STILL_1P_NA,31.259,36118433,402,STILL,NA,1,P01,LAB01,0,1,83,3237,-8,360
20260910_100219,STILL_1P_NA,31.259,36118433,402,STILL,NA,1,P01,LAB01,1,0,0,0,0,0
20260910_100219,STILL_1P_NA,31.259,36118433,402,STILL,NA,1,P01,LAB01,2,0,0,0,0,0
20260910_100219,STILL_1P_NA,31.348,36207291,403,STILL,NA,1,P01,LAB01,0,1,78,3243,-8,360
20260910_100219,STILL_1P_NA,31.348,36207291,403,STILL,NA,1,P01,LAB01,1,0,0,0,0,0
20260910_100219,STILL_1P_NA,31.348,36207291,403,STILL,NA,1,P01,LAB01,2,0,0,0,0,0
20260910_100219,STILL_1P_NA,31.437,36296426,404,STILL,NA,1,P01,LAB01,0,1,75,3243,-8,360
20260910_100219,STILL_1P_NA,31.437,36296426,404,STILL,NA,1,P01,LAB01,1,0,0,0,0,0
20260910_100219,STILL_1P_NA,31.437,36296426,404,STILL,NA,1,P01,LAB01,2,0,0,0,0,0
20260910_100219,STILL_1P_NA,31.526,36385353,405,STILL,NA,1,P01,LAB01,0,1,71,3241,0,360
20260910_100219,STILL_1P_NA,31.526,36385353,405,STILL,NA,1,P01,LAB01,1,0,0,0,0,0
20260910_100219,STILL_1P_NA,31.526,36385353,405,STILL,NA,1,P01,LAB01,2,0,0,0,0,0
20260910_100219,STILL_1P_NA,31.615,36474332,406,STILL,NA,1,P01,LAB01,0,1,64,3241,0,360
20260910_100219,STILL_1P_NA,31.615,36474332,406,STILL,NA,1,P01,LAB01,1,0,0,0,0,0
20260910_100219,STILL_1P_NA,31.615,36474332,406,STILL,NA,1,P01,LAB01,2,0,0,0,0,0
20260910_100219,STILL_1P_NA,31.704,36563004,407,STILL,NA,1,P01,LAB01,0,1,59,3240,0,360
20260910_100219,STILL_1P_NA,31.704,36563004,407,STILL,NA,1,P01,LAB01,1,0,0,0,0,0
20260910_100219,STILL_1P_NA,31.704,36563004,407,STILL,NA,1,P01,LAB01,2,0,0,0,0,0
20260910_100219,STILL_1P_NA,31.793,36652420,408,STILL,NA,1,P01,LAB01,0,1,60,3240,0,360
20260910_100219,STILL_1P_NA,31.793,36652420,408,STILL,NA,1,P01,LAB01,1,0,0,0,0,0
20260910_100219,STILL_1P_NA,31.793,36652420,408,STILL,NA,1,P01,LAB01,2,0,0,0,0,0
20260910_100219,STILL_1P_NA,31.882,36740845,409,STILL,NA,1,P01,LAB01,0,1,64,3240,0,360
20260910_100219,STILL_1P_NA,31.882,36740845,409,STILL,NA,1,P01,LAB01,1,0,0,0,0,0
20260910_100219,STILL_1P_NA,31.882,36740845,409,STILL,NA,1,P01,LAB01,2,0,0,0,0,0
20260910_100219,STILL_1P_NA,31.971,36830259,410,STILL,NA,1,P01,LAB01,0,1,68,3240,0,360
20260910_100219,STILL_1P_NA,31.971,36830259,410,STILL,NA,1,P01,LAB01,1,0,0,0,0,0
20260910_100219,STILL_1P_NA,31.971,36830259,410,STILL,NA,1,P01,LAB01,2,0,0,0,0,0
20260910_100219,STILL_1P_NA,32.060,36919052,411,STILL,NA,1,P01,LAB01,0,1,71,3240,0,360
20260910_100219,STILL_1P_NA,32.060,36919052,411,STILL,NA,1,P01,LAB01,1,0,0,0,0,0
20260910_100219,STILL_1P_NA,32.060,36919052,411,STILL,NA,1,P01,LAB01,2,0,0,0,0,0
20260910_100219,STILL_1P_NA,32.149,37008128,412,STILL,NA,1,P01,LAB01,0,1,75,3240,0,360
20260910_100219,STILL_1P_NA,32.149,37008128,412,STILL,NA,1,P01,LAB01,1,0,0,0,0,0
20260910_100219,STILL_1P_NA,32.149,37008128,412,STILL,NA,1,P01,LAB01,2,0,0,0,0,0
20260910_100219,STILL_1P_NA,32.238,37097167,413,STILL,NA,1,P01,LAB01,0,1,78,3240,0,360
20260910_100219,STILL_1P_NA,32.238,37097167,413,STILL,NA,1,P01,LAB01,1,0,0,0,0,0
20260910_100219,STILL_1P_NA,32.238,37097167,413,STILL,NA,1,P01,LAB01,2,0,0,0,0,0
20260910_100219,STILL_1P_NA,32.327,37186149,414,STILL,NA,1,P01,LAB01,0,1,81,3240,0,360
20260910_100219,STILL_1P_NA,32.327,37186149,414,STILL,NA,1,P01,LAB01,1,0,0,0,0,0
20260910_100219,STILL_1P_NA,32.327,37186149,414,STILL,NA,1,P01,LAB01,2,0,0,0,0,0
20260910_100219,STILL_1P_NA,32.416,37275102,415,STILL,NA,1,P01,LAB01,0,1,85,3240,0,360
20260910_100219,STILL_1P_NA,32.416,37275102,415,STILL,NA,1,P01,LAB01,1,0,0,0,0,0
20260910_100219,STILL_1P_NA,32.416,37275102,415,STILL,NA,1,P01,LAB01,2,0,0,0,0,0
20260910_100219,STILL_1P_NA,32.505,37364052,416,STILL,NA,1,P01,LAB01,0,1,93,3238,0,360
20260910_100219,STILL_1P_NA,32.505,37364052,416,STILL,NA,1,P01,LAB01,1,0,0,0,0,0
20260910_100219,STILL_1P_NA,32.505,37364052,416,STILL,NA,1,P01,LAB01,2,0,0,0,0,0
20260910_100219,STILL_1P_NA,32.594,37453101,417,STILL,NA,1,P01,LAB01,0,1,101,3237,0,360
20260910_100219,STILL_1P_NA,32.594,37453101,417,STILL,NA,1,P01,LAB01,1,0,0,0,0,0
20260910_100219,STILL_1P_NA,32.594,37453101,417,STILL,NA,1,P01,LAB01,2,0,0,0,0,0
20260910_100219,STILL_1P_NA,32.683,37542021,418,STILL,NA,1,P01,LAB01,0,1,109,3236,0,360
20260910_100219,STILL_1P_NA,32.683,37542021,418,STILL,NA,1,P01,LAB01,1,0,0,0,0,0
20260910_100219,STILL_1P_NA,32.683,37542021,418,STILL,NA,1,P01,LAB01,2,0,0,0,0,0
20260910_100219,STILL_1P_NA,32.772,37631096,419,STILL,NA,1,P01,LAB01,0,1,117,3234,0,360
20260910_100219,STILL_1P_NA,32.772,37631096,419,STILL,NA,1,P01,LAB01,1,0,0,0,0,0
20260910_100219,STILL_1P_NA,32.772,37631096,419,STILL,NA,1,P01,LAB01,2,0,0,0,0,0
20260910_100219,STILL_1P_NA,32.861,37720362,420,STILL,NA,1,P01,LAB01,0,1,118,3232,0,360
20260910_100219,STILL_1P_NA,32.861,37720362,420,STILL,NA,1,P01,LAB01,1,0,0,0,0,0
20260910_100219,STILL_1P_NA,32.861,37720362,420,STILL,NA,1,P01,LAB01,2,0,0,0,0,0
20260910_100219,STILL_1P_NA,32.950,37809122,421,STILL,NA,1,P01,LAB01,0,1,117,3229,0,360
20260910_100219,STILL_1P_NA,32.950,37809122,421,STILL,NA,1,P01,LAB01,1,0,0,0,0,0
20260910_100219,STILL_1P_NA,32.950,37809122,421,STILL,NA,1,P01,LAB01,2,0,0,0,0,0
20260910_100219,STILL_1P_NA,33.039,37898137,422,STILL,NA,1,P01,LAB01,0,1,115,3227,0,360
20260910_100219,STILL_1P_NA,33.039,37898137,422,STILL,NA,1,P01,LAB01,1,0,0,0,0,0
20260910_100219,STILL_1P_NA,33.039,37898137,422,STILL,NA,1,P01,LAB01,2,0,0,0,0,0
20260910_100219,STILL_1P_NA,33.128,37987211,423,STILL,NA,1,P01,LAB01,0,1,114,3224,0,360
20260910_100219,STILL_1P_NA,33.128,37987211,423,STILL,NA,1,P01,LAB01,1,0,0,0,0,0
20260910_100219,STILL_1P_NA,33.128,37987211,423,STILL,NA,1,P01,LAB01,2,0,0,0,0,0
20260910_100219,STILL_1P_NA,33.217,38076419,424,STILL,NA,1,P01,LAB01,0,1,112,3222,0,360
20260910_100219,STILL_1P_NA,33.217,38076419,424,STILL,NA,1,P01,LAB01,1,0,0,0,0,0
20260910_100219,STILL_1P_NA,33.217,38076419,424,STILL,NA,1,P01,LAB01,2,0,0,0,0,0
20260910_100219,STILL_1P_NA,33.306,38165247,425,STILL,NA,1,P01,LAB01,0,1,111,3220,0,360
20260910_100219,STILL_1P_NA,33.306,38165247,425,STILL,NA,1,P01,LAB01,1,0,0,0,0,0
20260910_100219,STILL_1P_NA,33.306,38165247,425,STILL,NA,1,P01,LAB01,2,0,0,0,0,0
20260910_100219,STILL_1P_NA,33.395,38254296,426,STILL,NA,1,P01,LAB01,0,1,103,3218,0,360
20260910_100219,STILL_1P_NA,33.395,38254296,426,STILL,NA,1,P01,LAB01,1,0,0,0,0,0
20260910_100219,STILL_1P_NA,33.395,38254296,426,STILL,NA,1,P01,LAB01,2,0,0,0,0,0
20260910_100219,STILL_1P_NA,33.484,38343398,427,STILL,NA,1,P01,LAB01,0,1,97,3216,0,360
20260910_100219,STILL_1P_NA,33.484,38343398,427,STILL,NA,1,P01,LAB01,1,0,0,0,0,0
20260910_100219,STILL_1P_NA,33.484,38343398,427,STILL,NA,1,P01,LAB01,2,0,0,0,0,0
20260910_100219,STILL_1P_NA,33.573,38432291,428,STILL,NA,1,P01,LAB01,0,1,90,3214,0,360
20260910_100219,STILL_1P_NA,33.573,38432291,428,STILL,NA,1,P01,LAB01,1,0,0,0,0,0
20260910_100219,STILL_1P_NA,33.573,38432291,428,STILL,NA,1,P01,LAB01,2,0,0,0,0,0
20260910_100219,STILL_1P_NA,33.662,38521025,429,STILL,NA,1,P01,LAB01,0,1,83,3211,0,360
20260910_100219,STILL_1P_NA,33.662,38521025,429,STILL,NA,1,P01,LAB01,1,0,0,0,0,0
20260910_100219,STILL_1P_NA,33.662,38521025,429,STILL,NA,1,P01,LAB01,2,0,0,0,0,0
20260910_100219,STILL_1P_NA,33.751,38610057,430,STILL,NA,1,P01,LAB01,0,1,76,3209,0,360
20260910_100219,STILL_1P_NA,33.751,38610057,430,STILL,NA,1,P01,LAB01,1,0,0,0,0,0
20260910_100219,STILL_1P_NA,33.751,38610057,430,STILL,NA,1,P01,LAB01,2,0,0,0,0,0
20260910_100219,STILL_1P_NA,33.839,38698795,431,STILL,NA,1,P01,LAB01,0,1,69,3208,0,360
20260910_100219,STILL_1P_NA,33.839,38698795,431,STILL,NA,1,P01,LAB01,1,0,0,0,0,0
20260910_100219,STILL_1P_NA,33.839,38698795,431,STILL,NA,1,P01,LAB01,2,0,0,0,0,0
20260910_100219,STILL_1P_NA,33.929,38788085,432,STILL,NA,1,P01,LAB01,0,1,63,3206,0,360
20260910_100219,STILL_1P_NA,33.929,38788085,432,STILL,NA,1,P01,LAB01,1,0,0,0,0,0
20260910_100219,STILL_1P_NA,33.929,38788085,432,STILL,NA,1,P01,LAB01,2,0,0,0,0,0
20260910_100219,STILL_1P_NA,34.018,38877064,433,STILL,NA,1,P01,LAB01,0,1,56,3208,8,360
20260910_100219,STILL_1P_NA,34.018,38877064,433,STILL,NA,1,P01,LAB01,1,0,0,0,0,0
20260910_100219,STILL_1P_NA,34.018,38877064,433,STILL,NA,1,P01,LAB01,2,0,0,0,0,0
20260910_100219,STILL_1P_NA,34.107,38966398,434,STILL,NA,1,P01,LAB01,0,1,53,3212,8,360
20260910_100219,STILL_1P_NA,34.107,38966398,434,STILL,NA,1,P01,LAB01,1,0,0,0,0,0
20260910_100219,STILL_1P_NA,34.107,38966398,434,STILL,NA,1,P01,LAB01,2,0,0,0,0,0
20260910_100219,STILL_1P_NA,34.196,39055158,435,STILL,NA,1,P01,LAB01,0,1,50,3218,8,360
20260910_100219,STILL_1P_NA,34.196,39055158,435,STILL,NA,1,P01,LAB01,1,0,0,0,0,0
20260910_100219,STILL_1P_NA,34.196,39055158,435,STILL,NA,1,P01,LAB01,2,0,0,0,0,0
20260910_100219,STILL_1P_NA,34.285,39144140,436,STILL,NA,1,P01,LAB01,0,1,50,3218,0,360
20260910_100219,STILL_1P_NA,34.285,39144140,436,STILL,NA,1,P01,LAB01,1,0,0,0,0,0
20260910_100219,STILL_1P_NA,34.285,39144140,436,STILL,NA,1,P01,LAB01,2,0,0,0,0,0
20260910_100219,STILL_1P_NA,34.374,39233096,437,STILL,NA,1,P01,LAB01,0,1,50,3216,0,360
20260910_100219,STILL_1P_NA,34.374,39233096,437,STILL,NA,1,P01,LAB01,1,0,0,0,0,0
20260910_100219,STILL_1P_NA,34.374,39233096,437,STILL,NA,1,P01,LAB01,2,0,0,0,0,0
20260910_100219,STILL_1P_NA,34.463,39322242,438,STILL,NA,1,P01,LAB01,0,1,44,3216,0,360
20260910_100219,STILL_1P_NA,34.463,39322242,438,STILL,NA,1,P01,LAB01,1,0,0,0,0,0
20260910_100219,STILL_1P_NA,34.463,39322242,438,STILL,NA,1,P01,LAB01,2,0,0,0,0,0
20260910_100219,STILL_1P_NA,34.552,39411150,439,STILL,NA,1,P01,LAB01,0,1,41,3214,0,360
20260910_100219,STILL_1P_NA,34.552,39411150,439,STILL,NA,1,P01,LAB01,1,0,0,0,0,0
20260910_100219,STILL_1P_NA,34.552,39411150,439,STILL,NA,1,P01,LAB01,2,0,0,0,0,0
20260910_100219,STILL_1P_NA,34.641,39500195,440,STILL,NA,1,P01,LAB01,0,1,43,3213,0,360
20260910_100219,STILL_1P_NA,34.641,39500195,440,STILL,NA,1,P01,LAB01,1,0,0,0,0,0
20260910_100219,STILL_1P_NA,34.641,39500195,440,STILL,NA,1,P01,LAB01,2,0,0,0,0,0
20260910_100219,STILL_1P_NA,34.730,39589113,441,STILL,NA,1,P01,LAB01,0,1,44,3212,0,360
20260910_100219,STILL_1P_NA,34.730,39589113,441,STILL,NA,1,P01,LAB01,1,0,0,0,0,0
20260910_100219,STILL_1P_NA,34.730,39589113,441,STILL,NA,1,P01,LAB01,2,0,0,0,0,0
20260910_100219,STILL_1P_NA,34.819,39678378,442,STILL,NA,1,P01,LAB01,0,1,51,3211,0,360
20260910_100219,STILL_1P_NA,34.819,39678378,442,STILL,NA,1,P01,LAB01,1,0,0,0,0,0
20260910_100219,STILL_1P_NA,34.819,39678378,442,STILL,NA,1,P01,LAB01,2,0,0,0,0,0
20260910_100219,STILL_1P_NA,34.907,39766899,443,STILL,NA,1,P01,LAB01,0,1,55,3212,-8,360
20260910_100219,STILL_1P_NA,34.907,39766899,443,STILL,NA,1,P01,LAB01,1,0,0,0,0,0
20260910_100219,STILL_1P_NA,34.907,39766899,443,STILL,NA,1,P01,LAB01,2,0,0,0,0,0
20260910_100219,STILL_1P_NA,34.996,39855915,444,STILL,NA,1,P01,LAB01,0,1,54,3217,-8,360
20260910_100219,STILL_1P_NA,34.996,39855915,444,STILL,NA,1,P01,LAB01,1,0,0,0,0,0
20260910_100219,STILL_1P_NA,34.996,39855915,444,STILL,NA,1,P01,LAB01,2,0,0,0,0,0
20260910_100219,STILL_1P_NA,35.085,39944990,445,STILL,NA,1,P01,LAB01,0,1,53,3221,0,360
20260910_100219,STILL_1P_NA,35.085,39944990,445,STILL,NA,1,P01,LAB01,1,0,0,0,0,0
20260910_100219,STILL_1P_NA,35.085,39944990,445,STILL,NA,1,P01,LAB01,2,0,0,0,0,0
20260910_100219,STILL_1P_NA,35.174,40033877,446,STILL,NA,1,P01,LAB01,0,1,53,3227,0,360
20260910_100219,STILL_1P_NA,35.174,40033877,446,STILL,NA,1,P01,LAB01,1,0,0,0,0,0
20260910_100219,STILL_1P_NA,35.174,40033877,446,STILL,NA,1,P01,LAB01,2,0,0,0,0,0
20260910_100219,STILL_1P_NA,35.263,40122767,447,STILL,NA,1,P01,LAB01,0,1,54,3229,0,360
20260910_100219,STILL_1P_NA,35.263,40122767,447,STILL,NA,1,P01,LAB01,1,0,0,0,0,0
20260910_100219,STILL_1P_NA,35.263,40122767,447,STILL,NA,1,P01,LAB01,2,0,0,0,0,0
20260910_100219,STILL_1P_NA,35.352,40211905,448,STILL,NA,1,P01,LAB01,0,1,60,3229,0,360
20260910_100219,STILL_1P_NA,35.352,40211905,448,STILL,NA,1,P01,LAB01,1,0,0,0,0,0
20260910_100219,STILL_1P_NA,35.352,40211905,448,STILL,NA,1,P01,LAB01,2,0,0,0,0,0
20260910_100219,STILL_1P_NA,35.441,40300888,449,STILL,NA,1,P01,LAB01,0,1,71,3228,0,360
20260910_100219,STILL_1P_NA,35.441,40300888,449,STILL,NA,1,P01,LAB01,1,0,0,0,0,0
20260910_100219,STILL_1P_NA,35.441,40300888,449,STILL,NA,1,P01,LAB01,2,0,0,0,0,0
20260910_100219,STILL_1P_NA,35.530,40389999,450,STILL,NA,1,P01,LAB01,0,1,85,3226,0,360
20260910_100219,STILL_1P_NA,35.530,40389999,450,STILL,NA,1,P01,LAB01,1,0,0,0,0,0
20260910_100219,STILL_1P_NA,35.530,40389999,450,STILL,NA,1,P01,LAB01,2,0,0,0,0,0
20260910_100219,STILL_1P_NA,35.619,40478850,451,STILL,NA,1,P01,LAB01,0,1,100,3224,0,360
20260910_100219,STILL_1P_NA,35.619,40478850,451,STILL,NA,1,P01,LAB01,1,0,0,0,0,0
20260910_100219,STILL_1P_NA,35.619,40478850,451,STILL,NA,1,P01,LAB01,2,0,0,0,0,0
20260910_100219,STILL_1P_NA,35.708,40567679,452,STILL,NA,1,P01,LAB01,0,1,113,3222,0,360
20260910_100219,STILL_1P_NA,35.708,40567679,452,STILL,NA,1,P01,LAB01,1,0,0,0,0,0
20260910_100219,STILL_1P_NA,35.708,40567679,452,STILL,NA,1,P01,LAB01,2,0,0,0,0,0
20260910_100219,STILL_1P_NA,35.797,40656691,453,STILL,NA,1,P01,LAB01,0,1,126,3220,0,360
20260910_100219,STILL_1P_NA,35.797,40656691,453,STILL,NA,1,P01,LAB01,1,0,0,0,0,0
20260910_100219,STILL_1P_NA,35.797,40656691,453,STILL,NA,1,P01,LAB01,2,0,0,0,0,0
20260910_100219,STILL_1P_NA,35.886,40745859,454,STILL,NA,1,P01,LAB01,0,1,139,3217,0,360
20260910_100219,STILL_1P_NA,35.886,40745859,454,STILL,NA,1,P01,LAB01,1,0,0,0,0,0
20260910_100219,STILL_1P_NA,35.886,40745859,454,STILL,NA,1,P01,LAB01,2,0,0,0,0,0
20260910_100219,STILL_1P_NA,35.975,40834909,455,STILL,NA,1,P01,LAB01,0,1,151,3216,0,360
20260910_100219,STILL_1P_NA,35.975,40834909,455,STILL,NA,1,P01,LAB01,1,0,0,0,0,0
20260910_100219,STILL_1P_NA,35.975,40834909,455,STILL,NA,1,P01,LAB01,2,0,0,0,0,0
20260910_100219,STILL_1P_NA,36.064,40923447,456,STILL,NA,1,P01,LAB01,0,1,163,3214,0,360
20260910_100219,STILL_1P_NA,36.064,40923447,456,STILL,NA,1,P01,LAB01,1,0,0,0,0,0
20260910_100219,STILL_1P_NA,36.064,40923447,456,STILL,NA,1,P01,LAB01,2,0,0,0,0,0
20260910_100219,STILL_1P_NA,36.153,41012963,457,STILL,NA,1,P01,LAB01,0,1,174,3212,0,360
20260910_100219,STILL_1P_NA,36.153,41012963,457,STILL,NA,1,P01,LAB01,1,0,0,0,0,0
20260910_100219,STILL_1P_NA,36.153,41012963,457,STILL,NA,1,P01,LAB01,2,0,0,0,0,0
20260910_100219,STILL_1P_NA,36.242,41101823,458,STILL,NA,1,P01,LAB01,0,1,180,3211,0,360
20260910_100219,STILL_1P_NA,36.242,41101823,458,STILL,NA,1,P01,LAB01,1,0,0,0,0,0
20260910_100219,STILL_1P_NA,36.242,41101823,458,STILL,NA,1,P01,LAB01,2,0,0,0,0,0
20260910_100219,STILL_1P_NA,36.331,41190990,459,STILL,NA,1,P01,LAB01,0,1,178,3212,0,360
20260910_100219,STILL_1P_NA,36.331,41190990,459,STILL,NA,1,P01,LAB01,1,0,0,0,0,0
20260910_100219,STILL_1P_NA,36.331,41190990,459,STILL,NA,1,P01,LAB01,2,0,0,0,0,0
20260910_100219,STILL_1P_NA,36.420,41280004,460,STILL,NA,1,P01,LAB01,0,1,173,3213,0,360
20260910_100219,STILL_1P_NA,36.420,41280004,460,STILL,NA,1,P01,LAB01,1,0,0,0,0,0
20260910_100219,STILL_1P_NA,36.420,41280004,460,STILL,NA,1,P01,LAB01,2,0,0,0,0,0
20260910_100219,STILL_1P_NA,36.509,41368926,461,STILL,NA,1,P01,LAB01,0,1,168,3211,0,360
20260910_100219,STILL_1P_NA,36.509,41368926,461,STILL,NA,1,P01,LAB01,1,0,0,0,0,0
20260910_100219,STILL_1P_NA,36.509,41368926,461,STILL,NA,1,P01,LAB01,2,0,0,0,0,0
20260910_100219,STILL_1P_NA,36.598,41457845,462,STILL,NA,1,P01,LAB01,0,1,165,3210,-8,360
20260910_100219,STILL_1P_NA,36.598,41457845,462,STILL,NA,1,P01,LAB01,1,0,0,0,0,0
20260910_100219,STILL_1P_NA,36.598,41457845,462,STILL,NA,1,P01,LAB01,2,0,0,0,0,0
20260910_100219,STILL_1P_NA,36.687,41546832,463,STILL,NA,1,P01,LAB01,0,1,166,3209,0,360
20260910_100219,STILL_1P_NA,36.687,41546832,463,STILL,NA,1,P01,LAB01,1,0,0,0,0,0
20260910_100219,STILL_1P_NA,36.687,41546832,463,STILL,NA,1,P01,LAB01,2,0,0,0,0,0
20260910_100219,STILL_1P_NA,36.776,41635685,464,STILL,NA,1,P01,LAB01,0,1,166,3209,0,360
20260910_100219,STILL_1P_NA,36.776,41635685,464,STILL,NA,1,P01,LAB01,1,0,0,0,0,0
20260910_100219,STILL_1P_NA,36.776,41635685,464,STILL,NA,1,P01,LAB01,2,0,0,0,0,0
20260910_100219,STILL_1P_NA,36.865,41724888,465,STILL,NA,1,P01,LAB01,0,1,166,3210,0,360
20260910_100219,STILL_1P_NA,36.865,41724888,465,STILL,NA,1,P01,LAB01,1,0,0,0,0,0
20260910_100219,STILL_1P_NA,36.865,41724888,465,STILL,NA,1,P01,LAB01,2,0,0,0,0,0
20260910_100219,STILL_1P_NA,36.954,41813554,466,STILL,NA,1,P01,LAB01,0,1,167,3211,0,360
20260910_100219,STILL_1P_NA,36.954,41813554,466,STILL,NA,1,P01,LAB01,1,0,0,0,0,0
20260910_100219,STILL_1P_NA,36.954,41813554,466,STILL,NA,1,P01,LAB01,2,0,0,0,0,0
20260910_100219,STILL_1P_NA,37.043,41902978,467,STILL,NA,1,P01,LAB01,0,1,172,3211,0,360
20260910_100219,STILL_1P_NA,37.043,41902978,467,STILL,NA,1,P01,LAB01,1,0,0,0,0,0
20260910_100219,STILL_1P_NA,37.043,41902978,467,STILL,NA,1,P01,LAB01,2,0,0,0,0,0
20260910_100219,STILL_1P_NA,37.132,41991740,468,STILL,NA,1,P01,LAB01,0,1,177,3210,0,360
20260910_100219,STILL_1P_NA,37.132,41991740,468,STILL,NA,1,P01,LAB01,1,0,0,0,0,0
20260910_100219,STILL_1P_NA,37.132,41991740,468,STILL,NA,1,P01,LAB01,2,0,0,0,0,0
20260910_100219,STILL_1P_NA,37.221,42080909,469,STILL,NA,1,P01,LAB01,0,1,181,3208,0,360
20260910_100219,STILL_1P_NA,37.221,42080909,469,STILL,NA,1,P01,LAB01,1,0,0,0,0,0
20260910_100219,STILL_1P_NA,37.221,42080909,469,STILL,NA,1,P01,LAB01,2,0,0,0,0,0
20260910_100219,STILL_1P_NA,37.311,42169832,470,STILL,NA,1,P01,LAB01,0,1,186,3207,0,360
20260910_100219,STILL_1P_NA,37.311,42169832,470,STILL,NA,1,P01,LAB01,1,0,0,0,0,0
20260910_100219,STILL_1P_NA,37.311,42169832,470,STILL,NA,1,P01,LAB01,2,0,0,0,0,0
20260910_100219,STILL_1P_NA,37.399,42258999,471,STILL,NA,1,P01,LAB01,0,1,192,3205,0,360
20260910_100219,STILL_1P_NA,37.399,42258999,471,STILL,NA,1,P01,LAB01,1,0,0,0,0,0
20260910_100219,STILL_1P_NA,37.399,42258999,471,STILL,NA,1,P01,LAB01,2,0,0,0,0,0
20260910_100219,STILL_1P_NA,37.488,42347702,472,STILL,NA,1,P01,LAB01,0,1,199,3200,0,360
20260910_100219,STILL_1P_NA,37.488,42347702,472,STILL,NA,1,P01,LAB01,1,0,0,0,0,0
20260910_100219,STILL_1P_NA,37.488,42347702,472,STILL,NA,1,P01,LAB01,2,0,0,0,0,0
20260910_100219,STILL_1P_NA,37.577,42436839,473,STILL,NA,1,P01,LAB01,0,1,203,3195,0,360
20260910_100219,STILL_1P_NA,37.577,42436839,473,STILL,NA,1,P01,LAB01,1,0,0,0,0,0
20260910_100219,STILL_1P_NA,37.577,42436839,473,STILL,NA,1,P01,LAB01,2,0,0,0,0,0
20260910_100219,STILL_1P_NA,37.666,42525762,474,STILL,NA,1,P01,LAB01,0,1,206,3194,0,360
20260910_100219,STILL_1P_NA,37.666,42525762,474,STILL,NA,1,P01,LAB01,1,0,0,0,0,0
20260910_100219,STILL_1P_NA,37.666,42525762,474,STILL,NA,1,P01,LAB01,2,0,0,0,0,0
20260910_100219,STILL_1P_NA,37.755,42614898,475,STILL,NA,1,P01,LAB01,0,1,210,3196,0,360
20260910_100219,STILL_1P_NA,37.755,42614898,475,STILL,NA,1,P01,LAB01,1,0,0,0,0,0
20260910_100219,STILL_1P_NA,37.755,42614898,475,STILL,NA,1,P01,LAB01,2,0,0,0,0,0
20260910_100219,STILL_1P_NA,37.844,42703378,476,STILL,NA,1,P01,LAB01,0,1,213,3201,0,360
20260910_100219,STILL_1P_NA,37.844,42703378,476,STILL,NA,1,P01,LAB01,1,0,0,0,0,0
20260910_100219,STILL_1P_NA,37.844,42703378,476,STILL,NA,1,P01,LAB01,2,0,0,0,0,0
20260910_100219,STILL_1P_NA,37.934,42792895,477,STILL,NA,1,P01,LAB01,0,1,215,3206,0,360
20260910_100219,STILL_1P_NA,37.934,42792895,477,STILL,NA,1,P01,LAB01,1,0,0,0,0,0
20260910_100219,STILL_1P_NA,37.934,42792895,477,STILL,NA,1,P01,LAB01,2,0,0,0,0,0
20260910_100219,STILL_1P_NA,38.023,42881750,478,STILL,NA,1,P01,LAB01,0,1,223,3206,0,360
20260910_100219,STILL_1P_NA,38.023,42881750,478,STILL,NA,1,P01,LAB01,1,0,0,0,0,0
20260910_100219,STILL_1P_NA,38.023,42881750,478,STILL,NA,1,P01,LAB01,2,0,0,0,0,0
20260910_100219,STILL_1P_NA,38.112,42970822,479,STILL,NA,1,P01,LAB01,0,1,226,3204,0,360
20260910_100219,STILL_1P_NA,38.112,42970822,479,STILL,NA,1,P01,LAB01,1,0,0,0,0,0
20260910_100219,STILL_1P_NA,38.112,42970822,479,STILL,NA,1,P01,LAB01,2,0,0,0,0,0
20260910_100219,STILL_1P_NA,38.200,43059653,480,STILL,NA,1,P01,LAB01,0,1,230,3200,0,360
20260910_100219,STILL_1P_NA,38.200,43059653,480,STILL,NA,1,P01,LAB01,1,0,0,0,0,0
20260910_100219,STILL_1P_NA,38.200,43059653,480,STILL,NA,1,P01,LAB01,2,0,0,0,0,0
20260910_100219,STILL_1P_NA,38.289,43148702,481,STILL,NA,1,P01,LAB01,0,1,233,3196,0,360
20260910_100219,STILL_1P_NA,38.289,43148702,481,STILL,NA,1,P01,LAB01,1,0,0,0,0,0
20260910_100219,STILL_1P_NA,38.289,43148702,481,STILL,NA,1,P01,LAB01,2,0,0,0,0,0
20260910_100219,STILL_1P_NA,38.378,43237618,482,STILL,NA,1,P01,LAB01,0,1,237,3192,0,360
20260910_100219,STILL_1P_NA,38.378,43237618,482,STILL,NA,1,P01,LAB01,1,0,0,0,0,0
20260910_100219,STILL_1P_NA,38.378,43237618,482,STILL,NA,1,P01,LAB01,2,0,0,0,0,0
20260910_100219,STILL_1P_NA,38.467,43326632,483,STILL,NA,1,P01,LAB01,0,1,240,3189,0,360
20260910_100219,STILL_1P_NA,38.467,43326632,483,STILL,NA,1,P01,LAB01,1,0,0,0,0,0
20260910_100219,STILL_1P_NA,38.467,43326632,483,STILL,NA,1,P01,LAB01,2,0,0,0,0,0
20260910_100219,STILL_1P_NA,38.556,43415362,484,STILL,NA,1,P01,LAB01,0,1,243,3185,0,360
20260910_100219,STILL_1P_NA,38.556,43415362,484,STILL,NA,1,P01,LAB01,1,0,0,0,0,0
20260910_100219,STILL_1P_NA,38.556,43415362,484,STILL,NA,1,P01,LAB01,2,0,0,0,0,0
20260910_100219,STILL_1P_NA,38.645,43504818,485,STILL,NA,1,P01,LAB01,0,1,246,3182,0,360
20260910_100219,STILL_1P_NA,38.645,43504818,485,STILL,NA,1,P01,LAB01,1,0,0,0,0,0
20260910_100219,STILL_1P_NA,38.645,43504818,485,STILL,NA,1,P01,LAB01,2,0,0,0,0,0
20260910_100219,STILL_1P_NA,38.734,43593516,486,STILL,NA,1,P01,LAB01,0,1,248,3179,0,360
20260910_100219,STILL_1P_NA,38.734,43593516,486,STILL,NA,1,P01,LAB01,1,0,0,0,0,0
20260910_100219,STILL_1P_NA,38.734,43593516,486,STILL,NA,1,P01,LAB01,2,0,0,0,0,0
20260910_100219,STILL_1P_NA,38.823,43682564,487,STILL,NA,1,P01,LAB01,0,1,251,3176,0,360
20260910_100219,STILL_1P_NA,38.823,43682564,487,STILL,NA,1,P01,LAB01,1,0,0,0,0,0
20260910_100219,STILL_1P_NA,38.823,43682564,487,STILL,NA,1,P01,LAB01,2,0,0,0,0,0
20260910_100219,STILL_1P_NA,38.912,43771536,488,STILL,NA,1,P01,LAB01,0,1,254,3173,0,360
20260910_100219,STILL_1P_NA,38.912,43771536,488,STILL,NA,1,P01,LAB01,1,0,0,0,0,0
20260910_100219,STILL_1P_NA,38.912,43771536,488,STILL,NA,1,P01,LAB01,2,0,0,0,0,0
20260910_100219,STILL_1P_NA,39.001,43860590,489,STILL,NA,1,P01,LAB01,0,1,256,3170,0,360
20260910_100219,STILL_1P_NA,39.001,43860590,489,STILL,NA,1,P01,LAB01,1,0,0,0,0,0
20260910_100219,STILL_1P_NA,39.001,43860590,489,STILL,NA,1,P01,LAB01,2,0,0,0,0,0
20260910_100219,STILL_1P_NA,39.090,43949412,490,STILL,NA,1,P01,LAB01,0,1,259,3167,0,360
20260910_100219,STILL_1P_NA,39.090,43949412,490,STILL,NA,1,P01,LAB01,1,0,0,0,0,0
20260910_100219,STILL_1P_NA,39.090,43949412,490,STILL,NA,1,P01,LAB01,2,0,0,0,0,0
20260910_100219,STILL_1P_NA,39.179,44038554,491,STILL,NA,1,P01,LAB01,0,1,261,3165,0,360
20260910_100219,STILL_1P_NA,39.179,44038554,491,STILL,NA,1,P01,LAB01,1,0,0,0,0,0
20260910_100219,STILL_1P_NA,39.179,44038554,491,STILL,NA,1,P01,LAB01,2,0,0,0,0,0
20260910_100219,STILL_1P_NA,39.268,44127659,492,STILL,NA,1,P01,LAB01,0,1,263,3162,0,360
20260910_100219,STILL_1P_NA,39.268,44127659,492,STILL,NA,1,P01,LAB01,1,0,0,0,0,0
20260910_100219,STILL_1P_NA,39.268,44127659,492,STILL,NA,1,P01,LAB01,2,0,0,0,0,0
20260910_100219,STILL_1P_NA,39.357,44216735,493,STILL,NA,1,P01,LAB01,0,1,263,3164,0,360
20260910_100219,STILL_1P_NA,39.357,44216735,493,STILL,NA,1,P01,LAB01,1,0,0,0,0,0
20260910_100219,STILL_1P_NA,39.357,44216735,493,STILL,NA,1,P01,LAB01,2,0,0,0,0,0
20260910_100219,STILL_1P_NA,39.446,44305405,494,STILL,NA,1,P01,LAB01,0,1,259,3167,0,360
20260910_100219,STILL_1P_NA,39.446,44305405,494,STILL,NA,1,P01,LAB01,1,0,0,0,0,0
20260910_100219,STILL_1P_NA,39.446,44305405,494,STILL,NA,1,P01,LAB01,2,0,0,0,0,0
20260910_100219,STILL_1P_NA,39.535,44394735,495,STILL,NA,1,P01,LAB01,0,1,251,3171,0,360
20260910_100219,STILL_1P_NA,39.535,44394735,495,STILL,NA,1,P01,LAB01,1,0,0,0,0,0
20260910_100219,STILL_1P_NA,39.535,44394735,495,STILL,NA,1,P01,LAB01,2,0,0,0,0,0
20260910_100219,STILL_1P_NA,39.624,44483344,496,STILL,NA,1,P01,LAB01,0,1,245,3175,0,360
20260910_100219,STILL_1P_NA,39.624,44483344,496,STILL,NA,1,P01,LAB01,1,0,0,0,0,0
20260910_100219,STILL_1P_NA,39.624,44483344,496,STILL,NA,1,P01,LAB01,2,0,0,0,0,0
20260910_100219,STILL_1P_NA,39.713,44572729,497,STILL,NA,1,P01,LAB01,0,1,238,3179,0,360
20260910_100219,STILL_1P_NA,39.713,44572729,497,STILL,NA,1,P01,LAB01,1,0,0,0,0,0
20260910_100219,STILL_1P_NA,39.713,44572729,497,STILL,NA,1,P01,LAB01,2,0,0,0,0,0
20260910_100219,STILL_1P_NA,39.802,44661335,498,STILL,NA,1,P01,LAB01,0,1,231,3183,0,360
20260910_100219,STILL_1P_NA,39.802,44661335,498,STILL,NA,1,P01,LAB01,1,0,0,0,0,0
20260910_100219,STILL_1P_NA,39.802,44661335,498,STILL,NA,1,P01,LAB01,2,0,0,0,0,0
20260910_100219,STILL_1P_NA,39.891,44750322,499,STILL,NA,1,P01,LAB01,0,1,225,3187,0,360
20260910_100219,STILL_1P_NA,39.891,44750322,499,STILL,NA,1,P01,LAB01,1,0,0,0,0,0
20260910_100219,STILL_1P_NA,39.891,44750322,499,STILL,NA,1,P01,LAB01,2,0,0,0,0,0
20260910_100219,STILL_1P_NA,39.980,44839488,500,STILL,NA,1,P01,LAB01,0,1,225,3189,0,360
20260910_100219,STILL_1P_NA,39.980,44839488,500,STILL,NA,1,P01,LAB01,1,0,0,0,0,0
20260910_100219,STILL_1P_NA,39.980,44839488,500,STILL,NA,1,P01,LAB01,2,0,0,0,0,0
20260910_100219,STILL_1P_NA,40.069,44928782,501,STILL,NA,1,P01,LAB01,0,1,231,3189,0,360
20260910_100219,STILL_1P_NA,40.069,44928782,501,STILL,NA,1,P01,LAB01,1,0,0,0,0,0
20260910_100219,STILL_1P_NA,40.069,44928782,501,STILL,NA,1,P01,LAB01,2,0,0,0,0,0
20260910_100219,STILL_1P_NA,40.158,45017419,502,STILL,NA,1,P01,LAB01,0,1,239,3189,0,360
20260910_100219,STILL_1P_NA,40.158,45017419,502,STILL,NA,1,P01,LAB01,1,0,0,0,0,0
20260910_100219,STILL_1P_NA,40.158,45017419,502,STILL,NA,1,P01,LAB01,2,0,0,0,0,0
20260910_100219,STILL_1P_NA,40.247,45106371,503,STILL,NA,1,P01,LAB01,0,1,243,3187,0,360
20260910_100219,STILL_1P_NA,40.247,45106371,503,STILL,NA,1,P01,LAB01,1,0,0,0,0,0
20260910_100219,STILL_1P_NA,40.247,45106371,503,STILL,NA,1,P01,LAB01,2,0,0,0,0,0
20260910_100219,STILL_1P_NA,40.336,45195475,504,STILL,NA,1,P01,LAB01,0,1,242,3186,0,360
20260910_100219,STILL_1P_NA,40.336,45195475,504,STILL,NA,1,P01,LAB01,1,0,0,0,0,0
20260910_100219,STILL_1P_NA,40.336,45195475,504,STILL,NA,1,P01,LAB01,2,0,0,0,0,0
20260910_100219,STILL_1P_NA,40.425,45284653,505,STILL,NA,1,P01,LAB01,0,1,239,3186,0,360
20260910_100219,STILL_1P_NA,40.425,45284653,505,STILL,NA,1,P01,LAB01,1,0,0,0,0,0
20260910_100219,STILL_1P_NA,40.425,45284653,505,STILL,NA,1,P01,LAB01,2,0,0,0,0,0
20260910_100219,STILL_1P_NA,40.514,45373632,506,STILL,NA,1,P01,LAB01,0,1,235,3185,0,360
20260910_100219,STILL_1P_NA,40.514,45373632,506,STILL,NA,1,P01,LAB01,1,0,0,0,0,0
20260910_100219,STILL_1P_NA,40.514,45373632,506,STILL,NA,1,P01,LAB01,2,0,0,0,0,0
20260910_100219,STILL_1P_NA,40.603,45462488,507,STILL,NA,1,P01,LAB01,0,1,230,3184,0,360
20260910_100219,STILL_1P_NA,40.603,45462488,507,STILL,NA,1,P01,LAB01,1,0,0,0,0,0
20260910_100219,STILL_1P_NA,40.603,45462488,507,STILL,NA,1,P01,LAB01,2,0,0,0,0,0
20260910_100219,STILL_1P_NA,40.692,45551569,508,STILL,NA,1,P01,LAB01,0,1,227,3184,0,360
20260910_100219,STILL_1P_NA,40.692,45551569,508,STILL,NA,1,P01,LAB01,1,0,0,0,0,0
20260910_100219,STILL_1P_NA,40.692,45551569,508,STILL,NA,1,P01,LAB01,2,0,0,0,0,0
20260910_100219,STILL_1P_NA,40.781,45640516,509,STILL,NA,1,P01,LAB01,0,1,222,3186,0,360
20260910_100219,STILL_1P_NA,40.781,45640516,509,STILL,NA,1,P01,LAB01,1,0,0,0,0,0
20260910_100219,STILL_1P_NA,40.781,45640516,509,STILL,NA,1,P01,LAB01,2,0,0,0,0,0
20260910_100219,STILL_1P_NA,40.870,45729529,510,STILL,NA,1,P01,LAB01,0,1,217,3188,0,360
20260910_100219,STILL_1P_NA,40.870,45729529,510,STILL,NA,1,P01,LAB01,1,0,0,0,0,0
20260910_100219,STILL_1P_NA,40.870,45729529,510,STILL,NA,1,P01,LAB01,2,0,0,0,0,0
20260910_100219,STILL_1P_NA,40.959,45818164,511,STILL,NA,1,P01,LAB01,0,1,213,3190,0,360
20260910_100219,STILL_1P_NA,40.959,45818164,511,STILL,NA,1,P01,LAB01,1,0,0,0,0,0
20260910_100219,STILL_1P_NA,40.959,45818164,511,STILL,NA,1,P01,LAB01,2,0,0,0,0,0
20260910_100219,STILL_1P_NA,41.048,45907685,512,STILL,NA,1,P01,LAB01,0,1,208,3191,0,360
20260910_100219,STILL_1P_NA,41.048,45907685,512,STILL,NA,1,P01,LAB01,1,0,0,0,0,0
20260910_100219,STILL_1P_NA,41.048,45907685,512,STILL,NA,1,P01,LAB01,2,0,0,0,0,0
20260910_100219,STILL_1P_NA,41.137,45996322,513,STILL,NA,1,P01,LAB01,0,1,208,3190,0,360
20260910_100219,STILL_1P_NA,41.137,45996322,513,STILL,NA,1,P01,LAB01,1,0,0,0,0,0
20260910_100219,STILL_1P_NA,41.137,45996322,513,STILL,NA,1,P01,LAB01,2,0,0,0,0,0
20260910_100219,STILL_1P_NA,41.226,46085590,514,STILL,NA,1,P01,LAB01,0,1,206,3193,0,360
20260910_100219,STILL_1P_NA,41.226,46085590,514,STILL,NA,1,P01,LAB01,1,0,0,0,0,0
20260910_100219,STILL_1P_NA,41.226,46085590,514,STILL,NA,1,P01,LAB01,2,0,0,0,0,0
20260910_100219,STILL_1P_NA,41.315,46174406,515,STILL,NA,1,P01,LAB01,0,1,202,3195,0,360
20260910_100219,STILL_1P_NA,41.315,46174406,515,STILL,NA,1,P01,LAB01,1,0,0,0,0,0
20260910_100219,STILL_1P_NA,41.315,46174406,515,STILL,NA,1,P01,LAB01,2,0,0,0,0,0
20260910_100219,STILL_1P_NA,41.404,46263608,516,STILL,NA,1,P01,LAB01,0,1,197,3197,0,360
20260910_100219,STILL_1P_NA,41.404,46263608,516,STILL,NA,1,P01,LAB01,1,0,0,0,0,0
20260910_100219,STILL_1P_NA,41.404,46263608,516,STILL,NA,1,P01,LAB01,2,0,0,0,0,0
20260910_100219,STILL_1P_NA,41.493,46352346,517,STILL,NA,1,P01,LAB01,0,1,195,3197,0,360
20260910_100219,STILL_1P_NA,41.493,46352346,517,STILL,NA,1,P01,LAB01,1,0,0,0,0,0
20260910_100219,STILL_1P_NA,41.493,46352346,517,STILL,NA,1,P01,LAB01,2,0,0,0,0,0
20260910_100219,STILL_1P_NA,41.582,46441482,518,STILL,NA,1,P01,LAB01,0,1,199,3197,0,360
20260910_100219,STILL_1P_NA,41.582,46441482,518,STILL,NA,1,P01,LAB01,1,0,0,0,0,0
20260910_100219,STILL_1P_NA,41.582,46441482,518,STILL,NA,1,P01,LAB01,2,0,0,0,0,0
20260910_100219,STILL_1P_NA,41.671,46530149,519,STILL,NA,1,P01,LAB01,0,1,205,3195,0,360
20260910_100219,STILL_1P_NA,41.671,46530149,519,STILL,NA,1,P01,LAB01,1,0,0,0,0,0
20260910_100219,STILL_1P_NA,41.671,46530149,519,STILL,NA,1,P01,LAB01,2,0,0,0,0,0
20260910_100219,STILL_1P_NA,41.760,46619296,520,STILL,NA,1,P01,LAB01,0,1,206,3195,0,360
20260910_100219,STILL_1P_NA,41.760,46619296,520,STILL,NA,1,P01,LAB01,1,0,0,0,0,0
20260910_100219,STILL_1P_NA,41.760,46619296,520,STILL,NA,1,P01,LAB01,2,0,0,0,0,0
20260910_100219,STILL_1P_NA,41.849,46708139,521,STILL,NA,1,P01,LAB01,0,1,204,3196,0,360
20260910_100219,STILL_1P_NA,41.849,46708139,521,STILL,NA,1,P01,LAB01,1,0,0,0,0,0
20260910_100219,STILL_1P_NA,41.849,46708139,521,STILL,NA,1,P01,LAB01,2,0,0,0,0,0
20260910_100219,STILL_1P_NA,41.938,46797440,522,STILL,NA,1,P01,LAB01,0,1,206,3196,0,360
20260910_100219,STILL_1P_NA,41.938,46797440,522,STILL,NA,1,P01,LAB01,1,0,0,0,0,0
20260910_100219,STILL_1P_NA,41.938,46797440,522,STILL,NA,1,P01,LAB01,2,0,0,0,0,0
20260910_100219,STILL_1P_NA,42.027,46886205,523,STILL,NA,1,P01,LAB01,0,1,208,3195,0,360
20260910_100219,STILL_1P_NA,42.027,46886205,523,STILL,NA,1,P01,LAB01,1,0,0,0,0,0
20260910_100219,STILL_1P_NA,42.027,46886205,523,STILL,NA,1,P01,LAB01,2,0,0,0,0,0
20260910_100219,STILL_1P_NA,42.116,46975440,524,STILL,NA,1,P01,LAB01,0,1,208,3196,0,360
20260910_100219,STILL_1P_NA,42.116,46975440,524,STILL,NA,1,P01,LAB01,1,0,0,0,0,0
20260910_100219,STILL_1P_NA,42.116,46975440,524,STILL,NA,1,P01,LAB01,2,0,0,0,0,0
20260910_100219,STILL_1P_NA,42.205,47064196,525,STILL,NA,1,P01,LAB01,0,1,204,3200,0,360
20260910_100219,STILL_1P_NA,42.205,47064196,525,STILL,NA,1,P01,LAB01,1,0,0,0,0,0
20260910_100219,STILL_1P_NA,42.205,47064196,525,STILL,NA,1,P01,LAB01,2,0,0,0,0,0
20260910_100219,STILL_1P_NA,42.294,47153398,526,STILL,NA,1,P01,LAB01,0,1,200,3203,0,360
20260910_100219,STILL_1P_NA,42.294,47153398,526,STILL,NA,1,P01,LAB01,1,0,0,0,0,0
20260910_100219,STILL_1P_NA,42.294,47153398,526,STILL,NA,1,P01,LAB01,2,0,0,0,0,0
20260910_100219,STILL_1P_NA,42.382,47241981,527,STILL,NA,1,P01,LAB01,0,1,201,3204,0,360
20260910_100219,STILL_1P_NA,42.382,47241981,527,STILL,NA,1,P01,LAB01,1,0,0,0,0,0
20260910_100219,STILL_1P_NA,42.382,47241981,527,STILL,NA,1,P01,LAB01,2,0,0,0,0,0
20260910_100219,STILL_1P_NA,42.472,47331308,528,STILL,NA,1,P01,LAB01,0,1,202,3203,0,360
20260910_100219,STILL_1P_NA,42.472,47331308,528,STILL,NA,1,P01,LAB01,1,0,0,0,0,0
20260910_100219,STILL_1P_NA,42.472,47331308,528,STILL,NA,1,P01,LAB01,2,0,0,0,0,0
20260910_100219,STILL_1P_NA,42.561,47420349,529,STILL,NA,1,P01,LAB01,0,1,199,3203,0,360
20260910_100219,STILL_1P_NA,42.561,47420349,529,STILL,NA,1,P01,LAB01,1,0,0,0,0,0
20260910_100219,STILL_1P_NA,42.561,47420349,529,STILL,NA,1,P01,LAB01,2,0,0,0,0,0
20260910_100219,STILL_1P_NA,42.650,47509426,530,STILL,NA,1,P01,LAB01,0,1,192,3202,0,360
20260910_100219,STILL_1P_NA,42.650,47509426,530,STILL,NA,1,P01,LAB01,1,0,0,0,0,0
20260910_100219,STILL_1P_NA,42.650,47509426,530,STILL,NA,1,P01,LAB01,2,0,0,0,0,0
20260910_100219,STILL_1P_NA,42.739,47598252,531,STILL,NA,1,P01,LAB01,0,1,185,3201,0,360
20260910_100219,STILL_1P_NA,42.739,47598252,531,STILL,NA,1,P01,LAB01,1,0,0,0,0,0
20260910_100219,STILL_1P_NA,42.739,47598252,531,STILL,NA,1,P01,LAB01,2,0,0,0,0,0
20260910_100219,STILL_1P_NA,42.828,47687392,532,STILL,NA,1,P01,LAB01,0,1,181,3199,0,360
20260910_100219,STILL_1P_NA,42.828,47687392,532,STILL,NA,1,P01,LAB01,1,0,0,0,0,0
20260910_100219,STILL_1P_NA,42.828,47687392,532,STILL,NA,1,P01,LAB01,2,0,0,0,0,0
20260910_100219,STILL_1P_NA,42.917,47776211,533,STILL,NA,1,P01,LAB01,0,1,179,3198,0,360
20260910_100219,STILL_1P_NA,42.917,47776211,533,STILL,NA,1,P01,LAB01,1,0,0,0,0,0
20260910_100219,STILL_1P_NA,42.917,47776211,533,STILL,NA,1,P01,LAB01,2,0,0,0,0,0
20260910_100219,STILL_1P_NA,43.006,47865332,534,STILL,NA,1,P01,LAB01,0,1,176,3197,0,360
20260910_100219,STILL_1P_NA,43.006,47865332,534,STILL,NA,1,P01,LAB01,1,0,0,0,0,0
20260910_100219,STILL_1P_NA,43.006,47865332,534,STILL,NA,1,P01,LAB01,2,0,0,0,0,0
20260910_100219,STILL_1P_NA,43.095,47954113,535,STILL,NA,1,P01,LAB01,0,1,177,3194,0,360
20260910_100219,STILL_1P_NA,43.095,47954113,535,STILL,NA,1,P01,LAB01,1,0,0,0,0,0
20260910_100219,STILL_1P_NA,43.095,47954113,535,STILL,NA,1,P01,LAB01,2,0,0,0,0,0
20260910_100219,STILL_1P_NA,43.184,48043322,536,STILL,NA,1,P01,LAB01,0,1,180,3191,0,360
20260910_100219,STILL_1P_NA,43.184,48043322,536,STILL,NA,1,P01,LAB01,1,0,0,0,0,0
20260910_100219,STILL_1P_NA,43.184,48043322,536,STILL,NA,1,P01,LAB01,2,0,0,0,0,0
20260910_100219,STILL_1P_NA,43.272,48132082,537,STILL,NA,1,P01,LAB01,0,1,179,3190,0,360
20260910_100219,STILL_1P_NA,43.272,48132082,537,STILL,NA,1,P01,LAB01,1,0,0,0,0,0
20260910_100219,STILL_1P_NA,43.272,48132082,537,STILL,NA,1,P01,LAB01,2,0,0,0,0,0
20260910_100219,STILL_1P_NA,43.362,48221412,538,STILL,NA,1,P01,LAB01,0,1,175,3194,0,360
20260910_100219,STILL_1P_NA,43.362,48221412,538,STILL,NA,1,P01,LAB01,1,0,0,0,0,0
20260910_100219,STILL_1P_NA,43.362,48221412,538,STILL,NA,1,P01,LAB01,2,0,0,0,0,0
20260910_100219,STILL_1P_NA,43.451,48310168,539,STILL,NA,1,P01,LAB01,0,1,175,3197,0,360
20260910_100219,STILL_1P_NA,43.451,48310168,539,STILL,NA,1,P01,LAB01,1,0,0,0,0,0
20260910_100219,STILL_1P_NA,43.451,48310168,539,STILL,NA,1,P01,LAB01,2,0,0,0,0,0
20260910_100219,STILL_1P_NA,43.540,48399406,540,STILL,NA,1,P01,LAB01,0,1,172,3196,0,360
20260910_100219,STILL_1P_NA,43.540,48399406,540,STILL,NA,1,P01,LAB01,1,0,0,0,0,0
20260910_100219,STILL_1P_NA,43.540,48399406,540,STILL,NA,1,P01,LAB01,2,0,0,0,0,0
20260910_100219,STILL_1P_NA,43.629,48488231,541,STILL,NA,1,P01,LAB01,0,1,171,3195,0,360
20260910_100219,STILL_1P_NA,43.629,48488231,541,STILL,NA,1,P01,LAB01,1,0,0,0,0,0
20260910_100219,STILL_1P_NA,43.629,48488231,541,STILL,NA,1,P01,LAB01,2,0,0,0,0,0
20260910_100219,STILL_1P_NA,43.718,48577279,542,STILL,NA,1,P01,LAB01,0,1,171,3193,0,360
20260910_100219,STILL_1P_NA,43.718,48577279,542,STILL,NA,1,P01,LAB01,1,0,0,0,0,0
20260910_100219,STILL_1P_NA,43.718,48577279,542,STILL,NA,1,P01,LAB01,2,0,0,0,0,0
20260910_100219,STILL_1P_NA,43.806,48665823,543,STILL,NA,1,P01,LAB01,0,1,170,3191,0,360
20260910_100219,STILL_1P_NA,43.806,48665823,543,STILL,NA,1,P01,LAB01,1,0,0,0,0,0
20260910_100219,STILL_1P_NA,43.806,48665823,543,STILL,NA,1,P01,LAB01,2,0,0,0,0,0
20260910_100219,STILL_1P_NA,43.896,48755178,544,STILL,NA,1,P01,LAB01,0,1,169,3188,0,360
20260910_100219,STILL_1P_NA,43.896,48755178,544,STILL,NA,1,P01,LAB01,1,0,0,0,0,0
20260910_100219,STILL_1P_NA,43.896,48755178,544,STILL,NA,1,P01,LAB01,2,0,0,0,0,0
20260910_100219,STILL_1P_NA,43.985,48844064,545,STILL,NA,1,P01,LAB01,0,1,172,3188,0,360
20260910_100219,STILL_1P_NA,43.985,48844064,545,STILL,NA,1,P01,LAB01,1,0,0,0,0,0
20260910_100219,STILL_1P_NA,43.985,48844064,545,STILL,NA,1,P01,LAB01,2,0,0,0,0,0
20260910_100219,STILL_1P_NA,44.074,48933167,546,STILL,NA,1,P01,LAB01,0,1,171,3190,0,360
20260910_100219,STILL_1P_NA,44.074,48933167,546,STILL,NA,1,P01,LAB01,1,0,0,0,0,0
20260910_100219,STILL_1P_NA,44.074,48933167,546,STILL,NA,1,P01,LAB01,2,0,0,0,0,0
20260910_100219,STILL_1P_NA,44.162,49021942,547,STILL,NA,1,P01,LAB01,0,1,170,3191,0,360
20260910_100219,STILL_1P_NA,44.162,49021942,547,STILL,NA,1,P01,LAB01,1,0,0,0,0,0
20260910_100219,STILL_1P_NA,44.162,49021942,547,STILL,NA,1,P01,LAB01,2,0,0,0,0,0
20260910_100219,STILL_1P_NA,44.252,49111302,548,STILL,NA,1,P01,LAB01,0,1,168,3193,0,360
20260910_100219,STILL_1P_NA,44.252,49111302,548,STILL,NA,1,P01,LAB01,1,0,0,0,0,0
20260910_100219,STILL_1P_NA,44.252,49111302,548,STILL,NA,1,P01,LAB01,2,0,0,0,0,0
20260910_100219,STILL_1P_NA,44.340,49199968,549,STILL,NA,1,P01,LAB01,0,1,166,3195,0,360
20260910_100219,STILL_1P_NA,44.340,49199968,549,STILL,NA,1,P01,LAB01,1,0,0,0,0,0
20260910_100219,STILL_1P_NA,44.340,49199968,549,STILL,NA,1,P01,LAB01,2,0,0,0,0,0
20260910_100219,STILL_1P_NA,44.430,49289137,550,STILL,NA,1,P01,LAB01,0,1,164,3197,0,360
20260910_100219,STILL_1P_NA,44.430,49289137,550,STILL,NA,1,P01,LAB01,1,0,0,0,0,0
20260910_100219,STILL_1P_NA,44.430,49289137,550,STILL,NA,1,P01,LAB01,2,0,0,0,0,0
20260910_100219,STILL_1P_NA,44.518,49377936,551,STILL,NA,1,P01,LAB01,0,1,161,3199,0,360
20260910_100219,STILL_1P_NA,44.518,49377936,551,STILL,NA,1,P01,LAB01,1,0,0,0,0,0
20260910_100219,STILL_1P_NA,44.518,49377936,551,STILL,NA,1,P01,LAB01,2,0,0,0,0,0
20260910_100219,STILL_1P_NA,44.608,49467010,552,STILL,NA,1,P01,LAB01,0,1,159,3201,0,360
20260910_100219,STILL_1P_NA,44.608,49467010,552,STILL,NA,1,P01,LAB01,1,0,0,0,0,0
20260910_100219,STILL_1P_NA,44.608,49467010,552,STILL,NA,1,P01,LAB01,2,0,0,0,0,0
20260910_100219,STILL_1P_NA,44.696,49555590,553,STILL,NA,1,P01,LAB01,0,1,158,3202,0,360
20260910_100219,STILL_1P_NA,44.696,49555590,553,STILL,NA,1,P01,LAB01,1,0,0,0,0,0
20260910_100219,STILL_1P_NA,44.696,49555590,553,STILL,NA,1,P01,LAB01,2,0,0,0,0,0
20260910_100219,STILL_1P_NA,44.785,49644915,554,STILL,NA,1,P01,LAB01,0,1,156,3204,0,360
20260910_100219,STILL_1P_NA,44.785,49644915,554,STILL,NA,1,P01,LAB01,1,0,0,0,0,0
20260910_100219,STILL_1P_NA,44.785,49644915,554,STILL,NA,1,P01,LAB01,2,0,0,0,0,0
20260910_100219,STILL_1P_NA,44.874,49733767,555,STILL,NA,1,P01,LAB01,0,1,154,3206,0,360
20260910_100219,STILL_1P_NA,44.874,49733767,555,STILL,NA,1,P01,LAB01,1,0,0,0,0,0
20260910_100219,STILL_1P_NA,44.874,49733767,555,STILL,NA,1,P01,LAB01,2,0,0,0,0,0
20260910_100219,STILL_1P_NA,44.963,49823004,556,STILL,NA,1,P01,LAB01,0,1,151,3207,0,360
20260910_100219,STILL_1P_NA,44.963,49823004,556,STILL,NA,1,P01,LAB01,1,0,0,0,0,0
20260910_100219,STILL_1P_NA,44.963,49823004,556,STILL,NA,1,P01,LAB01,2,0,0,0,0,0
20260910_100219,STILL_1P_NA,45.052,49911954,557,STILL,NA,1,P01,LAB01,0,1,148,3208,0,360
20260910_100219,STILL_1P_NA,45.052,49911954,557,STILL,NA,1,P01,LAB01,1,0,0,0,0,0
20260910_100219,STILL_1P_NA,45.052,49911954,557,STILL,NA,1,P01,LAB01,2,0,0,0,0,0
20260910_100219,STILL_1P_NA,45.141,50000909,558,STILL,NA,1,P01,LAB01,0,1,143,3210,0,360
20260910_100219,STILL_1P_NA,45.141,50000909,558,STILL,NA,1,P01,LAB01,1,0,0,0,0,0
20260910_100219,STILL_1P_NA,45.141,50000909,558,STILL,NA,1,P01,LAB01,2,0,0,0,0,0
20260910_100219,STILL_1P_NA,45.230,50089981,559,STILL,NA,1,P01,LAB01,0,1,137,3214,0,360
20260910_100219,STILL_1P_NA,45.230,50089981,559,STILL,NA,1,P01,LAB01,1,0,0,0,0,0
20260910_100219,STILL_1P_NA,45.230,50089981,559,STILL,NA,1,P01,LAB01,2,0,0,0,0,0
20260910_100219,STILL_1P_NA,45.319,50178963,560,STILL,NA,1,P01,LAB01,0,1,131,3217,0,360
20260910_100219,STILL_1P_NA,45.319,50178963,560,STILL,NA,1,P01,LAB01,1,0,0,0,0,0
20260910_100219,STILL_1P_NA,45.319,50178963,560,STILL,NA,1,P01,LAB01,2,0,0,0,0,0
20260910_100219,STILL_1P_NA,45.408,50267762,561,STILL,NA,1,P01,LAB01,0,1,125,3220,0,360
20260910_100219,STILL_1P_NA,45.408,50267762,561,STILL,NA,1,P01,LAB01,1,0,0,0,0,0
20260910_100219,STILL_1P_NA,45.408,50267762,561,STILL,NA,1,P01,LAB01,2,0,0,0,0,0
20260910_100219,STILL_1P_NA,45.497,50356866,562,STILL,NA,1,P01,LAB01,0,1,119,3223,0,360
20260910_100219,STILL_1P_NA,45.497,50356866,562,STILL,NA,1,P01,LAB01,1,0,0,0,0,0
20260910_100219,STILL_1P_NA,45.497,50356866,562,STILL,NA,1,P01,LAB01,2,0,0,0,0,0
20260910_100219,STILL_1P_NA,45.586,50445915,563,STILL,NA,1,P01,LAB01,0,1,114,3226,0,360
20260910_100219,STILL_1P_NA,45.586,50445915,563,STILL,NA,1,P01,LAB01,1,0,0,0,0,0
20260910_100219,STILL_1P_NA,45.586,50445915,563,STILL,NA,1,P01,LAB01,2,0,0,0,0,0
20260910_100219,STILL_1P_NA,45.675,50534795,564,STILL,NA,1,P01,LAB01,0,1,109,3229,0,360
20260910_100219,STILL_1P_NA,45.675,50534795,564,STILL,NA,1,P01,LAB01,1,0,0,0,0,0
20260910_100219,STILL_1P_NA,45.675,50534795,564,STILL,NA,1,P01,LAB01,2,0,0,0,0,0
20260910_100219,STILL_1P_NA,45.765,50623936,565,STILL,NA,1,P01,LAB01,0,1,104,3231,0,360
20260910_100219,STILL_1P_NA,45.765,50623936,565,STILL,NA,1,P01,LAB01,1,0,0,0,0,0
20260910_100219,STILL_1P_NA,45.765,50623936,565,STILL,NA,1,P01,LAB01,2,0,0,0,0,0
20260910_100219,STILL_1P_NA,45.854,50712608,566,STILL,NA,1,P01,LAB01,0,1,99,3234,0,360
20260910_100219,STILL_1P_NA,45.854,50712608,566,STILL,NA,1,P01,LAB01,1,0,0,0,0,0
20260910_100219,STILL_1P_NA,45.854,50712608,566,STILL,NA,1,P01,LAB01,2,0,0,0,0,0
20260910_100219,STILL_1P_NA,45.943,50801839,567,STILL,NA,1,P01,LAB01,0,1,95,3236,0,360
20260910_100219,STILL_1P_NA,45.943,50801839,567,STILL,NA,1,P01,LAB01,1,0,0,0,0,0
20260910_100219,STILL_1P_NA,45.943,50801839,567,STILL,NA,1,P01,LAB01,2,0,0,0,0,0
20260910_100219,STILL_1P_NA,46.031,50890762,568,STILL,NA,1,P01,LAB01,0,1,90,3239,0,360
20260910_100219,STILL_1P_NA,46.031,50890762,568,STILL,NA,1,P01,LAB01,1,0,0,0,0,0
20260910_100219,STILL_1P_NA,46.031,50890762,568,STILL,NA,1,P01,LAB01,2,0,0,0,0,0
20260910_100219,STILL_1P_NA,46.121,50979963,569,STILL,NA,1,P01,LAB01,0,1,86,3241,0,360
20260910_100219,STILL_1P_NA,46.121,50979963,569,STILL,NA,1,P01,LAB01,1,0,0,0,0,0
20260910_100219,STILL_1P_NA,46.121,50979963,569,STILL,NA,1,P01,LAB01,2,0,0,0,0,0
20260910_100219,STILL_1P_NA,46.209,51068818,570,STILL,NA,1,P01,LAB01,0,1,88,3242,0,360
20260910_100219,STILL_1P_NA,46.209,51068818,570,STILL,NA,1,P01,LAB01,1,0,0,0,0,0
20260910_100219,STILL_1P_NA,46.209,51068818,570,STILL,NA,1,P01,LAB01,2,0,0,0,0,0
20260910_100219,STILL_1P_NA,46.298,51157954,571,STILL,NA,1,P01,LAB01,0,1,92,3243,0,360
20260910_100219,STILL_1P_NA,46.298,51157954,571,STILL,NA,1,P01,LAB01,1,0,0,0,0,0
20260910_100219,STILL_1P_NA,46.298,51157954,571,STILL,NA,1,P01,LAB01,2,0,0,0,0,0
20260910_100219,STILL_1P_NA,46.387,51246632,572,STILL,NA,1,P01,LAB01,0,1,96,3244,0,360
20260910_100219,STILL_1P_NA,46.387,51246632,572,STILL,NA,1,P01,LAB01,1,0,0,0,0,0
20260910_100219,STILL_1P_NA,46.387,51246632,572,STILL,NA,1,P01,LAB01,2,0,0,0,0,0
20260910_100219,STILL_1P_NA,46.476,51335709,573,STILL,NA,1,P01,LAB01,0,1,100,3245,0,360
20260910_100219,STILL_1P_NA,46.476,51335709,573,STILL,NA,1,P01,LAB01,1,0,0,0,0,0
20260910_100219,STILL_1P_NA,46.476,51335709,573,STILL,NA,1,P01,LAB01,2,0,0,0,0,0
20260910_100219,STILL_1P_NA,46.565,51424750,574,STILL,NA,1,P01,LAB01,0,1,113,3245,0,360
20260910_100219,STILL_1P_NA,46.565,51424750,574,STILL,NA,1,P01,LAB01,1,0,0,0,0,0
20260910_100219,STILL_1P_NA,46.565,51424750,574,STILL,NA,1,P01,LAB01,2,0,0,0,0,0
20260910_100219,STILL_1P_NA,46.654,51514035,575,STILL,NA,1,P01,LAB01,0,1,124,3243,0,360
20260910_100219,STILL_1P_NA,46.654,51514035,575,STILL,NA,1,P01,LAB01,1,0,0,0,0,0
20260910_100219,STILL_1P_NA,46.654,51514035,575,STILL,NA,1,P01,LAB01,2,0,0,0,0,0
20260910_100219,STILL_1P_NA,46.743,51602712,576,STILL,NA,1,P01,LAB01,0,1,137,3239,0,360
20260910_100219,STILL_1P_NA,46.743,51602712,576,STILL,NA,1,P01,LAB01,1,0,0,0,0,0
20260910_100219,STILL_1P_NA,46.743,51602712,576,STILL,NA,1,P01,LAB01,2,0,0,0,0,0
20260910_100219,STILL_1P_NA,46.832,51691951,577,STILL,NA,1,P01,LAB01,0,1,146,3235,0,360
20260910_100219,STILL_1P_NA,46.832,51691951,577,STILL,NA,1,P01,LAB01,1,0,0,0,0,0
20260910_100219,STILL_1P_NA,46.832,51691951,577,STILL,NA,1,P01,LAB01,2,0,0,0,0,0
20260910_100219,STILL_1P_NA,46.921,51780740,578,STILL,NA,1,P01,LAB01,0,1,153,3233,0,360
20260910_100219,STILL_1P_NA,46.921,51780740,578,STILL,NA,1,P01,LAB01,1,0,0,0,0,0
20260910_100219,STILL_1P_NA,46.921,51780740,578,STILL,NA,1,P01,LAB01,2,0,0,0,0,0
20260910_100219,STILL_1P_NA,47.010,51869969,579,STILL,NA,1,P01,LAB01,0,1,158,3232,0,360
20260910_100219,STILL_1P_NA,47.010,51869969,579,STILL,NA,1,P01,LAB01,1,0,0,0,0,0
20260910_100219,STILL_1P_NA,47.010,51869969,579,STILL,NA,1,P01,LAB01,2,0,0,0,0,0
20260910_100219,STILL_1P_NA,47.099,51958767,580,STILL,NA,1,P01,LAB01,0,1,160,3231,0,360
20260910_100219,STILL_1P_NA,47.099,51958767,580,STILL,NA,1,P01,LAB01,1,0,0,0,0,0
20260910_100219,STILL_1P_NA,47.099,51958767,580,STILL,NA,1,P01,LAB01,2,0,0,0,0,0
20260910_100219,STILL_1P_NA,47.188,52047782,581,STILL,NA,1,P01,LAB01,0,1,163,3230,0,360
20260910_100219,STILL_1P_NA,47.188,52047782,581,STILL,NA,1,P01,LAB01,1,0,0,0,0,0
20260910_100219,STILL_1P_NA,47.188,52047782,581,STILL,NA,1,P01,LAB01,2,0,0,0,0,0
20260910_100219,STILL_1P_NA,47.277,52136508,582,STILL,NA,1,P01,LAB01,0,1,165,3230,0,360
20260910_100219,STILL_1P_NA,47.277,52136508,582,STILL,NA,1,P01,LAB01,1,0,0,0,0,0
20260910_100219,STILL_1P_NA,47.277,52136508,582,STILL,NA,1,P01,LAB01,2,0,0,0,0,0
20260910_100219,STILL_1P_NA,47.366,52225685,583,STILL,NA,1,P01,LAB01,0,1,167,3229,0,360
20260910_100219,STILL_1P_NA,47.366,52225685,583,STILL,NA,1,P01,LAB01,1,0,0,0,0,0
20260910_100219,STILL_1P_NA,47.366,52225685,583,STILL,NA,1,P01,LAB01,2,0,0,0,0,0
20260910_100219,STILL_1P_NA,47.455,52314762,584,STILL,NA,1,P01,LAB01,0,1,164,3230,0,360
20260910_100219,STILL_1P_NA,47.455,52314762,584,STILL,NA,1,P01,LAB01,1,0,0,0,0,0
20260910_100219,STILL_1P_NA,47.455,52314762,584,STILL,NA,1,P01,LAB01,2,0,0,0,0,0
20260910_100219,STILL_1P_NA,47.545,52403990,585,STILL,NA,1,P01,LAB01,0,1,163,3230,0,360
20260910_100219,STILL_1P_NA,47.545,52403990,585,STILL,NA,1,P01,LAB01,1,0,0,0,0,0
20260910_100219,STILL_1P_NA,47.545,52403990,585,STILL,NA,1,P01,LAB01,2,0,0,0,0,0
20260910_100219,STILL_1P_NA,47.633,52492664,586,STILL,NA,1,P01,LAB01,0,1,168,3227,0,360
20260910_100219,STILL_1P_NA,47.633,52492664,586,STILL,NA,1,P01,LAB01,1,0,0,0,0,0
20260910_100219,STILL_1P_NA,47.633,52492664,586,STILL,NA,1,P01,LAB01,2,0,0,0,0,0
20260910_100219,STILL_1P_NA,47.722,52581832,587,STILL,NA,1,P01,LAB01,0,1,175,3224,0,360
20260910_100219,STILL_1P_NA,47.722,52581832,587,STILL,NA,1,P01,LAB01,1,0,0,0,0,0
20260910_100219,STILL_1P_NA,47.722,52581832,587,STILL,NA,1,P01,LAB01,2,0,0,0,0,0
20260910_100219,STILL_1P_NA,47.811,52670626,588,STILL,NA,1,P01,LAB01,0,1,183,3222,0,360
20260910_100219,STILL_1P_NA,47.811,52670626,588,STILL,NA,1,P01,LAB01,1,0,0,0,0,0
20260910_100219,STILL_1P_NA,47.811,52670626,588,STILL,NA,1,P01,LAB01,2,0,0,0,0,0
20260910_100219,STILL_1P_NA,47.900,52760018,589,STILL,NA,1,P01,LAB01,0,1,194,3221,0,360
20260910_100219,STILL_1P_NA,47.900,52760018,589,STILL,NA,1,P01,LAB01,1,0,0,0,0,0
20260910_100219,STILL_1P_NA,47.900,52760018,589,STILL,NA,1,P01,LAB01,2,0,0,0,0,0
20260910_100219,STILL_1P_NA,47.989,52848590,590,STILL,NA,1,P01,LAB01,0,1,209,3219,0,360
20260910_100219,STILL_1P_NA,47.989,52848590,590,STILL,NA,1,P01,LAB01,1,0,0,0,0,0
20260910_100219,STILL_1P_NA,47.989,52848590,590,STILL,NA,1,P01,LAB01,2,0,0,0,0,0
20260910_100219,STILL_1P_NA,48.078,52937791,591,STILL,NA,1,P01,LAB01,0,1,220,3217,0,360
20260910_100219,STILL_1P_NA,48.078,52937791,591,STILL,NA,1,P01,LAB01,1,0,0,0,0,0
20260910_100219,STILL_1P_NA,48.078,52937791,591,STILL,NA,1,P01,LAB01,2,0,0,0,0,0
20260910_100219,STILL_1P_NA,48.167,53026679,592,STILL,NA,1,P01,LAB01,0,1,227,3214,0,360
20260910_100219,STILL_1P_NA,48.167,53026679,592,STILL,NA,1,P01,LAB01,1,0,0,0,0,0
20260910_100219,STILL_1P_NA,48.167,53026679,592,STILL,NA,1,P01,LAB01,2,0,0,0,0,0
20260910_100219,STILL_1P_NA,48.256,53115791,593,STILL,NA,1,P01,LAB01,0,1,234,3212,0,360
20260910_100219,STILL_1P_NA,48.256,53115791,593,STILL,NA,1,P01,LAB01,1,0,0,0,0,0
20260910_100219,STILL_1P_NA,48.256,53115791,593,STILL,NA,1,P01,LAB01,2,0,0,0,0,0
20260910_100219,STILL_1P_NA,48.345,53204488,594,STILL,NA,1,P01,LAB01,0,1,240,3210,0,360
20260910_100219,STILL_1P_NA,48.345,53204488,594,STILL,NA,1,P01,LAB01,1,0,0,0,0,0
20260910_100219,STILL_1P_NA,48.345,53204488,594,STILL,NA,1,P01,LAB01,2,0,0,0,0,0
20260910_100219,STILL_1P_NA,48.434,53293719,595,STILL,NA,1,P01,LAB01,0,1,246,3207,0,360
20260910_100219,STILL_1P_NA,48.434,53293719,595,STILL,NA,1,P01,LAB01,1,0,0,0,0,0
20260910_100219,STILL_1P_NA,48.434,53293719,595,STILL,NA,1,P01,LAB01,2,0,0,0,0,0
20260910_100219,STILL_1P_NA,48.523,53382581,596,STILL,NA,1,P01,LAB01,0,1,252,3205,0,360
20260910_100219,STILL_1P_NA,48.523,53382581,596,STILL,NA,1,P01,LAB01,1,0,0,0,0,0
20260910_100219,STILL_1P_NA,48.523,53382581,596,STILL,NA,1,P01,LAB01,2,0,0,0,0,0
20260910_100219,STILL_1P_NA,48.612,53471595,597,STILL,NA,1,P01,LAB01,0,1,258,3203,0,360
20260910_100219,STILL_1P_NA,48.612,53471595,597,STILL,NA,1,P01,LAB01,1,0,0,0,0,0
20260910_100219,STILL_1P_NA,48.612,53471595,597,STILL,NA,1,P01,LAB01,2,0,0,0,0,0
20260910_100219,STILL_1P_NA,48.701,53560795,598,STILL,NA,1,P01,LAB01,0,1,263,3201,0,360
20260910_100219,STILL_1P_NA,48.701,53560795,598,STILL,NA,1,P01,LAB01,1,0,0,0,0,0
20260910_100219,STILL_1P_NA,48.701,53560795,598,STILL,NA,1,P01,LAB01,2,0,0,0,0,0
20260910_100219,STILL_1P_NA,48.790,53649617,599,STILL,NA,1,P01,LAB01,0,1,269,3199,0,360
20260910_100219,STILL_1P_NA,48.790,53649617,599,STILL,NA,1,P01,LAB01,1,0,0,0,0,0
20260910_100219,STILL_1P_NA,48.790,53649617,599,STILL,NA,1,P01,LAB01,2,0,0,0,0,0
20260910_100219,STILL_1P_NA,48.879,53738537,600,STILL,NA,1,P01,LAB01,0,1,279,3197,0,360
20260910_100219,STILL_1P_NA,48.879,53738537,600,STILL,NA,1,P01,LAB01,1,0,0,0,0,0
20260910_100219,STILL_1P_NA,48.879,53738537,600,STILL,NA,1,P01,LAB01,2,0,0,0,0,0
20260910_100219,STILL_1P_NA,48.968,53827839,601,STILL,NA,1,P01,LAB01,0,1,288,3196,0,360
20260910_100219,STILL_1P_NA,48.968,53827839,601,STILL,NA,1,P01,LAB01,1,0,0,0,0,0
20260910_100219,STILL_1P_NA,48.968,53827839,601,STILL,NA,1,P01,LAB01,2,0,0,0,0,0
20260910_100219,STILL_1P_NA,49.057,53916719,602,STILL,NA,1,P01,LAB01,0,1,294,3196,0,360
20260910_100219,STILL_1P_NA,49.057,53916719,602,STILL,NA,1,P01,LAB01,1,0,0,0,0,0
20260910_100219,STILL_1P_NA,49.057,53916719,602,STILL,NA,1,P01,LAB01,2,0,0,0,0,0
20260910_100219,STILL_1P_NA,49.146,54005832,603,STILL,NA,1,P01,LAB01,0,1,298,3197,0,360
20260910_100219,STILL_1P_NA,49.146,54005832,603,STILL,NA,1,P01,LAB01,1,0,0,0,0,0
20260910_100219,STILL_1P_NA,49.146,54005832,603,STILL,NA,1,P01,LAB01,2,0,0,0,0,0
20260910_100219,STILL_1P_NA,49.235,54094626,604,STILL,NA,1,P01,LAB01,0,1,298,3197,0,360
20260910_100219,STILL_1P_NA,49.235,54094626,604,STILL,NA,1,P01,LAB01,1,0,0,0,0,0
20260910_100219,STILL_1P_NA,49.235,54094626,604,STILL,NA,1,P01,LAB01,2,0,0,0,0,0
20260910_100219,STILL_1P_NA,49.324,54183509,605,STILL,NA,1,P01,LAB01,0,1,297,3198,0,360
20260910_100219,STILL_1P_NA,49.324,54183509,605,STILL,NA,1,P01,LAB01,1,0,0,0,0,0
20260910_100219,STILL_1P_NA,49.324,54183509,605,STILL,NA,1,P01,LAB01,2,0,0,0,0,0
20260910_100219,STILL_1P_NA,49.413,54272750,606,STILL,NA,1,P01,LAB01,0,1,296,3199,0,360
20260910_100219,STILL_1P_NA,49.413,54272750,606,STILL,NA,1,P01,LAB01,1,0,0,0,0,0
20260910_100219,STILL_1P_NA,49.413,54272750,606,STILL,NA,1,P01,LAB01,2,0,0,0,0,0
20260910_100219,STILL_1P_NA,49.502,54361762,607,STILL,NA,1,P01,LAB01,0,1,296,3200,0,360
20260910_100219,STILL_1P_NA,49.502,54361762,607,STILL,NA,1,P01,LAB01,1,0,0,0,0,0
20260910_100219,STILL_1P_NA,49.502,54361762,607,STILL,NA,1,P01,LAB01,2,0,0,0,0,0
20260910_100219,STILL_1P_NA,49.591,54450461,608,STILL,NA,1,P01,LAB01,0,1,295,3202,0,360
20260910_100219,STILL_1P_NA,49.591,54450461,608,STILL,NA,1,P01,LAB01,1,0,0,0,0,0
20260910_100219,STILL_1P_NA,49.591,54450461,608,STILL,NA,1,P01,LAB01,2,0,0,0,0,0
20260910_100219,STILL_1P_NA,49.680,54539569,609,STILL,NA,1,P01,LAB01,0,1,295,3203,0,360
20260910_100219,STILL_1P_NA,49.680,54539569,609,STILL,NA,1,P01,LAB01,1,0,0,0,0,0
20260910_100219,STILL_1P_NA,49.680,54539569,609,STILL,NA,1,P01,LAB01,2,0,0,0,0,0
20260910_100219,STILL_1P_NA,49.769,54628453,610,STILL,NA,1,P01,LAB01,0,1,294,3204,0,360
20260910_100219,STILL_1P_NA,49.769,54628453,610,STILL,NA,1,P01,LAB01,1,0,0,0,0,0
20260910_100219,STILL_1P_NA,49.769,54628453,610,STILL,NA,1,P01,LAB01,2,0,0,0,0,0
20260910_100219,STILL_1P_NA,49.858,54717468,611,STILL,NA,1,P01,LAB01,0,1,292,3205,0,360
20260910_100219,STILL_1P_NA,49.858,54717468,611,STILL,NA,1,P01,LAB01,1,0,0,0,0,0
20260910_100219,STILL_1P_NA,49.858,54717468,611,STILL,NA,1,P01,LAB01,2,0,0,0,0,0
20260910_100219,STILL_1P_NA,49.947,54806447,612,STILL,NA,1,P01,LAB01,0,1,291,3205,0,360
20260910_100219,STILL_1P_NA,49.947,54806447,612,STILL,NA,1,P01,LAB01,1,0,0,0,0,0
20260910_100219,STILL_1P_NA,49.947,54806447,612,STILL,NA,1,P01,LAB01,2,0,0,0,0,0
20260910_100219,STILL_1P_NA,50.036,54895523,613,STILL,NA,1,P01,LAB01,0,1,290,3205,0,360
20260910_100219,STILL_1P_NA,50.036,54895523,613,STILL,NA,1,P01,LAB01,1,0,0,0,0,0
20260910_100219,STILL_1P_NA,50.036,54895523,613,STILL,NA,1,P01,LAB01,2,0,0,0,0,0
20260910_100219,STILL_1P_NA,50.125,54984355,614,STILL,NA,1,P01,LAB01,0,1,290,3206,0,360
20260910_100219,STILL_1P_NA,50.125,54984355,614,STILL,NA,1,P01,LAB01,1,0,0,0,0,0
20260910_100219,STILL_1P_NA,50.125,54984355,614,STILL,NA,1,P01,LAB01,2,0,0,0,0,0
20260910_100219,STILL_1P_NA,50.214,55073249,615,STILL,NA,1,P01,LAB01,0,1,289,3206,0,360
20260910_100219,STILL_1P_NA,50.214,55073249,615,STILL,NA,1,P01,LAB01,1,0,0,0,0,0
20260910_100219,STILL_1P_NA,50.214,55073249,615,STILL,NA,1,P01,LAB01,2,0,0,0,0,0
20260910_100219,STILL_1P_NA,50.303,55162378,616,STILL,NA,1,P01,LAB01,0,1,289,3206,0,360
20260910_100219,STILL_1P_NA,50.303,55162378,616,STILL,NA,1,P01,LAB01,1,0,0,0,0,0
20260910_100219,STILL_1P_NA,50.303,55162378,616,STILL,NA,1,P01,LAB01,2,0,0,0,0,0
20260910_100219,STILL_1P_NA,50.392,55251335,617,STILL,NA,1,P01,LAB01,0,1,288,3207,0,360
20260910_100219,STILL_1P_NA,50.392,55251335,617,STILL,NA,1,P01,LAB01,1,0,0,0,0,0
20260910_100219,STILL_1P_NA,50.392,55251335,617,STILL,NA,1,P01,LAB01,2,0,0,0,0,0
20260910_100219,STILL_1P_NA,50.481,55340225,618,STILL,NA,1,P01,LAB01,0,1,287,3207,0,360
20260910_100219,STILL_1P_NA,50.481,55340225,618,STILL,NA,1,P01,LAB01,1,0,0,0,0,0
20260910_100219,STILL_1P_NA,50.481,55340225,618,STILL,NA,1,P01,LAB01,2,0,0,0,0,0
20260910_100219,STILL_1P_NA,50.570,55429419,619,STILL,NA,1,P01,LAB01,0,1,287,3207,0,360
20260910_100219,STILL_1P_NA,50.570,55429419,619,STILL,NA,1,P01,LAB01,1,0,0,0,0,0
20260910_100219,STILL_1P_NA,50.570,55429419,619,STILL,NA,1,P01,LAB01,2,0,0,0,0,0
20260910_100219,STILL_1P_NA,50.659,55518529,620,STILL,NA,1,P01,LAB01,0,1,282,3208,8,360
20260910_100219,STILL_1P_NA,50.659,55518529,620,STILL,NA,1,P01,LAB01,1,0,0,0,0,0
20260910_100219,STILL_1P_NA,50.659,55518529,620,STILL,NA,1,P01,LAB01,2,0,0,0,0,0
20260910_100219,STILL_1P_NA,50.748,55607447,621,STILL,NA,1,P01,LAB01,0,1,273,3208,0,360
20260910_100219,STILL_1P_NA,50.748,55607447,621,STILL,NA,1,P01,LAB01,1,0,0,0,0,0
20260910_100219,STILL_1P_NA,50.748,55607447,621,STILL,NA,1,P01,LAB01,2,0,0,0,0,0
20260910_100219,STILL_1P_NA,50.837,55696522,622,STILL,NA,1,P01,LAB01,0,1,266,3207,0,360
20260910_100219,STILL_1P_NA,50.837,55696522,622,STILL,NA,1,P01,LAB01,1,0,0,0,0,0
20260910_100219,STILL_1P_NA,50.837,55696522,622,STILL,NA,1,P01,LAB01,2,0,0,0,0,0
20260910_100219,STILL_1P_NA,50.926,55785158,623,STILL,NA,1,P01,LAB01,0,1,260,3208,0,360
20260910_100219,STILL_1P_NA,50.926,55785158,623,STILL,NA,1,P01,LAB01,1,0,0,0,0,0
20260910_100219,STILL_1P_NA,50.926,55785158,623,STILL,NA,1,P01,LAB01,2,0,0,0,0,0
20260910_100219,STILL_1P_NA,51.015,55874488,624,STILL,NA,1,P01,LAB01,0,1,253,3209,0,360
20260910_100219,STILL_1P_NA,51.015,55874488,624,STILL,NA,1,P01,LAB01,1,0,0,0,0,0
20260910_100219,STILL_1P_NA,51.015,55874488,624,STILL,NA,1,P01,LAB01,2,0,0,0,0,0
20260910_100219,STILL_1P_NA,51.103,55963057,625,STILL,NA,1,P01,LAB01,0,1,247,3210,0,360
20260910_100219,STILL_1P_NA,51.103,55963057,625,STILL,NA,1,P01,LAB01,1,0,0,0,0,0
20260910_100219,STILL_1P_NA,51.103,55963057,625,STILL,NA,1,P01,LAB01,2,0,0,0,0,0
20260910_100219,STILL_1P_NA,51.193,56052392,626,STILL,NA,1,P01,LAB01,0,1,238,3212,0,360
20260910_100219,STILL_1P_NA,51.193,56052392,626,STILL,NA,1,P01,LAB01,1,0,0,0,0,0
20260910_100219,STILL_1P_NA,51.193,56052392,626,STILL,NA,1,P01,LAB01,2,0,0,0,0,0
20260910_100219,STILL_1P_NA,51.282,56141371,627,STILL,NA,1,P01,LAB01,0,1,231,3213,0,360
20260910_100219,STILL_1P_NA,51.282,56141371,627,STILL,NA,1,P01,LAB01,1,0,0,0,0,0
20260910_100219,STILL_1P_NA,51.282,56141371,627,STILL,NA,1,P01,LAB01,2,0,0,0,0,0
20260910_100219,STILL_1P_NA,51.370,56230231,628,STILL,NA,1,P01,LAB01,0,1,224,3214,0,360
20260910_100219,STILL_1P_NA,51.370,56230231,628,STILL,NA,1,P01,LAB01,1,0,0,0,0,0
20260910_100219,STILL_1P_NA,51.370,56230231,628,STILL,NA,1,P01,LAB01,2,0,0,0,0,0
20260910_100219,STILL_1P_NA,51.460,56319371,629,STILL,NA,1,P01,LAB01,0,1,221,3214,0,360
20260910_100219,STILL_1P_NA,51.460,56319371,629,STILL,NA,1,P01,LAB01,1,0,0,0,0,0
20260910_100219,STILL_1P_NA,51.460,56319371,629,STILL,NA,1,P01,LAB01,2,0,0,0,0,0
20260910_100219,STILL_1P_NA,51.549,56408537,630,STILL,NA,1,P01,LAB01,0,1,219,3211,0,360
20260910_100219,STILL_1P_NA,51.549,56408537,630,STILL,NA,1,P01,LAB01,1,0,0,0,0,0
20260910_100219,STILL_1P_NA,51.549,56408537,630,STILL,NA,1,P01,LAB01,2,0,0,0,0,0
20260910_100219,STILL_1P_NA,51.638,56497140,631,STILL,NA,1,P01,LAB01,0,1,218,3206,0,360
20260910_100219,STILL_1P_NA,51.638,56497140,631,STILL,NA,1,P01,LAB01,1,0,0,0,0,0
20260910_100219,STILL_1P_NA,51.638,56497140,631,STILL,NA,1,P01,LAB01,2,0,0,0,0,0
20260910_100219,STILL_1P_NA,51.727,56586322,632,STILL,NA,1,P01,LAB01,0,1,217,3201,0,360
20260910_100219,STILL_1P_NA,51.727,56586322,632,STILL,NA,1,P01,LAB01,1,0,0,0,0,0
20260910_100219,STILL_1P_NA,51.727,56586322,632,STILL,NA,1,P01,LAB01,2,0,0,0,0,0
20260910_100219,STILL_1P_NA,51.816,56675240,633,STILL,NA,1,P01,LAB01,0,1,216,3196,0,360
20260910_100219,STILL_1P_NA,51.816,56675240,633,STILL,NA,1,P01,LAB01,1,0,0,0,0,0
20260910_100219,STILL_1P_NA,51.816,56675240,633,STILL,NA,1,P01,LAB01,2,0,0,0,0,0
20260910_100219,STILL_1P_NA,51.904,56764149,634,STILL,NA,1,P01,LAB01,0,1,215,3191,0,360
20260910_100219,STILL_1P_NA,51.904,56764149,634,STILL,NA,1,P01,LAB01,1,0,0,0,0,0
20260910_100219,STILL_1P_NA,51.904,56764149,634,STILL,NA,1,P01,LAB01,2,0,0,0,0,0
20260910_100219,STILL_1P_NA,51.993,56853074,635,STILL,NA,1,P01,LAB01,0,1,214,3187,0,360
20260910_100219,STILL_1P_NA,51.993,56853074,635,STILL,NA,1,P01,LAB01,1,0,0,0,0,0
20260910_100219,STILL_1P_NA,51.993,56853074,635,STILL,NA,1,P01,LAB01,2,0,0,0,0,0
20260910_100219,STILL_1P_NA,52.083,56942249,636,STILL,NA,1,P01,LAB01,0,1,209,3186,0,360
20260910_100219,STILL_1P_NA,52.083,56942249,636,STILL,NA,1,P01,LAB01,1,0,0,0,0,0
20260910_100219,STILL_1P_NA,52.083,56942249,636,STILL,NA,1,P01,LAB01,2,0,0,0,0,0
20260910_100219,STILL_1P_NA,52.171,57031259,637,STILL,NA,1,P01,LAB01,0,1,205,3186,0,360
20260910_100219,STILL_1P_NA,52.171,57031259,637,STILL,NA,1,P01,LAB01,1,0,0,0,0,0
20260910_100219,STILL_1P_NA,52.171,57031259,637,STILL,NA,1,P01,LAB01,2,0,0,0,0,0
20260910_100219,STILL_1P_NA,52.261,57120461,638,STILL,NA,1,P01,LAB01,0,1,203,3186,0,360
20260910_100219,STILL_1P_NA,52.261,57120461,638,STILL,NA,1,P01,LAB01,1,0,0,0,0,0
20260910_100219,STILL_1P_NA,52.261,57120461,638,STILL,NA,1,P01,LAB01,2,0,0,0,0,0
20260910_100219,STILL_1P_NA,52.350,57209225,639,STILL,NA,1,P01,LAB01,0,1,200,3187,0,360
20260910_100219,STILL_1P_NA,52.350,57209225,639,STILL,NA,1,P01,LAB01,1,0,0,0,0,0
20260910_100219,STILL_1P_NA,52.350,57209225,639,STILL,NA,1,P01,LAB01,2,0,0,0,0,0
20260910_100219,STILL_1P_NA,52.438,57298240,640,STILL,NA,1,P01,LAB01,0,1,200,3189,0,360
20260910_100219,STILL_1P_NA,52.438,57298240,640,STILL,NA,1,P01,LAB01,1,0,0,0,0,0
20260910_100219,STILL_1P_NA,52.438,57298240,640,STILL,NA,1,P01,LAB01,2,0,0,0,0,0
20260910_100219,STILL_1P_NA,52.528,57387378,641,STILL,NA,1,P01,LAB01,0,1,197,3191,0,360
20260910_100219,STILL_1P_NA,52.528,57387378,641,STILL,NA,1,P01,LAB01,1,0,0,0,0,0
20260910_100219,STILL_1P_NA,52.528,57387378,641,STILL,NA,1,P01,LAB01,2,0,0,0,0,0
20260910_100219,STILL_1P_NA,52.616,57476392,642,STILL,NA,1,P01,LAB01,0,1,194,3194,0,360
20260910_100219,STILL_1P_NA,52.616,57476392,642,STILL,NA,1,P01,LAB01,1,0,0,0,0,0
20260910_100219,STILL_1P_NA,52.616,57476392,642,STILL,NA,1,P01,LAB01,2,0,0,0,0,0
20260910_100219,STILL_1P_NA,52.705,57565185,643,STILL,NA,1,P01,LAB01,0,1,193,3198,0,360
20260910_100219,STILL_1P_NA,52.705,57565185,643,STILL,NA,1,P01,LAB01,1,0,0,0,0,0
20260910_100219,STILL_1P_NA,52.705,57565185,643,STILL,NA,1,P01,LAB01,2,0,0,0,0,0
20260910_100219,STILL_1P_NA,52.794,57654196,644,STILL,NA,1,P01,LAB01,0,1,198,3204,0,360
20260910_100219,STILL_1P_NA,52.794,57654196,644,STILL,NA,1,P01,LAB01,1,0,0,0,0,0
20260910_100219,STILL_1P_NA,52.794,57654196,644,STILL,NA,1,P01,LAB01,2,0,0,0,0,0
20260910_100219,STILL_1P_NA,52.883,57743082,645,STILL,NA,1,P01,LAB01,0,1,204,3211,0,360
20260910_100219,STILL_1P_NA,52.883,57743082,645,STILL,NA,1,P01,LAB01,1,0,0,0,0,0
20260910_100219,STILL_1P_NA,52.883,57743082,645,STILL,NA,1,P01,LAB01,2,0,0,0,0,0
20260910_100219,STILL_1P_NA,52.973,57832412,646,STILL,NA,1,P01,LAB01,0,1,211,3218,0,360
20260910_100219,STILL_1P_NA,52.973,57832412,646,STILL,NA,1,P01,LAB01,1,0,0,0,0,0
20260910_100219,STILL_1P_NA,52.973,57832412,646,STILL,NA,1,P01,LAB01,2,0,0,0,0,0
20260910_100219,STILL_1P_NA,53.061,57921275,647,STILL,NA,1,P01,LAB01,0,1,212,3220,0,360
20260910_100219,STILL_1P_NA,53.061,57921275,647,STILL,NA,1,P01,LAB01,1,0,0,0,0,0
20260910_100219,STILL_1P_NA,53.061,57921275,647,STILL,NA,1,P01,LAB01,2,0,0,0,0,0
20260910_100219,STILL_1P_NA,53.151,58010291,648,STILL,NA,1,P01,LAB01,0,1,209,3221,0,360
20260910_100219,STILL_1P_NA,53.151,58010291,648,STILL,NA,1,P01,LAB01,1,0,0,0,0,0
20260910_100219,STILL_1P_NA,53.151,58010291,648,STILL,NA,1,P01,LAB01,2,0,0,0,0,0
20260910_100219,STILL_1P_NA,53.239,58099269,649,STILL,NA,1,P01,LAB01,0,1,203,3219,0,360
20260910_100219,STILL_1P_NA,53.239,58099269,649,STILL,NA,1,P01,LAB01,1,0,0,0,0,0
20260910_100219,STILL_1P_NA,53.239,58099269,649,STILL,NA,1,P01,LAB01,2,0,0,0,0,0
20260910_100219,STILL_1P_NA,53.328,58188185,650,STILL,NA,1,P01,LAB01,0,1,199,3217,0,360
20260910_100219,STILL_1P_NA,53.328,58188185,650,STILL,NA,1,P01,LAB01,1,0,0,0,0,0
20260910_100219,STILL_1P_NA,53.328,58188185,650,STILL,NA,1,P01,LAB01,2,0,0,0,0,0
20260910_100219,STILL_1P_NA,53.417,58277137,651,STILL,NA,1,P01,LAB01,0,1,194,3213,0,360
20260910_100219,STILL_1P_NA,53.417,58277137,651,STILL,NA,1,P01,LAB01,1,0,0,0,0,0
20260910_100219,STILL_1P_NA,53.417,58277137,651,STILL,NA,1,P01,LAB01,2,0,0,0,0,0
20260910_100219,STILL_1P_NA,53.506,58365909,652,STILL,NA,1,P01,LAB01,0,1,190,3210,0,360
20260910_100219,STILL_1P_NA,53.506,58365909,652,STILL,NA,1,P01,LAB01,1,0,0,0,0,0
20260910_100219,STILL_1P_NA,53.506,58365909,652,STILL,NA,1,P01,LAB01,2,0,0,0,0,0
20260910_100219,STILL_1P_NA,53.595,58454981,653,STILL,NA,1,P01,LAB01,0,1,186,3207,0,360
20260910_100219,STILL_1P_NA,53.595,58454981,653,STILL,NA,1,P01,LAB01,1,0,0,0,0,0
20260910_100219,STILL_1P_NA,53.595,58454981,653,STILL,NA,1,P01,LAB01,2,0,0,0,0,0
20260910_100219,STILL_1P_NA,53.684,58543898,654,STILL,NA,1,P01,LAB01,0,1,181,3203,0,360
20260910_100219,STILL_1P_NA,53.684,58543898,654,STILL,NA,1,P01,LAB01,1,0,0,0,0,0
20260910_100219,STILL_1P_NA,53.684,58543898,654,STILL,NA,1,P01,LAB01,2,0,0,0,0,0
20260910_100219,STILL_1P_NA,53.773,58632915,655,STILL,NA,1,P01,LAB01,0,1,177,3200,0,360
20260910_100219,STILL_1P_NA,53.773,58632915,655,STILL,NA,1,P01,LAB01,1,0,0,0,0,0
20260910_100219,STILL_1P_NA,53.773,58632915,655,STILL,NA,1,P01,LAB01,2,0,0,0,0,0
20260910_100219,STILL_1P_NA,53.862,58721898,656,STILL,NA,1,P01,LAB01,0,1,174,3197,0,360
20260910_100219,STILL_1P_NA,53.862,58721898,656,STILL,NA,1,P01,LAB01,1,0,0,0,0,0
20260910_100219,STILL_1P_NA,53.862,58721898,656,STILL,NA,1,P01,LAB01,2,0,0,0,0,0
20260910_100219,STILL_1P_NA,53.951,58810915,657,STILL,NA,1,P01,LAB01,0,1,170,3195,0,360
20260910_100219,STILL_1P_NA,53.951,58810915,657,STILL,NA,1,P01,LAB01,1,0,0,0,0,0
20260910_100219,STILL_1P_NA,53.951,58810915,657,STILL,NA,1,P01,LAB01,2,0,0,0,0,0
20260910_100219,STILL_1P_NA,54.040,58900036,658,STILL,NA,1,P01,LAB01,0,1,166,3192,0,360
20260910_100219,STILL_1P_NA,54.040,58900036,658,STILL,NA,1,P01,LAB01,1,0,0,0,0,0
20260910_100219,STILL_1P_NA,54.040,58900036,658,STILL,NA,1,P01,LAB01,2,0,0,0,0,0
20260910_100219,STILL_1P_NA,54.129,58988904,659,STILL,NA,1,P01,LAB01,0,1,163,3189,0,360
20260910_100219,STILL_1P_NA,54.129,58988904,659,STILL,NA,1,P01,LAB01,1,0,0,0,0,0
20260910_100219,STILL_1P_NA,54.129,58988904,659,STILL,NA,1,P01,LAB01,2,0,0,0,0,0
20260910_100219,STILL_1P_NA,54.218,59077822,660,STILL,NA,1,P01,LAB01,0,1,160,3187,0,360
20260910_100219,STILL_1P_NA,54.218,59077822,660,STILL,NA,1,P01,LAB01,1,0,0,0,0,0
20260910_100219,STILL_1P_NA,54.218,59077822,660,STILL,NA,1,P01,LAB01,2,0,0,0,0,0
20260910_100219,STILL_1P_NA,54.307,59166972,661,STILL,NA,1,P01,LAB01,0,1,156,3187,0,360
20260910_100219,STILL_1P_NA,54.307,59166972,661,STILL,NA,1,P01,LAB01,1,0,0,0,0,0
20260910_100219,STILL_1P_NA,54.307,59166972,661,STILL,NA,1,P01,LAB01,2,0,0,0,0,0
20260910_100219,STILL_1P_NA,54.396,59256034,662,STILL,NA,1,P01,LAB01,0,1,152,3189,0,360
20260910_100219,STILL_1P_NA,54.396,59256034,662,STILL,NA,1,P01,LAB01,1,0,0,0,0,0
20260910_100219,STILL_1P_NA,54.396,59256034,662,STILL,NA,1,P01,LAB01,2,0,0,0,0,0
20260910_100219,STILL_1P_NA,54.485,59345167,663,STILL,NA,1,P01,LAB01,0,1,154,3190,0,360
20260910_100219,STILL_1P_NA,54.485,59345167,663,STILL,NA,1,P01,LAB01,1,0,0,0,0,0
20260910_100219,STILL_1P_NA,54.485,59345167,663,STILL,NA,1,P01,LAB01,2,0,0,0,0,0
20260910_100219,STILL_1P_NA,54.574,59433941,664,STILL,NA,1,P01,LAB01,0,1,164,3189,0,360
20260910_100219,STILL_1P_NA,54.574,59433941,664,STILL,NA,1,P01,LAB01,1,0,0,0,0,0
20260910_100219,STILL_1P_NA,54.574,59433941,664,STILL,NA,1,P01,LAB01,2,0,0,0,0,0
20260910_100219,STILL_1P_NA,54.663,59523074,665,STILL,NA,1,P01,LAB01,0,1,172,3187,0,360
20260910_100219,STILL_1P_NA,54.663,59523074,665,STILL,NA,1,P01,LAB01,1,0,0,0,0,0
20260910_100219,STILL_1P_NA,54.663,59523074,665,STILL,NA,1,P01,LAB01,2,0,0,0,0,0
20260910_100219,STILL_1P_NA,54.752,59611877,666,STILL,NA,1,P01,LAB01,0,1,182,3184,0,360
20260910_100219,STILL_1P_NA,54.752,59611877,666,STILL,NA,1,P01,LAB01,1,0,0,0,0,0
20260910_100219,STILL_1P_NA,54.752,59611877,666,STILL,NA,1,P01,LAB01,2,0,0,0,0,0
20260910_100219,STILL_1P_NA,54.841,59701164,667,STILL,NA,1,P01,LAB01,0,1,188,3178,0,360
20260910_100219,STILL_1P_NA,54.841,59701164,667,STILL,NA,1,P01,LAB01,1,0,0,0,0,0
20260910_100219,STILL_1P_NA,54.841,59701164,667,STILL,NA,1,P01,LAB01,2,0,0,0,0,0
20260910_100219,STILL_1P_NA,54.930,59789936,668,STILL,NA,1,P01,LAB01,0,1,190,3174,0,360
20260910_100219,STILL_1P_NA,54.930,59789936,668,STILL,NA,1,P01,LAB01,1,0,0,0,0,0
20260910_100219,STILL_1P_NA,54.930,59789936,668,STILL,NA,1,P01,LAB01,2,0,0,0,0,0
20260910_100219,STILL_1P_NA,55.019,59879036,669,STILL,NA,1,P01,LAB01,0,1,188,3174,0,360
20260910_100219,STILL_1P_NA,55.019,59879036,669,STILL,NA,1,P01,LAB01,1,0,0,0,0,0
20260910_100219,STILL_1P_NA,55.019,59879036,669,STILL,NA,1,P01,LAB01,2,0,0,0,0,0
20260910_100219,STILL_1P_NA,55.108,59967963,670,STILL,NA,1,P01,LAB01,0,1,184,3175,0,360
20260910_100219,STILL_1P_NA,55.108,59967963,670,STILL,NA,1,P01,LAB01,1,0,0,0,0,0
20260910_100219,STILL_1P_NA,55.108,59967963,670,STILL,NA,1,P01,LAB01,2,0,0,0,0,0
20260910_100219,STILL_1P_NA,55.197,60056948,671,STILL,NA,1,P01,LAB01,0,1,177,3177,0,360
20260910_100219,STILL_1P_NA,55.197,60056948,671,STILL,NA,1,P01,LAB01,1,0,0,0,0,0
20260910_100219,STILL_1P_NA,55.197,60056948,671,STILL,NA,1,P01,LAB01,2,0,0,0,0,0
20260910_100219,STILL_1P_NA,55.286,60145740,672,STILL,NA,1,P01,LAB01,0,1,170,3179,0,360
20260910_100219,STILL_1P_NA,55.286,60145740,672,STILL,NA,1,P01,LAB01,1,0,0,0,0,0
20260910_100219,STILL_1P_NA,55.286,60145740,672,STILL,NA,1,P01,LAB01,2,0,0,0,0,0
20260910_100219,STILL_1P_NA,55.375,60234845,673,STILL,NA,1,P01,LAB01,0,1,164,3180,0,360
20260910_100219,STILL_1P_NA,55.375,60234845,673,STILL,NA,1,P01,LAB01,1,0,0,0,0,0
20260910_100219,STILL_1P_NA,55.375,60234845,673,STILL,NA,1,P01,LAB01,2,0,0,0,0,0
20260910_100219,STILL_1P_NA,55.464,60323767,674,STILL,NA,1,P01,LAB01,0,1,157,3182,0,360
20260910_100219,STILL_1P_NA,55.464,60323767,674,STILL,NA,1,P01,LAB01,1,0,0,0,0,0
20260910_100219,STILL_1P_NA,55.464,60323767,674,STILL,NA,1,P01,LAB01,2,0,0,0,0,0
20260910_100219,STILL_1P_NA,55.553,60412909,675,STILL,NA,1,P01,LAB01,0,1,152,3184,0,360
20260910_100219,STILL_1P_NA,55.553,60412909,675,STILL,NA,1,P01,LAB01,1,0,0,0,0,0
20260910_100219,STILL_1P_NA,55.553,60412909,675,STILL,NA,1,P01,LAB01,2,0,0,0,0,0
20260910_100219,STILL_1P_NA,55.642,60501922,676,STILL,NA,1,P01,LAB01,0,1,152,3186,0,360
20260910_100219,STILL_1P_NA,55.642,60501922,676,STILL,NA,1,P01,LAB01,1,0,0,0,0,0
20260910_100219,STILL_1P_NA,55.642,60501922,676,STILL,NA,1,P01,LAB01,2,0,0,0,0,0
20260910_100219,STILL_1P_NA,55.731,60591055,677,STILL,NA,1,P01,LAB01,0,1,155,3188,0,360
20260910_100219,STILL_1P_NA,55.731,60591055,677,STILL,NA,1,P01,LAB01,1,0,0,0,0,0
20260910_100219,STILL_1P_NA,55.731,60591055,677,STILL,NA,1,P01,LAB01,2,0,0,0,0,0
20260910_100219,STILL_1P_NA,55.820,60679850,678,STILL,NA,1,P01,LAB01,0,1,155,3189,0,360
20260910_100219,STILL_1P_NA,55.820,60679850,678,STILL,NA,1,P01,LAB01,1,0,0,0,0,0
20260910_100219,STILL_1P_NA,55.820,60679850,678,STILL,NA,1,P01,LAB01,2,0,0,0,0,0
20260910_100219,STILL_1P_NA,55.909,60768990,679,STILL,NA,1,P01,LAB01,0,1,156,3191,0,360
20260910_100219,STILL_1P_NA,55.909,60768990,679,STILL,NA,1,P01,LAB01,1,0,0,0,0,0
20260910_100219,STILL_1P_NA,55.909,60768990,679,STILL,NA,1,P01,LAB01,2,0,0,0,0,0
20260910_100219,STILL_1P_NA,55.998,60857791,680,STILL,NA,1,P01,LAB01,0,1,156,3192,0,360
20260910_100219,STILL_1P_NA,55.998,60857791,680,STILL,NA,1,P01,LAB01,1,0,0,0,0,0
20260910_100219,STILL_1P_NA,55.998,60857791,680,STILL,NA,1,P01,LAB01,2,0,0,0,0,0
20260910_100219,STILL_1P_NA,56.087,60947018,681,STILL,NA,1,P01,LAB01,0,1,151,3193,-8,360
20260910_100219,STILL_1P_NA,56.087,60947018,681,STILL,NA,1,P01,LAB01,1,0,0,0,0,0
20260910_100219,STILL_1P_NA,56.087,60947018,681,STILL,NA,1,P01,LAB01,2,0,0,0,0,0
20260910_100219,STILL_1P_NA,56.176,61036004,682,STILL,NA,1,P01,LAB01,0,1,150,3193,-8,360
20260910_100219,STILL_1P_NA,56.176,61036004,682,STILL,NA,1,P01,LAB01,1,0,0,0,0,0
20260910_100219,STILL_1P_NA,56.176,61036004,682,STILL,NA,1,P01,LAB01,2,0,0,0,0,0
20260910_100219,STILL_1P_NA,56.265,61124981,683,STILL,NA,1,P01,LAB01,0,1,149,3192,-8,360
20260910_100219,STILL_1P_NA,56.265,61124981,683,STILL,NA,1,P01,LAB01,1,0,0,0,0,0
20260910_100219,STILL_1P_NA,56.265,61124981,683,STILL,NA,1,P01,LAB01,2,0,0,0,0,0
20260910_100219,STILL_1P_NA,56.354,61213936,684,STILL,NA,1,P01,LAB01,0,1,148,3191,-8,360
20260910_100219,STILL_1P_NA,56.354,61213936,684,STILL,NA,1,P01,LAB01,1,0,0,0,0,0
20260910_100219,STILL_1P_NA,56.354,61213936,684,STILL,NA,1,P01,LAB01,2,0,0,0,0,0
20260910_100219,STILL_1P_NA,56.443,61302888,685,STILL,NA,1,P01,LAB01,0,1,146,3190,-8,360
20260910_100219,STILL_1P_NA,56.443,61302888,685,STILL,NA,1,P01,LAB01,1,0,0,0,0,0
20260910_100219,STILL_1P_NA,56.443,61302888,685,STILL,NA,1,P01,LAB01,2,0,0,0,0,0
20260910_100219,STILL_1P_NA,56.532,61391839,686,STILL,NA,1,P01,LAB01,0,1,145,3189,-8,360
20260910_100219,STILL_1P_NA,56.532,61391839,686,STILL,NA,1,P01,LAB01,1,0,0,0,0,0
20260910_100219,STILL_1P_NA,56.532,61391839,686,STILL,NA,1,P01,LAB01,2,0,0,0,0,0
20260910_100219,STILL_1P_NA,56.621,61481122,687,STILL,NA,1,P01,LAB01,0,1,146,3192,0,360
20260910_100219,STILL_1P_NA,56.621,61481122,687,STILL,NA,1,P01,LAB01,1,0,0,0,0,0
20260910_100219,STILL_1P_NA,56.621,61481122,687,STILL,NA,1,P01,LAB01,2,0,0,0,0,0
20260910_100219,STILL_1P_NA,56.710,61570137,688,STILL,NA,1,P01,LAB01,0,1,142,3195,0,360
20260910_100219,STILL_1P_NA,56.710,61570137,688,STILL,NA,1,P01,LAB01,1,0,0,0,0,0
20260910_100219,STILL_1P_NA,56.710,61570137,688,STILL,NA,1,P01,LAB01,2,0,0,0,0,0
20260910_100219,STILL_1P_NA,56.799,61658782,689,STILL,NA,1,P01,LAB01,0,1,137,3199,0,360
20260910_100219,STILL_1P_NA,56.799,61658782,689,STILL,NA,1,P01,LAB01,1,0,0,0,0,0
20260910_100219,STILL_1P_NA,56.799,61658782,689,STILL,NA,1,P01,LAB01,2,0,0,0,0,0
20260910_100219,STILL_1P_NA,56.888,61747832,690,STILL,NA,1,P01,LAB01,0,1,135,3199,0,360
20260910_100219,STILL_1P_NA,56.888,61747832,690,STILL,NA,1,P01,LAB01,1,0,0,0,0,0
20260910_100219,STILL_1P_NA,56.888,61747832,690,STILL,NA,1,P01,LAB01,2,0,0,0,0,0
20260910_100219,STILL_1P_NA,56.977,61836999,691,STILL,NA,1,P01,LAB01,0,1,134,3198,0,360
20260910_100219,STILL_1P_NA,56.977,61836999,691,STILL,NA,1,P01,LAB01,1,0,0,0,0,0
20260910_100219,STILL_1P_NA,56.977,61836999,691,STILL,NA,1,P01,LAB01,2,0,0,0,0,0
20260910_100219,STILL_1P_NA,57.066,61925922,692,STILL,NA,1,P01,LAB01,0,1,133,3196,0,360
20260910_100219,STILL_1P_NA,57.066,61925922,692,STILL,NA,1,P01,LAB01,1,0,0,0,0,0
20260910_100219,STILL_1P_NA,57.066,61925922,692,STILL,NA,1,P01,LAB01,2,0,0,0,0,0
20260910_100219,STILL_1P_NA,57.155,62014999,693,STILL,NA,1,P01,LAB01,0,1,133,3194,0,360
20260910_100219,STILL_1P_NA,57.155,62014999,693,STILL,NA,1,P01,LAB01,1,0,0,0,0,0
20260910_100219,STILL_1P_NA,57.155,62014999,693,STILL,NA,1,P01,LAB01,2,0,0,0,0,0
20260910_100219,STILL_1P_NA,57.244,62103663,694,STILL,NA,1,P01,LAB01,0,1,132,3192,0,360
20260910_100219,STILL_1P_NA,57.244,62103663,694,STILL,NA,1,P01,LAB01,1,0,0,0,0,0
20260910_100219,STILL_1P_NA,57.244,62103663,694,STILL,NA,1,P01,LAB01,2,0,0,0,0,0
20260910_100219,STILL_1P_NA,57.333,62192990,695,STILL,NA,1,P01,LAB01,0,1,131,3191,0,360
20260910_100219,STILL_1P_NA,57.333,62192990,695,STILL,NA,1,P01,LAB01,1,0,0,0,0,0
20260910_100219,STILL_1P_NA,57.333,62192990,695,STILL,NA,1,P01,LAB01,2,0,0,0,0,0
20260910_100219,STILL_1P_NA,57.422,62281877,696,STILL,NA,1,P01,LAB01,0,1,131,3189,0,360
20260910_100219,STILL_1P_NA,57.422,62281877,696,STILL,NA,1,P01,LAB01,1,0,0,0,0,0
20260910_100219,STILL_1P_NA,57.422,62281877,696,STILL,NA,1,P01,LAB01,2,0,0,0,0,0
20260910_100219,STILL_1P_NA,57.511,62370927,697,STILL,NA,1,P01,LAB01,0,1,130,3187,0,360
20260910_100219,STILL_1P_NA,57.511,62370927,697,STILL,NA,1,P01,LAB01,1,0,0,0,0,0
20260910_100219,STILL_1P_NA,57.511,62370927,697,STILL,NA,1,P01,LAB01,2,0,0,0,0,0
20260910_100219,STILL_1P_NA,57.600,62459818,698,STILL,NA,1,P01,LAB01,0,1,129,3185,0,360
20260910_100219,STILL_1P_NA,57.600,62459818,698,STILL,NA,1,P01,LAB01,1,0,0,0,0,0
20260910_100219,STILL_1P_NA,57.600,62459818,698,STILL,NA,1,P01,LAB01,2,0,0,0,0,0
20260910_100219,STILL_1P_NA,57.689,62548895,699,STILL,NA,1,P01,LAB01,0,1,129,3184,0,360
20260910_100219,STILL_1P_NA,57.689,62548895,699,STILL,NA,1,P01,LAB01,1,0,0,0,0,0
20260910_100219,STILL_1P_NA,57.689,62548895,699,STILL,NA,1,P01,LAB01,2,0,0,0,0,0
20260910_100219,STILL_1P_NA,57.778,62637750,700,STILL,NA,1,P01,LAB01,0,1,128,3182,0,360
20260910_100219,STILL_1P_NA,57.778,62637750,700,STILL,NA,1,P01,LAB01,1,0,0,0,0,0
20260910_100219,STILL_1P_NA,57.778,62637750,700,STILL,NA,1,P01,LAB01,2,0,0,0,0,0
20260910_100219,STILL_1P_NA,57.867,62727010,701,STILL,NA,1,P01,LAB01,0,1,128,3181,0,360
20260910_100219,STILL_1P_NA,57.867,62727010,701,STILL,NA,1,P01,LAB01,1,0,0,0,0,0
20260910_100219,STILL_1P_NA,57.867,62727010,701,STILL,NA,1,P01,LAB01,2,0,0,0,0,0
20260910_100219,STILL_1P_NA,57.956,62815866,702,STILL,NA,1,P01,LAB01,0,1,127,3179,0,360
20260910_100219,STILL_1P_NA,57.956,62815866,702,STILL,NA,1,P01,LAB01,1,0,0,0,0,0
20260910_100219,STILL_1P_NA,57.956,62815866,702,STILL,NA,1,P01,LAB01,2,0,0,0,0,0
20260910_100219,STILL_1P_NA,58.044,62904412,703,STILL,NA,1,P01,LAB01,0,1,127,3178,0,360
20260910_100219,STILL_1P_NA,58.044,62904412,703,STILL,NA,1,P01,LAB01,1,0,0,0,0,0
20260910_100219,STILL_1P_NA,58.044,62904412,703,STILL,NA,1,P01,LAB01,2,0,0,0,0,0
20260910_100219,STILL_1P_NA,58.134,62993832,704,STILL,NA,1,P01,LAB01,0,1,127,3178,0,360
20260910_100219,STILL_1P_NA,58.134,62993832,704,STILL,NA,1,P01,LAB01,1,0,0,0,0,0
20260910_100219,STILL_1P_NA,58.134,62993832,704,STILL,NA,1,P01,LAB01,2,0,0,0,0,0
20260910_100219,STILL_1P_NA,58.223,63083031,705,STILL,NA,1,P01,LAB01,0,1,128,3179,0,360
20260910_100219,STILL_1P_NA,58.223,63083031,705,STILL,NA,1,P01,LAB01,1,0,0,0,0,0
20260910_100219,STILL_1P_NA,58.223,63083031,705,STILL,NA,1,P01,LAB01,2,0,0,0,0,0
20260910_100219,STILL_1P_NA,58.312,63171795,706,STILL,NA,1,P01,LAB01,0,1,128,3180,0,360
20260910_100219,STILL_1P_NA,58.312,63171795,706,STILL,NA,1,P01,LAB01,1,0,0,0,0,0
20260910_100219,STILL_1P_NA,58.312,63171795,706,STILL,NA,1,P01,LAB01,2,0,0,0,0,0
20260910_100219,STILL_1P_NA,58.401,63260782,707,STILL,NA,1,P01,LAB01,0,1,129,3180,0,360
20260910_100219,STILL_1P_NA,58.401,63260782,707,STILL,NA,1,P01,LAB01,1,0,0,0,0,0
20260910_100219,STILL_1P_NA,58.401,63260782,707,STILL,NA,1,P01,LAB01,2,0,0,0,0,0
20260910_100219,STILL_1P_NA,58.490,63349636,708,STILL,NA,1,P01,LAB01,0,1,130,3181,0,360
20260910_100219,STILL_1P_NA,58.490,63349636,708,STILL,NA,1,P01,LAB01,1,0,0,0,0,0
20260910_100219,STILL_1P_NA,58.490,63349636,708,STILL,NA,1,P01,LAB01,2,0,0,0,0,0
20260910_100219,STILL_1P_NA,58.579,63438554,709,STILL,NA,1,P01,LAB01,0,1,130,3182,0,360
20260910_100219,STILL_1P_NA,58.579,63438554,709,STILL,NA,1,P01,LAB01,1,0,0,0,0,0
20260910_100219,STILL_1P_NA,58.579,63438554,709,STILL,NA,1,P01,LAB01,2,0,0,0,0,0
20260910_100219,STILL_1P_NA,58.668,63527569,710,STILL,NA,1,P01,LAB01,0,1,131,3182,0,360
20260910_100219,STILL_1P_NA,58.668,63527569,710,STILL,NA,1,P01,LAB01,1,0,0,0,0,0
20260910_100219,STILL_1P_NA,58.668,63527569,710,STILL,NA,1,P01,LAB01,2,0,0,0,0,0
20260910_100219,STILL_1P_NA,58.757,63616581,711,STILL,NA,1,P01,LAB01,0,1,132,3183,0,360
20260910_100219,STILL_1P_NA,58.757,63616581,711,STILL,NA,1,P01,LAB01,1,0,0,0,0,0
20260910_100219,STILL_1P_NA,58.757,63616581,711,STILL,NA,1,P01,LAB01,2,0,0,0,0,0
20260910_100219,STILL_1P_NA,58.846,63705530,712,STILL,NA,1,P01,LAB01,0,1,132,3184,0,360
20260910_100219,STILL_1P_NA,58.846,63705530,712,STILL,NA,1,P01,LAB01,1,0,0,0,0,0
20260910_100219,STILL_1P_NA,58.846,63705530,712,STILL,NA,1,P01,LAB01,2,0,0,0,0,0
20260910_100219,STILL_1P_NA,58.934,63794453,713,STILL,NA,1,P01,LAB01,0,1,133,3184,0,360
20260910_100219,STILL_1P_NA,58.934,63794453,713,STILL,NA,1,P01,LAB01,1,0,0,0,0,0
20260910_100219,STILL_1P_NA,58.934,63794453,713,STILL,NA,1,P01,LAB01,2,0,0,0,0,0
20260910_100219,STILL_1P_NA,59.024,63883495,714,STILL,NA,1,P01,LAB01,0,1,139,3184,0,360
20260910_100219,STILL_1P_NA,59.024,63883495,714,STILL,NA,1,P01,LAB01,1,0,0,0,0,0
20260910_100219,STILL_1P_NA,59.024,63883495,714,STILL,NA,1,P01,LAB01,2,0,0,0,0,0
20260910_100219,STILL_1P_NA,59.113,63972795,715,STILL,NA,1,P01,LAB01,0,1,146,3185,0,360
20260910_100219,STILL_1P_NA,59.113,63972795,715,STILL,NA,1,P01,LAB01,1,0,0,0,0,0
20260910_100219,STILL_1P_NA,59.113,63972795,715,STILL,NA,1,P01,LAB01,2,0,0,0,0,0
20260910_100219,STILL_1P_NA,59.201,64061564,716,STILL,NA,1,P01,LAB01,0,1,147,3185,0,360
20260910_100219,STILL_1P_NA,59.201,64061564,716,STILL,NA,1,P01,LAB01,1,0,0,0,0,0
20260910_100219,STILL_1P_NA,59.201,64061564,716,STILL,NA,1,P01,LAB01,2,0,0,0,0,0
20260910_100219,STILL_1P_NA,59.291,64150474,717,STILL,NA,1,P01,LAB01,0,1,147,3185,0,360
20260910_100219,STILL_1P_NA,59.291,64150474,717,STILL,NA,1,P01,LAB01,1,0,0,0,0,0
20260910_100219,STILL_1P_NA,59.291,64150474,717,STILL,NA,1,P01,LAB01,2,0,0,0,0,0
20260910_100219,STILL_1P_NA,59.380,64239461,718,STILL,NA,1,P01,LAB01,0,1,143,3182,0,360
20260910_100219,STILL_1P_NA,59.380,64239461,718,STILL,NA,1,P01,LAB01,1,0,0,0,0,0
20260910_100219,STILL_1P_NA,59.380,64239461,718,STILL,NA,1,P01,LAB01,2,0,0,0,0,0
20260910_100219,STILL_1P_NA,59.468,64328185,719,STILL,NA,1,P01,LAB01,0,1,136,3178,0,360
20260910_100219,STILL_1P_NA,59.468,64328185,719,STILL,NA,1,P01,LAB01,1,0,0,0,0,0
20260910_100219,STILL_1P_NA,59.468,64328185,719,STILL,NA,1,P01,LAB01,2,0,0,0,0,0
20260910_100219,STILL_1P_NA,59.558,64417554,720,STILL,NA,1,P01,LAB01,0,1,130,3174,0,360
20260910_100219,STILL_1P_NA,59.558,64417554,720,STILL,NA,1,P01,LAB01,1,0,0,0,0,0
20260910_100219,STILL_1P_NA,59.558,64417554,720,STILL,NA,1,P01,LAB01,2,0,0,0,0,0
20260910_100219,STILL_1P_NA,59.646,64506406,721,STILL,NA,1,P01,LAB01,0,1,124,3169,0,360
20260910_100219,STILL_1P_NA,59.646,64506406,721,STILL,NA,1,P01,LAB01,1,0,0,0,0,0
20260910_100219,STILL_1P_NA,59.646,64506406,721,STILL,NA,1,P01,LAB01,2,0,0,0,0,0
20260910_100219,STILL_1P_NA,59.736,64595545,722,STILL,NA,1,P01,LAB01,0,1,118,3166,0,360
20260910_100219,STILL_1P_NA,59.736,64595545,722,STILL,NA,1,P01,LAB01,1,0,0,0,0,0
20260910_100219,STILL_1P_NA,59.736,64595545,722,STILL,NA,1,P01,LAB01,2,0,0,0,0,0
20260910_100219,STILL_1P_NA,59.824,64684523,723,STILL,NA,1,P01,LAB01,0,1,112,3162,0,360
20260910_100219,STILL_1P_NA,59.824,64684523,723,STILL,NA,1,P01,LAB01,1,0,0,0,0,0
20260910_100219,STILL_1P_NA,59.824,64684523,723,STILL,NA,1,P01,LAB01,2,0,0,0,0,0
20260910_100219,STILL_1P_NA,59.913,64773385,724,STILL,NA,1,P01,LAB01,0,1,107,3158,0,360
20260910_100219,STILL_1P_NA,59.913,64773385,724,STILL,NA,1,P01,LAB01,1,0,0,0,0,0
20260910_100219,STILL_1P_NA,59.913,64773385,724,STILL,NA,1,P01,LAB01,2,0,0,0,0,0
20260910_100219,STILL_1P_NA,60.002,64862112,725,STILL,NA,1,P01,LAB01,0,1,102,3155,0,360
20260910_100219,STILL_1P_NA,60.002,64862112,725,STILL,NA,1,P01,LAB01,1,0,0,0,0,0
20260910_100219,STILL_1P_NA,60.002,64862112,725,STILL,NA,1,P01,LAB01,2,0,0,0,0,0
