session_id,scenario,pc_time_s,esp_time_us,frame_id,activity,direction,people_count,participants,environment,target_slot,valid,x_mm,y_mm,speed_cm_s,resolution_mm
20260910_101021,STILL_1P_NA,0.005,1892995,17,STILL,NA,1,P01,LAB01,0,1,-880,1084,0,360
20260910_101021,STILL_1P_NA,0.005,1892995,17,STILL,NA,1,P01,LAB01,1,0,0,0,0,0
20260910_101021,STILL_1P_NA,0.005,1892995,17,STILL,NA,1,P01,LAB01,2,0,0,0,0,0
20260910_101021,STILL_1P_NA,0.009,1982055,18,STILL,NA,1,P01,LAB01,0,1,-882,1083,0,360
20260910_101021,STILL_1P_NA,0.009,1982055,18,STILL,NA,1,P01,LAB01,1,0,0,0,0,0
20260910_101021,STILL_1P_NA,0.009,1982055,18,STILL,NA,1,P01,LAB01,2,0,0,0,0,0
20260910_101021,STILL_1P_NA,0.011,2071072,19,STILL,NA,1,P01,LAB01,0,1,-883,1082,0,360
20260910_101021,STILL_1P_NA,0.011,2071072,19,STILL,NA,1,P01,LAB01,1,0,0,0,0,0
20260910_101021,STILL_1P_NA,0.011,2071072,19,STILL,NA,1,P01,LAB01,2,0,0,0,0,0
20260910_101021,STILL_1P_NA,0.013,2160250,20,STILL,NA,1,P01,LAB01,0,1,-884,1080,0,360
20260910_101021,STILL_1P_NA,0.013,2160250,20,STILL,NA,1,P01,LAB01,1,0,0,0,0,0
20260910_101021,STILL_1P_NA,0.013,2160250,20,STILL,NA,1,P01,LAB01,2,0,0,0,0,0
20260910_101021,STILL_1P_NA,0.014,2249099,21,STILL,NA,1,P01,LAB01,0,1,-886,1077,0,360
20260910_101021,STILL_1P_NA,0.014,2249099,21,STILL,NA,1,P01,LAB01,1,0,0,0,0,0
20260910_101021,STILL_1P_NA,0.014,2249099,21,STILL,NA,1,P01,LAB01,2,0,0,0,0,0
20260910_101021,STILL_1P_NA,0.016,2338216,22,STILL,NA,1,P01,LAB01,0,1,-889,1074,0,360
20260910_101021,STILL_1P_NA,0.016,2338216,22,STILL,NA,1,P01,LAB01,1,0,0,0,0,0
20260910_101021,STILL_1P_NA,0.016,2338216,22,STILL,NA,1,P01,LAB01,2,0,0,0,0,0
20260910_101021,STILL_1P_NA,0.017,2427099,23,STILL,NA,1,P01,LAB01,0,1,-891,1074,0,360
20260910_101021,STILL_1P_NA,0.017,2427099,23,STILL,NA,1,P01,LAB01,1,0,0,0,0,0
20260910_101021,STILL_1P_NA,0.017,2427099,23,STILL,NA,1,P01,LAB01,2,0,0,0,0,0
20260910_101021,STILL_1P_NA,0.018,2516202,24,STILL,NA,1,P01,LAB01,0,1,-892,1075,0,360
20260910_101021,STILL_1P_NA,0.018,2516202,24,STILL,NA,1,P01,LAB01,1,0,0,0,0,0
20260910_101021,STILL_1P_NA,0.018,2516202,24,STILL,NA,1,P01,LAB01,2,0,0,0,0,0
20260910_101021,STILL_1P_NA,0.019,2604945,25,STILL,NA,1,P01,LAB01,0,1,-893,1077,0,360
20260910_101021,STILL_1P_NA,0.019,2604945,25,STILL,NA,1,P01,LAB01,1,0,0,0,0,0
20260910_101021,STILL_1P_NA,0.019,2604945,25,STILL,NA,1,P01,LAB01,2,0,0,0,0,0
20260910_101021,STILL_1P_NA,0.020,2693989,26,STILL,NA,1,P01,LAB01,0,1,-894,1080,0,360
20260910_101021,STILL_1P_NA,0.020,2693989,26,STILL,NA,1,P01,LAB01,1,0,0,0,0,0
20260910_101021,STILL_1P_NA,0.020,2693989,26,STILL,NA,1,P01,LAB01,2,0,0,0,0,0
20260910_101021,STILL_1P_NA,0.023,2783093,27,STILL,NA,1,P01,LAB01,0,1,-895,1084,0,360
20260910_101021,STILL_1P_NA,0.023,2783093,27,STILL,NA,1,P01,LAB01,1,0,0,0,0,0
20260910_101021,STILL_1P_NA,0.023,2783093,27,STILL,NA,1,P01,LAB01,2,0,0,0,0,0
20260910_101021,STILL_1P_NA,0.024,2872267,28,STILL,NA,1,P01,LAB01,0,1,-895,1094,0,360
20260910_101021,STILL_1P_NA,0.024,2872267,28,STILL,NA,1,P01,LAB01,1,0,0,0,0,0
20260910_101021,STILL_1P_NA,0.024,2872267,28,STILL,NA,1,P01,LAB01,2,0,0,0,0,0
20260910_101021,STILL_1P_NA,0.025,2961001,29,STILL,NA,1,P01,LAB01,0,1,-889,1109,0,360
20260910_101021,STILL_1P_NA,0.025,2961001,29,STILL,NA,1,P01,LAB01,1,0,0,0,0,0
20260910_101021,STILL_1P_NA,0.025,2961001,29,STILL,NA,1,P01,LAB01,2,0,0,0,0,0
20260910_101021,STILL_1P_NA,0.026,3050158,30,STILL,NA,1,P01,LAB01,0,1,-880,1121,0,360
20260910_101021,STILL_1P_NA,0.026,3050158,30,STILL,NA,1,P01,LAB01,1,0,0,0,0,0
20260910_101021,STILL_1P_NA,0.026,3050158,30,STILL,NA,1,P01,LAB01,2,0,0,0,0,0
20260910_101021,STILL_1P_NA,0.027,3138969,31,STILL,NA,1,P01,LAB01,0,1,-862,1135,0,360
20260910_101021,STILL_1P_NA,0.027,3138969,31,STILL,NA,1,P01,LAB01,1,0,0,0,0,0
20260910_101021,STILL_1P_NA,0.027,3138969,31,STILL,NA,1,P01,LAB01,2,0,0,0,0,0
20260910_101021,STILL_1P_NA,0.028,3228155,32,STILL,NA,1,P01,LAB01,0,1,-859,1137,0,360
20260910_101021,STILL_1P_NA,0.028,3228155,32,STILL,NA,1,P01,LAB01,1,0,0,0,0,0
20260910_101021,STILL_1P_NA,0.028,3228155,32,STILL,NA,1,P01,LAB01,2,0,0,0,0,0
20260910_101021,STILL_1P_NA,0.028,3317045,33,STILL,NA,1,P01,LAB01,0,1,-858,1138,0,360
20260910_101021,STILL_1P_NA,0.028,3317045,33,STILL,NA,1,P01,LAB01,1,0,0,0,0,0
20260910_101021,STILL_1P_NA,0.028,3317045,33,STILL,NA,1,P01,LAB01,2,0,0,0,0,0
20260910_101021,STILL_1P_NA,0.030,3406222,34,STILL,NA,1,P01,LAB01,0,1,-857,1141,0,360
20260910_101021,STILL_1P_NA,0.030,3406222,34,STILL,NA,1,P01,LAB01,1,0,0,0,0,0
20260910_101021,STILL_1P_NA,0.030,3406222,34,STILL,NA,1,P01,LAB01,2,0,0,0,0,0
20260910_101021,STILL_1P_NA,0.031,3495012,35,STILL,NA,1,P01,LAB01,0,1,-859,1142,0,360
20260910_101021,STILL_1P_NA,0.031,3495012,35,STILL,NA,1,P01,LAB01,1,0,0,0,0,0
20260910_101021,STILL_1P_NA,0.031,3495012,35,STILL,NA,1,P01,LAB01,2,0,0,0,0,0
20260910_101021,STILL_1P_NA,0.032,3584119,36,STILL,NA,1,P01,LAB01,0,1,-862,1141,0,360
20260910_101021,STILL_1P_NA,0.032,3584119,36,STILL,NA,1,P01,LAB01,1,0,0,0,0,0
20260910_101021,STILL_1P_NA,0.032,3584119,36,STILL,NA,1,P01,LAB01,2,0,0,0,0,0
20260910_101021,STILL_1P_NA,0.033,3673073,37,STILL,NA,1,P01,LAB01,0,1,-862,1141,0,360
20260910_101021,STILL_1P_NA,0.033,3673073,37,STILL,NA,1,P01,LAB01,1,0,0,0,0,0
20260910_101021,STILL_1P_NA,0.033,3673073,37,STILL,NA,1,P01,LAB01,2,0,0,0,0,0
20260910_101021,STILL_1P_NA,0.034,3762025,38,STILL,NA,1,P01,LAB01,0,1,-862,1141,0,360
20260910_101021,STILL_1P_NA,0.034,3762025,38,STILL,NA,1,P01,LAB01,1,0,0,0,0,0
20260910_101021,STILL_1P_NA,0.034,3762025,38,STILL,NA,1,P01,LAB01,2,0,0,0,0,0
20260910_101021,STILL_1P_NA,0.035,3850886,39,STILL,NA,1,P01,LAB01,0,1,-862,1141,0,360
20260910_101021,STILL_1P_NA,0.035,3850886,39,STILL,NA,1,P01,LAB01,1,0,0,0,0,0
20260910_101021,STILL_1P_NA,0.035,3850886,39,STILL,NA,1,P01,LAB01,2,0,0,0,0,0
20260910_101021,STILL_1P_NA,0.037,3940113,40,STILL,NA,1,P01,LAB01,0,1,-862,1142,0,360
20260910_101021,STILL_1P_NA,0.037,3940113,40,STILL,NA,1,P01,LAB01,1,0,0,0,0,0
20260910_101021,STILL_1P_NA,0.037,3940113,40,STILL,NA,1,P01,LAB01,2,0,0,0,0,0
20260910_101021,STILL_1P_NA,0.038,4028758,41,STILL,NA,1,P01,LAB01,0,1,-861,1144,0,360
20260910_101021,STILL_1P_NA,0.038,4028758,41,STILL,NA,1,P01,LAB01,1,0,0,0,0,0
20260910_101021,STILL_1P_NA,0.038,4028758,41,STILL,NA,1,P01,LAB01,2,0,0,0,0,0
20260910_101021,STILL_1P_NA,0.039,4117900,42,STILL,NA,1,P01,LAB01,0,1,-861,1146,0,360
20260910_101021,STILL_1P_NA,0.039,4117900,42,STILL,NA,1,P01,LAB01,1,0,0,0,0,0
20260910_101021,STILL_1P_NA,0.039,4117900,42,STILL,NA,1,P01,LAB01,2,0,0,0,0,0
20260910_101021,STILL_1P_NA,0.040,4206939,43,STILL,NA,1,P01,LAB01,0,1,-860,1149,0,360
20260910_101021,STILL_1P_NA,0.040,4206939,43,STILL,NA,1,P01,LAB01,1,0,0,0,0,0
20260910_101021,STILL_1P_NA,0.040,4206939,43,STILL,NA,1,P01,LAB01,2,0,0,0,0,0
20260910_101021,STILL_1P_NA,0.041,4295889,44,STILL,NA,1,P01,LAB01,0,1,-858,1153,0,360
20260910_101021,STILL_1P_NA,0.041,4295889,44,STILL,NA,1,P01,LAB01,1,0,0,0,0,0
20260910_101021,STILL_1P_NA,0.041,4295889,44,STILL,NA,1,P01,LAB01,2,0,0,0,0,0
20260910_101021,STILL_1P_NA,0.042,4385048,45,STILL,NA,1,P01,LAB01,0,1,-858,1157,0,360
20260910_101021,STILL_1P_NA,0.042,4385048,45,STILL,NA,1,P01,LAB01,1,0,0,0,0,0
20260910_101021,STILL_1P_NA,0.042,4385048,45,STILL,NA,1,P01,LAB01,2,0,0,0,0,0
20260910_101021,STILL_1P_NA,0.042,4473886,46,STILL,NA,1,P01,LAB01,0,1,-860,1158,0,360
20260910_101021,STILL_1P_NA,0.042,4473886,46,STILL,NA,1,P01,LAB01,1,0,0,0,0,0
20260910_101021,STILL_1P_NA,0.042,4473886,46,STILL,NA,1,P01,LAB01,2,0,0,0,0,0
20260910_101021,STILL_1P_NA,0.044,4562868,47,STILL,NA,1,P01,LAB01,0,1,-862,1157,0,360
20260910_101021,STILL_1P_NA,0.044,4562868,47,STILL,NA,1,P01,LAB01,1,0,0,0,0,0
20260910_101021,STILL_1P_NA,0.044,4562868,47,STILL,NA,1,P01,LAB01,2,0,0,0,0,0
20260910_101021,STILL_1P_NA,0.045,4651823,48,STILL,NA,1,P01,LAB01,0,1,-865,1154,0,360
20260910_101021,STILL_1P_NA,0.045,4651823,48,STILL,NA,1,P01,LAB01,1,0,0,0,0,0
20260910_101021,STILL_1P_NA,0.045,4651823,48,STILL,NA,1,P01,LAB01,2,0,0,0,0,0
20260910_101021,STILL_1P_NA,0.046,4740959,49,STILL,NA,1,P01,LAB01,0,1,-868,1151,0,360
20260910_101021,STILL_1P_NA,0.046,4740959,49,STILL,NA,1,P01,LAB01,1,0,0,0,0,0
20260910_101021,STILL_1P_NA,0.046,4740959,49,STILL,NA,1,P01,LAB01,2,0,0,0,0,0
20260910_101021,STILL_1P_NA,0.047,4830054,50,STILL,NA,1,P01,LAB01,0,1,-870,1148,0,360
20260910_101021,STILL_1P_NA,0.047,4830054,50,STILL,NA,1,P01,LAB01,1,0,0,0,0,0
20260910_101021,STILL_1P_NA,0.047,4830054,50,STILL,NA,1,P01,LAB01,2,0,0,0,0,0
20260910_101021,STILL_1P_NA,0.069,4918862,51,STILL,NA,1,P01,LAB01,0,1,-873,1144,0,360
20260910_101021,STILL_1P_NA,0.069,4918862,51,STILL,NA,1,P01,LAB01,1,0,0,0,0,0
20260910_101021,STILL_1P_NA,0.069,4918862,51,STILL,NA,1,P01,LAB01,2,0,0,0,0,0
20260910_101021,STILL_1P_NA,0.157,5007719,52,STILL,NA,1,P01,LAB01,0,1,-873,1142,0,360
20260910_101021,STILL_1P_NA,0.157,5007719,52,STILL,NA,1,P01,LAB01,1,0,0,0,0,0
20260910_101021,STILL_1P_NA,0.157,5007719,52,STILL,NA,1,P01,LAB01,2,0,0,0,0,0
20260910_101021,STILL_1P_NA,0.247,5096889,53,STILL,NA,1,P01,LAB01,0,1,-875,1139,0,360
20260910_101021,STILL_1P_NA,0.247,5096889,53,STILL,NA,1,P01,LAB01,1,0,0,0,0,0
20260910_101021,STILL_1P_NA,0.247,5096889,53,STILL,NA,1,P01,LAB01,2,0,0,0,0,0
20260910_101021,STILL_1P_NA,0.336,5185995,54,STILL,NA,1,P01,LAB01,0,1,-879,1135,0,360
20260910_101021,STILL_1P_NA,0.336,5185995,54,STILL,NA,1,P01,LAB01,1,0,0,0,0,0
20260910_101021,STILL_1P_NA,0.336,5185995,54,STILL,NA,1,P01,LAB01,2,0,0,0,0,0
20260910_101021,STILL_1P_NA,0.424,5274700,55,STILL,NA,1,P01,LAB01,0,1,-881,1130,0,360
20260910_101021,STILL_1P_NA,0.424,5274700,55,STILL,NA,1,P01,LAB01,1,0,0,0,0,0
20260910_101021,STILL_1P_NA,0.424,5274700,55,STILL,NA,1,P01,LAB01,2,0,0,0,0,0
20260910_101021,STILL_1P_NA,0.514,5363710,56,STILL,NA,1,P01,LAB01,0,1,-883,1128,0,360
20260910_101021,STILL_1P_NA,0.514,5363710,56,STILL,NA,1,P01,LAB01,1,0,0,0,0,0
20260910_101021,STILL_1P_NA,0.514,5363710,56,STILL,NA,1,P01,LAB01,2,0,0,0,0,0
20260910_101021,STILL_1P_NA,0.602,5452726,57,STILL,NA,1,P01,LAB01,0,1,-886,1128,0,360
20260910_101021,STILL_1P_NA,0.602,5452726,57,STILL,NA,1,P01,LAB01,1,0,0,0,0,0
20260910_101021,STILL_1P_NA,0.602,5452726,57,STILL,NA,1,P01,LAB01,2,0,0,0,0,0
20260910_101021,STILL_1P_NA,0.692,5541862,58,STILL,NA,1,P01,LAB01,0,1,-888,1130,0,360
20260910_101021,STILL_1P_NA,0.692,5541862,58,STILL,NA,1,P01,LAB01,1,0,0,0,0,0
20260910_101021,STILL_1P_NA,0.692,5541862,58,STILL,NA,1,P01,LAB01,2,0,0,0,0,0
20260910_101021,STILL_1P_NA,0.781,5630753,59,STILL,NA,1,P01,LAB01,0,1,-888,1132,0,360
20260910_101021,STILL_1P_NA,0.781,5630753,59,STILL,NA,1,P01,LAB01,1,0,0,0,0,0
20260910_101021,STILL_1P_NA,0.781,5630753,59,STILL,NA,1,P01,LAB01,2,0,0,0,0,0
20260910_101021,STILL_1P_NA,0.869,5719830,60,STILL,NA,1,P01,LAB01,0,1,-889,1131,0,360
20260910_101021,STILL_1P_NA,0.869,5719830,60,STILL,NA,1,P01,LAB01,1,0,0,0,0,0
20260910_101021,STILL_1P_NA,0.869,5719830,60,STILL,NA,1,P01,LAB01,2,0,0,0,0,0
20260910_101021,STILL_1P_NA,0.958,5808403,61,STILL,NA,1,P01,LAB01,0,1,-891,1131,0,360
20260910_101021,STILL_1P_NA,0.958,5808403,61,STILL,NA,1,P01,LAB01,1,0,0,0,0,0
20260910_101021,STILL_1P_NA,0.958,5808403,61,STILL,NA,1,P01,LAB01,2,0,0,0,0,0
20260910_101021,STILL_1P_NA,1.048,5898233,62,STILL,NA,1,P01,LAB01,0,1,-892,1130,0,360
20260910_101021,STILL_1P_NA,1.048,5898233,62,STILL,NA,1,P01,LAB01,1,0,0,0,0,0
20260910_101021,STILL_1P_NA,1.048,5898233,62,STILL,NA,1,P01,LAB01,2,0,0,0,0,0
20260910_101021,STILL_1P_NA,1.136,5986623,63,STILL,NA,1,P01,LAB01,0,1,-891,1127,0,360
20260910_101021,STILL_1P_NA,1.136,5986623,63,STILL,NA,1,P01,LAB01,1,0,0,0,0,0
20260910_101021,STILL_1P_NA,1.136,5986623,63,STILL,NA,1,P01,LAB01,2,0,0,0,0,0
20260910_101021,STILL_1P_NA,1.225,6075786,64,STILL,NA,1,P01,LAB01,0,1,-890,1124,0,360
20260910_101021,STILL_1P_NA,1.225,6075786,64,STILL,NA,1,P01,LAB01,1,0,0,0,0,0
20260910_101021,STILL_1P_NA,1.225,6075786,64,STILL,NA,1,P01,LAB01,2,0,0,0,0,0
20260910_101021,STILL_1P_NA,1.314,6164613,65,STILL,NA,1,P01,LAB01,0,1,-890,1122,0,360
20260910_101021,STILL_1P_NA,1.314,6164613,65,STILL,NA,1,P01,LAB01,1,0,0,0,0,0
20260910_101021,STILL_1P_NA,1.314,6164613,65,STILL,NA,1,P01,LAB01,2,0,0,0,0,0
20260910_101021,STILL_1P_NA,1.403,6253286,66,STILL,NA,1,P01,LAB01,0,1,-891,1120,0,360
20260910_101021,STILL_1P_NA,1.403,6253286,66,STILL,NA,1,P01,LAB01,1,0,0,0,0,0
20260910_101021,STILL_1P_NA,1.403,6253286,66,STILL,NA,1,P01,LAB01,2,0,0,0,0,0
20260910_101021,STILL_1P_NA,1.492,6342800,67,STILL,NA,1,P01,LAB01,0,1,-891,1118,0,360
20260910_101021,STILL_1P_NA,1.492,6342800,67,STILL,NA,1,P01,LAB01,1,0,0,0,0,0
20260910_101021,STILL_1P_NA,1.492,6342800,67,STILL,NA,1,P01,LAB01,2,0,0,0,0,0
20260910_101021,STILL_1P_NA,1.581,6431623,68,STILL,NA,1,P01,LAB01,0,1,-891,1117,0,360
20260910_101021,STILL_1P_NA,1.581,6431623,68,STILL,NA,1,P01,LAB01,1,0,0,0,0,0
20260910_101021,STILL_1P_NA,1.581,6431623,68,STILL,NA,1,P01,LAB01,2,0,0,0,0,0
20260910_101021,STILL_1P_NA,1.671,6520796,69,STILL,NA,1,P01,LAB01,0,1,-892,1114,0,360
20260910_101021,STILL_1P_NA,1.671,6520796,69,STILL,NA,1,P01,LAB01,1,0,0,0,0,0
20260910_101021,STILL_1P_NA,1.671,6520796,69,STILL,NA,1,P01,LAB01,2,0,0,0,0,0
20260910_101021,STILL_1P_NA,1.759,6609586,70,STILL,NA,1,P01,LAB01,0,1,-891,1113,0,360
20260910_101021,STILL_1P_NA,1.759,6609586,70,STILL,NA,1,P01,LAB01,1,0,0,0,0,0
20260910_101021,STILL_1P_NA,1.759,6609586,70,STILL,NA,1,P01,LAB01,2,0,0,0,0,0
20260910_101021,STILL_1P_NA,1.848,6698637,71,STILL,NA,1,P01,LAB01,0,1,-890,1113,0,360
20260910_101021,STILL_1P_NA,1.848,6698637,71,STILL,NA,1,P01,LAB01,1,0,0,0,0,0
20260910_101021,STILL_1P_NA,1.848,6698637,71,STILL,NA,1,P01,LAB01,2,0,0,0,0,0
20260910_101021,STILL_1P_NA,1.937,6787396,72,STILL,NA,1,P01,LAB01,0,1,-891,1112,0,360
20260910_101021,STILL_1P_NA,1.937,6787396,72,STILL,NA,1,P01,LAB01,1,0,0,0,0,0
20260910_101021,STILL_1P_NA,1.937,6787396,72,STILL,NA,1,P01,LAB01,2,0,0,0,0,0
20260910_101021,STILL_1P_NA,2.026,6876500,73,STILL,NA,1,P01,LAB01,0,1,-890,1112,0,360
20260910_101021,STILL_1P_NA,2.026,6876500,73,STILL,NA,1,P01,LAB01,1,0,0,0,0,0
20260910_101021,STILL_1P_NA,2.026,6876500,73,STILL,NA,1,P01,LAB01,2,0,0,0,0,0
20260910_101021,STILL_1P_NA,2.115,6965614,74,STILL,NA,1,P01,LAB01,0,1,-888,1112,0,360
20260910_101021,STILL_1P_NA,2.115,6965614,74,STILL,NA,1,P01,LAB01,1,0,0,0,0,0
20260910_101021,STILL_1P_NA,2.115,6965614,74,STILL,NA,1,P01,LAB01,2,0,0,0,0,0
20260910_101021,STILL_1P_NA,2.204,7054567,75,STILL,NA,1,P01,LAB01,0,1,-888,1112,0,360
20260910_101021,STILL_1P_NA,2.204,7054567,75,STILL,NA,1,P01,LAB01,1,0,0,0,0,0
20260910_101021,STILL_1P_NA,2.204,7054567,75,STILL,NA,1,P01,LAB01,2,0,0,0,0,0
20260910_101021,STILL_1P_NA,2.293,7143478,76,STILL,NA,1,P01,LAB01,0,1,-888,1112,0,360
20260910_101021,STILL_1P_NA,2.293,7143478,76,STILL,NA,1,P01,LAB01,1,0,0,0,0,0
20260910_101021,STILL_1P_NA,2.293,7143478,76,STILL,NA,1,P01,LAB01,2,0,0,0,0,0
20260910_101021,STILL_1P_NA,2.382,7232596,77,STILL,NA,1,P01,LAB01,0,1,-888,1112,0,360
20260910_101021,STILL_1P_NA,2.382,7232596,77,STILL,NA,1,P01,LAB01,1,0,0,0,0,0
20260910_101021,STILL_1P_NA,2.382,7232596,77,STILL,NA,1,P01,LAB01,2,0,0,0,0,0
20260910_101021,STILL_1P_NA,2.471,7321572,78,STILL,NA,1,P01,LAB01,0,1,-890,1111,0,360
20260910_101021,STILL_1P_NA,2.471,7321572,78,STILL,NA,1,P01,LAB01,1,0,0,0,0,0
20260910_101021,STILL_1P_NA,2.471,7321572,78,STILL,NA,1,P01,LAB01,2,0,0,0,0,0
20260910_101021,STILL_1P_NA,2.560,7410773,79,STILL,NA,1,P01,LAB01,0,1,-892,1109,0,360
20260910_101021,STILL_1P_NA,2.560,7410773,79,STILL,NA,1,P01,LAB01,1,0,0,0,0,0
20260910_101021,STILL_1P_NA,2.560,7410773,79,STILL,NA,1,P01,LAB01,2,0,0,0,0,0
20260910_101021,STILL_1P_NA,2.649,7499472,80,STILL,NA,1,P01,LAB01,0,1,-894,1108,0,360
20260910_101021,STILL_1P_NA,2.649,7499472,80,STILL,NA,1,P01,LAB01,1,0,0,0,0,0
20260910_101021,STILL_1P_NA,2.649,7499472,80,STILL,NA,1,P01,LAB01,2,0,0,0,0,0
20260910_101021,STILL_1P_NA,2.738,7588676,81,STILL,NA,1,P01,LAB01,0,1,-897,1107,0,360
20260910_101021,STILL_1P_NA,2.738,7588676,81,STILL,NA,1,P01,LAB01,1,0,0,0,0,0
20260910_101021,STILL_1P_NA,2.738,7588676,81,STILL,NA,1,P01,LAB01,2,0,0,0,0,0
20260910_101021,STILL_1P_NA,2.827,7677376,82,STILL,NA,1,P01,LAB01,0,1,-900,1106,0,360
20260910_101021,STILL_1P_NA,2.827,7677376,82,STILL,NA,1,P01,LAB01,1,0,0,0,0,0
20260910_101021,STILL_1P_NA,2.827,7677376,82,STILL,NA,1,P01,LAB01,2,0,0,0,0,0
20260910_101021,STILL_1P_NA,2.916,7766298,83,STILL,NA,1,P01,LAB01,0,1,-903,1104,0,360
20260910_101021,STILL_1P_NA,2.916,7766298,83,STILL,NA,1,P01,LAB01,1,0,0,0,0,0
20260910_101021,STILL_1P_NA,2.916,7766298,83,STILL,NA,1,P01,LAB01,2,0,0,0,0,0
20260910_101021,STILL_1P_NA,3.005,7855403,84,STILL,NA,1,P01,LAB01,0,1,-907,1103,0,360
20260910_101021,STILL_1P_NA,3.005,7855403,84,STILL,NA,1,P01,LAB01,1,0,0,0,0,0
20260910_101021,STILL_1P_NA,3.005,7855403,84,STILL,NA,1,P01,LAB01,2,0,0,0,0,0
20260910_101021,STILL_1P_NA,3.094,7944700,85,STILL,NA,1,P01,LAB01,0,1,-909,1104,0,360
20260910_101021,STILL_1P_NA,3.094,7944700,85,STILL,NA,1,P01,LAB01,1,0,0,0,0,0
20260910_101021,STILL_1P_NA,3.094,7944700,85,STILL,NA,1,P01,LAB01,2,0,0,0,0,0
20260910_101021,STILL_1P_NA,3.183,8033493,86,STILL,NA,1,P01,LAB01,0,1,-911,1107,0,360
20260910_101021,STILL_1P_NA,3.183,8033493,86,STILL,NA,1,P01,LAB01,1,0,0,0,0,0
20260910_101021,STILL_1P_NA,3.183,8033493,86,STILL,NA,1,P01,LAB01,2,0,0,0,0,0
20260910_101021,STILL_1P_NA,3.272,8122410,87,STILL,NA,1,P01,LAB01,0,1,-911,1111,0,360
20260910_101021,STILL_1P_NA,3.272,8122410,87,STILL,NA,1,P01,LAB01,1,0,0,0,0,0
20260910_101021,STILL_1P_NA,3.272,8122410,87,STILL,NA,1,P01,LAB01,2,0,0,0,0,0
20260910_101021,STILL_1P_NA,3.361,8211048,88,STILL,NA,1,P01,LAB01,0,1,-910,1115,0,360
20260910_101021,STILL_1P_NA,3.361,8211048,88,STILL,NA,1,P01,LAB01,1,0,0,0,0,0
20260910_101021,STILL_1P_NA,3.361,8211048,88,STILL,NA,1,P01,LAB01,2,0,0,0,0,0
20260910_101021,STILL_1P_NA,3.451,8300499,89,STILL,NA,1,P01,LAB01,0,1,-908,1119,0,360
20260910_101021,STILL_1P_NA,3.451,8300499,89,STILL,NA,1,P01,LAB01,1,0,0,0,0,0
20260910_101021,STILL_1P_NA,3.451,8300499,89,STILL,NA,1,P01,LAB01,2,0,0,0,0,0
20260910_101021,STILL_1P_NA,3.539,8389298,90,STILL,NA,1,P01,LAB01,0,1,-905,1122,0,360
20260910_101021,STILL_1P_NA,3.539,8389298,90,STILL,NA,1,P01,LAB01,1,0,0,0,0,0
20260910_101021,STILL_1P_NA,3.539,8389298,90,STILL,NA,1,P01,LAB01,2,0,0,0,0,0
20260910_101021,STILL_1P_NA,3.628,8478593,91,STILL,NA,1,P01,LAB01,0,1,-902,1124,0,360
20260910_101021,STILL_1P_NA,3.628,8478593,91,STILL,NA,1,P01,LAB01,1,0,0,0,0,0
20260910_101021,STILL_1P_NA,3.628,8478593,91,STILL,NA,1,P01,LAB01,2,0,0,0,0,0
20260910_101021,STILL_1P_NA,3.717,8567417,92,STILL,NA,1,P01,LAB01,0,1,-899,1127,0,360
20260910_101021,STILL_1P_NA,3.717,8567417,92,STILL,NA,1,P01,LAB01,1,0,0,0,0,0
20260910_101021,STILL_1P_NA,3.717,8567417,92,STILL,NA,1,P01,LAB01,2,0,0,0,0,0
20260910_101021,STILL_1P_NA,3.806,8656493,93,STILL,NA,1,P01,LAB01,0,1,-898,1129,0,360
20260910_101021,STILL_1P_NA,3.806,8656493,93,STILL,NA,1,P01,LAB01,1,0,0,0,0,0
20260910_101021,STILL_1P_NA,3.806,8656493,93,STILL,NA,1,P01,LAB01,2,0,0,0,0,0
20260910_101021,STILL_1P_NA,3.895,8745128,94,STILL,NA,1,P01,LAB01,0,1,-896,1134,0,360
20260910_101021,STILL_1P_NA,3.895,8745128,94,STILL,NA,1,P01,LAB01,1,0,0,0,0,0
20260910_101021,STILL_1P_NA,3.895,8745128,94,STILL,NA,1,P01,LAB01,2,0,0,0,0,0
20260910_101021,STILL_1P_NA,3.985,8834486,95,STILL,NA,1,P01,LAB01,0,1,-893,1142,0,360
20260910_101021,STILL_1P_NA,3.985,8834486,95,STILL,NA,1,P01,LAB01,1,0,0,0,0,0
20260910_101021,STILL_1P_NA,3.985,8834486,95,STILL,NA,1,P01,LAB01,2,0,0,0,0,0
20260910_101021,STILL_1P_NA,4.073,8923155,96,STILL,NA,1,P01,LAB01,0,1,-891,1148,0,360
20260910_101021,STILL_1P_NA,4.073,8923155,96,STILL,NA,1,P01,LAB01,1,0,0,0,0,0
20260910_101021,STILL_1P_NA,4.073,8923155,96,STILL,NA,1,P01,LAB01,2,0,0,0,0,0
20260910_101021,STILL_1P_NA,4.162,9012514,97,STILL,NA,1,P01,LAB01,0,1,-891,1142,-8,360
20260910_101021,STILL_1P_NA,4.162,9012514,97,STILL,NA,1,P01,LAB01,1,0,0,0,0,0
20260910_101021,STILL_1P_NA,4.162,9012514,97,STILL,NA,1,P01,LAB01,2,0,0,0,0,0
20260910_101021,STILL_1P_NA,4.251,9101222,98,STILL,NA,1,P01,LAB01,0,1,-891,1134,0,360
20260910_101021,STILL_1P_NA,4.251,9101222,98,STILL,NA,1,P01,LAB01,1,0,0,0,0,0
20260910_101021,STILL_1P_NA,4.251,9101222,98,STILL,NA,1,P01,LAB01,2,0,0,0,0,0
20260910_101021,STILL_1P_NA,4.340,9190359,99,STILL,NA,1,P01,LAB01,0,1,-895,1124,0,360
20260910_101021,STILL_1P_NA,4.340,9190359,99,STILL,NA,1,P01,LAB01,1,0,0,0,0,0
20260910_101021,STILL_1P_NA,4.340,9190359,99,STILL,NA,1,P01,LAB01,2,0,0,0,0,0
20260910_101021,STILL_1P_NA,4.429,9279216,100,STILL,NA,1,P01,LAB01,0,1,-902,1109,0,360
20260910_101021,STILL_1P_NA,4.429,9279216,100,STILL,NA,1,P01,LAB01,1,0,0,0,0,0
20260910_101021,STILL_1P_NA,4.429,9279216,100,STILL,NA,1,P01,LAB01,2,0,0,0,0,0
20260910_101021,STILL_1P_NA,4.519,9368353,101,STILL,NA,1,P01,LAB01,0,1,-909,1096,0,360
20260910_101021,STILL_1P_NA,4.519,9368353,101,STILL,NA,1,P01,LAB01,1,0,0,0,0,0
20260910_101021,STILL_1P_NA,4.519,9368353,101,STILL,NA,1,P01,LAB01,2,0,0,0,0,0
20260910_101021,STILL_1P_NA,4.607,9457281,102,STILL,NA,1,P01,LAB01,0,1,-917,1075,0,360
20260910_101021,STILL_1P_NA,4.607,9457281,102,STILL,NA,1,P01,LAB01,1,0,0,0,0,0
20260910_101021,STILL_1P_NA,4.607,9457281,102,STILL,NA,1,P01,LAB01,2,0,0,0,0,0
20260910_101021,STILL_1P_NA,4.696,9546287,103,STILL,NA,1,P01,LAB01,0,1,-919,1071,0,360
20260910_101021,STILL_1P_NA,4.696,9546287,103,STILL,NA,1,P01,LAB01,1,0,0,0,0,0
20260910_101021,STILL_1P_NA,4.696,9546287,103,STILL,NA,1,P01,LAB01,2,0,0,0,0,0
20260910_101021,STILL_1P_NA,4.785,9635337,104,STILL,NA,1,P01,LAB01,0,1,-919,1068,0,360
20260910_101021,STILL_1P_NA,4.785,9635337,104,STILL,NA,1,P01,LAB01,1,0,0,0,0,0
20260910_101021,STILL_1P_NA,4.785,9635337,104,STILL,NA,1,P01,LAB01,2,0,0,0,0,0
20260910_101021,STILL_1P_NA,4.874,9724000,105,STILL,NA,1,P01,LAB01,0,1,-919,1067,0,360
20260910_101021,STILL_1P_NA,4.874,9724000,105,STILL,NA,1,P01,LAB01,1,0,0,0,0,0
20260910_101021,STILL_1P_NA,4.874,9724000,105,STILL,NA,1,P01,LAB01,2,0,0,0,0,0
20260910_101021,STILL_1P_NA,4.963,9813360,106,STILL,NA,1,P01,LAB01,0,1,-918,1066,0,360
20260910_101021,STILL_1P_NA,4.963,9813360,106,STILL,NA,1,P01,LAB01,1,0,0,0,0,0
20260910_101021,STILL_1P_NA,4.963,9813360,106,STILL,NA,1,P01,LAB01,2,0,0,0,0,0
20260910_101021,STILL_1P_NA,5.052,9902403,107,STILL,NA,1,P01,LAB01,0,1,-916,1066,0,360
20260910_101021,STILL_1P_NA,5.052,9902403,107,STILL,NA,1,P01,LAB01,1,0,0,0,0,0
20260910_101021,STILL_1P_NA,5.052,9902403,107,STILL,NA,1,P01,LAB01,2,0,0,0,0,0
20260910_101021,STILL_1P_NA,5.141,9991326,108,STILL,NA,1,P01,LAB01,0,1,-914,1062,0,360
20260910_101021,STILL_1P_NA,5.141,9991326,108,STILL,NA,1,P01,LAB01,1,0,0,0,0,0
20260910_101021,STILL_1P_NA,5.141,9991326,108,STILL,NA,1,P01,LAB01,2,0,0,0,0,0
20260910_101021,STILL_1P_NA,5.230,10080243,109,STILL,NA,1,P01,LAB01,0,1,-907,1058,0,360
20260910_101021,STILL_1P_NA,5.230,10080243,109,STILL,NA,1,P01,LAB01,1,0,0,0,0,0
20260910_101021,STILL_1P_NA,5.230,10080243,109,STILL,NA,1,P01,LAB01,2,0,0,0,0,0
20260910_101021,STILL_1P_NA,5.319,10169126,110,STILL,NA,1,P01,LAB01,0,1,-902,1054,0,360
20260910_101021,STILL_1P_NA,5.319,10169126,110,STILL,NA,1,P01,LAB01,1,0,0,0,0,0
20260910_101021,STILL_1P_NA,5.319,10169126,110,STILL,NA,1,P01,LAB01,2,0,0,0,0,0
20260910_101021,STILL_1P_NA,5.408,10258362,111,STILL,NA,1,P01,LAB01,0,1,-895,1055,0,360
20260910_101021,STILL_1P_NA,5.408,10258362,111,STILL,NA,1,P01,LAB01,1,0,0,0,0,0
20260910_101021,STILL_1P_NA,5.408,10258362,111,STILL,NA,1,P01,LAB01,2,0,0,0,0,0
20260910_101021,STILL_1P_NA,5.497,10346945,112,STILL,NA,1,P01,LAB01,0,1,-888,1057,0,360
20260910_101021,STILL_1P_NA,5.497,10346945,112,STILL,NA,1,P01,LAB01,1,0,0,0,0,0
20260910_101021,STILL_1P_NA,5.497,10346945,112,STILL,NA,1,P01,LAB01,2,0,0,0,0,0
20260910_101021,STILL_1P_NA,5.586,10436335,113,STILL,NA,1,P01,LAB01,0,1,-881,1060,0,360
20260910_101021,STILL_1P_NA,5.586,10436335,113,STILL,NA,1,P01,LAB01,1,0,0,0,0,0
20260910_101021,STILL_1P_NA,5.586,10436335,113,STILL,NA,1,P01,LAB01,2,0,0,0,0,0
20260910_101021,STILL_1P_NA,5.675,10525313,114,STILL,NA,1,P01,LAB01,0,1,-880,1064,0,360
20260910_101021,STILL_1P_NA,5.675,10525313,114,STILL,NA,1,P01,LAB01,1,0,0,0,0,0
20260910_101021,STILL_1P_NA,5.675,10525313,114,STILL,NA,1,P01,LAB01,2,0,0,0,0,0
20260910_101021,STILL_1P_NA,5.764,10614353,115,STILL,NA,1,P01,LAB01,0,1,-881,1066,0,360
20260910_101021,STILL_1P_NA,5.764,10614353,115,STILL,NA,1,P01,LAB01,1,0,0,0,0,0
20260910_101021,STILL_1P_NA,5.764,10614353,115,STILL,NA,1,P01,LAB01,2,0,0,0,0,0
20260910_101021,STILL_1P_NA,5.853,10703048,116,STILL,NA,1,P01,LAB01,0,1,-882,1066,0,360
20260910_101021,STILL_1P_NA,5.853,10703048,116,STILL,NA,1,P01,LAB01,1,0,0,0,0,0
20260910_101021,STILL_1P_NA,5.853,10703048,116,STILL,NA,1,P01,LAB01,2,0,0,0,0,0
20260910_101021,STILL_1P_NA,5.942,10792323,117,STILL,NA,1,P01,LAB01,0,1,-885,1064,-8,360
20260910_101021,STILL_1P_NA,5.942,10792323,117,STILL,NA,1,P01,LAB01,1,0,0,0,0,0
20260910_101021,STILL_1P_NA,5.942,10792323,117,STILL,NA,1,P01,LAB01,2,0,0,0,0,0
20260910_101021,STILL_1P_NA,6.031,10880995,118,STILL,NA,1,P01,LAB01,0,1,-886,1063,0,360
20260910_101021,STILL_1P_NA,6.031,10880995,118,STILL,NA,1,P01,LAB01,1,0,0,0,0,0
20260910_101021,STILL_1P_NA,6.031,10880995,118,STILL,NA,1,P01,LAB01,2,0,0,0,0,0
20260910_101021,STILL_1P_NA,6.120,10970323,119,STILL,NA,1,P01,LAB01,0,1,-880,1065,8,360
20260910_101021,STILL_1P_NA,6.120,10970323,119,STILL,NA,1,P01,LAB01,1,0,0,0,0,0
20260910_101021,STILL_1P_NA,6.120,10970323,119,STILL,NA,1,P01,LAB01,2,0,0,0,0,0
20260910_101021,STILL_1P_NA,6.209,11059169,120,STILL,NA,1,P01,LAB01,0,1,-873,1065,0,360
20260910_101021,STILL_1P_NA,6.209,11059169,120,STILL,NA,1,P01,LAB01,1,0,0,0,0,0
20260910_101021,STILL_1P_NA,6.209,11059169,120,STILL,NA,1,P01,LAB01,2,0,0,0,0,0
20260910_101021,STILL_1P_NA,6.298,11148092,121,STILL,NA,1,P01,LAB01,0,1,-871,1066,0,360
20260910_101021,STILL_1P_NA,6.298,11148092,121,STILL,NA,1,P01,LAB01,1,0,0,0,0,0
20260910_101021,STILL_1P_NA,6.298,11148092,121,STILL,NA,1,P01,LAB01,2,0,0,0,0,0
20260910_101021,STILL_1P_NA,6.387,11237240,122,STILL,NA,1,P01,LAB01,0,1,-868,1067,0,360
20260910_101021,STILL_1P_NA,6.387,11237240,122,STILL,NA,1,P01,LAB01,1,0,0,0,0,0
20260910_101021,STILL_1P_NA,6.387,11237240,122,STILL,NA,1,P01,LAB01,2,0,0,0,0,0
20260910_101021,STILL_1P_NA,6.476,11326082,123,STILL,NA,1,P01,LAB01,0,1,-867,1070,0,360
20260910_101021,STILL_1P_NA,6.476,11326082,123,STILL,NA,1,P01,LAB01,1,0,0,0,0,0
20260910_101021,STILL_1P_NA,6.476,11326082,123,STILL,NA,1,P01,LAB01,2,0,0,0,0,0
20260910_101021,STILL_1P_NA,6.565,11415036,124,STILL,NA,1,P01,LAB01,0,1,-867,1072,0,360
20260910_101021,STILL_1P_NA,6.565,11415036,124,STILL,NA,1,P01,LAB01,1,0,0,0,0,0
20260910_101021,STILL_1P_NA,6.565,11415036,124,STILL,NA,1,P01,LAB01,2,0,0,0,0,0
20260910_101021,STILL_1P_NA,6.654,11503969,125,STILL,NA,1,P01,LAB01,0,1,-869,1072,0,360
20260910_101021,STILL_1P_NA,6.654,11503969,125,STILL,NA,1,P01,LAB01,1,0,0,0,0,0
20260910_101021,STILL_1P_NA,6.654,11503969,125,STILL,NA,1,P01,LAB01,2,0,0,0,0,0
20260910_101021,STILL_1P_NA,6.743,11592944,126,STILL,NA,1,P01,LAB01,0,1,-871,1073,0,360
20260910_101021,STILL_1P_NA,6.743,11592944,126,STILL,NA,1,P01,LAB01,1,0,0,0,0,0
20260910_101021,STILL_1P_NA,6.743,11592944,126,STILL,NA,1,P01,LAB01,2,0,0,0,0,0
20260910_101021,STILL_1P_NA,6.832,11682141,127,STILL,NA,1,P01,LAB01,0,1,-873,1070,0,360
20260910_101021,STILL_1P_NA,6.832,11682141,127,STILL,NA,1,P01,LAB01,1,0,0,0,0,0
20260910_101021,STILL_1P_NA,6.832,11682141,127,STILL,NA,1,P01,LAB01,2,0,0,0,0,0
20260910_101021,STILL_1P_NA,6.921,11771222,128,STILL,NA,1,P01,LAB01,0,1,-872,1067,0,360
20260910_101021,STILL_1P_NA,6.921,11771222,128,STILL,NA,1,P01,LAB01,1,0,0,0,0,0
20260910_101021,STILL_1P_NA,6.921,11771222,128,STILL,NA,1,P01,LAB01,2,0,0,0,0,0
20260910_101021,STILL_1P_NA,7.010,11860045,129,STILL,NA,1,P01,LAB01,0,1,-871,1065,0,360
20260910_101021,STILL_1P_NA,7.010,11860045,129,STILL,NA,1,P01,LAB01,1,0,0,0,0,0
20260910_101021,STILL_1P_NA,7.010,11860045,129,STILL,NA,1,P01,LAB01,2,0,0,0,0,0
20260910_101021,STILL_1P_NA,7.099,11949216,130,STILL,NA,1,P01,LAB01,0,1,-872,1064,0,360
20260910_101021,STILL_1P_NA,7.099,11949216,130,STILL,NA,1,P01,LAB01,1,0,0,0,0,0
20260910_101021,STILL_1P_NA,7.099,11949216,130,STILL,NA,1,P01,LAB01,2,0,0,0,0,0
20260910_101021,STILL_1P_NA,7.188,12037917,131,STILL,NA,1,P01,LAB01,0,1,-872,1064,0,360
20260910_101021,STILL_1P_NA,7.188,12037917,131,STILL,NA,1,P01,LAB01,1,0,0,0,0,0
20260910_101021,STILL_1P_NA,7.188,12037917,131,STILL,NA,1,P01,LAB01,2,0,0,0,0,0
20260910_101021,STILL_1P_NA,7.277,12127048,132,STILL,NA,1,P01,LAB01,0,1,-872,1066,-8,360
20260910_101021,STILL_1P_NA,7.277,12127048,132,STILL,NA,1,P01,LAB01,1,0,0,0,0,0
20260910_101021,STILL_1P_NA,7.277,12127048,132,STILL,NA,1,P01,LAB01,2,0,0,0,0,0
20260910_101021,STILL_1P_NA,7.366,12215981,133,STILL,NA,1,P01,LAB01,0,1,-875,1068,0,360
20260910_101021,STILL_1P_NA,7.366,12215981,133,STILL,NA,1,P01,LAB01,1,0,0,0,0,0
20260910_101021,STILL_1P_NA,7.366,12215981,133,STILL,NA,1,P01,LAB01,2,0,0,0,0,0
20260910_101021,STILL_1P_NA,7.455,12305048,134,STILL,NA,1,P01,LAB01,0,1,-878,1070,0,360
20260910_101021,STILL_1P_NA,7.455,12305048,134,STILL,NA,1,P01,LAB01,1,0,0,0,0,0
20260910_101021,STILL_1P_NA,7.455,12305048,134,STILL,NA,1,P01,LAB01,2,0,0,0,0,0
20260910_101021,STILL_1P_NA,7.544,12394065,135,STILL,NA,1,P01,LAB01,0,1,-879,1070,0,360
20260910_101021,STILL_1P_NA,7.544,12394065,135,STILL,NA,1,P01,LAB01,1,0,0,0,0,0
20260910_101021,STILL_1P_NA,7.544,12394065,135,STILL,NA,1,P01,LAB01,2,0,0,0,0,0
20260910_101021,STILL_1P_NA,7.633,12483103,136,STILL,NA,1,P01,LAB01,0,1,-878,1071,0,360
20260910_101021,STILL_1P_NA,7.633,12483103,136,STILL,NA,1,P01,LAB01,1,0,0,0,0,0
20260910_101021,STILL_1P_NA,7.633,12483103,136,STILL,NA,1,P01,LAB01,2,0,0,0,0,0
20260910_101021,STILL_1P_NA,7.722,12572155,137,STILL,NA,1,P01,LAB01,0,1,-880,1068,0,360
20260910_101021,STILL_1P_NA,7.722,12572155,137,STILL,NA,1,P01,LAB01,1,0,0,0,0,0
20260910_101021,STILL_1P_NA,7.722,12572155,137,STILL,NA,1,P01,LAB01,2,0,0,0,0,0
20260910_101021,STILL_1P_NA,7.811,12661072,138,STILL,NA,1,P01,LAB01,0,1,-880,1069,8,360
20260910_101021,STILL_1P_NA,7.811,12661072,138,STILL,NA,1,P01,LAB01,1,0,0,0,0,0
20260910_101021,STILL_1P_NA,7.811,12661072,138,STILL,NA,1,P01,LAB01,2,0,0,0,0,0
20260910_101021,STILL_1P_NA,7.900,12750000,139,STILL,NA,1,P01,LAB01,0,1,-875,1068,0,360
20260910_101021,STILL_1P_NA,7.900,12750000,139,STILL,NA,1,P01,LAB01,1,0,0,0,0,0
20260910_101021,STILL_1P_NA,7.900,12750000,139,STILL,NA,1,P01,LAB01,2,0,0,0,0,0
20260910_101021,STILL_1P_NA,7.989,12839128,140,STILL,NA,1,P01,LAB01,0,1,-872,1070,0,360
20260910_101021,STILL_1P_NA,7.989,12839128,140,STILL,NA,1,P01,LAB01,1,0,0,0,0,0
20260910_101021,STILL_1P_NA,7.989,12839128,140,STILL,NA,1,P01,LAB01,2,0,0,0,0,0
20260910_101021,STILL_1P_NA,8.078,12928048,141,STILL,NA,1,P01,LAB01,0,1,-869,1072,16,360
20260910_101021,STILL_1P_NA,8.078,12928048,141,STILL,NA,1,P01,LAB01,1,0,0,0,0,0
20260910_101021,STILL_1P_NA,8.078,12928048,141,STILL,NA,1,P01,LAB01,2,0,0,0,0,0
20260910_101021,STILL_1P_NA,8.167,13017287,142,STILL,NA,1,P01,LAB01,0,1,-869,1075,8,360
20260910_101021,STILL_1P_NA,8.167,13017287,142,STILL,NA,1,P01,LAB01,1,0,0,0,0,0
20260910_101021,STILL_1P_NA,8.167,13017287,142,STILL,NA,1,P01,LAB01,2,0,0,0,0,0
20260910_101021,STILL_1P_NA,8.256,13105959,143,STILL,NA,1,P01,LAB01,0,1,-870,1075,0,360
20260910_101021,STILL_1P_NA,8.256,13105959,143,STILL,NA,1,P01,LAB01,1,0,0,0,0,0
20260910_101021,STILL_1P_NA,8.256,13105959,143,STILL,NA,1,P01,LAB01,2,0,0,0,0,0
20260910_101021,STILL_1P_NA,8.345,13195181,144,STILL,NA,1,P01,LAB01,0,1,-873,1080,0,360
20260910_101021,STILL_1P_NA,8.345,13195181,144,STILL,NA,1,P01,LAB01,1,0,0,0,0,0
20260910_101021,STILL_1P_NA,8.345,13195181,144,STILL,NA,1,P01,LAB01,2,0,0,0,0,0
20260910_101021,STILL_1P_NA,8.434,13284046,145,STILL,NA,1,P01,LAB01,0,1,-877,1088,0,360
20260910_101021,STILL_1P_NA,8.434,13284046,145,STILL,NA,1,P01,LAB01,1,0,0,0,0,0
20260910_101021,STILL_1P_NA,8.434,13284046,145,STILL,NA,1,P01,LAB01,2,0,0,0,0,0
20260910_101021,STILL_1P_NA,8.523,13373118,146,STILL,NA,1,P01,LAB01,0,1,-880,1094,0,360
20260910_101021,STILL_1P_NA,8.523,13373118,146,STILL,NA,1,P01,LAB01,1,0,0,0,0,0
20260910_101021,STILL_1P_NA,8.523,13373118,146,STILL,NA,1,P01,LAB01,2,0,0,0,0,0
20260910_101021,STILL_1P_NA,8.612,13462073,147,STILL,NA,1,P01,LAB01,0,1,-881,1099,0,360
20260910_101021,STILL_1P_NA,8.612,13462073,147,STILL,NA,1,P01,LAB01,1,0,0,0,0,0
20260910_101021,STILL_1P_NA,8.612,13462073,147,STILL,NA,1,P01,LAB01,2,0,0,0,0,0
20260910_101021,STILL_1P_NA,8.701,13551025,148,STILL,NA,1,P01,LAB01,0,1,-882,1102,0,360
20260910_101021,STILL_1P_NA,8.701,13551025,148,STILL,NA,1,P01,LAB01,1,0,0,0,0,0
20260910_101021,STILL_1P_NA,8.701,13551025,148,STILL,NA,1,P01,LAB01,2,0,0,0,0,0
20260910_101021,STILL_1P_NA,8.790,13639945,149,STILL,NA,1,P01,LAB01,0,1,-884,1105,0,360
20260910_101021,STILL_1P_NA,8.790,13639945,149,STILL,NA,1,P01,LAB01,1,0,0,0,0,0
20260910_101021,STILL_1P_NA,8.790,13639945,149,STILL,NA,1,P01,LAB01,2,0,0,0,0,0
20260910_101021,STILL_1P_NA,8.879,13729140,150,STILL,NA,1,P01,LAB01,0,1,-886,1106,0,360
20260910_101021,STILL_1P_NA,8.879,13729140,150,STILL,NA,1,P01,LAB01,1,0,0,0,0,0
20260910_101021,STILL_1P_NA,8.879,13729140,150,STILL,NA,1,P01,LAB01,2,0,0,0,0,0
20260910_101021,STILL_1P_NA,8.968,13817913,151,STILL,NA,1,P01,LAB01,0,1,-885,1107,0,360
20260910_101021,STILL_1P_NA,8.968,13817913,151,STILL,NA,1,P01,LAB01,1,0,0,0,0,0
20260910_101021,STILL_1P_NA,8.968,13817913,151,STILL,NA,1,P01,LAB01,2,0,0,0,0,0
20260910_101021,STILL_1P_NA,9.057,13907140,152,STILL,NA,1,P01,LAB01,0,1,-886,1106,0,360
20260910_101021,STILL_1P_NA,9.057,13907140,152,STILL,NA,1,P01,LAB01,1,0,0,0,0,0
20260910_101021,STILL_1P_NA,9.057,13907140,152,STILL,NA,1,P01,LAB01,2,0,0,0,0,0
20260910_101021,STILL_1P_NA,9.145,13995879,153,STILL,NA,1,P01,LAB01,0,1,-886,1106,0,360
20260910_101021,STILL_1P_NA,9.145,13995879,153,STILL,NA,1,P01,LAB01,1,0,0,0,0,0
20260910_101021,STILL_1P_NA,9.145,13995879,153,STILL,NA,1,P01,LAB01,2,0,0,0,0,0
20260910_101021,STILL_1P_NA,9.235,14084927,154,STILL,NA,1,P01,LAB01,0,1,-885,1107,0,360
20260910_101021,STILL_1P_NA,9.235,14084927,154,STILL,NA,1,P01,LAB01,1,0,0,0,0,0
20260910_101021,STILL_1P_NA,9.235,14084927,154,STILL,NA,1,P01,LAB01,2,0,0,0,0,0
20260910_101021,STILL_1P_NA,9.323,14173782,155,STILL,NA,1,P01,LAB01,0,1,-883,1108,0,360
20260910_101021,STILL_1P_NA,9.323,14173782,155,STILL,NA,1,P01,LAB01,1,0,0,0,0,0
20260910_101021,STILL_1P_NA,9.323,14173782,155,STILL,NA,1,P01,LAB01,2,0,0,0,0,0
20260910_101021,STILL_1P_NA,9.413,14262917,156,STILL,NA,1,P01,LAB01,0,1,-883,1107,0,360
20260910_101021,STILL_1P_NA,9.413,14262917,156,STILL,NA,1,P01,LAB01,1,0,0,0,0,0
20260910_101021,STILL_1P_NA,9.413,14262917,156,STILL,NA,1,P01,LAB01,2,0,0,0,0,0
20260910_101021,STILL_1P_NA,9.502,14351836,157,STILL,NA,1,P01,LAB01,0,1,-884,1103,0,360
20260910_101021,STILL_1P_NA,9.502,14351836,157,STILL,NA,1,P01,LAB01,1,0,0,0,0,0
20260910_101021,STILL_1P_NA,9.502,14351836,157,STILL,NA,1,P01,LAB01,2,0,0,0,0,0
20260910_101021,STILL_1P_NA,9.591,14441027,158,STILL,NA,1,P01,LAB01,0,1,-887,1099,0,360
20260910_101021,STILL_1P_NA,9.591,14441027,158,STILL,NA,1,P01,LAB01,1,0,0,0,0,0
20260910_101021,STILL_1P_NA,9.591,14441027,158,STILL,NA,1,P01,LAB01,2,0,0,0,0,0
20260910_101021,STILL_1P_NA,9.679,14529741,159,STILL,NA,1,P01,LAB01,0,1,-888,1095,0,360
20260910_101021,STILL_1P_NA,9.679,14529741,159,STILL,NA,1,P01,LAB01,1,0,0,0,0,0
20260910_101021,STILL_1P_NA,9.679,14529741,159,STILL,NA,1,P01,LAB01,2,0,0,0,0,0
20260910_101021,STILL_1P_NA,9.769,14619027,160,STILL,NA,1,P01,LAB01,0,1,-887,1094,0,360
20260910_101021,STILL_1P_NA,9.769,14619027,160,STILL,NA,1,P01,LAB01,1,0,0,0,0,0
20260910_101021,STILL_1P_NA,9.769,14619027,160,STILL,NA,1,P01,LAB01,2,0,0,0,0,0
20260910_101021,STILL_1P_NA,9.857,14707581,161,STILL,NA,1,P01,LAB01,0,1,-889,1093,8,360
20260910_101021,STILL_1P_NA,9.857,14707581,161,STILL,NA,1,P01,LAB01,1,0,0,0,0,0
20260910_101021,STILL_1P_NA,9.857,14707581,161,STILL,NA,1,P01,LAB01,2,0,0,0,0,0
20260910_101021,STILL_1P_NA,9.946,14796814,162,STILL,NA,1,P01,LAB01,0,1,-893,1091,0,360
20260910_101021,STILL_1P_NA,9.946,14796814,162,STILL,NA,1,P01,LAB01,1,0,0,0,0,0
20260910_101021,STILL_1P_NA,9.946,14796814,162,STILL,NA,1,P01,LAB01,2,0,0,0,0,0
20260910_101021,STILL_1P_NA,10.036,14885794,163,STILL,NA,1,P01,LAB01,0,1,-895,1090,0,360
20260910_101021,STILL_1P_NA,10.036,14885794,163,STILL,NA,1,P01,LAB01,1,0,0,0,0,0
20260910_101021,STILL_1P_NA,10.036,14885794,163,STILL,NA,1,P01,LAB01,2,0,0,0,0,0
20260910_101021,STILL_1P_NA,10.124,14974746,164,STILL,NA,1,P01,LAB01,0,1,-897,1088,0,360
20260910_101021,STILL_1P_NA,10.124,14974746,164,STILL,NA,1,P01,LAB01,1,0,0,0,0,0
20260910_101021,STILL_1P_NA,10.124,14974746,164,STILL,NA,1,P01,LAB01,2,0,0,0,0,0
20260910_101021,STILL_1P_NA,10.214,15063795,165,STILL,NA,1,P01,LAB01,0,1,-899,1088,0,360
20260910_101021,STILL_1P_NA,10.214,15063795,165,STILL,NA,1,P01,LAB01,1,0,0,0,0,0
20260910_101021,STILL_1P_NA,10.214,15063795,165,STILL,NA,1,P01,LAB01,2,0,0,0,0,0
20260910_101021,STILL_1P_NA,10.303,15152995,166,STILL,NA,1,P01,LAB01,0,1,-898,1086,0,360
20260910_101021,STILL_1P_NA,10.303,15152995,166,STILL,NA,1,P01,LAB01,1,0,0,0,0,0
20260910_101021,STILL_1P_NA,10.303,15152995,166,STILL,NA,1,P01,LAB01,2,0,0,0,0,0
20260910_101021,STILL_1P_NA,10.391,15241693,167,STILL,NA,1,P01,LAB01,0,1,-896,1086,0,360
20260910_101021,STILL_1P_NA,10.391,15241693,167,STILL,NA,1,P01,LAB01,1,0,0,0,0,0
20260910_101021,STILL_1P_NA,10.391,15241693,167,STILL,NA,1,P01,LAB01,2,0,0,0,0,0
20260910_101021,STILL_1P_NA,10.481,15330960,168,STILL,NA,1,P01,LAB01,0,1,-896,1087,0,360
20260910_101021,STILL_1P_NA,10.481,15330960,168,STILL,NA,1,P01,LAB01,1,0,0,0,0,0
20260910_101021,STILL_1P_NA,10.481,15330960,168,STILL,NA,1,P01,LAB01,2,0,0,0,0,0
20260910_101021,STILL_1P_NA,10.569,15419814,169,STILL,NA,1,P01,LAB01,0,1,-895,1088,0,360
20260910_101021,STILL_1P_NA,10.569,15419814,169,STILL,NA,1,P01,LAB01,1,0,0,0,0,0
20260910_101021,STILL_1P_NA,10.569,15419814,169,STILL,NA,1,P01,LAB01,2,0,0,0,0,0
20260910_101021,STILL_1P_NA,10.659,15508953,170,STILL,NA,1,P01,LAB01,0,1,-896,1088,0,360
20260910_101021,STILL_1P_NA,10.659,15508953,170,STILL,NA,1,P01,LAB01,1,0,0,0,0,0
20260910_101021,STILL_1P_NA,10.659,15508953,170,STILL,NA,1,P01,LAB01,2,0,0,0,0,0
20260910_101021,STILL_1P_NA,10.747,15597746,171,STILL,NA,1,P01,LAB01,0,1,-899,1085,0,360
20260910_101021,STILL_1P_NA,10.747,15597746,171,STILL,NA,1,P01,LAB01,1,0,0,0,0,0
20260910_101021,STILL_1P_NA,10.747,15597746,171,STILL,NA,1,P01,LAB01,2,0,0,0,0,0
20260910_101021,STILL_1P_NA,10.836,15686670,172,STILL,NA,1,P01,LAB01,0,1,-901,1083,0,360
20260910_101021,STILL_1P_NA,10.836,15686670,172,STILL,NA,1,P01,LAB01,1,0,0,0,0,0
20260910_101021,STILL_1P_NA,10.836,15686670,172,STILL,NA,1,P01,LAB01,2,0,0,0,0,0
20260910_101021,STILL_1P_NA,10.925,15775773,173,STILL,NA,1,P01,LAB01,0,1,-902,1081,0,360
20260910_101021,STILL_1P_NA,10.925,15775773,173,STILL,NA,1,P01,LAB01,1,0,0,0,0,0
20260910_101021,STILL_1P_NA,10.925,15775773,173,STILL,NA,1,P01,LAB01,2,0,0,0,0,0
20260910_101021,STILL_1P_NA,11.014,15864700,174,STILL,NA,1,P01,LAB01,0,1,-901,1080,0,360
20260910_101021,STILL_1P_NA,11.014,15864700,174,STILL,NA,1,P01,LAB01,1,0,0,0,0,0
20260910_101021,STILL_1P_NA,11.014,15864700,174,STILL,NA,1,P01,LAB01,2,0,0,0,0,0
20260910_101021,STILL_1P_NA,11.103,15953773,175,STILL,NA,1,P01,LAB01,0,1,-899,1080,0,360
20260910_101021,STILL_1P_NA,11.103,15953773,175,STILL,NA,1,P01,LAB01,1,0,0,0,0,0
20260910_101021,STILL_1P_NA,11.103,15953773,175,STILL,NA,1,P01,LAB01,2,0,0,0,0,0
20260910_101021,STILL_1P_NA,11.192,16042627,176,STILL,NA,1,P01,LAB01,0,1,-897,1082,0,360
20260910_101021,STILL_1P_NA,11.192,16042627,176,STILL,NA,1,P01,LAB01,1,0,0,0,0,0
20260910_101021,STILL_1P_NA,11.192,16042627,176,STILL,NA,1,P01,LAB01,2,0,0,0,0,0
20260910_101021,STILL_1P_NA,11.281,16131703,177,STILL,NA,1,P01,LAB01,0,1,-897,1082,0,360
20260910_101021,STILL_1P_NA,11.281,16131703,177,STILL,NA,1,P01,LAB01,1,0,0,0,0,0
20260910_101021,STILL_1P_NA,11.281,16131703,177,STILL,NA,1,P01,LAB01,2,0,0,0,0,0
20260910_101021,STILL_1P_NA,11.370,16220560,178,STILL,NA,1,P01,LAB01,0,1,-897,1081,0,360
20260910_101021,STILL_1P_NA,11.370,16220560,178,STILL,NA,1,P01,LAB01,1,0,0,0,0,0
20260910_101021,STILL_1P_NA,11.370,16220560,178,STILL,NA,1,P01,LAB01,2,0,0,0,0,0
20260910_101021,STILL_1P_NA,11.459,16309572,179,STILL,NA,1,P01,LAB01,0,1,-896,1078,0,360
20260910_101021,STILL_1P_NA,11.459,16309572,179,STILL,NA,1,P01,LAB01,1,0,0,0,0,0
20260910_101021,STILL_1P_NA,11.459,16309572,179,STILL,NA,1,P01,LAB01,2,0,0,0,0,0
20260910_101021,STILL_1P_NA,11.548,16398343,180,STILL,NA,1,P01,LAB01,0,1,-895,1076,0,360
20260910_101021,STILL_1P_NA,11.548,16398343,180,STILL,NA,1,P01,LAB01,1,0,0,0,0,0
20260910_101021,STILL_1P_NA,11.548,16398343,180,STILL,NA,1,P01,LAB01,2,0,0,0,0,0
20260910_101021,STILL_1P_NA,11.638,16487726,181,STILL,NA,1,P01,LAB01,0,1,-895,1076,0,360
20260910_101021,STILL_1P_NA,11.638,16487726,181,STILL,NA,1,P01,LAB01,1,0,0,0,0,0
20260910_101021,STILL_1P_NA,11.638,16487726,181,STILL,NA,1,P01,LAB01,2,0,0,0,0,0
20260910_101021,STILL_1P_NA,11.726,16576424,182,STILL,NA,1,P01,LAB01,0,1,-891,1078,0,360
20260910_101021,STILL_1P_NA,11.726,16576424,182,STILL,NA,1,P01,LAB01,1,0,0,0,0,0
20260910_101021,STILL_1P_NA,11.726,16576424,182,STILL,NA,1,P01,LAB01,2,0,0,0,0,0
20260910_101021,STILL_1P_NA,11.815,16665410,183,STILL,NA,1,P01,LAB01,0,1,-888,1079,0,360
20260910_101021,STILL_1P_NA,11.815,16665410,183,STILL,NA,1,P01,LAB01,1,0,0,0,0,0
20260910_101021,STILL_1P_NA,11.815,16665410,183,STILL,NA,1,P01,LAB01,2,0,0,0,0,0
20260910_101021,STILL_1P_NA,11.904,16754513,184,STILL,NA,1,P01,LAB01,0,1,-887,1079,0,360
20260910_101021,STILL_1P_NA,11.904,16754513,184,STILL,NA,1,P01,LAB01,1,0,0,0,0,0
20260910_101021,STILL_1P_NA,11.904,16754513,184,STILL,NA,1,P01,LAB01,2,0,0,0,0,0
20260910_101021,STILL_1P_NA,11.993,16843753,185,STILL,NA,1,P01,LAB01,0,1,-888,1080,0,360
20260910_101021,STILL_1P_NA,11.993,16843753,185,STILL,NA,1,P01,LAB01,1,0,0,0,0,0
20260910_101021,STILL_1P_NA,11.993,16843753,185,STILL,NA,1,P01,LAB01,2,0,0,0,0,0
20260910_101021,STILL_1P_NA,12.082,16932417,186,STILL,NA,1,P01,LAB01,0,1,-887,1081,0,360
20260910_101021,STILL_1P_NA,12.082,16932417,186,STILL,NA,1,P01,LAB01,1,0,0,0,0,0
20260910_101021,STILL_1P_NA,12.082,16932417,186,STILL,NA,1,P01,LAB01,2,0,0,0,0,0
20260910_101021,STILL_1P_NA,12.171,17021596,187,STILL,NA,1,P01,LAB01,0,1,-882,1082,0,360
20260910_101021,STILL_1P_NA,12.171,17021596,187,STILL,NA,1,P01,LAB01,1,0,0,0,0,0
20260910_101021,STILL_1P_NA,12.171,17021596,187,STILL,NA,1,P01,LAB01,2,0,0,0,0,0
20260910_101021,STILL_1P_NA,12.260,17110479,188,STILL,NA,1,P01,LAB01,0,1,-876,1080,0,360
20260910_101021,STILL_1P_NA,12.260,17110479,188,STILL,NA,1,P01,LAB01,1,0,0,0,0,0
20260910_101021,STILL_1P_NA,12.260,17110479,188,STILL,NA,1,P01,LAB01,2,0,0,0,0,0
20260910_101021,STILL_1P_NA,12.349,17199746,189,STILL,NA,1,P01,LAB01,0,1,-873,1079,0,360
20260910_101021,STILL_1P_NA,12.349,17199746,189,STILL,NA,1,P01,LAB01,1,0,0,0,0,0
20260910_101021,STILL_1P_NA,12.349,17199746,189,STILL,NA,1,P01,LAB01,2,0,0,0,0,0
20260910_101021,STILL_1P_NA,12.438,17288536,190,STILL,NA,1,P01,LAB01,0,1,-873,1078,0,360
20260910_101021,STILL_1P_NA,12.438,17288536,190,STILL,NA,1,P01,LAB01,1,0,0,0,0,0
20260910_101021,STILL_1P_NA,12.438,17288536,190,STILL,NA,1,P01,LAB01,2,0,0,0,0,0
20260910_101021,STILL_1P_NA,12.527,17377514,191,STILL,NA,1,P01,LAB01,0,1,-875,1076,0,360
20260910_101021,STILL_1P_NA,12.527,17377514,191,STILL,NA,1,P01,LAB01,1,0,0,0,0,0
20260910_101021,STILL_1P_NA,12.527,17377514,191,STILL,NA,1,P01,LAB01,2,0,0,0,0,0
20260910_101021,STILL_1P_NA,12.616,17466155,192,STILL,NA,1,P01,LAB01,0,1,-877,1074,0,360
20260910_101021,STILL_1P_NA,12.616,17466155,192,STILL,NA,1,P01,LAB01,1,0,0,0,0,0
20260910_101021,STILL_1P_NA,12.616,17466155,192,STILL,NA,1,P01,LAB01,2,0,0,0,0,0
20260910_101021,STILL_1P_NA,12.705,17555581,193,STILL,NA,1,P01,LAB01,0,1,-880,1074,0,360
20260910_101021,STILL_1P_NA,12.705,17555581,193,STILL,NA,1,P01,LAB01,1,0,0,0,0,0
20260910_101021,STILL_1P_NA,12.705,17555581,193,STILL,NA,1,P01,LAB01,2,0,0,0,0,0
20260910_101021,STILL_1P_NA,12.794,17644493,194,STILL,NA,1,P01,LAB01,0,1,-881,1075,0,360
20260910_101021,STILL_1P_NA,12.794,17644493,194,STILL,NA,1,P01,LAB01,1,0,0,0,0,0
20260910_101021,STILL_1P_NA,12.794,17644493,194,STILL,NA,1,P01,LAB01,2,0,0,0,0,0
20260910_101021,STILL_1P_NA,12.883,17733608,195,STILL,NA,1,P01,LAB01,0,1,-881,1076,0,360
20260910_101021,STILL_1P_NA,12.883,17733608,195,STILL,NA,1,P01,LAB01,1,0,0,0,0,0
20260910_101021,STILL_1P_NA,12.883,17733608,195,STILL,NA,1,P01,LAB01,2,0,0,0,0,0
20260910_101021,STILL_1P_NA,12.972,17822431,196,STILL,NA,1,P01,LAB01,0,1,-880,1077,0,360
20260910_101021,STILL_1P_NA,12.972,17822431,196,STILL,NA,1,P01,LAB01,1,0,0,0,0,0
20260910_101021,STILL_1P_NA,12.972,17822431,196,STILL,NA,1,P01,LAB01,2,0,0,0,0,0
20260910_101021,STILL_1P_NA,13.061,17911637,197,STILL,NA,1,P01,LAB01,0,1,-883,1081,0,360
20260910_101021,STILL_1P_NA,13.061,17911637,197,STILL,NA,1,P01,LAB01,1,0,0,0,0,0
20260910_101021,STILL_1P_NA,13.061,17911637,197,STILL,NA,1,P01,LAB01,2,0,0,0,0,0
20260910_101021,STILL_1P_NA,13.150,18000176,198,STILL,NA,1,P01,LAB01,0,1,-882,1083,0,360
20260910_101021,STILL_1P_NA,13.150,18000176,198,STILL,NA,1,P01,LAB01,1,0,0,0,0,0
20260910_101021,STILL_1P_NA,13.150,18000176,198,STILL,NA,1,P01,LAB01,2,0,0,0,0,0
20260910_101021,STILL_1P_NA,13.239,18089536,199,STILL,NA,1,P01,LAB01,0,1,-879,1084,0,360
20260910_101021,STILL_1P_NA,13.239,18089536,199,STILL,NA,1,P01,LAB01,1,0,0,0,0,0
20260910_101021,STILL_1P_NA,13.239,18089536,199,STILL,NA,1,P01,LAB01,2,0,0,0,0,0
20260910_101021,STILL_1P_NA,13.328,18178337,200,STILL,NA,1,P01,LAB01,0,1,-879,1087,0,360
20260910_101021,STILL_1P_NA,13.328,18178337,200,STILL,NA,1,P01,LAB01,1,0,0,0,0,0
20260910_101021,STILL_1P_NA,13.328,18178337,200,STILL,NA,1,P01,LAB01,2,0,0,0,0,0
20260910_101021,STILL_1P_NA,13.417,18267528,201,STILL,NA,1,P01,LAB01,0,1,-876,1089,0,360
20260910_101021,STILL_1P_NA,13.417,18267528,201,STILL,NA,1,P01,LAB01,1,0,0,0,0,0
20260910_101021,STILL_1P_NA,13.417,18267528,201,STILL,NA,1,P01,LAB01,2,0,0,0,0,0
20260910_101021,STILL_1P_NA,13.506,18356444,202,STILL,NA,1,P01,LAB01,0,1,-876,1088,0,360
20260910_101021,STILL_1P_NA,13.506,18356444,202,STILL,NA,1,P01,LAB01,1,0,0,0,0,0
20260910_101021,STILL_1P_NA,13.506,18356444,202,STILL,NA,1,P01,LAB01,2,0,0,0,0,0
20260910_101021,STILL_1P_NA,13.595,18445282,203,STILL,NA,1,P01,LAB01,0,1,-876,1087,0,360
20260910_101021,STILL_1P_NA,13.595,18445282,203,STILL,NA,1,P01,LAB01,1,0,0,0,0,0
20260910_101021,STILL_1P_NA,13.595,18445282,203,STILL,NA,1,P01,LAB01,2,0,0,0,0,0
20260910_101021,STILL_1P_NA,13.684,18534158,204,STILL,NA,1,P01,LAB01,0,1,-874,1085,0,360
20260910_101021,STILL_1P_NA,13.684,18534158,204,STILL,NA,1,P01,LAB01,1,0,0,0,0,0
20260910_101021,STILL_1P_NA,13.684,18534158,204,STILL,NA,1,P01,LAB01,2,0,0,0,0,0
20260910_101021,STILL_1P_NA,13.773,18623617,205,STILL,NA,1,P01,LAB01,0,1,-872,1084,8,360
20260910_101021,STILL_1P_NA,13.773,18623617,205,STILL,NA,1,P01,LAB01,1,0,0,0,0,0
20260910_101021,STILL_1P_NA,13.773,18623617,205,STILL,NA,1,P01,LAB01,2,0,0,0,0,0
20260910_101021,STILL_1P_NA,13.862,18712323,206,STILL,NA,1,P01,LAB01,0,1,-872,1085,0,360
20260910_101021,STILL_1P_NA,13.862,18712323,206,STILL,NA,1,P01,LAB01,1,0,0,0,0,0
20260910_101021,STILL_1P_NA,13.862,18712323,206,STILL,NA,1,P01,LAB01,2,0,0,0,0,0
20260910_101021,STILL_1P_NA,13.951,18801617,207,STILL,NA,1,P01,LAB01,0,1,-872,1084,8,360
20260910_101021,STILL_1P_NA,13.951,18801617,207,STILL,NA,1,P01,LAB01,1,0,0,0,0,0
20260910_101021,STILL_1P_NA,13.951,18801617,207,STILL,NA,1,P01,LAB01,2,0,0,0,0,0
20260910_101021,STILL_1P_NA,14.040,18890181,208,STILL,NA,1,P01,LAB01,0,1,-872,1086,0,360
20260910_101021,STILL_1P_NA,14.040,18890181,208,STILL,NA,1,P01,LAB01,1,0,0,0,0,0
20260910_101021,STILL_1P_NA,14.040,18890181,208,STILL,NA,1,P01,LAB01,2,0,0,0,0,0
20260910_101021,STILL_1P_NA,14.129,18979644,209,STILL,NA,1,P01,LAB01,0,1,-877,1085,0,360
20260910_101021,STILL_1P_NA,14.129,18979644,209,STILL,NA,1,P01,LAB01,1,0,0,0,0,0
20260910_101021,STILL_1P_NA,14.129,18979644,209,STILL,NA,1,P01,LAB01,2,0,0,0,0,0
20260910_101021,STILL_1P_NA,14.218,19068281,210,STILL,NA,1,P01,LAB01,0,1,-879,1085,0,360
20260910_101021,STILL_1P_NA,14.218,19068281,210,STILL,NA,1,P01,LAB01,1,0,0,0,0,0
20260910_101021,STILL_1P_NA,14.218,19068281,210,STILL,NA,1,P01,LAB01,2,0,0,0,0,0
20260910_101021,STILL_1P_NA,14.307,19157572,211,STILL,NA,1,P01,LAB01,0,1,-880,1084,0,360
20260910_101021,STILL_1P_NA,14.307,19157572,211,STILL,NA,1,P01,LAB01,1,0,0,0,0,0
20260910_101021,STILL_1P_NA,14.307,19157572,211,STILL,NA,1,P01,LAB01,2,0,0,0,0,0
20260910_101021,STILL_1P_NA,14.396,19246396,212,STILL,NA,1,P01,LAB01,0,1,-878,1082,0,360
20260910_101021,STILL_1P_NA,14.396,19246396,212,STILL,NA,1,P01,LAB01,1,0,0,0,0,0
20260910_101021,STILL_1P_NA,14.396,19246396,212,STILL,NA,1,P01,LAB01,2,0,0,0,0,0
20260910_101021,STILL_1P_NA,14.485,19335535,213,STILL,NA,1,P01,LAB01,0,1,-874,1081,0,360
20260910_101021,STILL_1P_NA,14.485,19335535,213,STILL,NA,1,P01,LAB01,1,0,0,0,0,0
20260910_101021,STILL_1P_NA,14.485,19335535,213,STILL,NA,1,P01,LAB01,2,0,0,0,0,0
20260910_101021,STILL_1P_NA,14.574,19424389,214,STILL,NA,1,P01,LAB01,0,1,-872,1080,0,360
20260910_101021,STILL_1P_NA,14.574,19424389,214,STILL,NA,1,P01,LAB01,1,0,0,0,0,0
20260910_101021,STILL_1P_NA,14.574,19424389,214,STILL,NA,1,P01,LAB01,2,0,0,0,0,0
20260910_101021,STILL_1P_NA,14.663,19513627,215,STILL,NA,1,P01,LAB01,0,1,-869,1083,0,360
20260910_101021,STILL_1P_NA,14.663,19513627,215,STILL,NA,1,P01,LAB01,1,0,0,0,0,0
20260910_101021,STILL_1P_NA,14.663,19513627,215,STILL,NA,1,P01,LAB01,2,0,0,0,0,0
20260910_101021,STILL_1P_NA,14.752,19602389,216,STILL,NA,1,P01,LAB01,0,1,-867,1084,-8,360
20260910_101021,STILL_1P_NA,14.752,19602389,216,STILL,NA,1,P01,LAB01,1,0,0,0,0,0
20260910_101021,STILL_1P_NA,14.752,19602389,216,STILL,NA,1,P01,LAB01,2,0,0,0,0,0
20260910_101021,STILL_1P_NA,14.841,19691560,217,STILL,NA,1,P01,LAB01,0,1,-867,1085,-8,360
20260910_101021,STILL_1P_NA,14.841,19691560,217,STILL,NA,1,P01,LAB01,1,0,0,0,0,0
20260910_101021,STILL_1P_NA,14.841,19691560,217,STILL,NA,1,P01,LAB01,2,0,0,0,0,0
20260910_101021,STILL_1P_NA,14.930,19780293,218,STILL,NA,1,P01,LAB01,0,1,-872,1085,-8,360
20260910_101021,STILL_1P_NA,14.930,19780293,218,STILL,NA,1,P01,LAB01,1,0,0,0,0,0
20260910_101021,STILL_1P_NA,14.930,19780293,218,STILL,NA,1,P01,LAB01,2,0,0,0,0,0
20260910_101021,STILL_1P_NA,15.019,19869493,219,STILL,NA,1,P01,LAB01,0,1,-875,1083,0,360
20260910_101021,STILL_1P_NA,15.019,19869493,219,STILL,NA,1,P01,LAB01,1,0,0,0,0,0
20260910_101021,STILL_1P_NA,15.019,19869493,219,STILL,NA,1,P01,LAB01,2,0,0,0,0,0
20260910_101021,STILL_1P_NA,15.108,19958383,220,STILL,NA,1,P01,LAB01,0,1,-877,1082,0,360
20260910_101021,STILL_1P_NA,15.108,19958383,220,STILL,NA,1,P01,LAB01,1,0,0,0,0,0
20260910_101021,STILL_1P_NA,15.108,19958383,220,STILL,NA,1,P01,LAB01,2,0,0,0,0,0
20260910_101021,STILL_1P_NA,15.197,20047554,221,STILL,NA,1,P01,LAB01,0,1,-883,1078,0,360
20260910_101021,STILL_1P_NA,15.197,20047554,221,STILL,NA,1,P01,LAB01,1,0,0,0,0,0
20260910_101021,STILL_1P_NA,15.197,20047554,221,STILL,NA,1,P01,LAB01,2,0,0,0,0,0
20260910_101021,STILL_1P_NA,15.286,20136375,222,STILL,NA,1,P01,LAB01,0,1,-885,1076,0,360
20260910_101021,STILL_1P_NA,15.286,20136375,222,STILL,NA,1,P01,LAB01,1,0,0,0,0,0
20260910_101021,STILL_1P_NA,15.286,20136375,222,STILL,NA,1,P01,LAB01,2,0,0,0,0,0
20260910_101021,STILL_1P_NA,15.375,20225202,223,STILL,NA,1,P01,LAB01,0,1,-884,1074,0,360
20260910_101021,STILL_1P_NA,15.375,20225202,223,STILL,NA,1,P01,LAB01,1,0,0,0,0,0
20260910_101021,STILL_1P_NA,15.375,20225202,223,STILL,NA,1,P01,LAB01,2,0,0,0,0,0
20260910_101021,STILL_1P_NA,15.464,20314222,224,STILL,NA,1,P01,LAB01,0,1,-883,1074,0,360
20260910_101021,STILL_1P_NA,15.464,20314222,224,STILL,NA,1,P01,LAB01,1,0,0,0,0,0
20260910_101021,STILL_1P_NA,15.464,20314222,224,STILL,NA,1,P01,LAB01,2,0,0,0,0,0
20260910_101021,STILL_1P_NA,15.553,20403099,225,STILL,NA,1,P01,LAB01,0,1,-884,1074,0,360
20260910_101021,STILL_1P_NA,15.553,20403099,225,STILL,NA,1,P01,LAB01,1,0,0,0,0,0
20260910_101021,STILL_1P_NA,15.553,20403099,225,STILL,NA,1,P01,LAB01,2,0,0,0,0,0
20260910_101021,STILL_1P_NA,15.642,20492431,226,STILL,NA,1,P01,LAB01,0,1,-885,1074,0,360
20260910_101021,STILL_1P_NA,15.642,20492431,226,STILL,NA,1,P01,LAB01,1,0,0,0,0,0
20260910_101021,STILL_1P_NA,15.642,20492431,226,STILL,NA,1,P01,LAB01,2,0,0,0,0,0
20260910_101021,STILL_1P_NA,15.731,20581231,227,STILL,NA,1,P01,LAB01,0,1,-887,1076,0,360
20260910_101021,STILL_1P_NA,15.731,20581231,227,STILL,NA,1,P01,LAB01,1,0,0,0,0,0
20260910_101021,STILL_1P_NA,15.731,20581231,227,STILL,NA,1,P01,LAB01,2,0,0,0,0,0
20260910_101021,STILL_1P_NA,15.820,20670396,228,STILL,NA,1,P01,LAB01,0,1,-890,1077,0,360
20260910_101021,STILL_1P_NA,15.820,20670396,228,STILL,NA,1,P01,LAB01,1,0,0,0,0,0
20260910_101021,STILL_1P_NA,15.820,20670396,228,STILL,NA,1,P01,LAB01,2,0,0,0,0,0
20260910_101021,STILL_1P_NA,15.909,20759286,229,STILL,NA,1,P01,LAB01,0,1,-890,1079,0,360
20260910_101021,STILL_1P_NA,15.909,20759286,229,STILL,NA,1,P01,LAB01,1,0,0,0,0,0
20260910_101021,STILL_1P_NA,15.909,20759286,229,STILL,NA,1,P01,LAB01,2,0,0,0,0,0
20260910_101021,STILL_1P_NA,15.998,20848361,230,STILL,NA,1,P01,LAB01,0,1,-888,1081,0,360
20260910_101021,STILL_1P_NA,15.998,20848361,230,STILL,NA,1,P01,LAB01,1,0,0,0,0,0
20260910_101021,STILL_1P_NA,15.998,20848361,230,STILL,NA,1,P01,LAB01,2,0,0,0,0,0
20260910_101021,STILL_1P_NA,16.087,20937181,231,STILL,NA,1,P01,LAB01,0,1,-886,1083,0,360
20260910_101021,STILL_1P_NA,16.087,20937181,231,STILL,NA,1,P01,LAB01,1,0,0,0,0,0
20260910_101021,STILL_1P_NA,16.087,20937181,231,STILL,NA,1,P01,LAB01,2,0,0,0,0,0
20260910_101021,STILL_1P_NA,16.176,21026298,232,STILL,NA,1,P01,LAB01,0,1,-880,1086,0,360
20260910_101021,STILL_1P_NA,16.176,21026298,232,STILL,NA,1,P01,LAB01,1,0,0,0,0,0
20260910_101021,STILL_1P_NA,16.176,21026298,232,STILL,NA,1,P01,LAB01,2,0,0,0,0,0
20260910_101021,STILL_1P_NA,16.265,21115119,233,STILL,NA,1,P01,LAB01,0,1,-877,1087,0,360
20260910_101021,STILL_1P_NA,16.265,21115119,233,STILL,NA,1,P01,LAB01,1,0,0,0,0,0
20260910_101021,STILL_1P_NA,16.265,21115119,233,STILL,NA,1,P01,LAB01,2,0,0,0,0,0
20260910_101021,STILL_1P_NA,16.354,21204293,234,STILL,NA,1,P01,LAB01,0,1,-877,1086,0,360
20260910_101021,STILL_1P_NA,16.354,21204293,234,STILL,NA,1,P01,LAB01,1,0,0,0,0,0
20260910_101021,STILL_1P_NA,16.354,21204293,234,STILL,NA,1,P01,LAB01,2,0,0,0,0,0
20260910_101021,STILL_1P_NA,16.442,21292841,235,STILL,NA,1,P01,LAB01,0,1,-877,1085,0,360
20260910_101021,STILL_1P_NA,16.442,21292841,235,STILL,NA,1,P01,LAB01,1,0,0,0,0,0
20260910_101021,STILL_1P_NA,16.442,21292841,235,STILL,NA,1,P01,LAB01,2,0,0,0,0,0
20260910_101021,STILL_1P_NA,16.532,21382320,236,STILL,NA,1,P01,LAB01,0,1,-877,1085,0,360
20260910_101021,STILL_1P_NA,16.532,21382320,236,STILL,NA,1,P01,LAB01,1,0,0,0,0,0
20260910_101021,STILL_1P_NA,16.532,21382320,236,STILL,NA,1,P01,LAB01,2,0,0,0,0,0
20260910_101021,STILL_1P_NA,16.621,21471045,237,STILL,NA,1,P01,LAB01,0,1,-876,1087,0,360
20260910_101021,STILL_1P_NA,16.621,21471045,237,STILL,NA,1,P01,LAB01,1,0,0,0,0,0
20260910_101021,STILL_1P_NA,16.621,21471045,237,STILL,NA,1,P01,LAB01,2,0,0,0,0,0
20260910_101021,STILL_1P_NA,16.710,21560222,238,STILL,NA,1,P01,LAB01,0,1,-874,1089,0,360
20260910_101021,STILL_1P_NA,16.710,21560222,238,STILL,NA,1,P01,LAB01,1,0,0,0,0,0
20260910_101021,STILL_1P_NA,16.710,21560222,238,STILL,NA,1,P01,LAB01,2,0,0,0,0,0
20260910_101021,STILL_1P_NA,16.799,21649104,239,STILL,NA,1,P01,LAB01,0,1,-872,1090,0,360
20260910_101021,STILL_1P_NA,16.799,21649104,239,STILL,NA,1,P01,LAB01,1,0,0,0,0,0
20260910_101021,STILL_1P_NA,16.799,21649104,239,STILL,NA,1,P01,LAB01,2,0,0,0,0,0
20260910_101021,STILL_1P_NA,16.888,21738313,240,STILL,NA,1,P01,LAB01,0,1,-869,1091,0,360
20260910_101021,STILL_1P_NA,16.888,21738313,240,STILL,NA,1,P01,LAB01,1,0,0,0,0,0
20260910_101021,STILL_1P_NA,16.888,21738313,240,STILL,NA,1,P01,LAB01,2,0,0,0,0,0
20260910_101021,STILL_1P_NA,16.977,21827073,241,STILL,NA,1,P01,LAB01,0,1,-867,1090,0,360
20260910_101021,STILL_1P_NA,16.977,21827073,241,STILL,NA,1,P01,LAB01,1,0,0,0,0,0
20260910_101021,STILL_1P_NA,16.977,21827073,241,STILL,NA,1,P01,LAB01,2,0,0,0,0,0
20260910_101021,STILL_1P_NA,17.066,21916282,242,STILL,NA,1,P01,LAB01,0,1,-867,1086,0,360
20260910_101021,STILL_1P_NA,17.066,21916282,242,STILL,NA,1,P01,LAB01,1,0,0,0,0,0
20260910_101021,STILL_1P_NA,17.066,21916282,242,STILL,NA,1,P01,LAB01,2,0,0,0,0,0
20260910_101021,STILL_1P_NA,17.155,22005231,243,STILL,NA,1,P01,LAB01,0,1,-866,1084,0,360
20260910_101021,STILL_1P_NA,17.155,22005231,243,STILL,NA,1,P01,LAB01,1,0,0,0,0,0
20260910_101021,STILL_1P_NA,17.155,22005231,243,STILL,NA,1,P01,LAB01,2,0,0,0,0,0
20260910_101021,STILL_1P_NA,17.244,22094243,244,STILL,NA,1,P01,LAB01,0,1,-866,1083,-8,360
20260910_101021,STILL_1P_NA,17.244,22094243,244,STILL,NA,1,P01,LAB01,1,0,0,0,0,0
20260910_101021,STILL_1P_NA,17.244,22094243,244,STILL,NA,1,P01,LAB01,2,0,0,0,0,0
20260910_101021,STILL_1P_NA,17.332,22183009,245,STILL,NA,1,P01,LAB01,0,1,-867,1084,0,360
20260910_101021,STILL_1P_NA,17.332,22183009,245,STILL,NA,1,P01,LAB01,1,0,0,0,0,0
20260910_101021,STILL_1P_NA,17.332,22183009,245,STILL,NA,1,P01,LAB01,2,0,0,0,0,0
20260910_101021,STILL_1P_NA,17.422,22272169,246,STILL,NA,1,P01,LAB01,0,1,-866,1085,0,360
20260910_101021,STILL_1P_NA,17.422,22272169,246,STILL,NA,1,P01,LAB01,1,0,0,0,0,0
20260910_101021,STILL_1P_NA,17.422,22272169,246,STILL,NA,1,P01,LAB01,2,0,0,0,0,0
20260910_101021,STILL_1P_NA,17.511,22361054,247,STILL,NA,1,P01,LAB01,0,1,-863,1087,0,360
20260910_101021,STILL_1P_NA,17.511,22361054,247,STILL,NA,1,P01,LAB01,1,0,0,0,0,0
20260910_101021,STILL_1P_NA,17.511,22361054,247,STILL,NA,1,P01,LAB01,2,0,0,0,0,0
20260910_101021,STILL_1P_NA,17.600,22450130,248,STILL,NA,1,P01,LAB01,0,1,-861,1088,0,360
20260910_101021,STILL_1P_NA,17.600,22450130,248,STILL,NA,1,P01,LAB01,1,0,0,0,0,0
20260910_101021,STILL_1P_NA,17.600,22450130,248,STILL,NA,1,P01,LAB01,2,0,0,0,0,0
20260910_101021,STILL_1P_NA,17.689,22539025,249,STILL,NA,1,P01,LAB01,0,1,-864,1088,0,360
20260910_101021,STILL_1P_NA,17.689,22539025,249,STILL,NA,1,P01,LAB01,1,0,0,0,0,0
20260910_101021,STILL_1P_NA,17.689,22539025,249,STILL,NA,1,P01,LAB01,2,0,0,0,0,0
20260910_101021,STILL_1P_NA,17.778,22628230,250,STILL,NA,1,P01,LAB01,0,1,-870,1087,0,360
20260910_101021,STILL_1P_NA,17.778,22628230,250,STILL,NA,1,P01,LAB01,1,0,0,0,0,0
20260910_101021,STILL_1P_NA,17.778,22628230,250,STILL,NA,1,P01,LAB01,2,0,0,0,0,0
20260910_101021,STILL_1P_NA,17.867,22717025,251,STILL,NA,1,P01,LAB01,0,1,-876,1084,0,360
20260910_101021,STILL_1P_NA,17.867,22717025,251,STILL,NA,1,P01,LAB01,1,0,0,0,0,0
20260910_101021,STILL_1P_NA,17.867,22717025,251,STILL,NA,1,P01,LAB01,2,0,0,0,0,0
20260910_101021,STILL_1P_NA,17.956,22806009,252,STILL,NA,1,P01,LAB01,0,1,-881,1082,0,360
20260910_101021,STILL_1P_NA,17.956,22806009,252,STILL,NA,1,P01,LAB01,1,0,0,0,0,0
20260910_101021,STILL_1P_NA,17.956,22806009,252,STILL,NA,1,P01,LAB01,2,0,0,0,0,0
20260910_101021,STILL_1P_NA,18.044,22894995,253,STILL,NA,1,P01,LAB01,0,1,-882,1080,0,360
20260910_101021,STILL_1P_NA,18.044,22894995,253,STILL,NA,1,P01,LAB01,1,0,0,0,0,0
20260910_101021,STILL_1P_NA,18.044,22894995,253,STILL,NA,1,P01,LAB01,2,0,0,0,0,0
20260910_101021,STILL_1P_NA,18.134,22984026,254,STILL,NA,1,P01,LAB01,0,1,-882,1079,0,360
20260910_101021,STILL_1P_NA,18.134,22984026,254,STILL,NA,1,P01,LAB01,1,0,0,0,0,0
20260910_101021,STILL_1P_NA,18.134,22984026,254,STILL,NA,1,P01,LAB01,2,0,0,0,0,0
20260910_101021,STILL_1P_NA,18.223,23073170,255,STILL,NA,1,P01,LAB01,0,1,-883,1078,0,360
20260910_101021,STILL_1P_NA,18.223,23073170,255,STILL,NA,1,P01,LAB01,1,0,0,0,0,0
20260910_101021,STILL_1P_NA,18.223,23073170,255,STILL,NA,1,P01,LAB01,2,0,0,0,0,0
20260910_101021,STILL_1P_NA,18.311,23161782,256,STILL,NA,1,P01,LAB01,0,1,-887,1076,0,360
20260910_101021,STILL_1P_NA,18.311,23161782,256,STILL,NA,1,P01,LAB01,1,0,0,0,0,0
20260910_101021,STILL_1P_NA,18.311,23161782,256,STILL,NA,1,P01,LAB01,2,0,0,0,0,0
20260910_101021,STILL_1P_NA,18.400,23250953,257,STILL,NA,1,P01,LAB01,0,1,-892,1074,0,360
20260910_101021,STILL_1P_NA,18.400,23250953,257,STILL,NA,1,P01,LAB01,1,0,0,0,0,0
20260910_101021,STILL_1P_NA,18.400,23250953,257,STILL,NA,1,P01,LAB01,2,0,0,0,0,0
20260910_101021,STILL_1P_NA,18.489,23340048,258,STILL,NA,1,P01,LAB01,0,1,-895,1074,0,360
20260910_101021,STILL_1P_NA,18.489,23340048,258,STILL,NA,1,P01,LAB01,1,0,0,0,0,0
20260910_101021,STILL_1P_NA,18.489,23340048,258,STILL,NA,1,P01,LAB01,2,0,0,0,0,0
20260910_101021,STILL_1P_NA,18.578,23428945,259,STILL,NA,1,P01,LAB01,0,1,-894,1078,0,360
20260910_101021,STILL_1P_NA,18.578,23428945,259,STILL,NA,1,P01,LAB01,1,0,0,0,0,0
20260910_101021,STILL_1P_NA,18.578,23428945,259,STILL,NA,1,P01,LAB01,2,0,0,0,0,0
20260910_101021,STILL_1P_NA,18.667,23517995,260,STILL,NA,1,P01,LAB01,0,1,-888,1081,0,360
20260910_101021,STILL_1P_NA,18.667,23517995,260,STILL,NA,1,P01,LAB01,1,0,0,0,0,0
20260910_101021,STILL_1P_NA,18.667,23517995,260,STILL,NA,1,P01,LAB01,2,0,0,0,0,0
20260910_101021,STILL_1P_NA,18.757,23607027,261,STILL,NA,1,P01,LAB01,0,1,-881,1084,0,360
20260910_101021,STILL_1P_NA,18.757,23607027,261,STILL,NA,1,P01,LAB01,1,0,0,0,0,0
20260910_101021,STILL_1P_NA,18.757,23607027,261,STILL,NA,1,P01,LAB01,2,0,0,0,0,0
20260910_101021,STILL_1P_NA,18.846,23696045,262,STILL,NA,1,P01,LAB01,0,1,-874,1086,0,360
20260910_101021,STILL_1P_NA,18.846,23696045,262,STILL,NA,1,P01,LAB01,1,0,0,0,0,0
20260910_101021,STILL_1P_NA,18.846,23696045,262,STILL,NA,1,P01,LAB01,2,0,0,0,0,0
20260910_101021,STILL_1P_NA,18.935,23784939,263,STILL,NA,1,P01,LAB01,0,1,-868,1086,0,360
20260910_101021,STILL_1P_NA,18.935,23784939,263,STILL,NA,1,P01,LAB01,1,0,0,0,0,0
20260910_101021,STILL_1P_NA,18.935,23784939,263,STILL,NA,1,P01,LAB01,2,0,0,0,0,0
20260910_101021,STILL_1P_NA,19.024,23874073,264,STILL,NA,1,P01,LAB01,0,1,-865,1085,0,360
20260910_101021,STILL_1P_NA,19.024,23874073,264,STILL,NA,1,P01,LAB01,1,0,0,0,0,0
20260910_101021,STILL_1P_NA,19.024,23874073,264,STILL,NA,1,P01,LAB01,2,0,0,0,0,0
20260910_101021,STILL_1P_NA,19.112,23962841,265,STILL,NA,1,P01,LAB01,0,1,-863,1085,0,360
20260910_101021,STILL_1P_NA,19.112,23962841,265,STILL,NA,1,P01,LAB01,1,0,0,0,0,0
20260910_101021,STILL_1P_NA,19.112,23962841,265,STILL,NA,1,P01,LAB01,2,0,0,0,0,0
20260910_101021,STILL_1P_NA,19.202,24052128,266,STILL,NA,1,P01,LAB01,0,1,-862,1084,0,360
20260910_101021,STILL_1P_NA,19.202,24052128,266,STILL,NA,1,P01,LAB01,1,0,0,0,0,0
20260910_101021,STILL_1P_NA,19.202,24052128,266,STILL,NA,1,P01,LAB01,2,0,0,0,0,0
20260910_101021,STILL_1P_NA,19.290,24140773,267,STILL,NA,1,P01,LAB01,0,1,-863,1083,0,360
20260910_101021,STILL_1P_NA,19.290,24140773,267,STILL,NA,1,P01,LAB01,1,0,0,0,0,0
20260910_101021,STILL_1P_NA,19.290,24140773,267,STILL,NA,1,P01,LAB01,2,0,0,0,0,0
20260910_101021,STILL_1P_NA,19.379,24230009,268,STILL,NA,1,P01,LAB01,0,1,-863,1083,0,360
20260910_101021,STILL_1P_NA,19.379,24230009,268,STILL,NA,1,P01,LAB01,1,0,0,0,0,0
20260910_101021,STILL_1P_NA,19.379,24230009,268,STILL,NA,1,P01,LAB01,2,0,0,0,0,0
20260910_101021,STILL_1P_NA,19.468,24318835,269,STILL,NA,1,P01,LAB01,0,1,-862,1083,0,360
20260910_101021,STILL_1P_NA,19.468,24318835,269,STILL,NA,1,P01,LAB01,1,0,0,0,0,0
20260910_101021,STILL_1P_NA,19.468,24318835,269,STILL,NA,1,P01,LAB01,2,0,0,0,0,0
20260910_101021,STILL_1P_NA,19.558,24408119,270,STILL,NA,1,P01,LAB01,0,1,-862,1083,0,360
20260910_101021,STILL_1P_NA,19.558,24408119,270,STILL,NA,1,P01,LAB01,1,0,0,0,0,0
20260910_101021,STILL_1P_NA,19.558,24408119,270,STILL,NA,1,P01,LAB01,2,0,0,0,0,0
20260910_101021,STILL_1P_NA,19.646,24496862,271,STILL,NA,1,P01,LAB01,0,1,-864,1082,0,360
20260910_101021,STILL_1P_NA,19.646,24496862,271,STILL,NA,1,P01,LAB01,1,0,0,0,0,0
20260910_101021,STILL_1P_NA,19.646,24496862,271,STILL,NA,1,P01,LAB01,2,0,0,0,0,0
20260910_101021,STILL_1P_NA,19.735,24586025,272,STILL,NA,1,P01,LAB01,0,1,-864,1083,0,360
20260910_101021,STILL_1P_NA,19.735,24586025,272,STILL,NA,1,P01,LAB01,1,0,0,0,0,0
20260910_101021,STILL_1P_NA,19.735,24586025,272,STILL,NA,1,P01,LAB01,2,0,0,0,0,0
20260910_101021,STILL_1P_NA,19.824,24674643,273,STILL,NA,1,P01,LAB01,0,1,-862,1084,0,360
20260910_101021,STILL_1P_NA,19.824,24674643,273,STILL,NA,1,P01,LAB01,1,0,0,0,0,0
20260910_101021,STILL_1P_NA,19.824,24674643,273,STILL,NA,1,P01,LAB01,2,0,0,0,0,0
20260910_101021,STILL_1P_NA,19.913,24763932,274,STILL,NA,1,P01,LAB01,0,1,-860,1087,0,360
20260910_101021,STILL_1P_NA,19.913,24763932,274,STILL,NA,1,P01,LAB01,1,0,0,0,0,0
20260910_101021,STILL_1P_NA,19.913,24763932,274,STILL,NA,1,P01,LAB01,2,0,0,0,0,0
20260910_101021,STILL_1P_NA,20.002,24852758,275,STILL,NA,1,P01,LAB01,0,1,-854,1089,0,360
20260910_101021,STILL_1P_NA,20.002,24852758,275,STILL,NA,1,P01,LAB01,1,0,0,0,0,0
20260910_101021,STILL_1P_NA,20.002,24852758,275,STILL,NA,1,P01,LAB01,2,0,0,0,0,0
20260910_101021,STILL_1P_NA,20.091,24942022,276,STILL,NA,1,P01,LAB01,0,1,-847,1088,0,360
20260910_101021,STILL_1P_NA,20.091,24942022,276,STILL,NA,1,P01,LAB01,1,0,0,0,0,0
20260910_101021,STILL_1P_NA,20.091,24942022,276,STILL,NA,1,P01,LAB01,2,0,0,0,0,0
20260910_101021,STILL_1P_NA,20.180,25030913,277,STILL,NA,1,P01,LAB01,0,1,-840,1086,0,360
20260910_101021,STILL_1P_NA,20.180,25030913,277,STILL,NA,1,P01,LAB01,1,0,0,0,0,0
20260910_101021,STILL_1P_NA,20.180,25030913,277,STILL,NA,1,P01,LAB01,2,0,0,0,0,0
20260910_101021,STILL_1P_NA,20.269,25119800,278,STILL,NA,1,P01,LAB01,0,1,-834,1085,-8,360
20260910_101021,STILL_1P_NA,20.269,25119800,278,STILL,NA,1,P01,LAB01,1,0,0,0,0,0
20260910_101021,STILL_1P_NA,20.269,25119800,278,STILL,NA,1,P01,LAB01,2,0,0,0,0,0
20260910_101021,STILL_1P_NA,20.358,25208879,279,STILL,NA,1,P01,LAB01,0,1,-834,1082,0,360
20260910_101021,STILL_1P_NA,20.358,25208879,279,STILL,NA,1,P01,LAB01,1,0,0,0,0,0
20260910_101021,STILL_1P_NA,20.358,25208879,279,STILL,NA,1,P01,LAB01,2,0,0,0,0,0
20260910_101021,STILL_1P_NA,20.447,25297794,280,STILL,NA,1,P01,LAB01,0,1,-835,1080,0,360
20260910_101021,STILL_1P_NA,20.447,25297794,280,STILL,NA,1,P01,LAB01,1,0,0,0,0,0
20260910_101021,STILL_1P_NA,20.447,25297794,280,STILL,NA,1,P01,LAB01,2,0,0,0,0,0
20260910_101021,STILL_1P_NA,20.536,25386682,281,STILL,NA,1,P01,LAB01,0,1,-836,1078,0,360
20260910_101021,STILL_1P_NA,20.536,25386682,281,STILL,NA,1,P01,LAB01,1,0,0,0,0,0
20260910_101021,STILL_1P_NA,20.536,25386682,281,STILL,NA,1,P01,LAB01,2,0,0,0,0,0
20260910_101021,STILL_1P_NA,20.625,25475506,282,STILL,NA,1,P01,LAB01,0,1,-838,1076,0,360
20260910_101021,STILL_1P_NA,20.625,25475506,282,STILL,NA,1,P01,LAB01,1,0,0,0,0,0
20260910_101021,STILL_1P_NA,20.625,25475506,282,STILL,NA,1,P01,LAB01,2,0,0,0,0,0
20260910_101021,STILL_1P_NA,20.714,25564959,283,STILL,NA,1,P01,LAB01,0,1,-837,1078,0,360
20260910_101021,STILL_1P_NA,20.714,25564959,283,STILL,NA,1,P01,LAB01,1,0,0,0,0,0
20260910_101021,STILL_1P_NA,20.714,25564959,283,STILL,NA,1,P01,LAB01,2,0,0,0,0,0
20260910_101021,STILL_1P_NA,20.803,25653506,284,STILL,NA,1,P01,LAB01,0,1,-831,1078,0,360
20260910_101021,STILL_1P_NA,20.803,25653506,284,STILL,NA,1,P01,LAB01,1,0,0,0,0,0
20260910_101021,STILL_1P_NA,20.803,25653506,284,STILL,NA,1,P01,LAB01,2,0,0,0,0,0
20260910_101021,STILL_1P_NA,20.892,25742896,285,STILL,NA,1,P01,LAB01,0,1,-821,1076,0,360
20260910_101021,STILL_1P_NA,20.892,25742896,285,STILL,NA,1,P01,LAB01,1,0,0,0,0,0
20260910_101021,STILL_1P_NA,20.892,25742896,285,STILL,NA,1,P01,LAB01,2,0,0,0,0,0
20260910_101021,STILL_1P_NA,20.981,25831567,286,STILL,NA,1,P01,LAB01,0,1,-815,1075,0,360
20260910_101021,STILL_1P_NA,20.981,25831567,286,STILL,NA,1,P01,LAB01,1,0,0,0,0,0
20260910_101021,STILL_1P_NA,20.981,25831567,286,STILL,NA,1,P01,LAB01,2,0,0,0,0,0
20260910_101021,STILL_1P_NA,21.070,25920826,287,STILL,NA,1,P01,LAB01,0,1,-814,1075,0,360
20260910_101021,STILL_1P_NA,21.070,25920826,287,STILL,NA,1,P01,LAB01,1,0,0,0,0,0
20260910_101021,STILL_1P_NA,21.070,25920826,287,STILL,NA,1,P01,LAB01,2,0,0,0,0,0
20260910_101021,STILL_1P_NA,21.159,26009719,288,STILL,NA,1,P01,LAB01,0,1,-815,1075,0,360
20260910_101021,STILL_1P_NA,21.159,26009719,288,STILL,NA,1,P01,LAB01,1,0,0,0,0,0
20260910_101021,STILL_1P_NA,21.159,26009719,288,STILL,NA,1,P01,LAB01,2,0,0,0,0,0
20260910_101021,STILL_1P_NA,21.248,26098731,289,STILL,NA,1,P01,LAB01,0,1,-816,1075,0,360
20260910_101021,STILL_1P_NA,21.248,26098731,289,STILL,NA,1,P01,LAB01,1,0,0,0,0,0
20260910_101021,STILL_1P_NA,21.248,26098731,289,STILL,NA,1,P01,LAB01,2,0,0,0,0,0
20260910_101021,STILL_1P_NA,21.337,26187560,290,STILL,NA,1,P01,LAB01,0,1,-818,1076,0,360
20260910_101021,STILL_1P_NA,21.337,26187560,290,STILL,NA,1,P01,LAB01,1,0,0,0,0,0
20260910_101021,STILL_1P_NA,21.337,26187560,290,STILL,NA,1,P01,LAB01,2,0,0,0,0,0
20260910_101021,STILL_1P_NA,21.426,26276700,291,STILL,NA,1,P01,LAB01,0,1,-820,1076,0,360
20260910_101021,STILL_1P_NA,21.426,26276700,291,STILL,NA,1,P01,LAB01,1,0,0,0,0,0
20260910_101021,STILL_1P_NA,21.426,26276700,291,STILL,NA,1,P01,LAB01,2,0,0,0,0,0
20260910_101021,STILL_1P_NA,21.515,26365710,292,STILL,NA,1,P01,LAB01,0,1,-823,1075,0,360
20260910_101021,STILL_1P_NA,21.515,26365710,292,STILL,NA,1,P01,LAB01,1,0,0,0,0,0
20260910_101021,STILL_1P_NA,21.515,26365710,292,STILL,NA,1,P01,LAB01,2,0,0,0,0,0
20260910_101021,STILL_1P_NA,21.604,26454536,293,STILL,NA,1,P01,LAB01,0,1,-827,1074,0,360
20260910_101021,STILL_1P_NA,21.604,26454536,293,STILL,NA,1,P01,LAB01,1,0,0,0,0,0
20260910_101021,STILL_1P_NA,21.604,26454536,293,STILL,NA,1,P01,LAB01,2,0,0,0,0,0
20260910_101021,STILL_1P_NA,21.693,26543643,294,STILL,NA,1,P01,LAB01,0,1,-831,1073,0,360
20260910_101021,STILL_1P_NA,21.693,26543643,294,STILL,NA,1,P01,LAB01,1,0,0,0,0,0
20260910_101021,STILL_1P_NA,21.693,26543643,294,STILL,NA,1,P01,LAB01,2,0,0,0,0,0
20260910_101021,STILL_1P_NA,21.782,26632693,295,STILL,NA,1,P01,LAB01,0,1,-835,1073,0,360
20260910_101021,STILL_1P_NA,21.782,26632693,295,STILL,NA,1,P01,LAB01,1,0,0,0,0,0
20260910_101021,STILL_1P_NA,21.782,26632693,295,STILL,NA,1,P01,LAB01,2,0,0,0,0,0
20260910_101021,STILL_1P_NA,21.871,26721581,296,STILL,NA,1,P01,LAB01,0,1,-840,1078,0,360
20260910_101021,STILL_1P_NA,21.871,26721581,296,STILL,NA,1,P01,LAB01,1,0,0,0,0,0
20260910_101021,STILL_1P_NA,21.871,26721581,296,STILL,NA,1,P01,LAB01,2,0,0,0,0,0
20260910_101021,STILL_1P_NA,21.960,26810654,297,STILL,NA,1,P01,LAB01,0,1,-843,1084,0,360
20260910_101021,STILL_1P_NA,21.960,26810654,297,STILL,NA,1,P01,LAB01,1,0,0,0,0,0
20260910_101021,STILL_1P_NA,21.960,26810654,297,STILL,NA,1,P01,LAB01,2,0,0,0,0,0
20260910_101021,STILL_1P_NA,22.049,26899544,298,STILL,NA,1,P01,LAB01,0,1,-839,1085,0,360
20260910_101021,STILL_1P_NA,22.049,26899544,298,STILL,NA,1,P01,LAB01,1,0,0,0,0,0
20260910_101021,STILL_1P_NA,22.049,26899544,298,STILL,NA,1,P01,LAB01,2,0,0,0,0,0
20260910_101021,STILL_1P_NA,22.138,26988809,299,STILL,NA,1,P01,LAB01,0,1,-834,1084,0,360
20260910_101021,STILL_1P_NA,22.138,26988809,299,STILL,NA,1,P01,LAB01,1,0,0,0,0,0
20260910_101021,STILL_1P_NA,22.138,26988809,299,STILL,NA,1,P01,LAB01,2,0,0,0,0,0
20260910_101021,STILL_1P_NA,22.227,27077567,300,STILL,NA,1,P01,LAB01,0,1,-830,1081,0,360
20260910_101021,STILL_1P_NA,22.227,27077567,300,STILL,NA,1,P01,LAB01,1,0,0,0,0,0
20260910_101021,STILL_1P_NA,22.227,27077567,300,STILL,NA,1,P01,LAB01,2,0,0,0,0,0
20260910_101021,STILL_1P_NA,22.316,27166486,301,STILL,NA,1,P01,LAB01,0,1,-827,1075,0,360
20260910_101021,STILL_1P_NA,22.316,27166486,301,STILL,NA,1,P01,LAB01,1,0,0,0,0,0
20260910_101021,STILL_1P_NA,22.316,27166486,301,STILL,NA,1,P01,LAB01,2,0,0,0,0,0
20260910_101021,STILL_1P_NA,22.405,27255222,302,STILL,NA,1,P01,LAB01,0,1,-827,1066,0,360
20260910_101021,STILL_1P_NA,22.405,27255222,302,STILL,NA,1,P01,LAB01,1,0,0,0,0,0
20260910_101021,STILL_1P_NA,22.405,27255222,302,STILL,NA,1,P01,LAB01,2,0,0,0,0,0
20260910_101021,STILL_1P_NA,22.494,27344670,303,STILL,NA,1,P01,LAB01,0,1,-827,1061,0,360
20260910_101021,STILL_1P_NA,22.494,27344670,303,STILL,NA,1,P01,LAB01,1,0,0,0,0,0
20260910_101021,STILL_1P_NA,22.494,27344670,303,STILL,NA,1,P01,LAB01,2,0,0,0,0,0
20260910_101021,STILL_1P_NA,22.583,27433465,304,STILL,NA,1,P01,LAB01,0,1,-826,1061,0,360
20260910_101021,STILL_1P_NA,22.583,27433465,304,STILL,NA,1,P01,LAB01,1,0,0,0,0,0
20260910_101021,STILL_1P_NA,22.583,27433465,304,STILL,NA,1,P01,LAB01,2,0,0,0,0,0
20260910_101021,STILL_1P_NA,22.672,27522670,305,STILL,NA,1,P01,LAB01,0,1,-825,1063,0,360
20260910_101021,STILL_1P_NA,22.672,27522670,305,STILL,NA,1,P01,LAB01,1,0,0,0,0,0
20260910_101021,STILL_1P_NA,22.672,27522670,305,STILL,NA,1,P01,LAB01,2,0,0,0,0,0
20260910_101021,STILL_1P_NA,22.761,27611431,306,STILL,NA,1,P01,LAB01,0,1,-825,1063,0,360
20260910_101021,STILL_1P_NA,22.761,27611431,306,STILL,NA,1,P01,LAB01,1,0,0,0,0,0
20260910_101021,STILL_1P_NA,22.761,27611431,306,STILL,NA,1,P01,LAB01,2,0,0,0,0,0
20260910_101021,STILL_1P_NA,22.850,27700637,307,STILL,NA,1,P01,LAB01,0,1,-823,1060,-8,360
20260910_101021,STILL_1P_NA,22.850,27700637,307,STILL,NA,1,P01,LAB01,1,0,0,0,0,0
20260910_101021,STILL_1P_NA,22.850,27700637,307,STILL,NA,1,P01,LAB01,2,0,0,0,0,0
20260910_101021,STILL_1P_NA,22.939,27789423,308,STILL,NA,1,P01,LAB01,0,1,-818,1060,0,360
20260910_101021,STILL_1P_NA,22.939,27789423,308,STILL,NA,1,P01,LAB01,1,0,0,0,0,0
20260910_101021,STILL_1P_NA,22.939,27789423,308,STILL,NA,1,P01,LAB01,2,0,0,0,0,0
20260910_101021,STILL_1P_NA,23.028,27878785,309,STILL,NA,1,P01,LAB01,0,1,-815,1064,-8,360
20260910_101021,STILL_1P_NA,23.028,27878785,309,STILL,NA,1,P01,LAB01,1,0,0,0,0,0
20260910_101021,STILL_1P_NA,23.028,27878785,309,STILL,NA,1,P01,LAB01,2,0,0,0,0,0
20260910_101021,STILL_1P_NA,23.117,27967424,310,STILL,NA,1,P01,LAB01,0,1,-815,1068,0,360
20260910_101021,STILL_1P_NA,23.117,27967424,310,STILL,NA,1,P01,LAB01,1,0,0,0,0,0
20260910_101021,STILL_1P_NA,23.117,27967424,310,STILL,NA,1,P01,LAB01,2,0,0,0,0,0
20260910_101021,STILL_1P_NA,23.206,28056753,311,STILL,NA,1,P01,LAB01,0,1,-819,1068,0,360
20260910_101021,STILL_1P_NA,23.206,28056753,311,STILL,NA,1,P01,LAB01,1,0,0,0,0,0
20260910_101021,STILL_1P_NA,23.206,28056753,311,STILL,NA,1,P01,LAB01,2,0,0,0,0,0
20260910_101021,STILL_1P_NA,23.295,28145479,312,STILL,NA,1,P01,LAB01,0,1,-822,1068,0,360
20260910_101021,STILL_1P_NA,23.295,28145479,312,STILL,NA,1,P01,LAB01,1,0,0,0,0,0
20260910_101021,STILL_1P_NA,23.295,28145479,312,STILL,NA,1,P01,LAB01,2,0,0,0,0,0
20260910_101021,STILL_1P_NA,23.384,28234746,313,STILL,NA,1,P01,LAB01,0,1,-825,1068,0,360
20260910_101021,STILL_1P_NA,23.384,28234746,313,STILL,NA,1,P01,LAB01,1,0,0,0,0,0
20260910_101021,STILL_1P_NA,23.384,28234746,313,STILL,NA,1,P01,LAB01,2,0,0,0,0,0
20260910_101021,STILL_1P_NA,23.473,28323410,314,STILL,NA,1,P01,LAB01,0,1,-827,1073,0,360
20260910_101021,STILL_1P_NA,23.473,28323410,314,STILL,NA,1,P01,LAB01,1,0,0,0,0,0
20260910_101021,STILL_1P_NA,23.473,28323410,314,STILL,NA,1,P01,LAB01,2,0,0,0,0,0
20260910_101021,STILL_1P_NA,23.562,28412710,315,STILL,NA,1,P01,LAB01,0,1,-828,1076,0,360
20260910_101021,STILL_1P_NA,23.562,28412710,315,STILL,NA,1,P01,LAB01,1,0,0,0,0,0
20260910_101021,STILL_1P_NA,23.562,28412710,315,STILL,NA,1,P01,LAB01,2,0,0,0,0,0
20260910_101021,STILL_1P_NA,23.651,28501346,316,STILL,NA,1,P01,LAB01,0,1,-828,1079,0,360
20260910_101021,STILL_1P_NA,23.651,28501346,316,STILL,NA,1,P01,LAB01,1,0,0,0,0,0
20260910_101021,STILL_1P_NA,23.651,28501346,316,STILL,NA,1,P01,LAB01,2,0,0,0,0,0
20260910_101021,STILL_1P_NA,23.740,28590554,317,STILL,NA,1,P01,LAB01,0,1,-826,1084,0,360
20260910_101021,STILL_1P_NA,23.740,28590554,317,STILL,NA,1,P01,LAB01,1,0,0,0,0,0
20260910_101021,STILL_1P_NA,23.740,28590554,317,STILL,NA,1,P01,LAB01,2,0,0,0,0,0
20260910_101021,STILL_1P_NA,23.828,28679118,318,STILL,NA,1,P01,LAB01,0,1,-826,1089,-8,360
20260910_101021,STILL_1P_NA,23.828,28679118,318,STILL,NA,1,P01,LAB01,1,0,0,0,0,0
20260910_101021,STILL_1P_NA,23.828,28679118,318,STILL,NA,1,P01,LAB01,2,0,0,0,0,0
20260910_101021,STILL_1P_NA,23.918,28768130,319,STILL,NA,1,P01,LAB01,0,1,-829,1089,0,360
20260910_101021,STILL_1P_NA,23.918,28768130,319,STILL,NA,1,P01,LAB01,1,0,0,0,0,0
20260910_101021,STILL_1P_NA,23.918,28768130,319,STILL,NA,1,P01,LAB01,2,0,0,0,0,0
20260910_101021,STILL_1P_NA,24.007,28857465,320,STILL,NA,1,P01,LAB01,0,1,-831,1088,0,360
20260910_101021,STILL_1P_NA,24.007,28857465,320,STILL,NA,1,P01,LAB01,1,0,0,0,0,0
20260910_101021,STILL_1P_NA,24.007,28857465,320,STILL,NA,1,P01,LAB01,2,0,0,0,0,0
20260910_101021,STILL_1P_NA,24.096,28946544,321,STILL,NA,1,P01,LAB01,0,1,-831,1086,0,360
20260910_101021,STILL_1P_NA,24.096,28946544,321,STILL,NA,1,P01,LAB01,1,0,0,0,0,0
20260910_101021,STILL_1P_NA,24.096,28946544,321,STILL,NA,1,P01,LAB01,2,0,0,0,0,0
20260910_101021,STILL_1P_NA,24.185,29035343,322,STILL,NA,1,P01,LAB01,0,1,-831,1087,0,360
20260910_101021,STILL_1P_NA,24.185,29035343,322,STILL,NA,1,P01,LAB01,1,0,0,0,0,0
20260910_101021,STILL_1P_NA,24.185,29035343,322,STILL,NA,1,P01,LAB01,2,0,0,0,0,0
20260910_101021,STILL_1P_NA,24.274,29124572,323,STILL,NA,1,P01,LAB01,0,1,-829,1088,0,360
20260910_101021,STILL_1P_NA,24.274,29124572,323,STILL,NA,1,P01,LAB01,1,0,0,0,0,0
20260910_101021,STILL_1P_NA,24.274,29124572,323,STILL,NA,1,P01,LAB01,2,0,0,0,0,0
20260910_101021,STILL_1P_NA,24.363,29213389,324,STILL,NA,1,P01,LAB01,0,1,-830,1083,0,360
20260910_101021,STILL_1P_NA,24.363,29213389,324,STILL,NA,1,P01,LAB01,1,0,0,0,0,0
20260910_101021,STILL_1P_NA,24.363,29213389,324,STILL,NA,1,P01,LAB01,2,0,0,0,0,0
20260910_101021,STILL_1P_NA,24.452,29302527,325,STILL,NA,1,P01,LAB01,0,1,-826,1079,0,360
20260910_101021,STILL_1P_NA,24.452,29302527,325,STILL,NA,1,P01,LAB01,1,0,0,0,0,0
20260910_101021,STILL_1P_NA,24.452,29302527,325,STILL,NA,1,P01,LAB01,2,0,0,0,0,0
20260910_101021,STILL_1P_NA,24.540,29391131,326,STILL,NA,1,P01,LAB01,0,1,-821,1076,0,360
20260910_101021,STILL_1P_NA,24.540,29391131,326,STILL,NA,1,P01,LAB01,1,0,0,0,0,0
20260910_101021,STILL_1P_NA,24.540,29391131,326,STILL,NA,1,P01,LAB01,2,0,0,0,0,0
20260910_101021,STILL_1P_NA,24.630,29480655,327,STILL,NA,1,P01,LAB01,0,1,-817,1073,0,360
20260910_101021,STILL_1P_NA,24.630,29480655,327,STILL,NA,1,P01,LAB01,1,0,0,0,0,0
20260910_101021,STILL_1P_NA,24.630,29480655,327,STILL,NA,1,P01,LAB01,2,0,0,0,0,0
20260910_101021,STILL_1P_NA,24.719,29569326,328,STILL,NA,1,P01,LAB01,0,1,-816,1071,0,360
20260910_101021,STILL_1P_NA,24.719,29569326,328,STILL,NA,1,P01,LAB01,1,0,0,0,0,0
20260910_101021,STILL_1P_NA,24.719,29569326,328,STILL,NA,1,P01,LAB01,2,0,0,0,0,0
20260910_101021,STILL_1P_NA,24.808,29658649,329,STILL,NA,1,P01,LAB01,0,1,-816,1069,0,360
20260910_101021,STILL_1P_NA,24.808,29658649,329,STILL,NA,1,P01,LAB01,1,0,0,0,0,0
20260910_101021,STILL_1P_NA,24.808,29658649,329,STILL,NA,1,P01,LAB01,2,0,0,0,0,0
20260910_101021,STILL_1P_NA,24.897,29747383,330,STILL,NA,1,P01,LAB01,0,1,-820,1066,0,360
20260910_101021,STILL_1P_NA,24.897,29747383,330,STILL,NA,1,P01,LAB01,1,0,0,0,0,0
20260910_101021,STILL_1P_NA,24.897,29747383,330,STILL,NA,1,P01,LAB01,2,0,0,0,0,0
20260910_101021,STILL_1P_NA,24.986,29836308,331,STILL,NA,1,P01,LAB01,0,1,-819,1064,0,360
20260910_101021,STILL_1P_NA,24.986,29836308,331,STILL,NA,1,P01,LAB01,1,0,0,0,0,0
20260910_101021,STILL_1P_NA,24.986,29836308,331,STILL,NA,1,P01,LAB01,2,0,0,0,0,0
20260910_101021,STILL_1P_NA,25.075,29925323,332,STILL,NA,1,P01,LAB01,0,1,-820,1062,8,360
20260910_101021,STILL_1P_NA,25.075,29925323,332,STILL,NA,1,P01,LAB01,1,0,0,0,0,0
20260910_101021,STILL_1P_NA,25.075,29925323,332,STILL,NA,1,P01,LAB01,2,0,0,0,0,0
20260910_101021,STILL_1P_NA,25.163,30014022,333,STILL,NA,1,P01,LAB01,0,1,-821,1062,0,360
20260910_101021,STILL_1P_NA,25.163,30014022,333,STILL,NA,1,P01,LAB01,1,0,0,0,0,0
20260910_101021,STILL_1P_NA,25.163,30014022,333,STILL,NA,1,P01,LAB01,2,0,0,0,0,0
20260910_101021,STILL_1P_NA,25.253,30103286,334,STILL,NA,1,P01,LAB01,0,1,-821,1062,0,360
20260910_101021,STILL_1P_NA,25.253,30103286,334,STILL,NA,1,P01,LAB01,1,0,0,0,0,0
20260910_101021,STILL_1P_NA,25.253,30103286,334,STILL,NA,1,P01,LAB01,2,0,0,0,0,0
20260910_101021,STILL_1P_NA,25.342,30192196,335,STILL,NA,1,P01,LAB01,0,1,-820,1062,0,360
20260910_101021,STILL_1P_NA,25.342,30192196,335,STILL,NA,1,P01,LAB01,1,0,0,0,0,0
20260910_101021,STILL_1P_NA,25.342,30192196,335,STILL,NA,1,P01,LAB01,2,0,0,0,0,0
20260910_101021,STILL_1P_NA,25.431,30281282,336,STILL,NA,1,P01,LAB01,0,1,-821,1062,0,360
20260910_101021,STILL_1P_NA,25.431,30281282,336,STILL,NA,1,P01,LAB01,1,0,0,0,0,0
20260910_101021,STILL_1P_NA,25.431,30281282,336,STILL,NA,1,P01,LAB01,2,0,0,0,0,0
20260910_101021,STILL_1P_NA,25.520,30370231,337,STILL,NA,1,P01,LAB01,0,1,-823,1062,0,360
20260910_101021,STILL_1P_NA,25.520,30370231,337,STILL,NA,1,P01,LAB01,1,0,0,0,0,0
20260910_101021,STILL_1P_NA,25.520,30370231,337,STILL,NA,1,P01,LAB01,2,0,0,0,0,0
20260910_101021,STILL_1P_NA,25.609,30459458,338,STILL,NA,1,P01,LAB01,0,1,-824,1062,0,360
20260910_101021,STILL_1P_NA,25.609,30459458,338,STILL,NA,1,P01,LAB01,1,0,0,0,0,0
20260910_101021,STILL_1P_NA,25.609,30459458,338,STILL,NA,1,P01,LAB01,2,0,0,0,0,0
20260910_101021,STILL_1P_NA,25.697,30547912,339,STILL,NA,1,P01,LAB01,0,1,-825,1063,0,360
20260910_101021,STILL_1P_NA,25.697,30547912,339,STILL,NA,1,P01,LAB01,1,0,0,0,0,0
20260910_101021,STILL_1P_NA,25.697,30547912,339,STILL,NA,1,P01,LAB01,2,0,0,0,0,0
20260910_101021,STILL_1P_NA,25.787,30637424,340,STILL,NA,1,P01,LAB01,0,1,-826,1063,8,360
20260910_101021,STILL_1P_NA,25.787,30637424,340,STILL,NA,1,P01,LAB01,1,0,0,0,0,0
20260910_101021,STILL_1P_NA,25.787,30637424,340,STILL,NA,1,P01,LAB01,2,0,0,0,0,0
20260910_101021,STILL_1P_NA,25.876,30726313,341,STILL,NA,1,P01,LAB01,0,1,-828,1063,0,360
20260910_101021,STILL_1P_NA,25.876,30726313,341,STILL,NA,1,P01,LAB01,1,0,0,0,0,0
20260910_101021,STILL_1P_NA,25.876,30726313,341,STILL,NA,1,P01,LAB01,2,0,0,0,0,0
20260910_101021,STILL_1P_NA,25.965,30815131,342,STILL,NA,1,P01,LAB01,0,1,-830,1065,0,360
20260910_101021,STILL_1P_NA,25.965,30815131,342,STILL,NA,1,P01,LAB01,1,0,0,0,0,0
20260910_101021,STILL_1P_NA,25.965,30815131,342,STILL,NA,1,P01,LAB01,2,0,0,0,0,0
20260910_101021,STILL_1P_NA,26.053,30904146,343,STILL,NA,1,P01,LAB01,0,1,-830,1065,0,360
20260910_101021,STILL_1P_NA,26.053,30904146,343,STILL,NA,1,P01,LAB01,1,0,0,0,0,0
20260910_101021,STILL_1P_NA,26.053,30904146,343,STILL,NA,1,P01,LAB01,2,0,0,0,0,0
20260910_101021,STILL_1P_NA,26.143,30993267,344,STILL,NA,1,P01,LAB01,0,1,-830,1065,0,360
20260910_101021,STILL_1P_NA,26.143,30993267,344,STILL,NA,1,P01,LAB01,1,0,0,0,0,0
20260910_101021,STILL_1P_NA,26.143,30993267,344,STILL,NA,1,P01,LAB01,2,0,0,0,0,0
20260910_101021,STILL_1P_NA,26.232,31082243,345,STILL,NA,1,P01,LAB01,0,1,-832,1064,0,360
20260910_101021,STILL_1P_NA,26.232,31082243,345,STILL,NA,1,P01,LAB01,1,0,0,0,0,0
20260910_101021,STILL_1P_NA,26.232,31082243,345,STILL,NA,1,P01,LAB01,2,0,0,0,0,0
20260910_101021,STILL_1P_NA,26.321,31171352,346,STILL,NA,1,P01,LAB01,0,1,-834,1063,0,360
20260910_101021,STILL_1P_NA,26.321,31171352,346,STILL,NA,1,P01,LAB01,1,0,0,0,0,0
20260910_101021,STILL_1P_NA,26.321,31171352,346,STILL,NA,1,P01,LAB01,2,0,0,0,0,0
20260910_101021,STILL_1P_NA,26.410,31260045,347,STILL,NA,1,P01,LAB01,0,1,-838,1061,0,360
20260910_101021,STILL_1P_NA,26.410,31260045,347,STILL,NA,1,P01,LAB01,1,0,0,0,0,0
20260910_101021,STILL_1P_NA,26.410,31260045,347,STILL,NA,1,P01,LAB01,2,0,0,0,0,0
20260910_101021,STILL_1P_NA,26.499,31349286,348,STILL,NA,1,P01,LAB01,0,1,-843,1059,0,360
20260910_101021,STILL_1P_NA,26.499,31349286,348,STILL,NA,1,P01,LAB01,1,0,0,0,0,0
20260910_101021,STILL_1P_NA,26.499,31349286,348,STILL,NA,1,P01,LAB01,2,0,0,0,0,0
20260910_101021,STILL_1P_NA,26.588,31438131,349,STILL,NA,1,P01,LAB01,0,1,-848,1061,0,360
20260910_101021,STILL_1P_NA,26.588,31438131,349,STILL,NA,1,P01,LAB01,1,0,0,0,0,0
20260910_101021,STILL_1P_NA,26.588,31438131,349,STILL,NA,1,P01,LAB01,2,0,0,0,0,0
20260910_101021,STILL_1P_NA,26.677,31527282,350,STILL,NA,1,P01,LAB01,0,1,-852,1061,0,360
20260910_101021,STILL_1P_NA,26.677,31527282,350,STILL,NA,1,P01,LAB01,1,0,0,0,0,0
20260910_101021,STILL_1P_NA,26.677,31527282,350,STILL,NA,1,P01,LAB01,2,0,0,0,0,0
20260910_101021,STILL_1P_NA,26.766,31616131,351,STILL,NA,1,P01,LAB01,0,1,-852,1062,0,360
20260910_101021,STILL_1P_NA,26.766,31616131,351,STILL,NA,1,P01,LAB01,1,0,0,0,0,0
20260910_101021,STILL_1P_NA,26.766,31616131,351,STILL,NA,1,P01,LAB01,2,0,0,0,0,0
20260910_101021,STILL_1P_NA,26.854,31705243,352,STILL,NA,1,P01,LAB01,0,1,-849,1064,0,360
20260910_101021,STILL_1P_NA,26.854,31705243,352,STILL,NA,1,P01,LAB01,1,0,0,0,0,0
20260910_101021,STILL_1P_NA,26.854,31705243,352,STILL,NA,1,P01,LAB01,2,0,0,0,0,0
20260910_101021,STILL_1P_NA,26.943,31794036,353,STILL,NA,1,P01,LAB01,0,1,-846,1065,0,360
20260910_101021,STILL_1P_NA,26.943,31794036,353,STILL,NA,1,P01,LAB01,1,0,0,0,0,0
20260910_101021,STILL_1P_NA,26.943,31794036,353,STILL,NA,1,P01,LAB01,2,0,0,0,0,0
20260910_101021,STILL_1P_NA,27.033,31883176,354,STILL,NA,1,P01,LAB01,0,1,-844,1065,0,360
20260910_101021,STILL_1P_NA,27.033,31883176,354,STILL,NA,1,P01,LAB01,1,0,0,0,0,0
20260910_101021,STILL_1P_NA,27.033,31883176,354,STILL,NA,1,P01,LAB01,2,0,0,0,0,0
20260910_101021,STILL_1P_NA,27.121,31971850,355,STILL,NA,1,P01,LAB01,0,1,-843,1068,0,360
20260910_101021,STILL_1P_NA,27.121,31971850,355,STILL,NA,1,P01,LAB01,1,0,0,0,0,0
20260910_101021,STILL_1P_NA,27.121,31971850,355,STILL,NA,1,P01,LAB01,2,0,0,0,0,0
20260910_101021,STILL_1P_NA,27.210,32061202,356,STILL,NA,1,P01,LAB01,0,1,-842,1071,0,360
20260910_101021,STILL_1P_NA,27.210,32061202,356,STILL,NA,1,P01,LAB01,1,0,0,0,0,0
20260910_101021,STILL_1P_NA,27.210,32061202,356,STILL,NA,1,P01,LAB01,2,0,0,0,0,0
20260910_101021,STILL_1P_NA,27.299,32150001,357,STILL,NA,1,P01,LAB01,0,1,-841,1070,0,360
20260910_101021,STILL_1P_NA,27.299,32150001,357,STILL,NA,1,P01,LAB01,1,0,0,0,0,0
20260910_101021,STILL_1P_NA,27.299,32150001,357,STILL,NA,1,P01,LAB01,2,0,0,0,0,0
20260910_101021,STILL_1P_NA,27.388,32239169,358,STILL,NA,1,P01,LAB01,0,1,-841,1067,0,360
20260910_101021,STILL_1P_NA,27.388,32239169,358,STILL,NA,1,P01,LAB01,1,0,0,0,0,0
20260910_101021,STILL_1P_NA,27.388,32239169,358,STILL,NA,1,P01,LAB01,2,0,0,0,0,0
20260910_101021,STILL_1P_NA,27.477,32328087,359,STILL,NA,1,P01,LAB01,0,1,-838,1067,0,360
20260910_101021,STILL_1P_NA,27.477,32328087,359,STILL,NA,1,P01,LAB01,1,0,0,0,0,0
20260910_101021,STILL_1P_NA,27.477,32328087,359,STILL,NA,1,P01,LAB01,2,0,0,0,0,0
20260910_101021,STILL_1P_NA,27.567,32417099,360,STILL,NA,1,P01,LAB01,0,1,-839,1067,0,360
20260910_101021,STILL_1P_NA,27.567,32417099,360,STILL,NA,1,P01,LAB01,1,0,0,0,0,0
20260910_101021,STILL_1P_NA,27.567,32417099,360,STILL,NA,1,P01,LAB01,2,0,0,0,0,0
20260910_101021,STILL_1P_NA,27.655,32505746,361,STILL,NA,1,P01,LAB01,0,1,-840,1067,0,360
20260910_101021,STILL_1P_NA,27.655,32505746,361,STILL,NA,1,P01,LAB01,1,0,0,0,0,0
20260910_101021,STILL_1P_NA,27.655,32505746,361,STILL,NA,1,P01,LAB01,2,0,0,0,0,0
20260910_101021,STILL_1P_NA,27.745,32595128,362,STILL,NA,1,P01,LAB01,0,1,-841,1068,0,360
20260910_101021,STILL_1P_NA,27.745,32595128,362,STILL,NA,1,P01,LAB01,1,0,0,0,0,0
20260910_101021,STILL_1P_NA,27.745,32595128,362,STILL,NA,1,P01,LAB01,2,0,0,0,0,0
20260910_101021,STILL_1P_NA,27.833,32683586,363,STILL,NA,1,P01,LAB01,0,1,-843,1068,0,360
20260910_101021,STILL_1P_NA,27.833,32683586,363,STILL,NA,1,P01,LAB01,1,0,0,0,0,0
20260910_101021,STILL_1P_NA,27.833,32683586,363,STILL,NA,1,P01,LAB01,2,0,0,0,0,0
20260910_101021,STILL_1P_NA,27.923,32773093,364,STILL,NA,1,P01,LAB01,0,1,-841,1069,0,360
20260910_101021,STILL_1P_NA,27.923,32773093,364,STILL,NA,1,P01,LAB01,1,0,0,0,0,0
20260910_101021,STILL_1P_NA,27.923,32773093,364,STILL,NA,1,P01,LAB01,2,0,0,0,0,0
20260910_101021,STILL_1P_NA,28.011,32861990,365,STILL,NA,1,P01,LAB01,0,1,-838,1070,0,360
20260910_101021,STILL_1P_NA,28.011,32861990,365,STILL,NA,1,P01,LAB01,1,0,0,0,0,0
20260910_101021,STILL_1P_NA,28.011,32861990,365,STILL,NA,1,P01,LAB01,2,0,0,0,0,0
20260910_101021,STILL_1P_NA,28.101,32950942,366,STILL,NA,1,P01,LAB01,0,1,-835,1068,0,360
20260910_101021,STILL_1P_NA,28.101,32950942,366,STILL,NA,1,P01,LAB01,1,0,0,0,0,0
20260910_101021,STILL_1P_NA,28.101,32950942,366,STILL,NA,1,P01,LAB01,2,0,0,0,0,0
20260910_101021,STILL_1P_NA,28.189,33040016,367,STILL,NA,1,P01,LAB01,0,1,-829,1062,0,360
20260910_101021,STILL_1P_NA,28.189,33040016,367,STILL,NA,1,P01,LAB01,1,0,0,0,0,0
20260910_101021,STILL_1P_NA,28.189,33040016,367,STILL,NA,1,P01,LAB01,2,0,0,0,0,0
20260910_101021,STILL_1P_NA,28.278,33129025,368,STILL,NA,1,P01,LAB01,0,1,-825,1055,0,360
20260910_101021,STILL_1P_NA,28.278,33129025,368,STILL,NA,1,P01,LAB01,1,0,0,0,0,0
20260910_101021,STILL_1P_NA,28.278,33129025,368,STILL,NA,1,P01,LAB01,2,0,0,0,0,0
20260910_101021,STILL_1P_NA,28.367,33217917,369,STILL,NA,1,P01,LAB01,0,1,-827,1053,0,360
20260910_101021,STILL_1P_NA,28.367,33217917,369,STILL,NA,1,P01,LAB01,1,0,0,0,0,0
20260910_101021,STILL_1P_NA,28.367,33217917,369,STILL,NA,1,P01,LAB01,2,0,0,0,0,0
20260910_101021,STILL_1P_NA,28.456,33306995,370,STILL,NA,1,P01,LAB01,0,1,-830,1053,-8,360
20260910_101021,STILL_1P_NA,28.456,33306995,370,STILL,NA,1,P01,LAB01,1,0,0,0,0,0
20260910_101021,STILL_1P_NA,28.456,33306995,370,STILL,NA,1,P01,LAB01,2,0,0,0,0,0
20260910_101021,STILL_1P_NA,28.547,33395886,371,STILL,NA,1,P01,LAB01,0,1,-831,1052,-8,360
20260910_101021,STILL_1P_NA,28.547,33395886,371,STILL,NA,1,P01,LAB01,1,0,0,0,0,0
20260910_101021,STILL_1P_NA,28.547,33395886,371,STILL,NA,1,P01,LAB01,2,0,0,0,0,0
20260910_101021,STILL_1P_NA,28.634,33485022,372,STILL,NA,1,P01,LAB01,0,1,-832,1051,0,360
20260910_101021,STILL_1P_NA,28.634,33485022,372,STILL,NA,1,P01,LAB01,1,0,0,0,0,0
20260910_101021,STILL_1P_NA,28.634,33485022,372,STILL,NA,1,P01,LAB01,2,0,0,0,0,0
20260910_101021,STILL_1P_NA,28.723,33573939,373,STILL,NA,1,P01,LAB01,0,1,-837,1047,0,360
20260910_101021,STILL_1P_NA,28.723,33573939,373,STILL,NA,1,P01,LAB01,1,0,0,0,0,0
20260910_101021,STILL_1P_NA,28.723,33573939,373,STILL,NA,1,P01,LAB01,2,0,0,0,0,0
20260910_101021,STILL_1P_NA,28.813,33663036,374,STILL,NA,1,P01,LAB01,0,1,-840,1045,0,360
20260910_101021,STILL_1P_NA,28.813,33663036,374,STILL,NA,1,P01,LAB01,1,0,0,0,0,0
20260910_101021,STILL_1P_NA,28.813,33663036,374,STILL,NA,1,P01,LAB01,2,0,0,0,0,0
20260910_101021,STILL_1P_NA,28.901,33751969,375,STILL,NA,1,P01,LAB01,0,1,-842,1045,0,360
20260910_101021,STILL_1P_NA,28.901,33751969,375,STILL,NA,1,P01,LAB01,1,0,0,0,0,0
20260910_101021,STILL_1P_NA,28.901,33751969,375,STILL,NA,1,P01,LAB01,2,0,0,0,0,0
20260910_101021,STILL_1P_NA,28.990,33840886,376,STILL,NA,1,P01,LAB01,0,1,-843,1047,0,360
20260910_101021,STILL_1P_NA,28.990,33840886,376,STILL,NA,1,P01,LAB01,1,0,0,0,0,0
20260910_101021,STILL_1P_NA,28.990,33840886,376,STILL,NA,1,P01,LAB01,2,0,0,0,0,0
20260910_101021,STILL_1P_NA,29.079,33929995,377,STILL,NA,1,P01,LAB01,0,1,-844,1050,0,360
20260910_101021,STILL_1P_NA,29.079,33929995,377,STILL,NA,1,P01,LAB01,1,0,0,0,0,0
20260910_101021,STILL_1P_NA,29.079,33929995,377,STILL,NA,1,P01,LAB01,2,0,0,0,0,0
20260910_101021,STILL_1P_NA,29.168,34019027,378,STILL,NA,1,P01,LAB01,0,1,-844,1053,0,360
20260910_101021,STILL_1P_NA,29.168,34019027,378,STILL,NA,1,P01,LAB01,1,0,0,0,0,0
20260910_101021,STILL_1P_NA,29.168,34019027,378,STILL,NA,1,P01,LAB01,2,0,0,0,0,0
20260910_101021,STILL_1P_NA,29.257,34107862,379,STILL,NA,1,P01,LAB01,0,1,-846,1055,0,360
20260910_101021,STILL_1P_NA,29.257,34107862,379,STILL,NA,1,P01,LAB01,1,0,0,0,0,0
20260910_101021,STILL_1P_NA,29.257,34107862,379,STILL,NA,1,P01,LAB01,2,0,0,0,0,0
20260910_101021,STILL_1P_NA,29.346,34197118,380,STILL,NA,1,P01,LAB01,0,1,-849,1056,0,360
20260910_101021,STILL_1P_NA,29.346,34197118,380,STILL,NA,1,P01,LAB01,1,0,0,0,0,0
20260910_101021,STILL_1P_NA,29.346,34197118,380,STILL,NA,1,P01,LAB01,2,0,0,0,0,0
20260910_101021,STILL_1P_NA,29.435,34285767,381,STILL,NA,1,P01,LAB01,0,1,-852,1056,0,360
20260910_101021,STILL_1P_NA,29.435,34285767,381,STILL,NA,1,P01,LAB01,1,0,0,0,0,0
20260910_101021,STILL_1P_NA,29.435,34285767,381,STILL,NA,1,P01,LAB01,2,0,0,0,0,0
20260910_101021,STILL_1P_NA,29.525,34375082,382,STILL,NA,1,P01,LAB01,0,1,-856,1056,0,360
20260910_101021,STILL_1P_NA,29.525,34375082,382,STILL,NA,1,P01,LAB01,1,0,0,0,0,0
20260910_101021,STILL_1P_NA,29.525,34375082,382,STILL,NA,1,P01,LAB01,2,0,0,0,0,0
20260910_101021,STILL_1P_NA,29.613,34463954,383,STILL,NA,1,P01,LAB01,0,1,-858,1055,0,360
20260910_101021,STILL_1P_NA,29.613,34463954,383,STILL,NA,1,P01,LAB01,1,0,0,0,0,0
20260910_101021,STILL_1P_NA,29.613,34463954,383,STILL,NA,1,P01,LAB01,2,0,0,0,0,0
20260910_101021,STILL_1P_NA,29.702,34553113,384,STILL,NA,1,P01,LAB01,0,1,-861,1054,0,360
20260910_101021,STILL_1P_NA,29.702,34553113,384,STILL,NA,1,P01,LAB01,1,0,0,0,0,0
20260910_101021,STILL_1P_NA,29.702,34553113,384,STILL,NA,1,P01,LAB01,2,0,0,0,0,0
20260910_101021,STILL_1P_NA,29.791,34641795,385,STILL,NA,1,P01,LAB01,0,1,-862,1053,0,360
20260910_101021,STILL_1P_NA,29.791,34641795,385,STILL,NA,1,P01,LAB01,1,0,0,0,0,0
20260910_101021,STILL_1P_NA,29.791,34641795,385,STILL,NA,1,P01,LAB01,2,0,0,0,0,0
20260910_101021,STILL_1P_NA,29.880,34730959,386,STILL,NA,1,P01,LAB01,0,1,-863,1052,0,360
20260910_101021,STILL_1P_NA,29.880,34730959,386,STILL,NA,1,P01,LAB01,1,0,0,0,0,0
20260910_101021,STILL_1P_NA,29.880,34730959,386,STILL,NA,1,P01,LAB01,2,0,0,0,0,0
20260910_101021,STILL_1P_NA,29.969,34819972,387,STILL,NA,1,P01,LAB01,0,1,-864,1052,0,360
20260910_101021,STILL_1P_NA,29.969,34819972,387,STILL,NA,1,P01,LAB01,1,0,0,0,0,0
20260910_101021,STILL_1P_NA,29.969,34819972,387,STILL,NA,1,P01,LAB01,2,0,0,0,0,0
20260910_101021,STILL_1P_NA,30.058,34908767,388,STILL,NA,1,P01,LAB01,0,1,-865,1052,0,360
20260910_101021,STILL_1P_NA,30.058,34908767,388,STILL,NA,1,P01,LAB01,1,0,0,0,0,0
20260910_101021,STILL_1P_NA,30.058,34908767,388,STILL,NA,1,P01,LAB01,2,0,0,0,0,0
20260910_101021,STILL_1P_NA,30.147,34997942,389,STILL,NA,1,P01,LAB01,0,1,-866,1052,0,360
20260910_101021,STILL_1P_NA,30.147,34997942,389,STILL,NA,1,P01,LAB01,1,0,0,0,0,0
20260910_101021,STILL_1P_NA,30.147,34997942,389,STILL,NA,1,P01,LAB01,2,0,0,0,0,0
20260910_101021,STILL_1P_NA,30.236,35086794,390,STILL,NA,1,P01,LAB01,0,1,-867,1053,0,360
20260910_101021,STILL_1P_NA,30.236,35086794,390,STILL,NA,1,P01,LAB01,1,0,0,0,0,0
20260910_101021,STILL_1P_NA,30.236,35086794,390,STILL,NA,1,P01,LAB01,2,0,0,0,0,0
20260910_101021,STILL_1P_NA,30.325,35175932,391,STILL,NA,1,P01,LAB01,0,1,-868,1053,0,360
20260910_101021,STILL_1P_NA,30.325,35175932,391,STILL,NA,1,P01,LAB01,1,0,0,0,0,0
20260910_101021,STILL_1P_NA,30.325,35175932,391,STILL,NA,1,P01,LAB01,2,0,0,0,0,0
20260910_101021,STILL_1P_NA,30.414,35264758,392,STILL,NA,1,P01,LAB01,0,1,-868,1052,0,360
20260910_101021,STILL_1P_NA,30.414,35264758,392,STILL,NA,1,P01,LAB01,1,0,0,0,0,0
20260910_101021,STILL_1P_NA,30.414,35264758,392,STILL,NA,1,P01,LAB01,2,0,0,0,0,0
20260910_101021,STILL_1P_NA,30.503,35353710,393,STILL,NA,1,P01,LAB01,0,1,-867,1052,0,360
20260910_101021,STILL_1P_NA,30.503,35353710,393,STILL,NA,1,P01,LAB01,1,0,0,0,0,0
20260910_101021,STILL_1P_NA,30.503,35353710,393,STILL,NA,1,P01,LAB01,2,0,0,0,0,0
20260910_101021,STILL_1P_NA,30.592,35442535,394,STILL,NA,1,P01,LAB01,0,1,-866,1052,0,360
20260910_101021,STILL_1P_NA,30.592,35442535,394,STILL,NA,1,P01,LAB01,1,0,0,0,0,0
20260910_101021,STILL_1P_NA,30.592,35442535,394,STILL,NA,1,P01,LAB01,2,0,0,0,0,0
20260910_101021,STILL_1P_NA,30.681,35531835,395,STILL,NA,1,P01,LAB01,0,1,-868,1053,0,360
20260910_101021,STILL_1P_NA,30.681,35531835,395,STILL,NA,1,P01,LAB01,1,0,0,0,0,0
20260910_101021,STILL_1P_NA,30.681,35531835,395,STILL,NA,1,P01,LAB01,2,0,0,0,0,0
20260910_101021,STILL_1P_NA,30.770,35620599,396,STILL,NA,1,P01,LAB01,0,1,-870,1055,0,360
20260910_101021,STILL_1P_NA,30.770,35620599,396,STILL,NA,1,P01,LAB01,1,0,0,0,0,0
20260910_101021,STILL_1P_NA,30.770,35620599,396,STILL,NA,1,P01,LAB01,2,0,0,0,0,0
20260910_101021,STILL_1P_NA,30.859,35709889,397,STILL,NA,1,P01,LAB01,0,1,-872,1056,0,360
20260910_101021,STILL_1P_NA,30.859,35709889,397,STILL,NA,1,P01,LAB01,1,0,0,0,0,0
20260910_101021,STILL_1P_NA,30.859,35709889,397,STILL,NA,1,P01,LAB01,2,0,0,0,0,0
20260910_101021,STILL_1P_NA,30.948,35798682,398,STILL,NA,1,P01,LAB01,0,1,-873,1057,0,360
20260910_101021,STILL_1P_NA,30.948,35798682,398,STILL,NA,1,P01,LAB01,1,0,0,0,0,0
20260910_101021,STILL_1P_NA,30.948,35798682,398,STILL,NA,1,P01,LAB01,2,0,0,0,0,0
20260910_101021,STILL_1P_NA,31.038,35887857,399,STILL,NA,1,P01,LAB01,0,1,-874,1057,0,360
20260910_101021,STILL_1P_NA,31.038,35887857,399,STILL,NA,1,P01,LAB01,1,0,0,0,0,0
20260910_101021,STILL_1P_NA,31.038,35887857,399,STILL,NA,1,P01,LAB01,2,0,0,0,0,0
20260910_101021,STILL_1P_NA,31.126,35976282,400,STILL,NA,1,P01,LAB01,0,1,-874,1057,0,360
20260910_101021,STILL_1P_NA,31.126,35976282,400,STILL,NA,1,P01,LAB01,1,0,0,0,0,0
20260910_101021,STILL_1P_NA,31.126,35976282,400,STILL,NA,1,P01,LAB01,2,0,0,0,0,0
20260910_101021,STILL_1P_NA,31.215,36065758,401,STILL,NA,1,P01,LAB01,0,1,-874,1056,0,360
20260910_101021,STILL_1P_NA,31.215,36065758,401,STILL,NA,1,P01,LAB01,1,0,0,0,0,0
20260910_101021,STILL_1P_NA,31.215,36065758,401,STILL,NA,1,P01,LAB01,2,0,0,0,0,0
20260910_101021,STILL_1P_NA,31.304,36154773,402,STILL,NA,1,P01,LAB01,0,1,-875,1056,0,360
20260910_101021,STILL_1P_NA,31.304,36154773,402,STILL,NA,1,P01,LAB01,1,0,0,0,0,0
20260910_101021,STILL_1P_NA,31.304,36154773,402,STILL,NA,1,P01,LAB01,2,0,0,0,0,0
20260910_101021,STILL_1P_NA,31.393,36243850,403,STILL,NA,1,P01,LAB01,0,1,-875,1055,0,360
20260910_101021,STILL_1P_NA,31.393,36243850,403,STILL,NA,1,P01,LAB01,1,0,0,0,0,0
20260910_101021,STILL_1P_NA,31.393,36243850,403,STILL,NA,1,P01,LAB01,2,0,0,0,0,0
20260910_101021,STILL_1P_NA,31.482,36332676,404,STILL,NA,1,P01,LAB01,0,1,-875,1056,0,360
20260910_101021,STILL_1P_NA,31.482,36332676,404,STILL,NA,1,P01,LAB01,1,0,0,0,0,0
20260910_101021,STILL_1P_NA,31.482,36332676,404,STILL,NA,1,P01,LAB01,2,0,0,0,0,0
20260910_101021,STILL_1P_NA,31.571,36421693,405,STILL,NA,1,P01,LAB01,0,1,-875,1056,0,360
20260910_101021,STILL_1P_NA,31.571,36421693,405,STILL,NA,1,P01,LAB01,1,0,0,0,0,0
20260910_101021,STILL_1P_NA,31.571,36421693,405,STILL,NA,1,P01,LAB01,2,0,0,0,0,0
20260910_101021,STILL_1P_NA,31.660,36510731,406,STILL,NA,1,P01,LAB01,0,1,-876,1058,0,360
20260910_101021,STILL_1P_NA,31.660,36510731,406,STILL,NA,1,P01,LAB01,1,0,0,0,0,0
20260910_101021,STILL_1P_NA,31.660,36510731,406,STILL,NA,1,P01,LAB01,2,0,0,0,0,0
20260910_101021,STILL_1P_NA,31.749,36599809,407,STILL,NA,1,P01,LAB01,0,1,-876,1059,0,360
20260910_101021,STILL_1P_NA,31.749,36599809,407,STILL,NA,1,P01,LAB01,1,0,0,0,0,0
20260910_101021,STILL_1P_NA,31.749,36599809,407,STILL,NA,1,P01,LAB01,2,0,0,0,0,0
20260910_101021,STILL_1P_NA,31.838,36688697,408,STILL,NA,1,P01,LAB01,0,1,-877,1060,0,360
20260910_101021,STILL_1P_NA,31.838,36688697,408,STILL,NA,1,P01,LAB01,1,0,0,0,0,0
20260910_101021,STILL_1P_NA,31.838,36688697,408,STILL,NA,1,P01,LAB01,2,0,0,0,0,0
20260910_101021,STILL_1P_NA,31.927,36777773,409,STILL,NA,1,P01,LAB01,0,1,-876,1062,0,360
20260910_101021,STILL_1P_NA,31.927,36777773,409,STILL,NA,1,P01,LAB01,1,0,0,0,0,0
20260910_101021,STILL_1P_NA,31.927,36777773,409,STILL,NA,1,P01,LAB01,2,0,0,0,0,0
20260910_101021,STILL_1P_NA,32.015,36866323,410,STILL,NA,1,P01,LAB01,0,1,-875,1065,0,360
20260910_101021,STILL_1P_NA,32.015,36866323,410,STILL,NA,1,P01,LAB01,1,0,0,0,0,0
20260910_101021,STILL_1P_NA,32.015,36866323,410,STILL,NA,1,P01,LAB01,2,0,0,0,0,0
20260910_101021,STILL_1P_NA,32.105,36955676,411,STILL,NA,1,P01,LAB01,0,1,-874,1070,0,360
20260910_101021,STILL_1P_NA,32.105,36955676,411,STILL,NA,1,P01,LAB01,1,0,0,0,0,0
20260910_101021,STILL_1P_NA,32.105,36955676,411,STILL,NA,1,P01,LAB01,2,0,0,0,0,0
20260910_101021,STILL_1P_NA,32.194,37044655,412,STILL,NA,1,P01,LAB01,0,1,-874,1075,0,360
20260910_101021,STILL_1P_NA,32.194,37044655,412,STILL,NA,1,P01,LAB01,1,0,0,0,0,0
20260910_101021,STILL_1P_NA,32.194,37044655,412,STILL,NA,1,P01,LAB01,2,0,0,0,0,0
20260910_101021,STILL_1P_NA,32.283,37133731,413,STILL,NA,1,P01,LAB01,0,1,-879,1075,0,360
20260910_101021,STILL_1P_NA,32.283,37133731,413,STILL,NA,1,P01,LAB01,1,0,0,0,0,0
20260910_101021,STILL_1P_NA,32.283,37133731,413,STILL,NA,1,P01,LAB01,2,0,0,0,0,0
20260910_101021,STILL_1P_NA,32.372,37222528,414,STILL,NA,1,P01,LAB01,0,1,-886,1073,0,360
20260910_101021,STILL_1P_NA,32.372,37222528,414,STILL,NA,1,P01,LAB01,1,0,0,0,0,0
20260910_101021,STILL_1P_NA,32.372,37222528,414,STILL,NA,1,P01,LAB01,2,0,0,0,0,0
20260910_101021,STILL_1P_NA,32.462,37311700,415,STILL,NA,1,P01,LAB01,0,1,-892,1072,0,360
20260910_101021,STILL_1P_NA,32.462,37311700,415,STILL,NA,1,P01,LAB01,1,0,0,0,0,0
20260910_101021,STILL_1P_NA,32.462,37311700,415,STILL,NA,1,P01,LAB01,2,0,0,0,0,0
20260910_101021,STILL_1P_NA,32.550,37400368,416,STILL,NA,1,P01,LAB01,0,1,-893,1073,0,360
20260910_101021,STILL_1P_NA,32.550,37400368,416,STILL,NA,1,P01,LAB01,1,0,0,0,0,0
20260910_101021,STILL_1P_NA,32.550,37400368,416,STILL,NA,1,P01,LAB01,2,0,0,0,0,0
20260910_101021,STILL_1P_NA,32.639,37489726,417,STILL,NA,1,P01,LAB01,0,1,-891,1077,0,360
20260910_101021,STILL_1P_NA,32.639,37489726,417,STILL,NA,1,P01,LAB01,1,0,0,0,0,0
20260910_101021,STILL_1P_NA,32.639,37489726,417,STILL,NA,1,P01,LAB01,2,0,0,0,0,0
20260910_101021,STILL_1P_NA,32.728,37578334,418,STILL,NA,1,P01,LAB01,0,1,-886,1080,0,360
20260910_101021,STILL_1P_NA,32.728,37578334,418,STILL,NA,1,P01,LAB01,1,0,0,0,0,0
20260910_101021,STILL_1P_NA,32.728,37578334,418,STILL,NA,1,P01,LAB01,2,0,0,0,0,0
20260910_101021,STILL_1P_NA,32.817,37667693,419,STILL,NA,1,P01,LAB01,0,1,-880,1082,0,360
20260910_101021,STILL_1P_NA,32.817,37667693,419,STILL,NA,1,P01,LAB01,1,0,0,0,0,0
20260910_101021,STILL_1P_NA,32.817,37667693,419,STILL,NA,1,P01,LAB01,2,0,0,0,0,0
20260910_101021,STILL_1P_NA,32.906,37756337,420,STILL,NA,1,P01,LAB01,0,1,-871,1084,0,360
20260910_101021,STILL_1P_NA,32.906,37756337,420,STILL,NA,1,P01,LAB01,1,0,0,0,0,0
20260910_101021,STILL_1P_NA,32.906,37756337,420,STILL,NA,1,P01,LAB01,2,0,0,0,0,0
20260910_101021,STILL_1P_NA,32.994,37845149,421,STILL,NA,1,P01,LAB01,0,1,-868,1083,0,360
20260910_101021,STILL_1P_NA,32.994,37845149,421,STILL,NA,1,P01,LAB01,1,0,0,0,0,0
20260910_101021,STILL_1P_NA,32.994,37845149,421,STILL,NA,1,P01,LAB01,2,0,0,0,0,0
20260910_101021,STILL_1P_NA,33.084,37934581,422,STILL,NA,1,P01,LAB01,0,1,-869,1082,0,360
20260910_101021,STILL_1P_NA,33.084,37934581,422,STILL,NA,1,P01,LAB01,1,0,0,0,0,0
20260910_101021,STILL_1P_NA,33.084,37934581,422,STILL,NA,1,P01,LAB01,2,0,0,0,0,0
20260910_101021,STILL_1P_NA,33.173,38023431,423,STILL,NA,1,P01,LAB01,0,1,-870,1083,0,360
20260910_101021,STILL_1P_NA,33.173,38023431,423,STILL,NA,1,P01,LAB01,1,0,0,0,0,0
20260910_101021,STILL_1P_NA,33.173,38023431,423,STILL,NA,1,P01,LAB01,2,0,0,0,0,0
20260910_101021,STILL_1P_NA,33.262,38112536,424,STILL,NA,1,P01,LAB01,0,1,-872,1080,0,360
20260910_101021,STILL_1P_NA,33.262,38112536,424,STILL,NA,1,P01,LAB01,1,0,0,0,0,0
20260910_101021,STILL_1P_NA,33.262,38112536,424,STILL,NA,1,P01,LAB01,2,0,0,0,0,0
20260910_101021,STILL_1P_NA,33.351,38201676,425,STILL,NA,1,P01,LAB01,0,1,-871,1079,0,360
20260910_101021,STILL_1P_NA,33.351,38201676,425,STILL,NA,1,P01,LAB01,1,0,0,0,0,0
20260910_101021,STILL_1P_NA,33.351,38201676,425,STILL,NA,1,P01,LAB01,2,0,0,0,0,0
20260910_101021,STILL_1P_NA,33.440,38290500,426,STILL,NA,1,P01,LAB01,0,1,-871,1078,0,360
20260910_101021,STILL_1P_NA,33.440,38290500,426,STILL,NA,1,P01,LAB01,1,0,0,0,0,0
20260910_101021,STILL_1P_NA,33.440,38290500,426,STILL,NA,1,P01,LAB01,2,0,0,0,0,0
20260910_101021,STILL_1P_NA,33.529,38379644,427,STILL,NA,1,P01,LAB01,0,1,-870,1077,0,360
20260910_101021,STILL_1P_NA,33.529,38379644,427,STILL,NA,1,P01,LAB01,1,0,0,0,0,0
20260910_101021,STILL_1P_NA,33.529,38379644,427,STILL,NA,1,P01,LAB01,2,0,0,0,0,0
20260910_101021,STILL_1P_NA,33.618,38468500,428,STILL,NA,1,P01,LAB01,0,1,-870,1078,-8,360
20260910_101021,STILL_1P_NA,33.618,38468500,428,STILL,NA,1,P01,LAB01,1,0,0,0,0,0
20260910_101021,STILL_1P_NA,33.618,38468500,428,STILL,NA,1,P01,LAB01,2,0,0,0,0,0
20260910_101021,STILL_1P_NA,33.707,38557451,429,STILL,NA,1,P01,LAB01,0,1,-869,1079,0,360
20260910_101021,STILL_1P_NA,33.707,38557451,429,STILL,NA,1,P01,LAB01,1,0,0,0,0,0
20260910_101021,STILL_1P_NA,33.707,38557451,429,STILL,NA,1,P01,LAB01,2,0,0,0,0,0
20260910_101021,STILL_1P_NA,33.796,38646493,430,STILL,NA,1,P01,LAB01,0,1,-866,1080,8,360
20260910_101021,STILL_1P_NA,33.796,38646493,430,STILL,NA,1,P01,LAB01,1,0,0,0,0,0
20260910_101021,STILL_1P_NA,33.796,38646493,430,STILL,NA,1,P01,LAB01,2,0,0,0,0,0
20260910_101021,STILL_1P_NA,33.885,38735479,431,STILL,NA,1,P01,LAB01,0,1,-860,1082,0,360
20260910_101021,STILL_1P_NA,33.885,38735479,431,STILL,NA,1,P01,LAB01,1,0,0,0,0,0
20260910_101021,STILL_1P_NA,33.885,38735479,431,STILL,NA,1,P01,LAB01,2,0,0,0,0,0
20260910_101021,STILL_1P_NA,33.973,38824281,432,STILL,NA,1,P01,LAB01,0,1,-857,1083,0,360
20260910_101021,STILL_1P_NA,33.973,38824281,432,STILL,NA,1,P01,LAB01,1,0,0,0,0,0
20260910_101021,STILL_1P_NA,33.973,38824281,432,STILL,NA,1,P01,LAB01,2,0,0,0,0,0
20260910_101021,STILL_1P_NA,34.063,38913572,433,STILL,NA,1,P01,LAB01,0,1,-857,1083,-8,360
20260910_101021,STILL_1P_NA,34.063,38913572,433,STILL,NA,1,P01,LAB01,1,0,0,0,0,0
20260910_101021,STILL_1P_NA,34.063,38913572,433,STILL,NA,1,P01,LAB01,2,0,0,0,0,0
20260910_101021,STILL_1P_NA,34.151,39002140,434,STILL,NA,1,P01,LAB01,0,1,-857,1083,-8,360
20260910_101021,STILL_1P_NA,34.151,39002140,434,STILL,NA,1,P01,LAB01,1,0,0,0,0,0
20260910_101021,STILL_1P_NA,34.151,39002140,434,STILL,NA,1,P01,LAB01,2,0,0,0,0,0
20260910_101021,STILL_1P_NA,34.241,39091599,435,STILL,NA,1,P01,LAB01,0,1,-858,1083,0,360
20260910_101021,STILL_1P_NA,34.241,39091599,435,STILL,NA,1,P01,LAB01,1,0,0,0,0,0
20260910_101021,STILL_1P_NA,34.241,39091599,435,STILL,NA,1,P01,LAB01,2,0,0,0,0,0
20260910_101021,STILL_1P_NA,34.329,39180298,436,STILL,NA,1,P01,LAB01,0,1,-858,1084,0,360
20260910_101021,STILL_1P_NA,34.329,39180298,436,STILL,NA,1,P01,LAB01,1,0,0,0,0,0
20260910_101021,STILL_1P_NA,34.329,39180298,436,STILL,NA,1,P01,LAB01,2,0,0,0,0,0
20260910_101021,STILL_1P_NA,34.418,39269216,437,STILL,NA,1,P01,LAB01,0,1,-858,1085,-8,360
20260910_101021,STILL_1P_NA,34.418,39269216,437,STILL,NA,1,P01,LAB01,1,0,0,0,0,0
20260910_101021,STILL_1P_NA,34.418,39269216,437,STILL,NA,1,P01,LAB01,2,0,0,0,0,0
20260910_101021,STILL_1P_NA,34.507,39358158,438,STILL,NA,1,P01,LAB01,0,1,-858,1086,0,360
20260910_101021,STILL_1P_NA,34.507,39358158,438,STILL,NA,1,P01,LAB01,1,0,0,0,0,0
20260910_101021,STILL_1P_NA,34.507,39358158,438,STILL,NA,1,P01,LAB01,2,0,0,0,0,0
20260910_101021,STILL_1P_NA,34.597,39447560,439,STILL,NA,1,P01,LAB01,0,1,-859,1086,0,360
20260910_101021,STILL_1P_NA,34.597,39447560,439,STILL,NA,1,P01,LAB01,1,0,0,0,0,0
20260910_101021,STILL_1P_NA,34.597,39447560,439,STILL,NA,1,P01,LAB01,2,0,0,0,0,0
20260910_101021,STILL_1P_NA,34.685,39536099,440,STILL,NA,1,P01,LAB01,0,1,-859,1088,0,360
20260910_101021,STILL_1P_NA,34.685,39536099,440,STILL,NA,1,P01,LAB01,1,0,0,0,0,0
20260910_101021,STILL_1P_NA,34.685,39536099,440,STILL,NA,1,P01,LAB01,2,0,0,0,0,0
20260910_101021,STILL_1P_NA,34.775,39625308,441,STILL,NA,1,P01,LAB01,0,1,-858,1092,0,360
20260910_101021,STILL_1P_NA,34.775,39625308,441,STILL,NA,1,P01,LAB01,1,0,0,0,0,0
20260910_101021,STILL_1P_NA,34.775,39625308,441,STILL,NA,1,P01,LAB01,2,0,0,0,0,0
20260910_101021,STILL_1P_NA,34.864,39714500,442,STILL,NA,1,P01,LAB01,0,1,-858,1092,0,360
20260910_101021,STILL_1P_NA,34.864,39714500,442,STILL,NA,1,P01,LAB01,1,0,0,0,0,0
20260910_101021,STILL_1P_NA,34.864,39714500,442,STILL,NA,1,P01,LAB01,2,0,0,0,0,0
20260910_101021,STILL_1P_NA,34.953,39803297,443,STILL,NA,1,P01,LAB01,0,1,-858,1092,0,360
20260910_101021,STILL_1P_NA,34.953,39803297,443,STILL,NA,1,P01,LAB01,1,0,0,0,0,0
20260910_101021,STILL_1P_NA,34.953,39803297,443,STILL,NA,1,P01,LAB01,2,0,0,0,0,0
20260910_101021,STILL_1P_NA,35.042,39892181,444,STILL,NA,1,P01,LAB01,0,1,-859,1092,0,360
20260910_101021,STILL_1P_NA,35.042,39892181,444,STILL,NA,1,P01,LAB01,1,0,0,0,0,0
20260910_101021,STILL_1P_NA,35.042,39892181,444,STILL,NA,1,P01,LAB01,2,0,0,0,0,0
20260910_101021,STILL_1P_NA,35.130,39981196,445,STILL,NA,1,P01,LAB01,0,1,-860,1090,0,360
20260910_101021,STILL_1P_NA,35.130,39981196,445,STILL,NA,1,P01,LAB01,1,0,0,0,0,0
20260910_101021,STILL_1P_NA,35.130,39981196,445,STILL,NA,1,P01,LAB01,2,0,0,0,0,0
20260910_101021,STILL_1P_NA,35.220,40070343,446,STILL,NA,1,P01,LAB01,0,1,-861,1091,0,360
20260910_101021,STILL_1P_NA,35.220,40070343,446,STILL,NA,1,P01,LAB01,1,0,0,0,0,0
20260910_101021,STILL_1P_NA,35.220,40070343,446,STILL,NA,1,P01,LAB01,2,0,0,0,0,0
20260910_101021,STILL_1P_NA,35.308,40159158,447,STILL,NA,1,P01,LAB01,0,1,-862,1091,0,360
20260910_101021,STILL_1P_NA,35.308,40159158,447,STILL,NA,1,P01,LAB01,1,0,0,0,0,0
20260910_101021,STILL_1P_NA,35.308,40159158,447,STILL,NA,1,P01,LAB01,2,0,0,0,0,0
20260910_101021,STILL_1P_NA,35.398,40248458,448,STILL,NA,1,P01,LAB01,0,1,-863,1091,0,360
20260910_101021,STILL_1P_NA,35.398,40248458,448,STILL,NA,1,P01,LAB01,1,0,0,0,0,0
20260910_101021,STILL_1P_NA,35.398,40248458,448,STILL,NA,1,P01,LAB01,2,0,0,0,0,0
20260910_101021,STILL_1P_NA,35.487,40337346,449,STILL,NA,1,P01,LAB01,0,1,-865,1091,0,360
20260910_101021,STILL_1P_NA,35.487,40337346,449,STILL,NA,1,P01,LAB01,1,0,0,0,0,0
20260910_101021,STILL_1P_NA,35.487,40337346,449,STILL,NA,1,P01,LAB01,2,0,0,0,0,0
20260910_101021,STILL_1P_NA,35.576,40426362,450,STILL,NA,1,P01,LAB01,0,1,-866,1091,0,360
20260910_101021,STILL_1P_NA,35.576,40426362,450,STILL,NA,1,P01,LAB01,1,0,0,0,0,0
20260910_101021,STILL_1P_NA,35.576,40426362,450,STILL,NA,1,P01,LAB01,2,0,0,0,0,0
20260910_101021,STILL_1P_NA,35.664,40515001,451,STILL,NA,1,P01,LAB01,0,1,-867,1092,0,360
20260910_101021,STILL_1P_NA,35.664,40515001,451,STILL,NA,1,P01,LAB01,1,0,0,0,0,0
20260910_101021,STILL_1P_NA,35.664,40515001,451,STILL,NA,1,P01,LAB01,2,0,0,0,0,0
20260910_101021,STILL_1P_NA,35.753,40604326,452,STILL,NA,1,P01,LAB01,0,1,-869,1092,0,360
20260910_101021,STILL_1P_NA,35.753,40604326,452,STILL,NA,1,P01,LAB01,1,0,0,0,0,0
20260910_101021,STILL_1P_NA,35.753,40604326,452,STILL,NA,1,P01,LAB01,2,0,0,0,0,0
20260910_101021,STILL_1P_NA,35.842,40693250,453,STILL,NA,1,P01,LAB01,0,1,-870,1092,0,360
20260910_101021,STILL_1P_NA,35.842,40693250,453,STILL,NA,1,P01,LAB01,1,0,0,0,0,0
20260910_101021,STILL_1P_NA,35.842,40693250,453,STILL,NA,1,P01,LAB01,2,0,0,0,0,0
20260910_101021,STILL_1P_NA,35.931,40782417,454,STILL,NA,1,P01,LAB01,0,1,-871,1092,8,360
20260910_101021,STILL_1P_NA,35.931,40782417,454,STILL,NA,1,P01,LAB01,1,0,0,0,0,0
20260910_101021,STILL_1P_NA,35.931,40782417,454,STILL,NA,1,P01,LAB01,2,0,0,0,0,0
20260910_101021,STILL_1P_NA,36.020,40871243,455,STILL,NA,1,P01,LAB01,0,1,-871,1092,8,360
20260910_101021,STILL_1P_NA,36.020,40871243,455,STILL,NA,1,P01,LAB01,1,0,0,0,0,0
20260910_101021,STILL_1P_NA,36.020,40871243,455,STILL,NA,1,P01,LAB01,2,0,0,0,0,0
20260910_101021,STILL_1P_NA,36.109,40960383,456,STILL,NA,1,P01,LAB01,0,1,-871,1090,0,360
20260910_101021,STILL_1P_NA,36.109,40960383,456,STILL,NA,1,P01,LAB01,1,0,0,0,0,0
20260910_101021,STILL_1P_NA,36.109,40960383,456,STILL,NA,1,P01,LAB01,2,0,0,0,0,0
20260910_101021,STILL_1P_NA,36.198,41049308,457,STILL,NA,1,P01,LAB01,0,1,-872,1087,0,360
20260910_101021,STILL_1P_NA,36.198,41049308,457,STILL,NA,1,P01,LAB01,1,0,0,0,0,0
20260910_101021,STILL_1P_NA,36.198,41049308,457,STILL,NA,1,P01,LAB01,2,0,0,0,0,0
20260910_101021,STILL_1P_NA,36.287,41138286,458,STILL,NA,1,P01,LAB01,0,1,-874,1086,0,360
20260910_101021,STILL_1P_NA,36.287,41138286,458,STILL,NA,1,P01,LAB01,1,0,0,0,0,0
20260910_101021,STILL_1P_NA,36.287,41138286,458,STILL,NA,1,P01,LAB01,2,0,0,0,0,0
20260910_101021,STILL_1P_NA,36.377,41227266,459,STILL,NA,1,P01,LAB01,0,1,-875,1085,0,360
20260910_101021,STILL_1P_NA,36.377,41227266,459,STILL,NA,1,P01,LAB01,1,0,0,0,0,0
20260910_101021,STILL_1P_NA,36.377,41227266,459,STILL,NA,1,P01,LAB01,2,0,0,0,0,0
20260910_101021,STILL_1P_NA,36.466,41316369,460,STILL,NA,1,P01,LAB01,0,1,-875,1083,0,360
20260910_101021,STILL_1P_NA,36.466,41316369,460,STILL,NA,1,P01,LAB01,1,0,0,0,0,0
20260910_101021,STILL_1P_NA,36.466,41316369,460,STILL,NA,1,P01,LAB01,2,0,0,0,0,0
20260910_101021,STILL_1P_NA,36.554,41405266,461,STILL,NA,1,P01,LAB01,0,1,-873,1083,-8,360
20260910_101021,STILL_1P_NA,36.554,41405266,461,STILL,NA,1,P01,LAB01,1,0,0,0,0,0
20260910_101021,STILL_1P_NA,36.554,41405266,461,STILL,NA,1,P01,LAB01,2,0,0,0,0,0
20260910_101021,STILL_1P_NA,36.643,41494176,462,STILL,NA,1,P01,LAB01,0,1,-872,1083,0,360
20260910_101021,STILL_1P_NA,36.643,41494176,462,STILL,NA,1,P01,LAB01,1,0,0,0,0,0
20260910_101021,STILL_1P_NA,36.643,41494176,462,STILL,NA,1,P01,LAB01,2,0,0,0,0,0
20260910_101021,STILL_1P_NA,36.732,41583158,463,STILL,NA,1,P01,LAB01,0,1,-872,1083,0,360
20260910_101021,STILL_1P_NA,36.732,41583158,463,STILL,NA,1,P01,LAB01,1,0,0,0,0,0
20260910_101021,STILL_1P_NA,36.732,41583158,463,STILL,NA,1,P01,LAB01,2,0,0,0,0,0
20260910_101021,STILL_1P_NA,36.821,41672243,464,STILL,NA,1,P01,LAB01,0,1,-873,1084,0,360
20260910_101021,STILL_1P_NA,36.821,41672243,464,STILL,NA,1,P01,LAB01,1,0,0,0,0,0
20260910_101021,STILL_1P_NA,36.821,41672243,464,STILL,NA,1,P01,LAB01,2,0,0,0,0,0
20260910_101021,STILL_1P_NA,36.910,41761126,465,STILL,NA,1,P01,LAB01,0,1,-875,1083,0,360
20260910_101021,STILL_1P_NA,36.910,41761126,465,STILL,NA,1,P01,LAB01,1,0,0,0,0,0
20260910_101021,STILL_1P_NA,36.910,41761126,465,STILL,NA,1,P01,LAB01,2,0,0,0,0,0
20260910_101021,STILL_1P_NA,37.000,41850140,466,STILL,NA,1,P01,LAB01,0,1,-878,1081,0,360
20260910_101021,STILL_1P_NA,37.000,41850140,466,STILL,NA,1,P01,LAB01,1,0,0,0,0,0
20260910_101021,STILL_1P_NA,37.000,41850140,466,STILL,NA,1,P01,LAB01,2,0,0,0,0,0
20260910_101021,STILL_1P_NA,37.089,41939181,467,STILL,NA,1,P01,LAB01,0,1,-881,1079,0,360
20260910_101021,STILL_1P_NA,37.089,41939181,467,STILL,NA,1,P01,LAB01,1,0,0,0,0,0
20260910_101021,STILL_1P_NA,37.089,41939181,467,STILL,NA,1,P01,LAB01,2,0,0,0,0,0
20260910_101021,STILL_1P_NA,37.177,42028169,468,STILL,NA,1,P01,LAB01,0,1,-883,1078,0,360
20260910_101021,STILL_1P_NA,37.177,42028169,468,STILL,NA,1,P01,LAB01,1,0,0,0,0,0
20260910_101021,STILL_1P_NA,37.177,42028169,468,STILL,NA,1,P01,LAB01,2,0,0,0,0,0
20260910_101021,STILL_1P_NA,37.266,42117048,469,STILL,NA,1,P01,LAB01,0,1,-884,1077,0,360
20260910_101021,STILL_1P_NA,37.266,42117048,469,STILL,NA,1,P01,LAB01,1,0,0,0,0,0
20260910_101021,STILL_1P_NA,37.266,42117048,469,STILL,NA,1,P01,LAB01,2,0,0,0,0,0
20260910_101021,STILL_1P_NA,37.355,42205830,470,STILL,NA,1,P01,LAB01,0,1,-886,1076,0,360
20260910_101021,STILL_1P_NA,37.355,42205830,470,STILL,NA,1,P01,LAB01,1,0,0,0,0,0
20260910_101021,STILL_1P_NA,37.355,42205830,470,STILL,NA,1,P01,LAB01,2,0,0,0,0,0
20260910_101021,STILL_1P_NA,37.444,42295140,471,STILL,NA,1,P01,LAB01,0,1,-885,1076,0,360
20260910_101021,STILL_1P_NA,37.444,42295140,471,STILL,NA,1,P01,LAB01,1,0,0,0,0,0
20260910_101021,STILL_1P_NA,37.444,42295140,471,STILL,NA,1,P01,LAB01,2,0,0,0,0,0
20260910_101021,STILL_1P_NA,37.533,42384093,472,STILL,NA,1,P01,LAB01,0,1,-884,1077,0,360
20260910_101021,STILL_1P_NA,37.533,42384093,472,STILL,NA,1,P01,LAB01,1,0,0,0,0,0
20260910_101021,STILL_1P_NA,37.533,42384093,472,STILL,NA,1,P01,LAB01,2,0,0,0,0,0
20260910_101021,STILL_1P_NA,37.622,42473046,473,STILL,NA,1,P01,LAB01,0,1,-883,1079,0,360
20260910_101021,STILL_1P_NA,37.622,42473046,473,STILL,NA,1,P01,LAB01,1,0,0,0,0,0
20260910_101021,STILL_1P_NA,37.622,42473046,473,STILL,NA,1,P01,LAB01,2,0,0,0,0,0
20260910_101021,STILL_1P_NA,37.711,42562118,474,STILL,NA,1,P01,LAB01,0,1,-881,1080,0,360
20260910_101021,STILL_1P_NA,37.711,42562118,474,STILL,NA,1,P01,LAB01,1,0,0,0,0,0
20260910_101021,STILL_1P_NA,37.711,42562118,474,STILL,NA,1,P01,LAB01,2,0,0,0,0,0
20260910_101021,STILL_1P_NA,37.800,42650989,475,STILL,NA,1,P01,LAB01,0,1,-879,1080,0,360
20260910_101021,STILL_1P_NA,37.800,42650989,475,STILL,NA,1,P01,LAB01,1,0,0,0,0,0
20260910_101021,STILL_1P_NA,37.800,42650989,475,STILL,NA,1,P01,LAB01,2,0,0,0,0,0
20260910_101021,STILL_1P_NA,37.890,42740216,476,STILL,NA,1,P01,LAB01,0,1,-876,1080,0,360
20260910_101021,STILL_1P_NA,37.890,42740216,476,STILL,NA,1,P01,LAB01,1,0,0,0,0,0
20260910_101021,STILL_1P_NA,37.890,42740216,476,STILL,NA,1,P01,LAB01,2,0,0,0,0,0
20260910_101021,STILL_1P_NA,37.978,42829016,477,STILL,NA,1,P01,LAB01,0,1,-873,1078,0,360
20260910_101021,STILL_1P_NA,37.978,42829016,477,STILL,NA,1,P01,LAB01,1,0,0,0,0,0
20260910_101021,STILL_1P_NA,37.978,42829016,477,STILL,NA,1,P01,LAB01,2,0,0,0,0,0
20260910_101021,STILL_1P_NA,38.067,42917906,478,STILL,NA,1,P01,LAB01,0,1,-871,1078,8,360
20260910_101021,STILL_1P_NA,38.067,42917906,478,STILL,NA,1,P01,LAB01,1,0,0,0,0,0
20260910_101021,STILL_1P_NA,38.067,42917906,478,STILL,NA,1,P01,LAB01,2,0,0,0,0,0
20260910_101021,STILL_1P_NA,38.156,43007009,479,STILL,NA,1,P01,LAB01,0,1,-869,1078,0,360
20260910_101021,STILL_1P_NA,38.156,43007009,479,STILL,NA,1,P01,LAB01,1,0,0,0,0,0
20260910_101021,STILL_1P_NA,38.156,43007009,479,STILL,NA,1,P01,LAB01,2,0,0,0,0,0
20260910_101021,STILL_1P_NA,38.245,43095932,480,STILL,NA,1,P01,LAB01,0,1,-867,1080,0,360
20260910_101021,STILL_1P_NA,38.245,43095932,480,STILL,NA,1,P01,LAB01,1,0,0,0,0,0
20260910_101021,STILL_1P_NA,38.245,43095932,480,STILL,NA,1,P01,LAB01,2,0,0,0,0,0
20260910_101021,STILL_1P_NA,38.334,43185009,481,STILL,NA,1,P01,LAB01,0,1,-866,1085,0,360
20260910_101021,STILL_1P_NA,38.334,43185009,481,STILL,NA,1,P01,LAB01,1,0,0,0,0,0
20260910_101021,STILL_1P_NA,38.334,43185009,481,STILL,NA,1,P01,LAB01,2,0,0,0,0,0
20260910_101021,STILL_1P_NA,38.423,43273990,482,STILL,NA,1,P01,LAB01,0,1,-866,1089,0,360
20260910_101021,STILL_1P_NA,38.423,43273990,482,STILL,NA,1,P01,LAB01,1,0,0,0,0,0
20260910_101021,STILL_1P_NA,38.423,43273990,482,STILL,NA,1,P01,LAB01,2,0,0,0,0,0
20260910_101021,STILL_1P_NA,38.512,43362753,483,STILL,NA,1,P01,LAB01,0,1,-865,1091,0,360
20260910_101021,STILL_1P_NA,38.512,43362753,483,STILL,NA,1,P01,LAB01,1,0,0,0,0,0
20260910_101021,STILL_1P_NA,38.512,43362753,483,STILL,NA,1,P01,LAB01,2,0,0,0,0,0
20260910_101021,STILL_1P_NA,38.601,43452037,484,STILL,NA,1,P01,LAB01,0,1,-865,1091,0,360
20260910_101021,STILL_1P_NA,38.601,43452037,484,STILL,NA,1,P01,LAB01,1,0,0,0,0,0
20260910_101021,STILL_1P_NA,38.601,43452037,484,STILL,NA,1,P01,LAB01,2,0,0,0,0,0
20260910_101021,STILL_1P_NA,38.690,43540809,485,STILL,NA,1,P01,LAB01,0,1,-865,1089,0,360
20260910_101021,STILL_1P_NA,38.690,43540809,485,STILL,NA,1,P01,LAB01,1,0,0,0,0,0
20260910_101021,STILL_1P_NA,38.690,43540809,485,STILL,NA,1,P01,LAB01,2,0,0,0,0,0
20260910_101021,STILL_1P_NA,38.780,43630037,486,STILL,NA,1,P01,LAB01,0,1,-866,1086,0,360
20260910_101021,STILL_1P_NA,38.780,43630037,486,STILL,NA,1,P01,LAB01,1,0,0,0,0,0
20260910_101021,STILL_1P_NA,38.780,43630037,486,STILL,NA,1,P01,LAB01,2,0,0,0,0,0
20260910_101021,STILL_1P_NA,38.868,43718586,487,STILL,NA,1,P01,LAB01,0,1,-866,1082,0,360
20260910_101021,STILL_1P_NA,38.868,43718586,487,STILL,NA,1,P01,LAB01,1,0,0,0,0,0
20260910_101021,STILL_1P_NA,38.868,43718586,487,STILL,NA,1,P01,LAB01,2,0,0,0,0,0
20260910_101021,STILL_1P_NA,38.958,43808065,488,STILL,NA,1,P01,LAB01,0,1,-867,1079,0,360
20260910_101021,STILL_1P_NA,38.958,43808065,488,STILL,NA,1,P01,LAB01,1,0,0,0,0,0
20260910_101021,STILL_1P_NA,38.958,43808065,488,STILL,NA,1,P01,LAB01,2,0,0,0,0,0
20260910_101021,STILL_1P_NA,39.046,43896741,489,STILL,NA,1,P01,LAB01,0,1,-869,1077,0,360
20260910_101021,STILL_1P_NA,39.046,43896741,489,STILL,NA,1,P01,LAB01,1,0,0,0,0,0
20260910_101021,STILL_1P_NA,39.046,43896741,489,STILL,NA,1,P01,LAB01,2,0,0,0,0,0
20260910_101021,STILL_1P_NA,39.135,43985753,490,STILL,NA,1,P01,LAB01,0,1,-870,1075,0,360
20260910_101021,STILL_1P_NA,39.135,43985753,490,STILL,NA,1,P01,LAB01,1,0,0,0,0,0
20260910_101021,STILL_1P_NA,39.135,43985753,490,STILL,NA,1,P01,LAB01,2,0,0,0,0,0
20260910_101021,STILL_1P_NA,39.224,44074643,491,STILL,NA,1,P01,LAB01,0,1,-869,1076,0,360
20260910_101021,STILL_1P_NA,39.224,44074643,491,STILL,NA,1,P01,LAB01,1,0,0,0,0,0
20260910_101021,STILL_1P_NA,39.224,44074643,491,STILL,NA,1,P01,LAB01,2,0,0,0,0,0
20260910_101021,STILL_1P_NA,39.313,44163841,492,STILL,NA,1,P01,LAB01,0,1,-868,1077,0,360
20260910_101021,STILL_1P_NA,39.313,44163841,492,STILL,NA,1,P01,LAB01,1,0,0,0,0,0
20260910_101021,STILL_1P_NA,39.313,44163841,492,STILL,NA,1,P01,LAB01,2,0,0,0,0,0
20260910_101021,STILL_1P_NA,39.402,44252857,493,STILL,NA,1,P01,LAB01,0,1,-864,1078,0,360
20260910_101021,STILL_1P_NA,39.402,44252857,493,STILL,NA,1,P01,LAB01,1,0,0,0,0,0
20260910_101021,STILL_1P_NA,39.402,44252857,493,STILL,NA,1,P01,LAB01,2,0,0,0,0,0
20260910_101021,STILL_1P_NA,39.492,44341747,494,STILL,NA,1,P01,LAB01,0,1,-863,1078,0,360
20260910_101021,STILL_1P_NA,39.492,44341747,494,STILL,NA,1,P01,LAB01,1,0,0,0,0,0
20260910_101021,STILL_1P_NA,39.492,44341747,494,STILL,NA,1,P01,LAB01,2,0,0,0,0,0
20260910_101021,STILL_1P_NA,39.580,44430700,495,STILL,NA,1,P01,LAB01,0,1,-862,1077,0,360
20260910_101021,STILL_1P_NA,39.580,44430700,495,STILL,NA,1,P01,LAB01,1,0,0,0,0,0
20260910_101021,STILL_1P_NA,39.580,44430700,495,STILL,NA,1,P01,LAB01,2,0,0,0,0,0
20260910_101021,STILL_1P_NA,39.669,44519361,496,STILL,NA,1,P01,LAB01,0,1,-861,1079,0,360
20260910_101021,STILL_1P_NA,39.669,44519361,496,STILL,NA,1,P01,LAB01,1,0,0,0,0,0
20260910_101021,STILL_1P_NA,39.669,44519361,496,STILL,NA,1,P01,LAB01,2,0,0,0,0,0
20260910_101021,STILL_1P_NA,39.758,44608813,497,STILL,NA,1,P01,LAB01,0,1,-861,1076,0,360
20260910_101021,STILL_1P_NA,39.758,44608813,497,STILL,NA,1,P01,LAB01,1,0,0,0,0,0
20260910_101021,STILL_1P_NA,39.758,44608813,497,STILL,NA,1,P01,LAB01,2,0,0,0,0,0
20260910_101021,STILL_1P_NA,39.847,44697703,498,STILL,NA,1,P01,LAB01,0,1,-865,1076,0,360
20260910_101021,STILL_1P_NA,39.847,44697703,498,STILL,NA,1,P01,LAB01,1,0,0,0,0,0
20260910_101021,STILL_1P_NA,39.847,44697703,498,STILL,NA,1,P01,LAB01,2,0,0,0,0,0
20260910_101021,STILL_1P_NA,39.936,44786753,499,STILL,NA,1,P01,LAB01,0,1,-867,1075,0,360
20260910_101021,STILL_1P_NA,39.936,44786753,499,STILL,NA,1,P01,LAB01,1,0,0,0,0,0
20260910_101021,STILL_1P_NA,39.936,44786753,499,STILL,NA,1,P01,LAB01,2,0,0,0,0,0
20260910_101021,STILL_1P_NA,40.025,44875731,500,STILL,NA,1,P01,LAB01,0,1,-867,1075,0,360
20260910_101021,STILL_1P_NA,40.025,44875731,500,STILL,NA,1,P01,LAB01,1,0,0,0,0,0
20260910_101021,STILL_1P_NA,40.025,44875731,500,STILL,NA,1,P01,LAB01,2,0,0,0,0,0
20260910_101021,STILL_1P_NA,40.114,44964841,501,STILL,NA,1,P01,LAB01,0,1,-868,1075,-8,360
20260910_101021,STILL_1P_NA,40.114,44964841,501,STILL,NA,1,P01,LAB01,1,0,0,0,0,0
20260910_101021,STILL_1P_NA,40.114,44964841,501,STILL,NA,1,P01,LAB01,2,0,0,0,0,0
20260910_101021,STILL_1P_NA,40.203,45053886,502,STILL,NA,1,P01,LAB01,0,1,-868,1075,8,360
20260910_101021,STILL_1P_NA,40.203,45053886,502,STILL,NA,1,P01,LAB01,1,0,0,0,0,0
20260910_101021,STILL_1P_NA,40.203,45053886,502,STILL,NA,1,P01,LAB01,2,0,0,0,0,0
20260910_101021,STILL_1P_NA,40.292,45142710,503,STILL,NA,1,P01,LAB01,0,1,-868,1075,-8,360
20260910_101021,STILL_1P_NA,40.292,45142710,503,STILL,NA,1,P01,LAB01,1,0,0,0,0,0
20260910_101021,STILL_1P_NA,40.292,45142710,503,STILL,NA,1,P01,LAB01,2,0,0,0,0,0
20260910_101021,STILL_1P_NA,40.381,45231637,504,STILL,NA,1,P01,LAB01,0,1,-868,1075,0,360
20260910_101021,STILL_1P_NA,40.381,45231637,504,STILL,NA,1,P01,LAB01,1,0,0,0,0,0
20260910_101021,STILL_1P_NA,40.381,45231637,504,STILL,NA,1,P01,LAB01,2,0,0,0,0,0
20260910_101021,STILL_1P_NA,40.470,45320554,505,STILL,NA,1,P01,LAB01,0,1,-868,1075,0,360
20260910_101021,STILL_1P_NA,40.470,45320554,505,STILL,NA,1,P01,LAB01,1,0,0,0,0,0
20260910_101021,STILL_1P_NA,40.470,45320554,505,STILL,NA,1,P01,LAB01,2,0,0,0,0,0
20260910_101021,STILL_1P_NA,40.559,45409785,506,STILL,NA,1,P01,LAB01,0,1,-868,1075,0,360
20260910_101021,STILL_1P_NA,40.559,45409785,506,STILL,NA,1,P01,LAB01,1,0,0,0,0,0
20260910_101021,STILL_1P_NA,40.559,45409785,506,STILL,NA,1,P01,LAB01,2,0,0,0,0,0
20260910_101021,STILL_1P_NA,40.648,45498862,507,STILL,NA,1,P01,LAB01,0,1,-871,1073,0,360
20260910_101021,STILL_1P_NA,40.648,45498862,507,STILL,NA,1,P01,LAB01,1,0,0,0,0,0
20260910_101021,STILL_1P_NA,40.648,45498862,507,STILL,NA,1,P01,LAB01,2,0,0,0,0,0
20260910_101021,STILL_1P_NA,40.737,45587814,508,STILL,NA,1,P01,LAB01,0,1,-873,1069,0,360
20260910_101021,STILL_1P_NA,40.737,45587814,508,STILL,NA,1,P01,LAB01,1,0,0,0,0,0
20260910_101021,STILL_1P_NA,40.737,45587814,508,STILL,NA,1,P01,LAB01,2,0,0,0,0,0
20260910_101021,STILL_1P_NA,40.826,45676889,509,STILL,NA,1,P01,LAB01,0,1,-873,1068,0,360
20260910_101021,STILL_1P_NA,40.826,45676889,509,STILL,NA,1,P01,LAB01,1,0,0,0,0,0
20260910_101021,STILL_1P_NA,40.826,45676889,509,STILL,NA,1,P01,LAB01,2,0,0,0,0,0
20260910_101021,STILL_1P_NA,40.915,45765995,510,STILL,NA,1,P01,LAB01,0,1,-871,1068,0,360
20260910_101021,STILL_1P_NA,40.915,45765995,510,STILL,NA,1,P01,LAB01,1,0,0,0,0,0
20260910_101021,STILL_1P_NA,40.915,45765995,510,STILL,NA,1,P01,LAB01,2,0,0,0,0,0
20260910_101021,STILL_1P_NA,41.004,45854850,511,STILL,NA,1,P01,LAB01,0,1,-871,1067,0,360
20260910_101021,STILL_1P_NA,41.004,45854850,511,STILL,NA,1,P01,LAB01,1,0,0,0,0,0
20260910_101021,STILL_1P_NA,41.004,45854850,511,STILL,NA,1,P01,LAB01,2,0,0,0,0,0
20260910_101021,STILL_1P_NA,41.093,45943741,512,STILL,NA,1,P01,LAB01,0,1,-870,1068,0,360
20260910_101021,STILL_1P_NA,41.093,45943741,512,STILL,NA,1,P01,LAB01,1,0,0,0,0,0
20260910_101021,STILL_1P_NA,41.093,45943741,512,STILL,NA,1,P01,LAB01,2,0,0,0,0,0
20260910_101021,STILL_1P_NA,41.182,46032627,513,STILL,NA,1,P01,LAB01,0,1,-869,1064,-8,360
20260910_101021,STILL_1P_NA,41.182,46032627,513,STILL,NA,1,P01,LAB01,1,0,0,0,0,0
20260910_101021,STILL_1P_NA,41.182,46032627,513,STILL,NA,1,P01,LAB01,2,0,0,0,0,0
20260910_101021,STILL_1P_NA,41.271,46121514,514,STILL,NA,1,P01,LAB01,0,1,-867,1062,0,360
20260910_101021,STILL_1P_NA,41.271,46121514,514,STILL,NA,1,P01,LAB01,1,0,0,0,0,0
20260910_101021,STILL_1P_NA,41.271,46121514,514,STILL,NA,1,P01,LAB01,2,0,0,0,0,0
20260910_101021,STILL_1P_NA,41.360,46210719,515,STILL,NA,1,P01,LAB01,0,1,-866,1062,-8,360
20260910_101021,STILL_1P_NA,41.360,46210719,515,STILL,NA,1,P01,LAB01,1,0,0,0,0,0
20260910_101021,STILL_1P_NA,41.360,46210719,515,STILL,NA,1,P01,LAB01,2,0,0,0,0,0
20260910_101021,STILL_1P_NA,41.449,46299767,516,STILL,NA,1,P01,LAB01,0,1,-868,1062,0,360
20260910_101021,STILL_1P_NA,41.449,46299767,516,STILL,NA,1,P01,LAB01,1,0,0,0,0,0
20260910_101021,STILL_1P_NA,41.449,46299767,516,STILL,NA,1,P01,LAB01,2,0,0,0,0,0
20260910_101021,STILL_1P_NA,41.538,46388746,517,STILL,NA,1,P01,LAB01,0,1,-871,1062,0,360
20260910_101021,STILL_1P_NA,41.538,46388746,517,STILL,NA,1,P01,LAB01,1,0,0,0,0,0
20260910_101021,STILL_1P_NA,41.538,46388746,517,STILL,NA,1,P01,LAB01,2,0,0,0,0,0
20260910_101021,STILL_1P_NA,41.627,46477545,518,STILL,NA,1,P01,LAB01,0,1,-874,1061,0,360
20260910_101021,STILL_1P_NA,41.627,46477545,518,STILL,NA,1,P01,LAB01,1,0,0,0,0,0
20260910_101021,STILL_1P_NA,41.627,46477545,518,STILL,NA,1,P01,LAB01,2,0,0,0,0,0
20260910_101021,STILL_1P_NA,41.716,46566773,519,STILL,NA,1,P01,LAB01,0,1,-877,1061,0,360
20260910_101021,STILL_1P_NA,41.716,46566773,519,STILL,NA,1,P01,LAB01,1,0,0,0,0,0
20260910_101021,STILL_1P_NA,41.716,46566773,519,STILL,NA,1,P01,LAB01,2,0,0,0,0,0
20260910_101021,STILL_1P_NA,41.805,46655567,520,STILL,NA,1,P01,LAB01,0,1,-877,1062,0,360
20260910_101021,STILL_1P_NA,41.805,46655567,520,STILL,NA,1,P01,LAB01,1,0,0,0,0,0
20260910_101021,STILL_1P_NA,41.805,46655567,520,STILL,NA,1,P01,LAB01,2,0,0,0,0,0
20260910_101021,STILL_1P_NA,41.894,46744617,521,STILL,NA,1,P01,LAB01,0,1,-876,1062,0,360
20260910_101021,STILL_1P_NA,41.894,46744617,521,STILL,NA,1,P01,LAB01,1,0,0,0,0,0
20260910_101021,STILL_1P_NA,41.894,46744617,521,STILL,NA,1,P01,LAB01,2,0,0,0,0,0
20260910_101021,STILL_1P_NA,41.983,46833786,522,STILL,NA,1,P01,LAB01,0,1,-875,1063,0,360
20260910_101021,STILL_1P_NA,41.983,46833786,522,STILL,NA,1,P01,LAB01,1,0,0,0,0,0
20260910_101021,STILL_1P_NA,41.983,46833786,522,STILL,NA,1,P01,LAB01,2,0,0,0,0,0
20260910_101021,STILL_1P_NA,42.072,46922731,523,STILL,NA,1,P01,LAB01,0,1,-876,1062,0,360
20260910_101021,STILL_1P_NA,42.072,46922731,523,STILL,NA,1,P01,LAB01,1,0,0,0,0,0
20260910_101021,STILL_1P_NA,42.072,46922731,523,STILL,NA,1,P01,LAB01,2,0,0,0,0,0
20260910_101021,STILL_1P_NA,42.161,47011596,524,STILL,NA,1,P01,LAB01,0,1,-876,1060,-8,360
20260910_101021,STILL_1P_NA,42.161,47011596,524,STILL,NA,1,P01,LAB01,1,0,0,0,0,0
20260910_101021,STILL_1P_NA,42.161,47011596,524,STILL,NA,1,P01,LAB01,2,0,0,0,0,0
20260910_101021,STILL_1P_NA,42.250,47100700,525,STILL,NA,1,P01,LAB01,0,1,-876,1059,0,360
20260910_101021,STILL_1P_NA,42.250,47100700,525,STILL,NA,1,P01,LAB01,1,0,0,0,0,0
20260910_101021,STILL_1P_NA,42.250,47100700,525,STILL,NA,1,P01,LAB01,2,0,0,0,0,0
20260910_101021,STILL_1P_NA,42.339,47189773,526,STILL,NA,1,P01,LAB01,0,1,-877,1059,0,360
20260910_101021,STILL_1P_NA,42.339,47189773,526,STILL,NA,1,P01,LAB01,1,0,0,0,0,0
20260910_101021,STILL_1P_NA,42.339,47189773,526,STILL,NA,1,P01,LAB01,2,0,0,0,0,0
20260910_101021,STILL_1P_NA,42.428,47279155,527,STILL,NA,1,P01,LAB01,0,1,-876,1059,0,360
20260910_101021,STILL_1P_NA,42.428,47279155,527,STILL,NA,1,P01,LAB01,1,0,0,0,0,0
20260910_101021,STILL_1P_NA,42.428,47279155,527,STILL,NA,1,P01,LAB01,2,0,0,0,0,0
20260910_101021,STILL_1P_NA,42.517,47367649,528,STILL,NA,1,P01,LAB01,0,1,-877,1060,0,360
20260910_101021,STILL_1P_NA,42.517,47367649,528,STILL,NA,1,P01,LAB01,1,0,0,0,0,0
20260910_101021,STILL_1P_NA,42.517,47367649,528,STILL,NA,1,P01,LAB01,2,0,0,0,0,0
20260910_101021,STILL_1P_NA,42.605,47456536,529,STILL,NA,1,P01,LAB01,0,1,-877,1061,0,360
20260910_101021,STILL_1P_NA,42.605,47456536,529,STILL,NA,1,P01,LAB01,1,0,0,0,0,0
20260910_101021,STILL_1P_NA,42.605,47456536,529,STILL,NA,1,P01,LAB01,2,0,0,0,0,0
20260910_101021,STILL_1P_NA,42.695,47545513,530,STILL,NA,1,P01,LAB01,0,1,-878,1063,0,360
20260910_101021,STILL_1P_NA,42.695,47545513,530,STILL,NA,1,P01,LAB01,1,0,0,0,0,0
20260910_101021,STILL_1P_NA,42.695,47545513,530,STILL,NA,1,P01,LAB01,2,0,0,0,0,0
20260910_101021,STILL_1P_NA,42.783,47634654,531,STILL,NA,1,P01,LAB01,0,1,-879,1065,0,360
20260910_101021,STILL_1P_NA,42.783,47634654,531,STILL,NA,1,P01,LAB01,1,0,0,0,0,0
20260910_101021,STILL_1P_NA,42.783,47634654,531,STILL,NA,1,P01,LAB01,2,0,0,0,0,0
20260910_101021,STILL_1P_NA,42.873,47723644,532,STILL,NA,1,P01,LAB01,0,1,-880,1067,0,360
20260910_101021,STILL_1P_NA,42.873,47723644,532,STILL,NA,1,P01,LAB01,1,0,0,0,0,0
20260910_101021,STILL_1P_NA,42.873,47723644,532,STILL,NA,1,P01,LAB01,2,0,0,0,0,0
20260910_101021,STILL_1P_NA,42.962,47812586,533,STILL,NA,1,P01,LAB01,0,1,-879,1067,0,360
20260910_101021,STILL_1P_NA,42.962,47812586,533,STILL,NA,1,P01,LAB01,1,0,0,0,0,0
20260910_101021,STILL_1P_NA,42.962,47812586,533,STILL,NA,1,P01,LAB01,2,0,0,0,0,0
20260910_101021,STILL_1P_NA,43.051,47901383,534,STILL,NA,1,P01,LAB01,0,1,-878,1067,0,360
20260910_101021,STILL_1P_NA,43.051,47901383,534,STILL,NA,1,P01,LAB01,1,0,0,0,0,0
20260910_101021,STILL_1P_NA,43.051,47901383,534,STILL,NA,1,P01,LAB01,2,0,0,0,0,0
20260910_101021,STILL_1P_NA,43.140,47990617,535,STILL,NA,1,P01,LAB01,0,1,-876,1067,0,360
20260910_101021,STILL_1P_NA,43.140,47990617,535,STILL,NA,1,P01,LAB01,1,0,0,0,0,0
20260910_101021,STILL_1P_NA,43.140,47990617,535,STILL,NA,1,P01,LAB01,2,0,0,0,0,0
20260910_101021,STILL_1P_NA,43.228,48079410,536,STILL,NA,1,P01,LAB01,0,1,-874,1066,0,360
20260910_101021,STILL_1P_NA,43.228,48079410,536,STILL,NA,1,P01,LAB01,1,0,0,0,0,0
20260910_101021,STILL_1P_NA,43.228,48079410,536,STILL,NA,1,P01,LAB01,2,0,0,0,0,0
20260910_101021,STILL_1P_NA,43.318,48168617,537,STILL,NA,1,P01,LAB01,0,1,-874,1066,0,360
20260910_101021,STILL_1P_NA,43.318,48168617,537,STILL,NA,1,P01,LAB01,1,0,0,0,0,0
20260910_101021,STILL_1P_NA,43.318,48168617,537,STILL,NA,1,P01,LAB01,2,0,0,0,0,0
20260910_101021,STILL_1P_NA,43.407,48257567,538,STILL,NA,1,P01,LAB01,0,1,-874,1066,0,360
20260910_101021,STILL_1P_NA,43.407,48257567,538,STILL,NA,1,P01,LAB01,1,0,0,0,0,0
20260910_101021,STILL_1P_NA,43.407,48257567,538,STILL,NA,1,P01,LAB01,2,0,0,0,0,0
20260910_101021,STILL_1P_NA,43.495,48346514,539,STILL,NA,1,P01,LAB01,0,1,-874,1065,0,360
20260910_101021,STILL_1P_NA,43.495,48346514,539,STILL,NA,1,P01,LAB01,1,0,0,0,0,0
20260910_101021,STILL_1P_NA,43.495,48346514,539,STILL,NA,1,P01,LAB01,2,0,0,0,0,0
20260910_101021,STILL_1P_NA,43.584,48435340,540,STILL,NA,1,P01,LAB01,0,1,-873,1066,0,360
20260910_101021,STILL_1P_NA,43.584,48435340,540,STILL,NA,1,P01,LAB01,1,0,0,0,0,0
20260910_101021,STILL_1P_NA,43.584,48435340,540,STILL,NA,1,P01,LAB01,2,0,0,0,0,0
20260910_101021,STILL_1P_NA,43.674,48524637,541,STILL,NA,1,P01,LAB01,0,1,-872,1065,0,360
20260910_101021,STILL_1P_NA,43.674,48524637,541,STILL,NA,1,P01,LAB01,1,0,0,0,0,0
20260910_101021,STILL_1P_NA,43.674,48524637,541,STILL,NA,1,P01,LAB01,2,0,0,0,0,0
20260910_101021,STILL_1P_NA,43.762,48613048,542,STILL,NA,1,P01,LAB01,0,1,-867,1066,0,360
20260910_101021,STILL_1P_NA,43.762,48613048,542,STILL,NA,1,P01,LAB01,1,0,0,0,0,0
20260910_101021,STILL_1P_NA,43.762,48613048,542,STILL,NA,1,P01,LAB01,2,0,0,0,0,0
20260910_101021,STILL_1P_NA,43.851,48702187,543,STILL,NA,1,P01,LAB01,0,1,-863,1067,0,360
20260910_101021,STILL_1P_NA,43.851,48702187,543,STILL,NA,1,P01,LAB01,1,0,0,0,0,0
20260910_101021,STILL_1P_NA,43.851,48702187,543,STILL,NA,1,P01,LAB01,2,0,0,0,0,0
20260910_101021,STILL_1P_NA,43.941,48791335,544,STILL,NA,1,P01,LAB01,0,1,-858,1068,0,360
20260910_101021,STILL_1P_NA,43.941,48791335,544,STILL,NA,1,P01,LAB01,1,0,0,0,0,0
20260910_101021,STILL_1P_NA,43.941,48791335,544,STILL,NA,1,P01,LAB01,2,0,0,0,0,0
20260910_101021,STILL_1P_NA,44.029,48880438,545,STILL,NA,1,P01,LAB01,0,1,-857,1070,0,360
20260910_101021,STILL_1P_NA,44.029,48880438,545,STILL,NA,1,P01,LAB01,1,0,0,0,0,0
20260910_101021,STILL_1P_NA,44.029,48880438,545,STILL,NA,1,P01,LAB01,2,0,0,0,0,0
20260910_101021,STILL_1P_NA,44.118,48969072,546,STILL,NA,1,P01,LAB01,0,1,-857,1073,0,360
20260910_101021,STILL_1P_NA,44.118,48969072,546,STILL,NA,1,P01,LAB01,1,0,0,0,0,0
20260910_101021,STILL_1P_NA,44.118,48969072,546,STILL,NA,1,P01,LAB01,2,0,0,0,0,0
20260910_101021,STILL_1P_NA,44.208,49058250,547,STILL,NA,1,P01,LAB01,0,1,-857,1077,0,360
20260910_101021,STILL_1P_NA,44.208,49058250,547,STILL,NA,1,P01,LAB01,1,0,0,0,0,0
20260910_101021,STILL_1P_NA,44.208,49058250,547,STILL,NA,1,P01,LAB01,2,0,0,0,0,0
20260910_101021,STILL_1P_NA,44.297,49147444,548,STILL,NA,1,P01,LAB01,0,1,-859,1080,0,360
20260910_101021,STILL_1P_NA,44.297,49147444,548,STILL,NA,1,P01,LAB01,1,0,0,0,0,0
20260910_101021,STILL_1P_NA,44.297,49147444,548,STILL,NA,1,P01,LAB01,2,0,0,0,0,0
20260910_101021,STILL_1P_NA,44.385,49236282,549,STILL,NA,1,P01,LAB01,0,1,-860,1082,0,360
20260910_101021,STILL_1P_NA,44.385,49236282,549,STILL,NA,1,P01,LAB01,1,0,0,0,0,0
20260910_101021,STILL_1P_NA,44.385,49236282,549,STILL,NA,1,P01,LAB01,2,0,0,0,0,0
20260910_101021,STILL_1P_NA,44.474,49325410,550,STILL,NA,1,P01,LAB01,0,1,-863,1082,0,360
20260910_101021,STILL_1P_NA,44.474,49325410,550,STILL,NA,1,P01,LAB01,1,0,0,0,0,0
20260910_101021,STILL_1P_NA,44.474,49325410,550,STILL,NA,1,P01,LAB01,2,0,0,0,0,0
20260910_101021,STILL_1P_NA,44.564,49414362,551,STILL,NA,1,P01,LAB01,0,1,-863,1083,0,360
20260910_101021,STILL_1P_NA,44.564,49414362,551,STILL,NA,1,P01,LAB01,1,0,0,0,0,0
20260910_101021,STILL_1P_NA,44.564,49414362,551,STILL,NA,1,P01,LAB01,2,0,0,0,0,0
20260910_101021,STILL_1P_NA,44.652,49503155,552,STILL,NA,1,P01,LAB01,0,1,-863,1084,0,360
20260910_101021,STILL_1P_NA,44.652,49503155,552,STILL,NA,1,P01,LAB01,1,0,0,0,0,0
20260910_101021,STILL_1P_NA,44.652,49503155,552,STILL,NA,1,P01,LAB01,2,0,0,0,0,0
20260910_101021,STILL_1P_NA,44.741,49592169,553,STILL,NA,1,P01,LAB01,0,1,-867,1081,0,360
20260910_101021,STILL_1P_NA,44.741,49592169,553,STILL,NA,1,P01,LAB01,1,0,0,0,0,0
20260910_101021,STILL_1P_NA,44.741,49592169,553,STILL,NA,1,P01,LAB01,2,0,0,0,0,0
20260910_101021,STILL_1P_NA,44.830,49681403,554,STILL,NA,1,P01,LAB01,0,1,-871,1080,0,360
20260910_101021,STILL_1P_NA,44.830,49681403,554,STILL,NA,1,P01,LAB01,1,0,0,0,0,0
20260910_101021,STILL_1P_NA,44.830,49681403,554,STILL,NA,1,P01,LAB01,2,0,0,0,0,0
20260910_101021,STILL_1P_NA,44.919,49770240,555,STILL,NA,1,P01,LAB01,0,1,-873,1081,0,360
20260910_101021,STILL_1P_NA,44.919,49770240,555,STILL,NA,1,P01,LAB01,1,0,0,0,0,0
20260910_101021,STILL_1P_NA,44.919,49770240,555,STILL,NA,1,P01,LAB01,2,0,0,0,0,0
20260910_101021,STILL_1P_NA,45.008,49859149,556,STILL,NA,1,P01,LAB01,0,1,-873,1082,0,360
20260910_101021,STILL_1P_NA,45.008,49859149,556,STILL,NA,1,P01,LAB01,1,0,0,0,0,0
20260910_101021,STILL_1P_NA,45.008,49859149,556,STILL,NA,1,P01,LAB01,2,0,0,0,0,0
20260910_101021,STILL_1P_NA,45.098,49948352,557,STILL,NA,1,P01,LAB01,0,1,-874,1082,0,360
20260910_101021,STILL_1P_NA,45.098,49948352,557,STILL,NA,1,P01,LAB01,1,0,0,0,0,0
20260910_101021,STILL_1P_NA,45.098,49948352,557,STILL,NA,1,P01,LAB01,2,0,0,0,0,0
20260910_101021,STILL_1P_NA,45.186,50037243,558,STILL,NA,1,P01,LAB01,0,1,-877,1078,0,360
20260910_101021,STILL_1P_NA,45.186,50037243,558,STILL,NA,1,P01,LAB01,1,0,0,0,0,0
20260910_101021,STILL_1P_NA,45.186,50037243,558,STILL,NA,1,P01,LAB01,2,0,0,0,0,0
20260910_101021,STILL_1P_NA,45.276,50126286,559,STILL,NA,1,P01,LAB01,0,1,-878,1075,0,360
20260910_101021,STILL_1P_NA,45.276,50126286,559,STILL,NA,1,P01,LAB01,1,0,0,0,0,0
20260910_101021,STILL_1P_NA,45.276,50126286,559,STILL,NA,1,P01,LAB01,2,0,0,0,0,0
20260910_101021,STILL_1P_NA,45.365,50215424,560,STILL,NA,1,P01,LAB01,0,1,-876,1075,0,360
20260910_101021,STILL_1P_NA,45.365,50215424,560,STILL,NA,1,P01,LAB01,1,0,0,0,0,0
20260910_101021,STILL_1P_NA,45.365,50215424,560,STILL,NA,1,P01,LAB01,2,0,0,0,0,0
20260910_101021,STILL_1P_NA,45.453,50304346,561,STILL,NA,1,P01,LAB01,0,1,-876,1074,0,360
20260910_101021,STILL_1P_NA,45.453,50304346,561,STILL,NA,1,P01,LAB01,1,0,0,0,0,0
20260910_101021,STILL_1P_NA,45.453,50304346,561,STILL,NA,1,P01,LAB01,2,0,0,0,0,0
20260910_101021,STILL_1P_NA,45.542,50393196,562,STILL,NA,1,P01,LAB01,0,1,-877,1073,0,360
20260910_101021,STILL_1P_NA,45.542,50393196,562,STILL,NA,1,P01,LAB01,1,0,0,0,0,0
20260910_101021,STILL_1P_NA,45.542,50393196,562,STILL,NA,1,P01,LAB01,2,0,0,0,0,0
20260910_101021,STILL_1P_NA,45.631,50482340,563,STILL,NA,1,P01,LAB01,0,1,-877,1074,0,360
20260910_101021,STILL_1P_NA,45.631,50482340,563,STILL,NA,1,P01,LAB01,1,0,0,0,0,0
20260910_101021,STILL_1P_NA,45.631,50482340,563,STILL,NA,1,P01,LAB01,2,0,0,0,0,0
20260910_101021,STILL_1P_NA,45.720,50571417,564,STILL,NA,1,P01,LAB01,0,1,-878,1075,0,360
20260910_101021,STILL_1P_NA,45.720,50571417,564,STILL,NA,1,P01,LAB01,1,0,0,0,0,0
20260910_101021,STILL_1P_NA,45.720,50571417,564,STILL,NA,1,P01,LAB01,2,0,0,0,0,0
20260910_101021,STILL_1P_NA,45.810,50660368,565,STILL,NA,1,P01,LAB01,0,1,-880,1073,0,360
20260910_101021,STILL_1P_NA,45.810,50660368,565,STILL,NA,1,P01,LAB01,1,0,0,0,0,0
20260910_101021,STILL_1P_NA,45.810,50660368,565,STILL,NA,1,P01,LAB01,2,0,0,0,0,0
20260910_101021,STILL_1P_NA,45.898,50749186,566,STILL,NA,1,P01,LAB01,0,1,-882,1071,0,360
20260910_101021,STILL_1P_NA,45.898,50749186,566,STILL,NA,1,P01,LAB01,1,0,0,0,0,0
20260910_101021,STILL_1P_NA,45.898,50749186,566,STILL,NA,1,P01,LAB01,2,0,0,0,0,0
20260910_101021,STILL_1P_NA,45.987,50838334,567,STILL,NA,1,P01,LAB01,0,1,-885,1068,0,360
20260910_101021,STILL_1P_NA,45.987,50838334,567,STILL,NA,1,P01,LAB01,1,0,0,0,0,0
20260910_101021,STILL_1P_NA,45.987,50838334,567,STILL,NA,1,P01,LAB01,2,0,0,0,0,0
20260910_101021,STILL_1P_NA,46.076,50927155,568,STILL,NA,1,P01,LAB01,0,1,-887,1066,0,360
20260910_101021,STILL_1P_NA,46.076,50927155,568,STILL,NA,1,P01,LAB01,1,0,0,0,0,0
20260910_101021,STILL_1P_NA,46.076,50927155,568,STILL,NA,1,P01,LAB01,2,0,0,0,0,0
20260910_101021,STILL_1P_NA,46.165,51016169,569,STILL,NA,1,P01,LAB01,0,1,-889,1065,0,360
20260910_101021,STILL_1P_NA,46.165,51016169,569,STILL,NA,1,P01,LAB01,1,0,0,0,0,0
20260910_101021,STILL_1P_NA,46.165,51016169,569,STILL,NA,1,P01,LAB01,2,0,0,0,0,0
20260910_101021,STILL_1P_NA,46.254,51105250,570,STILL,NA,1,P01,LAB01,0,1,-891,1063,0,360
20260910_101021,STILL_1P_NA,46.254,51105250,570,STILL,NA,1,P01,LAB01,1,0,0,0,0,0
20260910_101021,STILL_1P_NA,46.254,51105250,570,STILL,NA,1,P01,LAB01,2,0,0,0,0,0
20260910_101021,STILL_1P_NA,46.343,51194131,571,STILL,NA,1,P01,LAB01,0,1,-893,1061,0,360
20260910_101021,STILL_1P_NA,46.343,51194131,571,STILL,NA,1,P01,LAB01,1,0,0,0,0,0
20260910_101021,STILL_1P_NA,46.343,51194131,571,STILL,NA,1,P01,LAB01,2,0,0,0,0,0
20260910_101021,STILL_1P_NA,46.432,51283216,572,STILL,NA,1,P01,LAB01,0,1,-893,1060,0,360
20260910_101021,STILL_1P_NA,46.432,51283216,572,STILL,NA,1,P01,LAB01,1,0,0,0,0,0
20260910_101021,STILL_1P_NA,46.432,51283216,572,STILL,NA,1,P01,LAB01,2,0,0,0,0,0
20260910_101021,STILL_1P_NA,46.521,51372323,573,STILL,NA,1,P01,LAB01,0,1,-894,1059,0,360
20260910_101021,STILL_1P_NA,46.521,51372323,573,STILL,NA,1,P01,LAB01,1,0,0,0,0,0
20260910_101021,STILL_1P_NA,46.521,51372323,573,STILL,NA,1,P01,LAB01,2,0,0,0,0,0
20260910_101021,STILL_1P_NA,46.610,51461176,574,STILL,NA,1,P01,LAB01,0,1,-897,1058,0,360
20260910_101021,STILL_1P_NA,46.610,51461176,574,STILL,NA,1,P01,LAB01,1,0,0,0,0,0
20260910_101021,STILL_1P_NA,46.610,51461176,574,STILL,NA,1,P01,LAB01,2,0,0,0,0,0
20260910_101021,STILL_1P_NA,46.700,51550155,575,STILL,NA,1,P01,LAB01,0,1,-899,1059,0,360
20260910_101021,STILL_1P_NA,46.700,51550155,575,STILL,NA,1,P01,LAB01,1,0,0,0,0,0
20260910_101021,STILL_1P_NA,46.700,51550155,575,STILL,NA,1,P01,LAB01,2,0,0,0,0,0
20260910_101021,STILL_1P_NA,46.788,51639140,576,STILL,NA,1,P01,LAB01,0,1,-901,1060,0,360
20260910_101021,STILL_1P_NA,46.788,51639140,576,STILL,NA,1,P01,LAB01,1,0,0,0,0,0
20260910_101021,STILL_1P_NA,46.788,51639140,576,STILL,NA,1,P01,LAB01,2,0,0,0,0,0
20260910_101021,STILL_1P_NA,46.877,51728119,577,STILL,NA,1,P01,LAB01,0,1,-902,1060,0,360
20260910_101021,STILL_1P_NA,46.877,51728119,577,STILL,NA,1,P01,LAB01,1,0,0,0,0,0
20260910_101021,STILL_1P_NA,46.877,51728119,577,STILL,NA,1,P01,LAB01,2,0,0,0,0,0
20260910_101021,STILL_1P_NA,46.967,51817389,578,STILL,NA,1,P01,LAB01,0,1,-903,1059,0,360
20260910_101021,STILL_1P_NA,46.967,51817389,578,STILL,NA,1,P01,LAB01,1,0,0,0,0,0
20260910_101021,STILL_1P_NA,46.967,51817389,578,STILL,NA,1,P01,LAB01,2,0,0,0,0,0
20260910_101021,STILL_1P_NA,47.055,51906145,579,STILL,NA,1,P01,LAB01,0,1,-903,1058,0,360
20260910_101021,STILL_1P_NA,47.055,51906145,579,STILL,NA,1,P01,LAB01,1,0,0,0,0,0
20260910_101021,STILL_1P_NA,47.055,51906145,579,STILL,NA,1,P01,LAB01,2,0,0,0,0,0
20260910_101021,STILL_1P_NA,47.144,51995353,580,STILL,NA,1,P01,LAB01,0,1,-903,1056,0,360
20260910_101021,STILL_1P_NA,47.144,51995353,580,STILL,NA,1,P01,LAB01,1,0,0,0,0,0
20260910_101021,STILL_1P_NA,47.144,51995353,580,STILL,NA,1,P01,LAB01,2,0,0,0,0,0
20260910_101021,STILL_1P_NA,47.233,52084243,581,STILL,NA,1,P01,LAB01,0,1,-902,1055,0,360
20260910_101021,STILL_1P_NA,47.233,52084243,581,STILL,NA,1,P01,LAB01,1,0,0,0,0,0
20260910_101021,STILL_1P_NA,47.233,52084243,581,STILL,NA,1,P01,LAB01,2,0,0,0,0,0
20260910_101021,STILL_1P_NA,47.322,52173323,582,STILL,NA,1,P01,LAB01,0,1,-901,1054,0,360
20260910_101021,STILL_1P_NA,47.322,52173323,582,STILL,NA,1,P01,LAB01,1,0,0,0,0,0
20260910_101021,STILL_1P_NA,47.322,52173323,582,STILL,NA,1,P01,LAB01,2,0,0,0,0,0
20260910_101021,STILL_1P_NA,47.411,52262043,583,STILL,NA,1,P01,LAB01,0,1,-899,1055,8,360
20260910_101021,STILL_1P_NA,47.411,52262043,583,STILL,NA,1,P01,LAB01,1,0,0,0,0,0
20260910_101021,STILL_1P_NA,47.411,52262043,583,STILL,NA,1,P01,LAB01,2,0,0,0,0,0
20260910_101021,STILL_1P_NA,47.500,52351313,584,STILL,NA,1,P01,LAB01,0,1,-898,1055,0,360
20260910_101021,STILL_1P_NA,47.500,52351313,584,STILL,NA,1,P01,LAB01,1,0,0,0,0,0
20260910_101021,STILL_1P_NA,47.500,52351313,584,STILL,NA,1,P01,LAB01,2,0,0,0,0,0
20260910_101021,STILL_1P_NA,47.589,52440043,585,STILL,NA,1,P01,LAB01,0,1,-896,1056,0,360
20260910_101021,STILL_1P_NA,47.589,52440043,585,STILL,NA,1,P01,LAB01,1,0,0,0,0,0
20260910_101021,STILL_1P_NA,47.589,52440043,585,STILL,NA,1,P01,LAB01,2,0,0,0,0,0
20260910_101021,STILL_1P_NA,47.678,52529313,586,STILL,NA,1,P01,LAB01,0,1,-893,1054,0,360
20260910_101021,STILL_1P_NA,47.678,52529313,586,STILL,NA,1,P01,LAB01,1,0,0,0,0,0
20260910_101021,STILL_1P_NA,47.678,52529313,586,STILL,NA,1,P01,LAB01,2,0,0,0,0,0
20260910_101021,STILL_1P_NA,47.767,52617981,587,STILL,NA,1,P01,LAB01,0,1,-889,1050,0,360
20260910_101021,STILL_1P_NA,47.767,52617981,587,STILL,NA,1,P01,LAB01,1,0,0,0,0,0
20260910_101021,STILL_1P_NA,47.767,52617981,587,STILL,NA,1,P01,LAB01,2,0,0,0,0,0
20260910_101021,STILL_1P_NA,47.856,52707216,588,STILL,NA,1,P01,LAB01,0,1,-887,1052,0,360
20260910_101021,STILL_1P_NA,47.856,52707216,588,STILL,NA,1,P01,LAB01,1,0,0,0,0,0
20260910_101021,STILL_1P_NA,47.856,52707216,588,STILL,NA,1,P01,LAB01,2,0,0,0,0,0
20260910_101021,STILL_1P_NA,47.945,52796099,589,STILL,NA,1,P01,LAB01,0,1,-885,1054,0,360
20260910_101021,STILL_1P_NA,47.945,52796099,589,STILL,NA,1,P01,LAB01,1,0,0,0,0,0
20260910_101021,STILL_1P_NA,47.945,52796099,589,STILL,NA,1,P01,LAB01,2,0,0,0,0,0
20260910_101021,STILL_1P_NA,48.034,52885271,590,STILL,NA,1,P01,LAB01,0,1,-881,1057,0,360
20260910_101021,STILL_1P_NA,48.034,52885271,590,STILL,NA,1,P01,LAB01,1,0,0,0,0,0
20260910_101021,STILL_1P_NA,48.034,52885271,590,STILL,NA,1,P01,LAB01,2,0,0,0,0,0
20260910_101021,STILL_1P_NA,48.123,52974009,591,STILL,NA,1,P01,LAB01,0,1,-880,1058,0,360
20260910_101021,STILL_1P_NA,48.123,52974009,591,STILL,NA,1,P01,LAB01,1,0,0,0,0,0
20260910_101021,STILL_1P_NA,48.123,52974009,591,STILL,NA,1,P01,LAB01,2,0,0,0,0,0
20260910_101021,STILL_1P_NA,48.212,53063102,592,STILL,NA,1,P01,LAB01,0,1,-879,1058,0,360
20260910_101021,STILL_1P_NA,48.212,53063102,592,STILL,NA,1,P01,LAB01,1,0,0,0,0,0
20260910_101021,STILL_1P_NA,48.212,53063102,592,STILL,NA,1,P01,LAB01,2,0,0,0,0,0
20260910_101021,STILL_1P_NA,48.301,53152222,593,STILL,NA,1,P01,LAB01,0,1,-878,1060,0,360
20260910_101021,STILL_1P_NA,48.301,53152222,593,STILL,NA,1,P01,LAB01,1,0,0,0,0,0
20260910_101021,STILL_1P_NA,48.301,53152222,593,STILL,NA,1,P01,LAB01,2,0,0,0,0,0
20260910_101021,STILL_1P_NA,48.390,53241298,594,STILL,NA,1,P01,LAB01,0,1,-876,1061,0,360
20260910_101021,STILL_1P_NA,48.390,53241298,594,STILL,NA,1,P01,LAB01,1,0,0,0,0,0
20260910_101021,STILL_1P_NA,48.390,53241298,594,STILL,NA,1,P01,LAB01,2,0,0,0,0,0
20260910_101021,STILL_1P_NA,48.479,53330087,595,STILL,NA,1,P01,LAB01,0,1,-875,1062,0,360
20260910_101021,STILL_1P_NA,48.479,53330087,595,STILL,NA,1,P01,LAB01,1,0,0,0,0,0
20260910_101021,STILL_1P_NA,48.479,53330087,595,STILL,NA,1,P01,LAB01,2,0,0,0,0,0
20260910_101021,STILL_1P_NA,48.568,53419293,596,STILL,NA,1,P01,LAB01,0,1,-875,1062,0,360
20260910_101021,STILL_1P_NA,48.568,53419293,596,STILL,NA,1,P01,LAB01,1,0,0,0,0,0
20260910_101021,STILL_1P_NA,48.568,53419293,596,STILL,NA,1,P01,LAB01,2,0,0,0,0,0
20260910_101021,STILL_1P_NA,48.657,53508176,597,STILL,NA,1,P01,LAB01,0,1,-874,1063,0,360
20260910_101021,STILL_1P_NA,48.657,53508176,597,STILL,NA,1,P01,LAB01,1,0,0,0,0,0
20260910_101021,STILL_1P_NA,48.657,53508176,597,STILL,NA,1,P01,LAB01,2,0,0,0,0,0
20260910_101021,STILL_1P_NA,48.746,53596886,598,STILL,NA,1,P01,LAB01,0,1,-875,1063,0,360
20260910_101021,STILL_1P_NA,48.746,53596886,598,STILL,NA,1,P01,LAB01,1,0,0,0,0,0
20260910_101021,STILL_1P_NA,48.746,53596886,598,STILL,NA,1,P01,LAB01,2,0,0,0,0,0
20260910_101021,STILL_1P_NA,48.835,53686076,599,STILL,NA,1,P01,LAB01,0,1,-874,1066,0,360
20260910_101021,STILL_1P_NA,48.835,53686076,599,STILL,NA,1,P01,LAB01,1,0,0,0,0,0
20260910_101021,STILL_1P_NA,48.835,53686076,599,STILL,NA,1,P01,LAB01,2,0,0,0,0,0
20260910_101021,STILL_1P_NA,48.924,53774913,600,STILL,NA,1,P01,LAB01,0,1,-872,1070,0,360
20260910_101021,STILL_1P_NA,48.924,53774913,600,STILL,NA,1,P01,LAB01,1,0,0,0,0,0
20260910_101021,STILL_1P_NA,48.924,53774913,600,STILL,NA,1,P01,LAB01,2,0,0,0,0,0
20260910_101021,STILL_1P_NA,49.013,53864131,601,STILL,NA,1,P01,LAB01,0,1,-871,1074,0,360
20260910_101021,STILL_1P_NA,49.013,53864131,601,STILL,NA,1,P01,LAB01,1,0,0,0,0,0
20260910_101021,STILL_1P_NA,49.013,53864131,601,STILL,NA,1,P01,LAB01,2,0,0,0,0,0
20260910_101021,STILL_1P_NA,49.102,53953146,602,STILL,NA,1,P01,LAB01,0,1,-870,1076,0,360
20260910_101021,STILL_1P_NA,49.102,53953146,602,STILL,NA,1,P01,LAB01,1,0,0,0,0,0
20260910_101021,STILL_1P_NA,49.102,53953146,602,STILL,NA,1,P01,LAB01,2,0,0,0,0,0
20260910_101021,STILL_1P_NA,49.191,54041767,603,STILL,NA,1,P01,LAB01,0,1,-867,1079,0,360
20260910_101021,STILL_1P_NA,49.191,54041767,603,STILL,NA,1,P01,LAB01,1,0,0,0,0,0
20260910_101021,STILL_1P_NA,49.191,54041767,603,STILL,NA,1,P01,LAB01,2,0,0,0,0,0
20260910_101021,STILL_1P_NA,49.280,54130809,604,STILL,NA,1,P01,LAB01,0,1,-864,1082,0,360
20260910_101021,STILL_1P_NA,49.280,54130809,604,STILL,NA,1,P01,LAB01,1,0,0,0,0,0
20260910_101021,STILL_1P_NA,49.280,54130809,604,STILL,NA,1,P01,LAB01,2,0,0,0,0,0
20260910_101021,STILL_1P_NA,49.369,54220099,605,STILL,NA,1,P01,LAB01,0,1,-861,1085,0,360
20260910_101021,STILL_1P_NA,49.369,54220099,605,STILL,NA,1,P01,LAB01,1,0,0,0,0,0
20260910_101021,STILL_1P_NA,49.369,54220099,605,STILL,NA,1,P01,LAB01,2,0,0,0,0,0
20260910_101021,STILL_1P_NA,49.458,54308809,606,STILL,NA,1,P01,LAB01,0,1,-858,1086,0,360
20260910_101021,STILL_1P_NA,49.458,54308809,606,STILL,NA,1,P01,LAB01,1,0,0,0,0,0
20260910_101021,STILL_1P_NA,49.458,54308809,606,STILL,NA,1,P01,LAB01,2,0,0,0,0,0
20260910_101021,STILL_1P_NA,49.547,54398054,607,STILL,NA,1,P01,LAB01,0,1,-856,1087,0,360
20260910_101021,STILL_1P_NA,49.547,54398054,607,STILL,NA,1,P01,LAB01,1,0,0,0,0,0
20260910_101021,STILL_1P_NA,49.547,54398054,607,STILL,NA,1,P01,LAB01,2,0,0,0,0,0
20260910_101021,STILL_1P_NA,49.636,54486959,608,STILL,NA,1,P01,LAB01,0,1,-855,1087,0,360
20260910_101021,STILL_1P_NA,49.636,54486959,608,STILL,NA,1,P01,LAB01,1,0,0,0,0,0
20260910_101021,STILL_1P_NA,49.636,54486959,608,STILL,NA,1,P01,LAB01,2,0,0,0,0,0
20260910_101021,STILL_1P_NA,49.725,54575906,609,STILL,NA,1,P01,LAB01,0,1,-855,1087,0,360
20260910_101021,STILL_1P_NA,49.725,54575906,609,STILL,NA,1,P01,LAB01,1,0,0,0,0,0
20260910_101021,STILL_1P_NA,49.725,54575906,609,STILL,NA,1,P01,LAB01,2,0,0,0,0,0
20260910_101021,STILL_1P_NA,49.814,54664917,610,STILL,NA,1,P01,LAB01,0,1,-856,1086,0,360
20260910_101021,STILL_1P_NA,49.814,54664917,610,STILL,NA,1,P01,LAB01,1,0,0,0,0,0
20260910_101021,STILL_1P_NA,49.814,54664917,610,STILL,NA,1,P01,LAB01,2,0,0,0,0,0
20260910_101021,STILL_1P_NA,49.903,54753868,611,STILL,NA,1,P01,LAB01,0,1,-858,1086,0,360
20260910_101021,STILL_1P_NA,49.903,54753868,611,STILL,NA,1,P01,LAB01,1,0,0,0,0,0
20260910_101021,STILL_1P_NA,49.903,54753868,611,STILL,NA,1,P01,LAB01,2,0,0,0,0,0
20260910_101021,STILL_1P_NA,49.992,54843536,612,STILL,NA,1,P01,LAB01,0,1,-860,1086,0,360
20260910_101021,STILL_1P_NA,49.992,54843536,612,STILL,NA,1,P01,LAB01,1,0,0,0,0,0
20260910_101021,STILL_1P_NA,49.992,54843536,612,STILL,NA,1,P01,LAB01,2,0,0,0,0,0
20260910_101021,STILL_1P_NA,50.081,54931710,613,STILL,NA,1,P01,LAB01,0,1,-862,1086,0,360
20260910_101021,STILL_1P_NA,50.081,54931710,613,STILL,NA,1,P01,LAB01,1,0,0,0,0,0
20260910_101021,STILL_1P_NA,50.081,54931710,613,STILL,NA,1,P01,LAB01,2,0,0,0,0,0
20260910_101021,STILL_1P_NA,50.170,55020599,614,STILL,NA,1,P01,LAB01,0,1,-864,1086,0,360
20260910_101021,STILL_1P_NA,50.170,55020599,614,STILL,NA,1,P01,LAB01,1,0,0,0,0,0
20260910_101021,STILL_1P_NA,50.170,55020599,614,STILL,NA,1,P01,LAB01,2,0,0,0,0,0
20260910_101021,STILL_1P_NA,50.259,55109960,615,STILL,NA,1,P01,LAB01,0,1,-866,1085,0,360
20260910_101021,STILL_1P_NA,50.259,55109960,615,STILL,NA,1,P01,LAB01,1,0,0,0,0,0
20260910_101021,STILL_1P_NA,50.259,55109960,615,STILL,NA,1,P01,LAB01,2,0,0,0,0,0
20260910_101021,STILL_1P_NA,50.348,55198942,616,STILL,NA,1,P01,LAB01,0,1,-866,1084,0,360
20260910_101021,STILL_1P_NA,50.348,55198942,616,STILL,NA,1,P01,LAB01,1,0,0,0,0,0
20260910_101021,STILL_1P_NA,50.348,55198942,616,STILL,NA,1,P01,LAB01,2,0,0,0,0,0
20260910_101021,STILL_1P_NA,50.437,55287889,617,STILL,NA,1,P01,LAB01,0,1,-867,1083,0,360
20260910_101021,STILL_1P_NA,50.437,55287889,617,STILL,NA,1,P01,LAB01,1,0,0,0,0,0
20260910_101021,STILL_1P_NA,50.437,55287889,617,STILL,NA,1,P01,LAB01,2,0,0,0,0,0
20260910_101021,STILL_1P_NA,50.526,55376879,618,STILL,NA,1,P01,LAB01,0,1,-868,1079,0,360
20260910_101021,STILL_1P_NA,50.526,55376879,618,STILL,NA,1,P01,LAB01,1,0,0,0,0,0
20260910_101021,STILL_1P_NA,50.526,55376879,618,STILL,NA,1,P01,LAB01,2,0,0,0,0,0
20260910_101021,STILL_1P_NA,50.614,55465670,619,STILL,NA,1,P01,LAB01,0,1,-869,1077,0,360
20260910_101021,STILL_1P_NA,50.614,55465670,619,STILL,NA,1,P01,LAB01,1,0,0,0,0,0
20260910_101021,STILL_1P_NA,50.614,55465670,619,STILL,NA,1,P01,LAB01,2,0,0,0,0,0
20260910_101021,STILL_1P_NA,50.704,55554710,620,STILL,NA,1,P01,LAB01,0,1,-870,1076,0,360
20260910_101021,STILL_1P_NA,50.704,55554710,620,STILL,NA,1,P01,LAB01,1,0,0,0,0,0
20260910_101021,STILL_1P_NA,50.704,55554710,620,STILL,NA,1,P01,LAB01,2,0,0,0,0,0
20260910_101021,STILL_1P_NA,50.793,55643912,621,STILL,NA,1,P01,LAB01,0,1,-871,1075,0,360
20260910_101021,STILL_1P_NA,50.793,55643912,621,STILL,NA,1,P01,LAB01,1,0,0,0,0,0
20260910_101021,STILL_1P_NA,50.793,55643912,621,STILL,NA,1,P01,LAB01,2,0,0,0,0,0
20260910_101021,STILL_1P_NA,50.882,55732458,622,STILL,NA,1,P01,LAB01,0,1,-870,1074,0,360
20260910_101021,STILL_1P_NA,50.882,55732458,622,STILL,NA,1,P01,LAB01,1,0,0,0,0,0
20260910_101021,STILL_1P_NA,50.882,55732458,622,STILL,NA,1,P01,LAB01,2,0,0,0,0,0
20260910_101021,STILL_1P_NA,50.971,55821879,623,STILL,NA,1,P01,LAB01,0,1,-868,1074,0,360
20260910_101021,STILL_1P_NA,50.971,55821879,623,STILL,NA,1,P01,LAB01,1,0,0,0,0,0
20260910_101021,STILL_1P_NA,50.971,55821879,623,STILL,NA,1,P01,LAB01,2,0,0,0,0,0
20260910_101021,STILL_1P_NA,51.060,55910767,624,STILL,NA,1,P01,LAB01,0,1,-868,1073,0,360
20260910_101021,STILL_1P_NA,51.060,55910767,624,STILL,NA,1,P01,LAB01,1,0,0,0,0,0
20260910_101021,STILL_1P_NA,51.060,55910767,624,STILL,NA,1,P01,LAB01,2,0,0,0,0,0
20260910_101021,STILL_1P_NA,51.149,55999753,625,STILL,NA,1,P01,LAB01,0,1,-865,1070,0,360
20260910_101021,STILL_1P_NA,51.149,55999753,625,STILL,NA,1,P01,LAB01,1,0,0,0,0,0
20260910_101021,STILL_1P_NA,51.149,55999753,625,STILL,NA,1,P01,LAB01,2,0,0,0,0,0
20260910_101021,STILL_1P_NA,51.237,56088644,626,STILL,NA,1,P01,LAB01,0,1,-862,1069,0,360
20260910_101021,STILL_1P_NA,51.237,56088644,626,STILL,NA,1,P01,LAB01,1,0,0,0,0,0
20260910_101021,STILL_1P_NA,51.237,56088644,626,STILL,NA,1,P01,LAB01,2,0,0,0,0,0
20260910_101021,STILL_1P_NA,51.327,56177868,627,STILL,NA,1,P01,LAB01,0,1,-862,1067,-8,360
20260910_101021,STILL_1P_NA,51.327,56177868,627,STILL,NA,1,P01,LAB01,1,0,0,0,0,0
20260910_101021,STILL_1P_NA,51.327,56177868,627,STILL,NA,1,P01,LAB01,2,0,0,0,0,0
20260910_101021,STILL_1P_NA,51.416,56266670,628,STILL,NA,1,P01,LAB01,0,1,-863,1066,0,360
20260910_101021,STILL_1P_NA,51.416,56266670,628,STILL,NA,1,P01,LAB01,1,0,0,0,0,0
20260910_101021,STILL_1P_NA,51.416,56266670,628,STILL,NA,1,P01,LAB01,2,0,0,0,0,0
20260910_101021,STILL_1P_NA,51.505,56355960,629,STILL,NA,1,P01,LAB01,0,1,-865,1066,0,360
20260910_101021,STILL_1P_NA,51.505,56355960,629,STILL,NA,1,P01,LAB01,1,0,0,0,0,0
20260910_101021,STILL_1P_NA,51.505,56355960,629,STILL,NA,1,P01,LAB01,2,0,0,0,0,0
20260910_101021,STILL_1P_NA,51.594,56444785,630,STILL,NA,1,P01,LAB01,0,1,-868,1065,0,360
20260910_101021,STILL_1P_NA,51.594,56444785,630,STILL,NA,1,P01,LAB01,1,0,0,0,0,0
20260910_101021,STILL_1P_NA,51.594,56444785,630,STILL,NA,1,P01,LAB01,2,0,0,0,0,0
20260910_101021,STILL_1P_NA,51.683,56533800,631,STILL,NA,1,P01,LAB01,0,1,-868,1064,8,360
20260910_101021,STILL_1P_NA,51.683,56533800,631,STILL,NA,1,P01,LAB01,1,0,0,0,0,0
20260910_101021,STILL_1P_NA,51.683,56533800,631,STILL,NA,1,P01,LAB01,2,0,0,0,0,0
20260910_101021,STILL_1P_NA,51.772,56622785,632,STILL,NA,1,P01,LAB01,0,1,-866,1065,0,360
20260910_101021,STILL_1P_NA,51.772,56622785,632,STILL,NA,1,P01,LAB01,1,0,0,0,0,0
20260910_101021,STILL_1P_NA,51.772,56622785,632,STILL,NA,1,P01,LAB01,2,0,0,0,0,0
20260910_101021,STILL_1P_NA,51.861,56711889,633,STILL,NA,1,P01,LAB01,0,1,-865,1066,0,360
20260910_101021,STILL_1P_NA,51.861,56711889,633,STILL,NA,1,P01,LAB01,1,0,0,0,0,0
20260910_101021,STILL_1P_NA,51.861,56711889,633,STILL,NA,1,P01,LAB01,2,0,0,0,0,0
20260910_101021,STILL_1P_NA,51.950,56800809,634,STILL,NA,1,P01,LAB01,0,1,-866,1066,0,360
20260910_101021,STILL_1P_NA,51.950,56800809,634,STILL,NA,1,P01,LAB01,1,0,0,0,0,0
20260910_101021,STILL_1P_NA,51.950,56800809,634,STILL,NA,1,P01,LAB01,2,0,0,0,0,0
20260910_101021,STILL_1P_NA,52.039,56889857,635,STILL,NA,1,P01,LAB01,0,1,-868,1067,0,360
20260910_101021,STILL_1P_NA,52.039,56889857,635,STILL,NA,1,P01,LAB01,1,0,0,0,0,0
20260910_101021,STILL_1P_NA,52.039,56889857,635,STILL,NA,1,P01,LAB01,2,0,0,0,0,0
20260910_101021,STILL_1P_NA,52.128,56978682,636,STILL,NA,1,P01,LAB01,0,1,-869,1068,0,360
20260910_101021,STILL_1P_NA,52.128,56978682,636,STILL,NA,1,P01,LAB01,1,0,0,0,0,0
20260910_101021,STILL_1P_NA,52.128,56978682,636,STILL,NA,1,P01,LAB01,2,0,0,0,0,0
20260910_101021,STILL_1P_NA,52.217,57067758,637,STILL,NA,1,P01,LAB01,0,1,-869,1070,0,360
20260910_101021,STILL_1P_NA,52.217,57067758,637,STILL,NA,1,P01,LAB01,1,0,0,0,0,0
20260910_101021,STILL_1P_NA,52.217,57067758,637,STILL,NA,1,P01,LAB01,2,0,0,0,0,0
20260910_101021,STILL_1P_NA,52.306,57156676,638,STILL,NA,1,P01,LAB01,0,1,-869,1071,0,360
20260910_101021,STILL_1P_NA,52.306,57156676,638,STILL,NA,1,P01,LAB01,1,0,0,0,0,0
20260910_101021,STILL_1P_NA,52.306,57156676,638,STILL,NA,1,P01,LAB01,2,0,0,0,0,0
20260910_101021,STILL_1P_NA,52.394,57245599,639,STILL,NA,1,P01,LAB01,0,1,-867,1072,0,360
20260910_101021,STILL_1P_NA,52.394,57245599,639,STILL,NA,1,P01,LAB01,1,0,0,0,0,0
20260910_101021,STILL_1P_NA,52.394,57245599,639,STILL,NA,1,P01,LAB01,2,0,0,0,0,0
20260910_101021,STILL_1P_NA,52.483,57334581,640,STILL,NA,1,P01,LAB01,0,1,-864,1073,0,360
20260910_101021,STILL_1P_NA,52.483,57334581,640,STILL,NA,1,P01,LAB01,1,0,0,0,0,0
20260910_101021,STILL_1P_NA,52.483,57334581,640,STILL,NA,1,P01,LAB01,2,0,0,0,0,0
20260910_101021,STILL_1P_NA,52.573,57423753,641,STILL,NA,1,P01,LAB01,0,1,-862,1074,-8,360
20260910_101021,STILL_1P_NA,52.573,57423753,641,STILL,NA,1,P01,LAB01,1,0,0,0,0,0
20260910_101021,STILL_1P_NA,52.573,57423753,641,STILL,NA,1,P01,LAB01,2,0,0,0,0,0
20260910_101021,STILL_1P_NA,52.661,57512581,642,STILL,NA,1,P01,LAB01,0,1,-860,1075,8,360
20260910_101021,STILL_1P_NA,52.661,57512581,642,STILL,NA,1,P01,LAB01,1,0,0,0,0,0
20260910_101021,STILL_1P_NA,52.661,57512581,642,STILL,NA,1,P01,LAB01,2,0,0,0,0,0
20260910_101021,STILL_1P_NA,52.751,57601841,643,STILL,NA,1,P01,LAB01,0,1,-860,1075,0,360
20260910_101021,STILL_1P_NA,52.751,57601841,643,STILL,NA,1,P01,LAB01,1,0,0,0,0,0
20260910_101021,STILL_1P_NA,52.751,57601841,643,STILL,NA,1,P01,LAB01,2,0,0,0,0,0
20260910_101021,STILL_1P_NA,52.840,57690758,644,STILL,NA,1,P01,LAB01,0,1,-861,1076,0,360
20260910_101021,STILL_1P_NA,52.840,57690758,644,STILL,NA,1,P01,LAB01,1,0,0,0,0,0
20260910_101021,STILL_1P_NA,52.840,57690758,644,STILL,NA,1,P01,LAB01,2,0,0,0,0,0
20260910_101021,STILL_1P_NA,52.929,57779676,645,STILL,NA,1,P01,LAB01,0,1,-863,1076,8,360
20260910_101021,STILL_1P_NA,52.929,57779676,645,STILL,NA,1,P01,LAB01,1,0,0,0,0,0
20260910_101021,STILL_1P_NA,52.929,57779676,645,STILL,NA,1,P01,LAB01,2,0,0,0,0,0
20260910_101021,STILL_1P_NA,53.018,57868753,646,STILL,NA,1,P01,LAB01,0,1,-864,1075,8,360
20260910_101021,STILL_1P_NA,53.018,57868753,646,STILL,NA,1,P01,LAB01,1,0,0,0,0,0
20260910_101021,STILL_1P_NA,53.018,57868753,646,STILL,NA,1,P01,LAB01,2,0,0,0,0,0
20260910_101021,STILL_1P_NA,53.107,57957741,647,STILL,NA,1,P01,LAB01,0,1,-863,1075,0,360
20260910_101021,STILL_1P_NA,53.107,57957741,647,STILL,NA,1,P01,LAB01,1,0,0,0,0,0
20260910_101021,STILL_1P_NA,53.107,57957741,647,STILL,NA,1,P01,LAB01,2,0,0,0,0,0
20260910_101021,STILL_1P_NA,53.195,58046466,648,STILL,NA,1,P01,LAB01,0,1,-863,1075,0,360
20260910_101021,STILL_1P_NA,53.195,58046466,648,STILL,NA,1,P01,LAB01,1,0,0,0,0,0
20260910_101021,STILL_1P_NA,53.195,58046466,648,STILL,NA,1,P01,LAB01,2,0,0,0,0,0
20260910_101021,STILL_1P_NA,53.285,58135608,649,STILL,NA,1,P01,LAB01,0,1,-861,1076,0,360
20260910_101021,STILL_1P_NA,53.285,58135608,649,STILL,NA,1,P01,LAB01,1,0,0,0,0,0
20260910_101021,STILL_1P_NA,53.285,58135608,649,STILL,NA,1,P01,LAB01,2,0,0,0,0,0
20260910_101021,STILL_1P_NA,53.374,58224560,650,STILL,NA,1,P01,LAB01,0,1,-860,1077,0,360
20260910_101021,STILL_1P_NA,53.374,58224560,650,STILL,NA,1,P01,LAB01,1,0,0,0,0,0
20260910_101021,STILL_1P_NA,53.374,58224560,650,STILL,NA,1,P01,LAB01,2,0,0,0,0,0
20260910_101021,STILL_1P_NA,53.463,58313637,651,STILL,NA,1,P01,LAB01,0,1,-858,1078,-8,360
20260910_101021,STILL_1P_NA,53.463,58313637,651,STILL,NA,1,P01,LAB01,1,0,0,0,0,0
20260910_101021,STILL_1P_NA,53.463,58313637,651,STILL,NA,1,P01,LAB01,2,0,0,0,0,0
20260910_101021,STILL_1P_NA,53.552,58402649,652,STILL,NA,1,P01,LAB01,0,1,-861,1078,0,360
20260910_101021,STILL_1P_NA,53.552,58402649,652,STILL,NA,1,P01,LAB01,1,0,0,0,0,0
20260910_101021,STILL_1P_NA,53.552,58402649,652,STILL,NA,1,P01,LAB01,2,0,0,0,0,0
20260910_101021,STILL_1P_NA,53.640,58491444,653,STILL,NA,1,P01,LAB01,0,1,-865,1075,0,360
20260910_101021,STILL_1P_NA,53.640,58491444,653,STILL,NA,1,P01,LAB01,1,0,0,0,0,0
20260910_101021,STILL_1P_NA,53.640,58491444,653,STILL,NA,1,P01,LAB01,2,0,0,0,0,0
20260910_101021,STILL_1P_NA,53.730,58580649,654,STILL,NA,1,P01,LAB01,0,1,-869,1072,0,360
20260910_101021,STILL_1P_NA,53.730,58580649,654,STILL,NA,1,P01,LAB01,1,0,0,0,0,0
20260910_101021,STILL_1P_NA,53.730,58580649,654,STILL,NA,1,P01,LAB01,2,0,0,0,0,0
20260910_101021,STILL_1P_NA,53.819,58669690,655,STILL,NA,1,P01,LAB01,0,1,-872,1071,0,360
20260910_101021,STILL_1P_NA,53.819,58669690,655,STILL,NA,1,P01,LAB01,1,0,0,0,0,0
20260910_101021,STILL_1P_NA,53.819,58669690,655,STILL,NA,1,P01,LAB01,2,0,0,0,0,0
20260910_101021,STILL_1P_NA,53.907,58758479,656,STILL,NA,1,P01,LAB01,0,1,-873,1069,0,360
20260910_101021,STILL_1P_NA,53.907,58758479,656,STILL,NA,1,P01,LAB01,1,0,0,0,0,0
20260910_101021,STILL_1P_NA,53.907,58758479,656,STILL,NA,1,P01,LAB01,2,0,0,0,0,0
20260910_101021,STILL_1P_NA,53.997,58847560,657,STILL,NA,1,P01,LAB01,0,1,-872,1071,0,360
20260910_101021,STILL_1P_NA,53.997,58847560,657,STILL,NA,1,P01,LAB01,1,0,0,0,0,0
20260910_101021,STILL_1P_NA,53.997,58847560,657,STILL,NA,1,P01,LAB01,2,0,0,0,0,0
20260910_101021,STILL_1P_NA,54.085,58936670,658,STILL,NA,1,P01,LAB01,0,1,-870,1070,0,360
20260910_101021,STILL_1P_NA,54.085,58936670,658,STILL,NA,1,P01,LAB01,1,0,0,0,0,0
20260910_101021,STILL_1P_NA,54.085,58936670,658,STILL,NA,1,P01,LAB01,2,0,0,0,0,0
20260910_101021,STILL_1P_NA,54.175,59025396,659,STILL,NA,1,P01,LAB01,0,1,-869,1069,0,360
20260910_101021,STILL_1P_NA,54.175,59025396,659,STILL,NA,1,P01,LAB01,1,0,0,0,0,0
20260910_101021,STILL_1P_NA,54.175,59025396,659,STILL,NA,1,P01,LAB01,2,0,0,0,0,0
20260910_101021,STILL_1P_NA,54.263,59114444,660,STILL,NA,1,P01,LAB01,0,1,-869,1069,0,360
20260910_101021,STILL_1P_NA,54.263,59114444,660,STILL,NA,1,P01,LAB01,1,0,0,0,0,0
20260910_101021,STILL_1P_NA,54.263,59114444,660,STILL,NA,1,P01,LAB01,2,0,0,0,0,0
20260910_101021,STILL_1P_NA,54.352,59203554,661,STILL,NA,1,P01,LAB01,0,1,-870,1069,0,360
20260910_101021,STILL_1P_NA,54.352,59203554,661,STILL,NA,1,P01,LAB01,1,0,0,0,0,0
20260910_101021,STILL_1P_NA,54.352,59203554,661,STILL,NA,1,P01,LAB01,2,0,0,0,0,0
20260910_101021,STILL_1P_NA,54.441,59292346,662,STILL,NA,1,P01,LAB01,0,1,-870,1070,0,360
20260910_101021,STILL_1P_NA,54.441,59292346,662,STILL,NA,1,P01,LAB01,1,0,0,0,0,0
20260910_101021,STILL_1P_NA,54.441,59292346,662,STILL,NA,1,P01,LAB01,2,0,0,0,0,0
20260910_101021,STILL_1P_NA,54.530,59381237,663,STILL,NA,1,P01,LAB01,0,1,-872,1071,0,360
20260910_101021,STILL_1P_NA,54.530,59381237,663,STILL,NA,1,P01,LAB01,1,0,0,0,0,0
20260910_101021,STILL_1P_NA,54.530,59381237,663,STILL,NA,1,P01,LAB01,2,0,0,0,0,0
20260910_101021,STILL_1P_NA,54.619,59470438,664,STILL,NA,1,P01,LAB01,0,1,-873,1072,0,360
20260910_101021,STILL_1P_NA,54.619,59470438,664,STILL,NA,1,P01,LAB01,1,0,0,0,0,0
20260910_101021,STILL_1P_NA,54.619,59470438,664,STILL,NA,1,P01,LAB01,2,0,0,0,0,0
20260910_101021,STILL_1P_NA,54.708,59559299,665,STILL,NA,1,P01,LAB01,0,1,-873,1073,0,360
20260910_101021,STILL_1P_NA,54.708,59559299,665,STILL,NA,1,P01,LAB01,1,0,0,0,0,0
20260910_101021,STILL_1P_NA,54.708,59559299,665,STILL,NA,1,P01,LAB01,2,0,0,0,0,0
20260910_101021,STILL_1P_NA,54.797,59648403,666,STILL,NA,1,P01,LAB01,0,1,-874,1074,0,360
20260910_101021,STILL_1P_NA,54.797,59648403,666,STILL,NA,1,P01,LAB01,1,0,0,0,0,0
20260910_101021,STILL_1P_NA,54.797,59648403,666,STILL,NA,1,P01,LAB01,2,0,0,0,0,0
20260910_101021,STILL_1P_NA,54.886,59737323,667,STILL,NA,1,P01,LAB01,0,1,-872,1076,0,360
20260910_101021,STILL_1P_NA,54.886,59737323,667,STILL,NA,1,P01,LAB01,1,0,0,0,0,0
20260910_101021,STILL_1P_NA,54.886,59737323,667,STILL,NA,1,P01,LAB01,2,0,0,0,0,0
20260910_101021,STILL_1P_NA,54.975,59826486,668,STILL,NA,1,P01,LAB01,0,1,-870,1077,0,360
20260910_101021,STILL_1P_NA,54.975,59826486,668,STILL,NA,1,P01,LAB01,1,0,0,0,0,0
20260910_101021,STILL_1P_NA,54.975,59826486,668,STILL,NA,1,P01,LAB01,2,0,0,0,0,0
20260910_101021,STILL_1P_NA,55.064,59915472,669,STILL,NA,1,P01,LAB01,0,1,-870,1077,0,360
20260910_101021,STILL_1P_NA,55.064,59915472,669,STILL,NA,1,P01,LAB01,1,0,0,0,0,0
20260910_101021,STILL_1P_NA,55.064,59915472,669,STILL,NA,1,P01,LAB01,2,0,0,0,0,0
20260910_101021,STILL_1P_NA,55.154,60004676,670,STILL,NA,1,P01,LAB01,0,1,-872,1074,0,360
20260910_101021,STILL_1P_NA,55.154,60004676,670,STILL,NA,1,P01,LAB01,1,0,0,0,0,0
20260910_101021,STILL_1P_NA,55.154,60004676,670,STILL,NA,1,P01,LAB01,2,0,0,0,0,0
20260910_101021,STILL_1P_NA,55.243,60093286,671,STILL,NA,1,P01,LAB01,0,1,-872,1072,0,360
20260910_101021,STILL_1P_NA,55.243,60093286,671,STILL,NA,1,P01,LAB01,1,0,0,0,0,0
20260910_101021,STILL_1P_NA,55.243,60093286,671,STILL,NA,1,P01,LAB01,2,0,0,0,0,0
20260910_101021,STILL_1P_NA,55.332,60182514,672,STILL,NA,1,P01,LAB01,0,1,-868,1076,0,360
20260910_101021,STILL_1P_NA,55.332,60182514,672,STILL,NA,1,P01,LAB01,1,0,0,0,0,0
20260910_101021,STILL_1P_NA,55.332,60182514,672,STILL,NA,1,P01,LAB01,2,0,0,0,0,0
20260910_101021,STILL_1P_NA,55.420,60271466,673,STILL,NA,1,P01,LAB01,0,1,-865,1079,0,360
20260910_101021,STILL_1P_NA,55.420,60271466,673,STILL,NA,1,P01,LAB01,1,0,0,0,0,0
20260910_101021,STILL_1P_NA,55.420,60271466,673,STILL,NA,1,P01,LAB01,2,0,0,0,0,0
20260910_101021,STILL_1P_NA,55.510,60360608,674,STILL,NA,1,P01,LAB01,0,1,-865,1079,0,360
20260910_101021,STILL_1P_NA,55.510,60360608,674,STILL,NA,1,P01,LAB01,1,0,0,0,0,0
20260910_101021,STILL_1P_NA,55.510,60360608,674,STILL,NA,1,P01,LAB01,2,0,0,0,0,0
20260910_101021,STILL_1P_NA,55.598,60449340,675,STILL,NA,1,P01,LAB01,0,1,-866,1077,0,360
20260910_101021,STILL_1P_NA,55.598,60449340,675,STILL,NA,1,P01,LAB01,1,0,0,0,0,0
20260910_101021,STILL_1P_NA,55.598,60449340,675,STILL,NA,1,P01,LAB01,2,0,0,0,0,0
20260910_101021,STILL_1P_NA,55.687,60538535,676,STILL,NA,1,P01,LAB01,0,1,-867,1076,0,360
20260910_101021,STILL_1P_NA,55.687,60538535,676,STILL,NA,1,P01,LAB01,1,0,0,0,0,0
20260910_101021,STILL_1P_NA,55.687,60538535,676,STILL,NA,1,P01,LAB01,2,0,0,0,0,0
20260910_101021,STILL_1P_NA,55.776,60627423,677,STILL,NA,1,P01,LAB01,0,1,-867,1075,0,360
20260910_101021,STILL_1P_NA,55.776,60627423,677,STILL,NA,1,P01,LAB01,1,0,0,0,0,0
20260910_101021,STILL_1P_NA,55.776,60627423,677,STILL,NA,1,P01,LAB01,2,0,0,0,0,0
20260910_101021,STILL_1P_NA,55.865,60716499,678,STILL,NA,1,P01,LAB01,0,1,-866,1075,0,360
20260910_101021,STILL_1P_NA,55.865,60716499,678,STILL,NA,1,P01,LAB01,1,0,0,0,0,0
20260910_101021,STILL_1P_NA,55.865,60716499,678,STILL,NA,1,P01,LAB01,2,0,0,0,0,0
20260910_101021,STILL_1P_NA,55.954,60805451,679,STILL,NA,1,P01,LAB01,0,1,-865,1076,0,360
20260910_101021,STILL_1P_NA,55.954,60805451,679,STILL,NA,1,P01,LAB01,1,0,0,0,0,0
20260910_101021,STILL_1P_NA,55.954,60805451,679,STILL,NA,1,P01,LAB01,2,0,0,0,0,0
20260910_101021,STILL_1P_NA,56.043,60894500,680,STILL,NA,1,P01,LAB01,0,1,-863,1078,0,360
20260910_101021,STILL_1P_NA,56.043,60894500,680,STILL,NA,1,P01,LAB01,1,0,0,0,0,0
20260910_101021,STILL_1P_NA,56.043,60894500,680,STILL,NA,1,P01,LAB01,2,0,0,0,0,0
20260910_101021,STILL_1P_NA,56.133,60983326,681,STILL,NA,1,P01,LAB01,0,1,-861,1080,0,360
20260910_101021,STILL_1P_NA,56.133,60983326,681,STILL,NA,1,P01,LAB01,1,0,0,0,0,0
20260910_101021,STILL_1P_NA,56.133,60983326,681,STILL,NA,1,P01,LAB01,2,0,0,0,0,0
20260910_101021,STILL_1P_NA,56.221,61072281,682,STILL,NA,1,P01,LAB01,0,1,-859,1083,0,360
20260910_101021,STILL_1P_NA,56.221,61072281,682,STILL,NA,1,P01,LAB01,1,0,0,0,0,0
20260910_101021,STILL_1P_NA,56.221,61072281,682,STILL,NA,1,P01,LAB01,2,0,0,0,0,0
20260910_101021,STILL_1P_NA,56.310,61161260,683,STILL,NA,1,P01,LAB01,0,1,-856,1087,0,360
20260910_101021,STILL_1P_NA,56.310,61161260,683,STILL,NA,1,P01,LAB01,1,0,0,0,0,0
20260910_101021,STILL_1P_NA,56.310,61161260,683,STILL,NA,1,P01,LAB01,2,0,0,0,0,0
20260910_101021,STILL_1P_NA,56.399,61250176,684,STILL,NA,1,P01,LAB01,0,1,-852,1090,0,360
20260910_101021,STILL_1P_NA,56.399,61250176,684,STILL,NA,1,P01,LAB01,1,0,0,0,0,0
20260910_101021,STILL_1P_NA,56.399,61250176,684,STILL,NA,1,P01,LAB01,2,0,0,0,0,0
20260910_101021,STILL_1P_NA,56.488,61339186,685,STILL,NA,1,P01,LAB01,0,1,-852,1089,0,360
20260910_101021,STILL_1P_NA,56.488,61339186,685,STILL,NA,1,P01,LAB01,1,0,0,0,0,0
20260910_101021,STILL_1P_NA,56.488,61339186,685,STILL,NA,1,P01,LAB01,2,0,0,0,0,0
20260910_101021,STILL_1P_NA,56.577,61428169,686,STILL,NA,1,P01,LAB01,0,1,-852,1086,0,360
20260910_101021,STILL_1P_NA,56.577,61428169,686,STILL,NA,1,P01,LAB01,1,0,0,0,0,0
20260910_101021,STILL_1P_NA,56.577,61428169,686,STILL,NA,1,P01,LAB01,2,0,0,0,0,0
20260910_101021,STILL_1P_NA,56.666,61517093,687,STILL,NA,1,P01,LAB01,0,1,-852,1087,0,360
20260910_101021,STILL_1P_NA,56.666,61517093,687,STILL,NA,1,P01,LAB01,1,0,0,0,0,0
20260910_101021,STILL_1P_NA,56.666,61517093,687,STILL,NA,1,P01,LAB01,2,0,0,0,0,0
20260910_101021,STILL_1P_NA,56.755,61606359,688,STILL,NA,1,P01,LAB01,0,1,-852,1088,0,360
20260910_101021,STILL_1P_NA,56.755,61606359,688,STILL,NA,1,P01,LAB01,1,0,0,0,0,0
20260910_101021,STILL_1P_NA,56.755,61606359,688,STILL,NA,1,P01,LAB01,2,0,0,0,0,0
20260910_101021,STILL_1P_NA,56.844,61695025,689,STILL,NA,1,P01,LAB01,0,1,-851,1089,0,360
20260910_101021,STILL_1P_NA,56.844,61695025,689,STILL,NA,1,P01,LAB01,1,0,0,0,0,0
20260910_101021,STILL_1P_NA,56.844,61695025,689,STILL,NA,1,P01,LAB01,2,0,0,0,0,0
20260910_101021,STILL_1P_NA,56.934,61784382,690,STILL,NA,1,P01,LAB01,0,1,-851,1089,0,360
20260910_101021,STILL_1P_NA,56.934,61784382,690,STILL,NA,1,P01,LAB01,1,0,0,0,0,0
20260910_101021,STILL_1P_NA,56.934,61784382,690,STILL,NA,1,P01,LAB01,2,0,0,0,0,0
20260910_101021,STILL_1P_NA,57.022,61873243,691,STILL,NA,1,P01,LAB01,0,1,-852,1089,0,360
20260910_101021,STILL_1P_NA,57.022,61873243,691,STILL,NA,1,P01,LAB01,1,0,0,0,0,0
20260910_101021,STILL_1P_NA,57.022,61873243,691,STILL,NA,1,P01,LAB01,2,0,0,0,0,0
20260910_101021,STILL_1P_NA,57.111,61962320,692,STILL,NA,1,P01,LAB01,0,1,-853,1087,0,360
20260910_101021,STILL_1P_NA,57.111,61962320,692,STILL,NA,1,P01,LAB01,1,0,0,0,0,0
20260910_101021,STILL_1P_NA,57.111,61962320,692,STILL,NA,1,P01,LAB01,2,0,0,0,0,0
20260910_101021,STILL_1P_NA,57.200,62050900,693,STILL,NA,1,P01,LAB01,0,1,-854,1085,0,360
20260910_101021,STILL_1P_NA,57.200,62050900,693,STILL,NA,1,P01,LAB01,1,0,0,0,0,0
20260910_101021,STILL_1P_NA,57.200,62050900,693,STILL,NA,1,P01,LAB01,2,0,0,0,0,0
20260910_101021,STILL_1P_NA,57.289,62140181,694,STILL,NA,1,P01,LAB01,0,1,-853,1085,8,360
20260910_101021,STILL_1P_NA,57.289,62140181,694,STILL,NA,1,P01,LAB01,1,0,0,0,0,0
20260910_101021,STILL_1P_NA,57.289,62140181,694,STILL,NA,1,P01,LAB01,2,0,0,0,0,0
20260910_101021,STILL_1P_NA,57.378,62229240,695,STILL,NA,1,P01,LAB01,0,1,-852,1085,0,360
20260910_101021,STILL_1P_NA,57.378,62229240,695,STILL,NA,1,P01,LAB01,1,0,0,0,0,0
20260910_101021,STILL_1P_NA,57.378,62229240,695,STILL,NA,1,P01,LAB01,2,0,0,0,0,0
20260910_101021,STILL_1P_NA,57.467,62318250,696,STILL,NA,1,P01,LAB01,0,1,-853,1084,0,360
20260910_101021,STILL_1P_NA,57.467,62318250,696,STILL,NA,1,P01,LAB01,1,0,0,0,0,0
20260910_101021,STILL_1P_NA,57.467,62318250,696,STILL,NA,1,P01,LAB01,2,0,0,0,0,0
20260910_101021,STILL_1P_NA,57.556,62407099,697,STILL,NA,1,P01,LAB01,0,1,-855,1080,0,360
20260910_101021,STILL_1P_NA,57.556,62407099,697,STILL,NA,1,P01,LAB01,1,0,0,0,0,0
20260910_101021,STILL_1P_NA,57.556,62407099,697,STILL,NA,1,P01,LAB01,2,0,0,0,0,0
20260910_101021,STILL_1P_NA,57.645,62496086,698,STILL,NA,1,P01,LAB01,0,1,-858,1076,0,360
20260910_101021,STILL_1P_NA,57.645,62496086,698,STILL,NA,1,P01,LAB01,1,0,0,0,0,0
20260910_101021,STILL_1P_NA,57.645,62496086,698,STILL,NA,1,P01,LAB01,2,0,0,0,0,0
20260910_101021,STILL_1P_NA,57.734,62585009,699,STILL,NA,1,P01,LAB01,0,1,-861,1074,0,360
20260910_101021,STILL_1P_NA,57.734,62585009,699,STILL,NA,1,P01,LAB01,1,0,0,0,0,0
20260910_101021,STILL_1P_NA,57.734,62585009,699,STILL,NA,1,P01,LAB01,2,0,0,0,0,0
20260910_101021,STILL_1P_NA,57.823,62674176,700,STILL,NA,1,P01,LAB01,0,1,-863,1072,0,360
20260910_101021,STILL_1P_NA,57.823,62674176,700,STILL,NA,1,P01,LAB01,1,0,0,0,0,0
20260910_101021,STILL_1P_NA,57.823,62674176,700,STILL,NA,1,P01,LAB01,2,0,0,0,0,0
20260910_101021,STILL_1P_NA,57.912,62763065,701,STILL,NA,1,P01,LAB01,0,1,-865,1070,0,360
20260910_101021,STILL_1P_NA,57.912,62763065,701,STILL,NA,1,P01,LAB01,1,0,0,0,0,0
20260910_101021,STILL_1P_NA,57.912,62763065,701,STILL,NA,1,P01,LAB01,2,0,0,0,0,0
20260910_101021,STILL_1P_NA,58.001,62851922,702,STILL,NA,1,P01,LAB01,0,1,-868,1067,0,360
20260910_101021,STILL_1P_NA,58.001,62851922,702,STILL,NA,1,P01,LAB01,1,0,0,0,0,0
20260910_101021,STILL_1P_NA,58.001,62851922,702,STILL,NA,1,P01,LAB01,2,0,0,0,0,0
20260910_101021,STILL_1P_NA,58.090,62941155,703,STILL,NA,1,P01,LAB01,0,1,-871,1064,0,360
20260910_101021,STILL_1P_NA,58.090,62941155,703,STILL,NA,1,P01,LAB01,1,0,0,0,0,0
20260910_101021,STILL_1P_NA,58.090,62941155,703,STILL,NA,1,P01,LAB01,2,0,0,0,0,0
20260910_101021,STILL_1P_NA,58.179,63030158,704,STILL,NA,1,P01,LAB01,0,1,-872,1063,0,360
20260910_101021,STILL_1P_NA,58.179,63030158,704,STILL,NA,1,P01,LAB01,1,0,0,0,0,0
20260910_101021,STILL_1P_NA,58.179,63030158,704,STILL,NA,1,P01,LAB01,2,0,0,0,0,0
20260910_101021,STILL_1P_NA,58.268,63119250,705,STILL,NA,1,P01,LAB01,0,1,-874,1061,0,360
20260910_101021,STILL_1P_NA,58.268,63119250,705,STILL,NA,1,P01,LAB01,1,0,0,0,0,0
20260910_101021,STILL_1P_NA,58.268,63119250,705,STILL,NA,1,P01,LAB01,2,0,0,0,0,0
20260910_101021,STILL_1P_NA,58.357,63207794,706,STILL,NA,1,P01,LAB01,0,1,-877,1059,0,360
20260910_101021,STILL_1P_NA,58.357,63207794,706,STILL,NA,1,P01,LAB01,1,0,0,0,0,0
20260910_101021,STILL_1P_NA,58.357,63207794,706,STILL,NA,1,P01,LAB01,2,0,0,0,0,0
20260910_101021,STILL_1P_NA,58.445,63296809,707,STILL,NA,1,P01,LAB01,0,1,-880,1058,0,360
20260910_101021,STILL_1P_NA,58.445,63296809,707,STILL,NA,1,P01,LAB01,1,0,0,0,0,0
20260910_101021,STILL_1P_NA,58.445,63296809,707,STILL,NA,1,P01,LAB01,2,0,0,0,0,0
20260910_101021,STILL_1P_NA,58.534,63385599,708,STILL,NA,1,P01,LAB01,0,1,-880,1056,0,360
20260910_101021,STILL_1P_NA,58.534,63385599,708,STILL,NA,1,P01,LAB01,1,0,0,0,0,0
20260910_101021,STILL_1P_NA,58.534,63385599,708,STILL,NA,1,P01,LAB01,2,0,0,0,0,0
20260910_101021,STILL_1P_NA,58.624,63474617,709,STILL,NA,1,P01,LAB01,0,1,-879,1056,0,360
20260910_101021,STILL_1P_NA,58.624,63474617,709,STILL,NA,1,P01,LAB01,1,0,0,0,0,0
20260910_101021,STILL_1P_NA,58.624,63474617,709,STILL,NA,1,P01,LAB01,2,0,0,0,0,0
20260910_101021,STILL_1P_NA,58.713,63563879,710,STILL,NA,1,P01,LAB01,0,1,-880,1058,0,360
20260910_101021,STILL_1P_NA,58.713,63563879,710,STILL,NA,1,P01,LAB01,1,0,0,0,0,0
20260910_101021,STILL_1P_NA,58.713,63563879,710,STILL,NA,1,P01,LAB01,2,0,0,0,0,0
20260910_101021,STILL_1P_NA,58.801,63652927,711,STILL,NA,1,P01,LAB01,0,1,-880,1061,0,360
20260910_101021,STILL_1P_NA,58.801,63652927,711,STILL,NA,1,P01,LAB01,1,0,0,0,0,0
20260910_101021,STILL_1P_NA,58.801,63652927,711,STILL,NA,1,P01,LAB01,2,0,0,0,0,0
20260910_101021,STILL_1P_NA,58.891,63741879,712,STILL,NA,1,P01,LAB01,0,1,-878,1065,0,360
20260910_101021,STILL_1P_NA,58.891,63741879,712,STILL,NA,1,P01,LAB01,1,0,0,0,0,0
20260910_101021,STILL_1P_NA,58.891,63741879,712,STILL,NA,1,P01,LAB01,2,0,0,0,0,0
20260910_101021,STILL_1P_NA,58.980,63831072,713,STILL,NA,1,P01,LAB01,0,1,-878,1066,0,360
20260910_101021,STILL_1P_NA,58.980,63831072,713,STILL,NA,1,P01,LAB01,1,0,0,0,0,0
20260910_101021,STILL_1P_NA,58.980,63831072,713,STILL,NA,1,P01,LAB01,2,0,0,0,0,0
20260910_101021,STILL_1P_NA,59.070,63919906,714,STILL,NA,1,P01,LAB01,0,1,-879,1065,0,360
20260910_101021,STILL_1P_NA,59.070,63919906,714,STILL,NA,1,P01,LAB01,1,0,0,0,0,0
20260910_101021,STILL_1P_NA,59.070,63919906,714,STILL,NA,1,P01,LAB01,2,0,0,0,0,0
20260910_101021,STILL_1P_NA,59.158,64009260,715,STILL,NA,1,P01,LAB01,0,1,-880,1064,0,360
20260910_101021,STILL_1P_NA,59.158,64009260,715,STILL,NA,1,P01,LAB01,1,0,0,0,0,0
20260910_101021,STILL_1P_NA,59.158,64009260,715,STILL,NA,1,P01,LAB01,2,0,0,0,0,0
20260910_101021,STILL_1P_NA,59.246,64097809,716,STILL,NA,1,P01,LAB01,0,1,-879,1064,0,360
20260910_101021,STILL_1P_NA,59.246,64097809,716,STILL,NA,1,P01,LAB01,1,0,0,0,0,0
20260910_101021,STILL_1P_NA,59.246,64097809,716,STILL,NA,1,P01,LAB01,2,0,0,0,0,0
20260910_101021,STILL_1P_NA,59.336,64187026,717,STILL,NA,1,P01,LAB01,0,1,-878,1064,0,360
20260910_101021,STILL_1P_NA,59.336,64187026,717,STILL,NA,1,P01,LAB01,1,0,0,0,0,0
20260910_101021,STILL_1P_NA,59.336,64187026,717,STILL,NA,1,P01,LAB01,2,0,0,0,0,0
20260910_101021,STILL_1P_NA,59.424,64275703,718,STILL,NA,1,P01,LAB01,0,1,-875,1065,0,360
20260910_101021,STILL_1P_NA,59.424,64275703,718,STILL,NA,1,P01,LAB01,1,0,0,0,0,0
20260910_101021,STILL_1P_NA,59.424,64275703,718,STILL,NA,1,P01,LAB01,2,0,0,0,0,0
20260910_101021,STILL_1P_NA,59.513,64364693,719,STILL,NA,1,P01,LAB01,0,1,-875,1064,0,360
20260910_101021,STILL_1P_NA,59.513,64364693,719,STILL,NA,1,P01,LAB01,1,0,0,0,0,0
20260910_101021,STILL_1P_NA,59.513,64364693,719,STILL,NA,1,P01,LAB01,2,0,0,0,0,0
20260910_101021,STILL_1P_NA,59.602,64453703,720,STILL,NA,1,P01,LAB01,0,1,-877,1063,0,360
20260910_101021,STILL_1P_NA,59.602,64453703,720,STILL,NA,1,P01,LAB01,1,0,0,0,0,0
20260910_101021,STILL_1P_NA,59.602,64453703,720,STILL,NA,1,P01,LAB01,2,0,0,0,0,0
20260910_101021,STILL_1P_NA,59.692,64543048,721,STILL,NA,1,P01,LAB01,0,1,-878,1062,0,360
20260910_101021,STILL_1P_NA,59.692,64543048,721,STILL,NA,1,P01,LAB01,1,0,0,0,0,0
20260910_101021,STILL_1P_NA,59.692,64543048,721,STILL,NA,1,P01,LAB01,2,0,0,0,0,0
20260910_101021,STILL_1P_NA,59.780,64631823,722,STILL,NA,1,P01,LAB01,0,1,-878,1063,0,360
20260910_101021,STILL_1P_NA,59.780,64631823,722,STILL,NA,1,P01,LAB01,1,0,0,0,0,0
20260910_101021,STILL_1P_NA,59.780,64631823,722,STILL,NA,1,P01,LAB01,2,0,0,0,0,0
20260910_101021,STILL_1P_NA,59.870,64721176,723,STILL,NA,1,P01,LAB01,0,1,-877,1064,0,360
20260910_101021,STILL_1P_NA,59.870,64721176,723,STILL,NA,1,P01,LAB01,1,0,0,0,0,0
20260910_101021,STILL_1P_NA,59.870,64721176,723,STILL,NA,1,P01,LAB01,2,0,0,0,0,0
20260910_101021,STILL_1P_NA,59.958,64809850,724,STILL,NA,1,P01,LAB01,0,1,-876,1067,0,360
20260910_101021,STILL_1P_NA,59.958,64809850,724,STILL,NA,1,P01,LAB01,1,0,0,0,0,0
20260910_101021,STILL_1P_NA,59.958,64809850,724,STILL,NA,1,P01,LAB01,2,0,0,0,0,0
20260910_101021,STILL_1P_NA,60.048,64899043,725,STILL,NA,1,P01,LAB01,0,1,-874,1070,0,360
20260910_101021,STILL_1P_NA,60.048,64899043,725,STILL,NA,1,P01,LAB01,1,0,0,0,0,0
20260910_101021,STILL_1P_NA,60.048,64899043,725,STILL,NA,1,P01,LAB01,2,0,0,0,0,0
