session_id,scenario,pc_time_s,esp_time_us,frame_id,activity,direction,people_count,participants,environment,target_slot,valid,x_mm,y_mm,speed_cm_s,resolution_mm
20260910_104915,STILL_1P_NA,0.004,1870020,17,STILL,NA,1,P03,LAB01,0,1,2070,3453,-24,360
20260910_104915,STILL_1P_NA,0.004,1870020,17,STILL,NA,1,P03,LAB01,1,0,0,0,0,0
20260910_104915,STILL_1P_NA,0.004,1870020,17,STILL,NA,1,P03,LAB01,2,0,0,0,0,0
20260910_104915,STILL_1P_NA,0.007,1959255,18,STILL,NA,1,P03,LAB01,0,1,2063,3416,-16,360
20260910_104915,STILL_1P_NA,0.007,1959255,18,STILL,NA,1,P03,LAB01,1,0,0,0,0,0
20260910_104915,STILL_1P_NA,0.007,1959255,18,STILL,NA,1,P03,LAB01,2,0,0,0,0,0
20260910_104915,STILL_1P_NA,0.011,2048070,19,STILL,NA,1,P03,LAB01,0,1,2083,3350,-24,360
20260910_104915,STILL_1P_NA,0.011,2048070,19,STILL,NA,1,P03,LAB01,1,0,0,0,0,0
20260910_104915,STILL_1P_NA,0.011,2048070,19,STILL,NA,1,P03,LAB01,2,0,0,0,0,0
20260910_104915,STILL_1P_NA,0.015,2137254,20,STILL,NA,1,P03,LAB01,0,1,2091,3293,-32,360
20260910_104915,STILL_1P_NA,0.015,2137254,20,STILL,NA,1,P03,LAB01,1,0,0,0,0,0
20260910_104915,STILL_1P_NA,0.015,2137254,20,STILL,NA,1,P03,LAB01,2,0,0,0,0,0
20260910_104915,STILL_1P_NA,0.017,2225984,21,STILL,NA,1,P03,LAB01,0,1,2111,3253,-24,360
20260910_104915,STILL_1P_NA,0.017,2225984,21,STILL,NA,1,P03,LAB01,1,0,0,0,0,0
20260910_104915,STILL_1P_NA,0.017,2225984,21,STILL,NA,1,P03,LAB01,2,0,0,0,0,0
20260910_104915,STILL_1P_NA,0.018,2315113,22,STILL,NA,1,P03,LAB01,0,1,2110,3226,-39,360
20260910_104915,STILL_1P_NA,0.018,2315113,22,STILL,NA,1,P03,LAB01,1,0,0,0,0,0
20260910_104915,STILL_1P_NA,0.018,2315113,22,STILL,NA,1,P03,LAB01,2,0,0,0,0,0
20260910_104915,STILL_1P_NA,0.021,2404067,23,STILL,NA,1,P03,LAB01,0,1,2062,3227,-32,360
20260910_104915,STILL_1P_NA,0.021,2404067,23,STILL,NA,1,P03,LAB01,1,0,0,0,0,0
20260910_104915,STILL_1P_NA,0.021,2404067,23,STILL,NA,1,P03,LAB01,2,0,0,0,0,0
20260910_104915,STILL_1P_NA,0.022,2493081,24,STILL,NA,1,P03,LAB01,0,1,2020,3219,-24,360
20260910_104915,STILL_1P_NA,0.022,2493081,24,STILL,NA,1,P03,LAB01,1,0,0,0,0,0
20260910_104915,STILL_1P_NA,0.022,2493081,24,STILL,NA,1,P03,LAB01,2,0,0,0,0,0
20260910_104915,STILL_1P_NA,0.023,2582228,25,STILL,NA,1,P03,LAB01,0,1,2014,3196,-24,360
20260910_104915,STILL_1P_NA,0.023,2582228,25,STILL,NA,1,P03,LAB01,1,0,0,0,0,0
20260910_104915,STILL_1P_NA,0.023,2582228,25,STILL,NA,1,P03,LAB01,2,0,0,0,0,0
20260910_104915,STILL_1P_NA,0.024,2671108,26,STILL,NA,1,P03,LAB01,0,1,1994,3178,-8,360
20260910_104915,STILL_1P_NA,0.024,2671108,26,STILL,NA,1,P03,LAB01,1,0,0,0,0,0
20260910_104915,STILL_1P_NA,0.024,2671108,26,STILL,NA,1,P03,LAB01,2,0,0,0,0,0
20260910_104915,STILL_1P_NA,0.025,2759880,27,STILL,NA,1,P03,LAB01,0,1,1937,3168,-8,360
20260910_104915,STILL_1P_NA,0.025,2759880,27,STILL,NA,1,P03,LAB01,1,0,0,0,0,0
20260910_104915,STILL_1P_NA,0.025,2759880,27,STILL,NA,1,P03,LAB01,2,0,0,0,0,0
20260910_104915,STILL_1P_NA,0.027,2849040,28,STILL,NA,1,P03,LAB01,0,1,1890,3157,-8,360
20260910_104915,STILL_1P_NA,0.027,2849040,28,STILL,NA,1,P03,LAB01,1,0,0,0,0,0
20260910_104915,STILL_1P_NA,0.027,2849040,28,STILL,NA,1,P03,LAB01,2,0,0,0,0,0
20260910_104915,STILL_1P_NA,0.028,2937809,29,STILL,NA,1,P03,LAB01,0,1,1840,3148,-8,360
20260910_104915,STILL_1P_NA,0.028,2937809,29,STILL,NA,1,P03,LAB01,1,0,0,0,0,0
20260910_104915,STILL_1P_NA,0.028,2937809,29,STILL,NA,1,P03,LAB01,2,0,0,0,0,0
20260910_104915,STILL_1P_NA,0.029,3026883,30,STILL,NA,1,P03,LAB01,0,1,1794,3152,-16,360
20260910_104915,STILL_1P_NA,0.029,3026883,30,STILL,NA,1,P03,LAB01,1,0,0,0,0,0
20260910_104915,STILL_1P_NA,0.029,3026883,30,STILL,NA,1,P03,LAB01,2,0,0,0,0,0
20260910_104915,STILL_1P_NA,0.030,3116176,31,STILL,NA,1,P03,LAB01,0,1,1775,3152,-8,360
20260910_104915,STILL_1P_NA,0.030,3116176,31,STILL,NA,1,P03,LAB01,1,0,0,0,0,0
20260910_104915,STILL_1P_NA,0.030,3116176,31,STILL,NA,1,P03,LAB01,2,0,0,0,0,0
20260910_104915,STILL_1P_NA,0.031,3205126,32,STILL,NA,1,P03,LAB01,0,1,1764,3152,-8,360
20260910_104915,STILL_1P_NA,0.031,3205126,32,STILL,NA,1,P03,LAB01,1,0,0,0,0,0
20260910_104915,STILL_1P_NA,0.031,3205126,32,STILL,NA,1,P03,LAB01,2,0,0,0,0,0
20260910_104915,STILL_1P_NA,0.031,3294019,33,STILL,NA,1,P03,LAB01,0,1,1772,3145,0,360
20260910_104915,STILL_1P_NA,0.031,3294019,33,STILL,NA,1,P03,LAB01,1,0,0,0,0,0
20260910_104915,STILL_1P_NA,0.031,3294019,33,STILL,NA,1,P03,LAB01,2,0,0,0,0,0
20260910_104915,STILL_1P_NA,0.032,3382939,34,STILL,NA,1,P03,LAB01,0,1,1791,3132,-8,360
20260910_104915,STILL_1P_NA,0.032,3382939,34,STILL,NA,1,P03,LAB01,1,0,0,0,0,0
20260910_104915,STILL_1P_NA,0.032,3382939,34,STILL,NA,1,P03,LAB01,2,0,0,0,0,0
20260910_104915,STILL_1P_NA,0.033,3472016,35,STILL,NA,1,P03,LAB01,0,1,1797,3128,-8,360
20260910_104915,STILL_1P_NA,0.033,3472016,35,STILL,NA,1,P03,LAB01,1,0,0,0,0,0
20260910_104915,STILL_1P_NA,0.033,3472016,35,STILL,NA,1,P03,LAB01,2,0,0,0,0,0
20260910_104915,STILL_1P_NA,0.035,3560818,36,STILL,NA,1,P03,LAB01,0,1,1801,3125,0,360
20260910_104915,STILL_1P_NA,0.035,3560818,36,STILL,NA,1,P03,LAB01,1,0,0,0,0,0
20260910_104915,STILL_1P_NA,0.035,3560818,36,STILL,NA,1,P03,LAB01,2,0,0,0,0,0
20260910_104915,STILL_1P_NA,0.036,3650067,37,STILL,NA,1,P03,LAB01,0,1,1808,3118,-8,360
20260910_104915,STILL_1P_NA,0.036,3650067,37,STILL,NA,1,P03,LAB01,1,0,0,0,0,0
20260910_104915,STILL_1P_NA,0.036,3650067,37,STILL,NA,1,P03,LAB01,2,0,0,0,0,0
20260910_104915,STILL_1P_NA,0.036,3738748,38,STILL,NA,1,P03,LAB01,0,1,1815,3112,-16,360
20260910_104915,STILL_1P_NA,0.036,3738748,38,STILL,NA,1,P03,LAB01,1,0,0,0,0,0
20260910_104915,STILL_1P_NA,0.036,3738748,38,STILL,NA,1,P03,LAB01,2,0,0,0,0,0
20260910_104915,STILL_1P_NA,0.037,3827824,39,STILL,NA,1,P03,LAB01,0,1,1838,3087,-24,360
20260910_104915,STILL_1P_NA,0.037,3827824,39,STILL,NA,1,P03,LAB01,1,0,0,0,0,0
20260910_104915,STILL_1P_NA,0.037,3827824,39,STILL,NA,1,P03,LAB01,2,0,0,0,0,0
20260910_104915,STILL_1P_NA,0.038,3916676,40,STILL,NA,1,P03,LAB01,0,1,1852,3071,-16,360
20260910_104915,STILL_1P_NA,0.038,3916676,40,STILL,NA,1,P03,LAB01,1,0,0,0,0,0
20260910_104915,STILL_1P_NA,0.038,3916676,40,STILL,NA,1,P03,LAB01,2,0,0,0,0,0
20260910_104915,STILL_1P_NA,0.038,4006093,41,STILL,NA,1,P03,LAB01,0,1,1858,3062,-16,360
20260910_104915,STILL_1P_NA,0.038,4006093,41,STILL,NA,1,P03,LAB01,1,0,0,0,0,0
20260910_104915,STILL_1P_NA,0.038,4006093,41,STILL,NA,1,P03,LAB01,2,0,0,0,0,0
20260910_104915,STILL_1P_NA,0.039,4094767,42,STILL,NA,1,P03,LAB01,0,1,1863,3061,-8,360
20260910_104915,STILL_1P_NA,0.039,4094767,42,STILL,NA,1,P03,LAB01,1,0,0,0,0,0
20260910_104915,STILL_1P_NA,0.039,4094767,42,STILL,NA,1,P03,LAB01,2,0,0,0,0,0
20260910_104915,STILL_1P_NA,0.040,4183939,43,STILL,NA,1,P03,LAB01,0,1,1866,3057,-8,360
20260910_104915,STILL_1P_NA,0.040,4183939,43,STILL,NA,1,P03,LAB01,1,0,0,0,0,0
20260910_104915,STILL_1P_NA,0.040,4183939,43,STILL,NA,1,P03,LAB01,2,0,0,0,0,0
20260910_104915,STILL_1P_NA,0.041,4272895,44,STILL,NA,1,P03,LAB01,0,1,1866,3054,-8,360
20260910_104915,STILL_1P_NA,0.041,4272895,44,STILL,NA,1,P03,LAB01,1,0,0,0,0,0
20260910_104915,STILL_1P_NA,0.041,4272895,44,STILL,NA,1,P03,LAB01,2,0,0,0,0,0
20260910_104915,STILL_1P_NA,0.042,4361874,45,STILL,NA,1,P03,LAB01,0,1,1861,3052,0,360
20260910_104915,STILL_1P_NA,0.042,4361874,45,STILL,NA,1,P03,LAB01,1,0,0,0,0,0
20260910_104915,STILL_1P_NA,0.042,4361874,45,STILL,NA,1,P03,LAB01,2,0,0,0,0,0
20260910_104915,STILL_1P_NA,0.043,4451067,46,STILL,NA,1,P03,LAB01,0,1,1860,3049,0,360
20260910_104915,STILL_1P_NA,0.043,4451067,46,STILL,NA,1,P03,LAB01,1,0,0,0,0,0
20260910_104915,STILL_1P_NA,0.043,4451067,46,STILL,NA,1,P03,LAB01,2,0,0,0,0,0
20260910_104915,STILL_1P_NA,0.044,4539591,47,STILL,NA,1,P03,LAB01,0,1,1858,3045,8,360
20260910_104915,STILL_1P_NA,0.044,4539591,47,STILL,NA,1,P03,LAB01,1,0,0,0,0,0
20260910_104915,STILL_1P_NA,0.044,4539591,47,STILL,NA,1,P03,LAB01,2,0,0,0,0,0
20260910_104915,STILL_1P_NA,0.044,4629067,48,STILL,NA,1,P03,LAB01,0,1,1861,3040,8,360
20260910_104915,STILL_1P_NA,0.044,4629067,48,STILL,NA,1,P03,LAB01,1,0,0,0,0,0
20260910_104915,STILL_1P_NA,0.044,4629067,48,STILL,NA,1,P03,LAB01,2,0,0,0,0,0
20260910_104915,STILL_1P_NA,0.045,4717862,49,STILL,NA,1,P03,LAB01,0,1,1862,3038,0,360
20260910_104915,STILL_1P_NA,0.045,4717862,49,STILL,NA,1,P03,LAB01,1,0,0,0,0,0
20260910_104915,STILL_1P_NA,0.045,4717862,49,STILL,NA,1,P03,LAB01,2,0,0,0,0,0
20260910_104915,STILL_1P_NA,0.046,4806694,50,STILL,NA,1,P03,LAB01,0,1,1862,3037,0,360
20260910_104915,STILL_1P_NA,0.046,4806694,50,STILL,NA,1,P03,LAB01,1,0,0,0,0,0
20260910_104915,STILL_1P_NA,0.046,4806694,50,STILL,NA,1,P03,LAB01,2,0,0,0,0,0
20260910_104915,STILL_1P_NA,0.047,4895990,51,STILL,NA,1,P03,LAB01,0,1,1861,3037,8,360
20260910_104915,STILL_1P_NA,0.047,4895990,51,STILL,NA,1,P03,LAB01,1,0,0,0,0,0
20260910_104915,STILL_1P_NA,0.047,4895990,51,STILL,NA,1,P03,LAB01,2,0,0,0,0,0
20260910_104915,STILL_1P_NA,0.134,4984687,52,STILL,NA,1,P03,LAB01,0,1,1861,3036,8,360
20260910_104915,STILL_1P_NA,0.134,4984687,52,STILL,NA,1,P03,LAB01,1,0,0,0,0,0
20260910_104915,STILL_1P_NA,0.134,4984687,52,STILL,NA,1,P03,LAB01,2,0,0,0,0,0
20260910_104915,STILL_1P_NA,0.224,5074040,53,STILL,NA,1,P03,LAB01,0,1,1865,3033,0,360
20260910_104915,STILL_1P_NA,0.224,5074040,53,STILL,NA,1,P03,LAB01,1,0,0,0,0,0
20260910_104915,STILL_1P_NA,0.224,5074040,53,STILL,NA,1,P03,LAB01,2,0,0,0,0,0
20260910_104915,STILL_1P_NA,0.313,5162901,54,STILL,NA,1,P03,LAB01,0,1,1867,3032,0,360
20260910_104915,STILL_1P_NA,0.313,5162901,54,STILL,NA,1,P03,LAB01,1,0,0,0,0,0
20260910_104915,STILL_1P_NA,0.313,5162901,54,STILL,NA,1,P03,LAB01,2,0,0,0,0,0
20260910_104915,STILL_1P_NA,0.402,5251948,55,STILL,NA,1,P03,LAB01,0,1,1867,3030,-8,360
20260910_104915,STILL_1P_NA,0.402,5251948,55,STILL,NA,1,P03,LAB01,1,0,0,0,0,0
20260910_104915,STILL_1P_NA,0.402,5251948,55,STILL,NA,1,P03,LAB01,2,0,0,0,0,0
20260910_104915,STILL_1P_NA,0.491,5340740,56,STILL,NA,1,P03,LAB01,0,1,1869,3028,-8,360
20260910_104915,STILL_1P_NA,0.491,5340740,56,STILL,NA,1,P03,LAB01,1,0,0,0,0,0
20260910_104915,STILL_1P_NA,0.491,5340740,56,STILL,NA,1,P03,LAB01,2,0,0,0,0,0
20260910_104915,STILL_1P_NA,0.580,5429975,57,STILL,NA,1,P03,LAB01,0,1,1872,3024,-8,360
20260910_104915,STILL_1P_NA,0.580,5429975,57,STILL,NA,1,P03,LAB01,1,0,0,0,0,0
20260910_104915,STILL_1P_NA,0.580,5429975,57,STILL,NA,1,P03,LAB01,2,0,0,0,0,0
20260910_104915,STILL_1P_NA,0.669,5518803,58,STILL,NA,1,P03,LAB01,0,1,1872,3022,-8,360
20260910_104915,STILL_1P_NA,0.669,5518803,58,STILL,NA,1,P03,LAB01,1,0,0,0,0,0
20260910_104915,STILL_1P_NA,0.669,5518803,58,STILL,NA,1,P03,LAB01,2,0,0,0,0,0
20260910_104915,STILL_1P_NA,0.758,5607780,59,STILL,NA,1,P03,LAB01,0,1,1867,3023,-8,360
20260910_104915,STILL_1P_NA,0.758,5607780,59,STILL,NA,1,P03,LAB01,1,0,0,0,0,0
20260910_104915,STILL_1P_NA,0.758,5607780,59,STILL,NA,1,P03,LAB01,2,0,0,0,0,0
20260910_104915,STILL_1P_NA,0.846,5696445,60,STILL,NA,1,P03,LAB01,0,1,1860,3025,-8,360
20260910_104915,STILL_1P_NA,0.846,5696445,60,STILL,NA,1,P03,LAB01,1,0,0,0,0,0
20260910_104915,STILL_1P_NA,0.846,5696445,60,STILL,NA,1,P03,LAB01,2,0,0,0,0,0
20260910_104915,STILL_1P_NA,0.936,5785907,61,STILL,NA,1,P03,LAB01,0,1,1851,3027,-8,360
20260910_104915,STILL_1P_NA,0.936,5785907,61,STILL,NA,1,P03,LAB01,1,0,0,0,0,0
20260910_104915,STILL_1P_NA,0.936,5785907,61,STILL,NA,1,P03,LAB01,2,0,0,0,0,0
20260910_104915,STILL_1P_NA,1.025,5874883,62,STILL,NA,1,P03,LAB01,0,1,1844,3031,-8,360
20260910_104915,STILL_1P_NA,1.025,5874883,62,STILL,NA,1,P03,LAB01,1,0,0,0,0,0
20260910_104915,STILL_1P_NA,1.025,5874883,62,STILL,NA,1,P03,LAB01,2,0,0,0,0,0
20260910_104915,STILL_1P_NA,1.114,5963874,63,STILL,NA,1,P03,LAB01,0,1,1839,3034,0,360
20260910_104915,STILL_1P_NA,1.114,5963874,63,STILL,NA,1,P03,LAB01,1,0,0,0,0,0
20260910_104915,STILL_1P_NA,1.114,5963874,63,STILL,NA,1,P03,LAB01,2,0,0,0,0,0
20260910_104915,STILL_1P_NA,1.203,6052694,64,STILL,NA,1,P03,LAB01,0,1,1839,3034,8,360
20260910_104915,STILL_1P_NA,1.203,6052694,64,STILL,NA,1,P03,LAB01,1,0,0,0,0,0
20260910_104915,STILL_1P_NA,1.203,6052694,64,STILL,NA,1,P03,LAB01,2,0,0,0,0,0
20260910_104915,STILL_1P_NA,1.292,6141927,65,STILL,NA,1,P03,LAB01,0,1,1836,3036,0,360
20260910_104915,STILL_1P_NA,1.292,6141927,65,STILL,NA,1,P03,LAB01,1,0,0,0,0,0
20260910_104915,STILL_1P_NA,1.292,6141927,65,STILL,NA,1,P03,LAB01,2,0,0,0,0,0
20260910_104915,STILL_1P_NA,1.381,6230566,66,STILL,NA,1,P03,LAB01,0,1,1834,3038,0,360
20260910_104915,STILL_1P_NA,1.381,6230566,66,STILL,NA,1,P03,LAB01,1,0,0,0,0,0
20260910_104915,STILL_1P_NA,1.381,6230566,66,STILL,NA,1,P03,LAB01,2,0,0,0,0,0
20260910_104915,STILL_1P_NA,1.470,6319611,67,STILL,NA,1,P03,LAB01,0,1,1834,3034,0,360
20260910_104915,STILL_1P_NA,1.470,6319611,67,STILL,NA,1,P03,LAB01,1,0,0,0,0,0
20260910_104915,STILL_1P_NA,1.470,6319611,67,STILL,NA,1,P03,LAB01,2,0,0,0,0,0
20260910_104915,STILL_1P_NA,1.559,6408594,68,STILL,NA,1,P03,LAB01,0,1,1833,3032,0,360
20260910_104915,STILL_1P_NA,1.559,6408594,68,STILL,NA,1,P03,LAB01,1,0,0,0,0,0
20260910_104915,STILL_1P_NA,1.559,6408594,68,STILL,NA,1,P03,LAB01,2,0,0,0,0,0
20260910_104915,STILL_1P_NA,1.648,6497856,69,STILL,NA,1,P03,LAB01,0,1,1831,3030,0,360
20260910_104915,STILL_1P_NA,1.648,6497856,69,STILL,NA,1,P03,LAB01,1,0,0,0,0,0
20260910_104915,STILL_1P_NA,1.648,6497856,69,STILL,NA,1,P03,LAB01,2,0,0,0,0,0
20260910_104915,STILL_1P_NA,1.737,6586995,70,STILL,NA,1,P03,LAB01,0,1,1827,3026,8,360
20260910_104915,STILL_1P_NA,1.737,6586995,70,STILL,NA,1,P03,LAB01,1,0,0,0,0,0
20260910_104915,STILL_1P_NA,1.737,6586995,70,STILL,NA,1,P03,LAB01,2,0,0,0,0,0
20260910_104915,STILL_1P_NA,1.826,6675884,71,STILL,NA,1,P03,LAB01,0,1,1827,3021,8,360
20260910_104915,STILL_1P_NA,1.826,6675884,71,STILL,NA,1,P03,LAB01,1,0,0,0,0,0
20260910_104915,STILL_1P_NA,1.826,6675884,71,STILL,NA,1,P03,LAB01,2,0,0,0,0,0
20260910_104915,STILL_1P_NA,1.915,6764777,72,STILL,NA,1,P03,LAB01,0,1,1825,3018,8,360
20260910_104915,STILL_1P_NA,1.915,6764777,72,STILL,NA,1,P03,LAB01,1,0,0,0,0,0
20260910_104915,STILL_1P_NA,1.915,6764777,72,STILL,NA,1,P03,LAB01,2,0,0,0,0,0
20260910_104915,STILL_1P_NA,2.004,6853880,73,STILL,NA,1,P03,LAB01,0,1,1818,3020,8,360
20260910_104915,STILL_1P_NA,2.004,6853880,73,STILL,NA,1,P03,LAB01,1,0,0,0,0,0
20260910_104915,STILL_1P_NA,2.004,6853880,73,STILL,NA,1,P03,LAB01,2,0,0,0,0,0
20260910_104915,STILL_1P_NA,2.092,6942356,74,STILL,NA,1,P03,LAB01,0,1,1814,3021,8,360
20260910_104915,STILL_1P_NA,2.092,6942356,74,STILL,NA,1,P03,LAB01,1,0,0,0,0,0
20260910_104915,STILL_1P_NA,2.092,6942356,74,STILL,NA,1,P03,LAB01,2,0,0,0,0,0
20260910_104915,STILL_1P_NA,2.182,7031594,75,STILL,NA,1,P03,LAB01,0,1,1809,3021,8,360
20260910_104915,STILL_1P_NA,2.182,7031594,75,STILL,NA,1,P03,LAB01,1,0,0,0,0,0
20260910_104915,STILL_1P_NA,2.182,7031594,75,STILL,NA,1,P03,LAB01,2,0,0,0,0,0
20260910_104915,STILL_1P_NA,2.270,7120697,76,STILL,NA,1,P03,LAB01,0,1,1808,3020,8,360
20260910_104915,STILL_1P_NA,2.270,7120697,76,STILL,NA,1,P03,LAB01,1,0,0,0,0,0
20260910_104915,STILL_1P_NA,2.270,7120697,76,STILL,NA,1,P03,LAB01,2,0,0,0,0,0
20260910_104915,STILL_1P_NA,2.360,7209845,77,STILL,NA,1,P03,LAB01,0,1,1806,3022,8,360
20260910_104915,STILL_1P_NA,2.360,7209845,77,STILL,NA,1,P03,LAB01,1,0,0,0,0,0
20260910_104915,STILL_1P_NA,2.360,7209845,77,STILL,NA,1,P03,LAB01,2,0,0,0,0,0
20260910_104915,STILL_1P_NA,2.449,7298576,78,STILL,NA,1,P03,LAB01,0,1,1810,3022,8,360
20260910_104915,STILL_1P_NA,2.449,7298576,78,STILL,NA,1,P03,LAB01,1,0,0,0,0,0
20260910_104915,STILL_1P_NA,2.449,7298576,78,STILL,NA,1,P03,LAB01,2,0,0,0,0,0
20260910_104915,STILL_1P_NA,2.538,7387714,79,STILL,NA,1,P03,LAB01,0,1,1817,3021,8,360
20260910_104915,STILL_1P_NA,2.538,7387714,79,STILL,NA,1,P03,LAB01,1,0,0,0,0,0
20260910_104915,STILL_1P_NA,2.538,7387714,79,STILL,NA,1,P03,LAB01,2,0,0,0,0,0
20260910_104915,STILL_1P_NA,2.627,7476631,80,STILL,NA,1,P03,LAB01,0,1,1824,3019,8,360
20260910_104915,STILL_1P_NA,2.627,7476631,80,STILL,NA,1,P03,LAB01,1,0,0,0,0,0
20260910_104915,STILL_1P_NA,2.627,7476631,80,STILL,NA,1,P03,LAB01,2,0,0,0,0,0
20260910_104915,STILL_1P_NA,2.716,7565617,81,STILL,NA,1,P03,LAB01,0,1,1833,3017,8,360
20260910_104915,STILL_1P_NA,2.716,7565617,81,STILL,NA,1,P03,LAB01,1,0,0,0,0,0
20260910_104915,STILL_1P_NA,2.716,7565617,81,STILL,NA,1,P03,LAB01,2,0,0,0,0,0
20260910_104915,STILL_1P_NA,2.804,7654629,82,STILL,NA,1,P03,LAB01,0,1,1847,3011,0,360
20260910_104915,STILL_1P_NA,2.804,7654629,82,STILL,NA,1,P03,LAB01,1,0,0,0,0,0
20260910_104915,STILL_1P_NA,2.804,7654629,82,STILL,NA,1,P03,LAB01,2,0,0,0,0,0
20260910_104915,STILL_1P_NA,2.893,7743391,83,STILL,NA,1,P03,LAB01,0,1,1857,3007,8,360
20260910_104915,STILL_1P_NA,2.893,7743391,83,STILL,NA,1,P03,LAB01,1,0,0,0,0,0
20260910_104915,STILL_1P_NA,2.893,7743391,83,STILL,NA,1,P03,LAB01,2,0,0,0,0,0
20260910_104915,STILL_1P_NA,2.982,7832531,84,STILL,NA,1,P03,LAB01,0,1,1860,3009,8,360
20260910_104915,STILL_1P_NA,2.982,7832531,84,STILL,NA,1,P03,LAB01,1,0,0,0,0,0
20260910_104915,STILL_1P_NA,2.982,7832531,84,STILL,NA,1,P03,LAB01,2,0,0,0,0,0
20260910_104915,STILL_1P_NA,3.071,7921331,85,STILL,NA,1,P03,LAB01,0,1,1862,3014,8,360
20260910_104915,STILL_1P_NA,3.071,7921331,85,STILL,NA,1,P03,LAB01,1,0,0,0,0,0
20260910_104915,STILL_1P_NA,3.071,7921331,85,STILL,NA,1,P03,LAB01,2,0,0,0,0,0
20260910_104915,STILL_1P_NA,3.160,8010561,86,STILL,NA,1,P03,LAB01,0,1,1868,3016,0,360
20260910_104915,STILL_1P_NA,3.160,8010561,86,STILL,NA,1,P03,LAB01,1,0,0,0,0,0
20260910_104915,STILL_1P_NA,3.160,8010561,86,STILL,NA,1,P03,LAB01,2,0,0,0,0,0
20260910_104915,STILL_1P_NA,3.250,8099788,87,STILL,NA,1,P03,LAB01,0,1,1872,3016,0,360
20260910_104915,STILL_1P_NA,3.250,8099788,87,STILL,NA,1,P03,LAB01,1,0,0,0,0,0
20260910_104915,STILL_1P_NA,3.250,8099788,87,STILL,NA,1,P03,LAB01,2,0,0,0,0,0
20260910_104915,STILL_1P_NA,3.339,8188554,88,STILL,NA,1,P03,LAB01,0,1,1879,3012,0,360
20260910_104915,STILL_1P_NA,3.339,8188554,88,STILL,NA,1,P03,LAB01,1,0,0,0,0,0
20260910_104915,STILL_1P_NA,3.339,8188554,88,STILL,NA,1,P03,LAB01,2,0,0,0,0,0
20260910_104915,STILL_1P_NA,3.428,8277694,89,STILL,NA,1,P03,LAB01,0,1,1884,3011,8,360
20260910_104915,STILL_1P_NA,3.428,8277694,89,STILL,NA,1,P03,LAB01,1,0,0,0,0,0
20260910_104915,STILL_1P_NA,3.428,8277694,89,STILL,NA,1,P03,LAB01,2,0,0,0,0,0
20260910_104915,STILL_1P_NA,3.517,8366391,90,STILL,NA,1,P03,LAB01,0,1,1890,3008,8,360
20260910_104915,STILL_1P_NA,3.517,8366391,90,STILL,NA,1,P03,LAB01,1,0,0,0,0,0
20260910_104915,STILL_1P_NA,3.517,8366391,90,STILL,NA,1,P03,LAB01,2,0,0,0,0,0
20260910_104915,STILL_1P_NA,3.605,8455281,91,STILL,NA,1,P03,LAB01,0,1,1897,3007,8,360
20260910_104915,STILL_1P_NA,3.605,8455281,91,STILL,NA,1,P03,LAB01,1,0,0,0,0,0
20260910_104915,STILL_1P_NA,3.605,8455281,91,STILL,NA,1,P03,LAB01,2,0,0,0,0,0
20260910_104915,STILL_1P_NA,3.695,8544508,92,STILL,NA,1,P03,LAB01,0,1,1903,3007,0,360
20260910_104915,STILL_1P_NA,3.695,8544508,92,STILL,NA,1,P03,LAB01,1,0,0,0,0,0
20260910_104915,STILL_1P_NA,3.695,8544508,92,STILL,NA,1,P03,LAB01,2,0,0,0,0,0
20260910_104915,STILL_1P_NA,3.783,8633494,93,STILL,NA,1,P03,LAB01,0,1,1908,3007,8,360
20260910_104915,STILL_1P_NA,3.783,8633494,93,STILL,NA,1,P03,LAB01,1,0,0,0,0,0
20260910_104915,STILL_1P_NA,3.783,8633494,93,STILL,NA,1,P03,LAB01,2,0,0,0,0,0
20260910_104915,STILL_1P_NA,3.872,8722576,94,STILL,NA,1,P03,LAB01,0,1,1910,3010,0,360
20260910_104915,STILL_1P_NA,3.872,8722576,94,STILL,NA,1,P03,LAB01,1,0,0,0,0,0
20260910_104915,STILL_1P_NA,3.872,8722576,94,STILL,NA,1,P03,LAB01,2,0,0,0,0,0
20260910_104915,STILL_1P_NA,3.961,8811143,95,STILL,NA,1,P03,LAB01,0,1,1913,3011,8,360
20260910_104915,STILL_1P_NA,3.961,8811143,95,STILL,NA,1,P03,LAB01,1,0,0,0,0,0
20260910_104915,STILL_1P_NA,3.961,8811143,95,STILL,NA,1,P03,LAB01,2,0,0,0,0,0
20260910_104915,STILL_1P_NA,4.050,8900438,96,STILL,NA,1,P03,LAB01,0,1,1909,3016,8,360
20260910_104915,STILL_1P_NA,4.050,8900438,96,STILL,NA,1,P03,LAB01,1,0,0,0,0,0
20260910_104915,STILL_1P_NA,4.050,8900438,96,STILL,NA,1,P03,LAB01,2,0,0,0,0,0
20260910_104915,STILL_1P_NA,4.139,8989391,97,STILL,NA,1,P03,LAB01,0,1,1909,3022,0,360
20260910_104915,STILL_1P_NA,4.139,8989391,97,STILL,NA,1,P03,LAB01,1,0,0,0,0,0
20260910_104915,STILL_1P_NA,4.139,8989391,97,STILL,NA,1,P03,LAB01,2,0,0,0,0,0
20260910_104915,STILL_1P_NA,4.228,9078370,98,STILL,NA,1,P03,LAB01,0,1,1910,3024,0,360
20260910_104915,STILL_1P_NA,4.228,9078370,98,STILL,NA,1,P03,LAB01,1,0,0,0,0,0
20260910_104915,STILL_1P_NA,4.228,9078370,98,STILL,NA,1,P03,LAB01,2,0,0,0,0,0
20260910_104915,STILL_1P_NA,4.318,9167581,99,STILL,NA,1,P03,LAB01,0,1,1915,3025,-16,360
20260910_104915,STILL_1P_NA,4.318,9167581,99,STILL,NA,1,P03,LAB01,1,0,0,0,0,0
20260910_104915,STILL_1P_NA,4.318,9167581,99,STILL,NA,1,P03,LAB01,2,0,0,0,0,0
20260910_104915,STILL_1P_NA,4.407,9256594,100,STILL,NA,1,P03,LAB01,0,1,1924,3026,-8,360
20260910_104915,STILL_1P_NA,4.407,9256594,100,STILL,NA,1,P03,LAB01,1,0,0,0,0,0
20260910_104915,STILL_1P_NA,4.407,9256594,100,STILL,NA,1,P03,LAB01,2,0,0,0,0,0
20260910_104915,STILL_1P_NA,4.496,9345446,101,STILL,NA,1,P03,LAB01,0,1,1936,3026,-8,360
20260910_104915,STILL_1P_NA,4.496,9345446,101,STILL,NA,1,P03,LAB01,1,0,0,0,0,0
20260910_104915,STILL_1P_NA,4.496,9345446,101,STILL,NA,1,P03,LAB01,2,0,0,0,0,0
20260910_104915,STILL_1P_NA,4.584,9434488,102,STILL,NA,1,P03,LAB01,0,1,1945,3026,-8,360
20260910_104915,STILL_1P_NA,4.584,9434488,102,STILL,NA,1,P03,LAB01,1,0,0,0,0,0
20260910_104915,STILL_1P_NA,4.584,9434488,102,STILL,NA,1,P03,LAB01,2,0,0,0,0,0
20260910_104915,STILL_1P_NA,4.673,9523411,103,STILL,NA,1,P03,LAB01,0,1,1956,3023,-8,360
20260910_104915,STILL_1P_NA,4.673,9523411,103,STILL,NA,1,P03,LAB01,1,0,0,0,0,0
20260910_104915,STILL_1P_NA,4.673,9523411,103,STILL,NA,1,P03,LAB01,2,0,0,0,0,0
20260910_104915,STILL_1P_NA,4.763,9612581,104,STILL,NA,1,P03,LAB01,0,1,1977,3015,0,360
20260910_104915,STILL_1P_NA,4.763,9612581,104,STILL,NA,1,P03,LAB01,1,0,0,0,0,0
20260910_104915,STILL_1P_NA,4.763,9612581,104,STILL,NA,1,P03,LAB01,2,0,0,0,0,0
20260910_104915,STILL_1P_NA,4.851,9701347,105,STILL,NA,1,P03,LAB01,0,1,1970,3018,-16,360
20260910_104915,STILL_1P_NA,4.851,9701347,105,STILL,NA,1,P03,LAB01,1,0,0,0,0,0
20260910_104915,STILL_1P_NA,4.851,9701347,105,STILL,NA,1,P03,LAB01,2,0,0,0,0,0
20260910_104915,STILL_1P_NA,4.940,9790419,106,STILL,NA,1,P03,LAB01,0,1,1964,3019,-8,360
20260910_104915,STILL_1P_NA,4.940,9790419,106,STILL,NA,1,P03,LAB01,1,0,0,0,0,0
20260910_104915,STILL_1P_NA,4.940,9790419,106,STILL,NA,1,P03,LAB01,2,0,0,0,0,0
20260910_104915,STILL_1P_NA,5.029,9879433,107,STILL,NA,1,P03,LAB01,0,1,1959,3020,-8,360
20260910_104915,STILL_1P_NA,5.029,9879433,107,STILL,NA,1,P03,LAB01,1,0,0,0,0,0
20260910_104915,STILL_1P_NA,5.029,9879433,107,STILL,NA,1,P03,LAB01,2,0,0,0,0,0
20260910_104915,STILL_1P_NA,5.118,9968419,108,STILL,NA,1,P03,LAB01,0,1,1950,3023,8,360
20260910_104915,STILL_1P_NA,5.118,9968419,108,STILL,NA,1,P03,LAB01,1,0,0,0,0,0
20260910_104915,STILL_1P_NA,5.118,9968419,108,STILL,NA,1,P03,LAB01,2,0,0,0,0,0
20260910_104915,STILL_1P_NA,5.208,10057397,109,STILL,NA,1,P03,LAB01,0,1,1943,3024,-8,360
20260910_104915,STILL_1P_NA,5.208,10057397,109,STILL,NA,1,P03,LAB01,1,0,0,0,0,0
20260910_104915,STILL_1P_NA,5.208,10057397,109,STILL,NA,1,P03,LAB01,2,0,0,0,0,0
20260910_104915,STILL_1P_NA,5.296,10146228,110,STILL,NA,1,P03,LAB01,0,1,1945,3027,-8,360
20260910_104915,STILL_1P_NA,5.296,10146228,110,STILL,NA,1,P03,LAB01,1,0,0,0,0,0
20260910_104915,STILL_1P_NA,5.296,10146228,110,STILL,NA,1,P03,LAB01,2,0,0,0,0,0
20260910_104915,STILL_1P_NA,5.386,10235302,111,STILL,NA,1,P03,LAB01,0,1,1950,3026,-8,360
20260910_104915,STILL_1P_NA,5.386,10235302,111,STILL,NA,1,P03,LAB01,1,0,0,0,0,0
20260910_104915,STILL_1P_NA,5.386,10235302,111,STILL,NA,1,P03,LAB01,2,0,0,0,0,0
20260910_104915,STILL_1P_NA,5.474,10324438,112,STILL,NA,1,P03,LAB01,0,1,1953,3026,-8,360
20260910_104915,STILL_1P_NA,5.474,10324438,112,STILL,NA,1,P03,LAB01,1,0,0,0,0,0
20260910_104915,STILL_1P_NA,5.474,10324438,112,STILL,NA,1,P03,LAB01,2,0,0,0,0,0
20260910_104915,STILL_1P_NA,5.564,10413391,113,STILL,NA,1,P03,LAB01,0,1,1959,3023,0,360
20260910_104915,STILL_1P_NA,5.564,10413391,113,STILL,NA,1,P03,LAB01,1,0,0,0,0,0
20260910_104915,STILL_1P_NA,5.564,10413391,113,STILL,NA,1,P03,LAB01,2,0,0,0,0,0
20260910_104915,STILL_1P_NA,5.652,10502181,114,STILL,NA,1,P03,LAB01,0,1,1966,3019,0,360
20260910_104915,STILL_1P_NA,5.652,10502181,114,STILL,NA,1,P03,LAB01,1,0,0,0,0,0
20260910_104915,STILL_1P_NA,5.652,10502181,114,STILL,NA,1,P03,LAB01,2,0,0,0,0,0
20260910_104915,STILL_1P_NA,5.741,10591265,115,STILL,NA,1,P03,LAB01,0,1,1969,3017,-8,360
20260910_104915,STILL_1P_NA,5.741,10591265,115,STILL,NA,1,P03,LAB01,1,0,0,0,0,0
20260910_104915,STILL_1P_NA,5.741,10591265,115,STILL,NA,1,P03,LAB01,2,0,0,0,0,0
20260910_104915,STILL_1P_NA,5.831,10680561,116,STILL,NA,1,P03,LAB01,0,1,1968,3014,-8,360
20260910_104915,STILL_1P_NA,5.831,10680561,116,STILL,NA,1,P03,LAB01,1,0,0,0,0,0
20260910_104915,STILL_1P_NA,5.831,10680561,116,STILL,NA,1,P03,LAB01,2,0,0,0,0,0
20260910_104915,STILL_1P_NA,5.919,10769411,117,STILL,NA,1,P03,LAB01,0,1,1965,3015,-8,360
20260910_104915,STILL_1P_NA,5.919,10769411,117,STILL,NA,1,P03,LAB01,1,0,0,0,0,0
20260910_104915,STILL_1P_NA,5.919,10769411,117,STILL,NA,1,P03,LAB01,2,0,0,0,0,0
20260910_104915,STILL_1P_NA,6.009,10858488,118,STILL,NA,1,P03,LAB01,0,1,1965,3014,0,360
20260910_104915,STILL_1P_NA,6.009,10858488,118,STILL,NA,1,P03,LAB01,1,0,0,0,0,0
20260910_104915,STILL_1P_NA,6.009,10858488,118,STILL,NA,1,P03,LAB01,2,0,0,0,0,0
20260910_104915,STILL_1P_NA,6.098,10947411,119,STILL,NA,1,P03,LAB01,0,1,1967,3011,8,360
20260910_104915,STILL_1P_NA,6.098,10947411,119,STILL,NA,1,P03,LAB01,1,0,0,0,0,0
20260910_104915,STILL_1P_NA,6.098,10947411,119,STILL,NA,1,P03,LAB01,2,0,0,0,0,0
20260910_104915,STILL_1P_NA,6.187,11036555,120,STILL,NA,1,P03,LAB01,0,1,1973,3008,0,360
20260910_104915,STILL_1P_NA,6.187,11036555,120,STILL,NA,1,P03,LAB01,1,0,0,0,0,0
20260910_104915,STILL_1P_NA,6.187,11036555,120,STILL,NA,1,P03,LAB01,2,0,0,0,0,0
20260910_104915,STILL_1P_NA,6.275,11125153,121,STILL,NA,1,P03,LAB01,0,1,1977,3006,0,360
20260910_104915,STILL_1P_NA,6.275,11125153,121,STILL,NA,1,P03,LAB01,1,0,0,0,0,0
20260910_104915,STILL_1P_NA,6.275,11125153,121,STILL,NA,1,P03,LAB01,2,0,0,0,0,0
20260910_104915,STILL_1P_NA,6.364,11214329,122,STILL,NA,1,P03,LAB01,0,1,1981,3004,8,360
20260910_104915,STILL_1P_NA,6.364,11214329,122,STILL,NA,1,P03,LAB01,1,0,0,0,0,0
20260910_104915,STILL_1P_NA,6.364,11214329,122,STILL,NA,1,P03,LAB01,2,0,0,0,0,0
20260910_104915,STILL_1P_NA,6.453,11303281,123,STILL,NA,1,P03,LAB01,0,1,1984,3004,8,360
20260910_104915,STILL_1P_NA,6.453,11303281,123,STILL,NA,1,P03,LAB01,1,0,0,0,0,0
20260910_104915,STILL_1P_NA,6.453,11303281,123,STILL,NA,1,P03,LAB01,2,0,0,0,0,0
20260910_104915,STILL_1P_NA,6.542,11392234,124,STILL,NA,1,P03,LAB01,0,1,1982,3007,16,360
20260910_104915,STILL_1P_NA,6.542,11392234,124,STILL,NA,1,P03,LAB01,1,0,0,0,0,0
20260910_104915,STILL_1P_NA,6.542,11392234,124,STILL,NA,1,P03,LAB01,2,0,0,0,0,0
20260910_104915,STILL_1P_NA,6.631,11481276,125,STILL,NA,1,P03,LAB01,0,1,1976,3011,8,360
20260910_104915,STILL_1P_NA,6.631,11481276,125,STILL,NA,1,P03,LAB01,1,0,0,0,0,0
20260910_104915,STILL_1P_NA,6.631,11481276,125,STILL,NA,1,P03,LAB01,2,0,0,0,0,0
20260910_104915,STILL_1P_NA,6.720,11570411,126,STILL,NA,1,P03,LAB01,0,1,1972,3015,0,360
20260910_104915,STILL_1P_NA,6.720,11570411,126,STILL,NA,1,P03,LAB01,1,0,0,0,0,0
20260910_104915,STILL_1P_NA,6.720,11570411,126,STILL,NA,1,P03,LAB01,2,0,0,0,0,0
20260910_104915,STILL_1P_NA,6.809,11659210,127,STILL,NA,1,P03,LAB01,0,1,1968,3020,8,360
20260910_104915,STILL_1P_NA,6.809,11659210,127,STILL,NA,1,P03,LAB01,1,0,0,0,0,0
20260910_104915,STILL_1P_NA,6.809,11659210,127,STILL,NA,1,P03,LAB01,2,0,0,0,0,0
20260910_104915,STILL_1P_NA,6.898,11748254,128,STILL,NA,1,P03,LAB01,0,1,1967,3023,8,360
20260910_104915,STILL_1P_NA,6.898,11748254,128,STILL,NA,1,P03,LAB01,1,0,0,0,0,0
20260910_104915,STILL_1P_NA,6.898,11748254,128,STILL,NA,1,P03,LAB01,2,0,0,0,0,0
20260910_104915,STILL_1P_NA,6.987,11837135,129,STILL,NA,1,P03,LAB01,0,1,1964,3026,8,360
20260910_104915,STILL_1P_NA,6.987,11837135,129,STILL,NA,1,P03,LAB01,1,0,0,0,0,0
20260910_104915,STILL_1P_NA,6.987,11837135,129,STILL,NA,1,P03,LAB01,2,0,0,0,0,0
20260910_104915,STILL_1P_NA,7.076,11926281,130,STILL,NA,1,P03,LAB01,0,1,1959,3029,8,360
20260910_104915,STILL_1P_NA,7.076,11926281,130,STILL,NA,1,P03,LAB01,1,0,0,0,0,0
20260910_104915,STILL_1P_NA,7.076,11926281,130,STILL,NA,1,P03,LAB01,2,0,0,0,0,0
20260910_104915,STILL_1P_NA,7.165,12015134,131,STILL,NA,1,P03,LAB01,0,1,1952,3034,8,360
20260910_104915,STILL_1P_NA,7.165,12015134,131,STILL,NA,1,P03,LAB01,1,0,0,0,0,0
20260910_104915,STILL_1P_NA,7.165,12015134,131,STILL,NA,1,P03,LAB01,2,0,0,0,0,0
20260910_104915,STILL_1P_NA,7.254,12104149,132,STILL,NA,1,P03,LAB01,0,1,1943,3037,0,360
20260910_104915,STILL_1P_NA,7.254,12104149,132,STILL,NA,1,P03,LAB01,1,0,0,0,0,0
20260910_104915,STILL_1P_NA,7.254,12104149,132,STILL,NA,1,P03,LAB01,2,0,0,0,0,0
20260910_104915,STILL_1P_NA,7.343,12193007,133,STILL,NA,1,P03,LAB01,0,1,1938,3039,0,360
20260910_104915,STILL_1P_NA,7.343,12193007,133,STILL,NA,1,P03,LAB01,1,0,0,0,0,0
20260910_104915,STILL_1P_NA,7.343,12193007,133,STILL,NA,1,P03,LAB01,2,0,0,0,0,0
20260910_104915,STILL_1P_NA,7.432,12282362,134,STILL,NA,1,P03,LAB01,0,1,1937,3042,0,360
20260910_104915,STILL_1P_NA,7.432,12282362,134,STILL,NA,1,P03,LAB01,1,0,0,0,0,0
20260910_104915,STILL_1P_NA,7.432,12282362,134,STILL,NA,1,P03,LAB01,2,0,0,0,0,0
20260910_104915,STILL_1P_NA,7.521,12371411,135,STILL,NA,1,P03,LAB01,0,1,1933,3047,0,360
20260910_104915,STILL_1P_NA,7.521,12371411,135,STILL,NA,1,P03,LAB01,1,0,0,0,0,0
20260910_104915,STILL_1P_NA,7.521,12371411,135,STILL,NA,1,P03,LAB01,2,0,0,0,0,0
20260910_104915,STILL_1P_NA,7.611,12460391,136,STILL,NA,1,P03,LAB01,0,1,1929,3051,0,360
20260910_104915,STILL_1P_NA,7.611,12460391,136,STILL,NA,1,P03,LAB01,1,0,0,0,0,0
20260910_104915,STILL_1P_NA,7.611,12460391,136,STILL,NA,1,P03,LAB01,2,0,0,0,0,0
20260910_104915,STILL_1P_NA,7.699,12548939,137,STILL,NA,1,P03,LAB01,0,1,1929,3053,0,360
20260910_104915,STILL_1P_NA,7.699,12548939,137,STILL,NA,1,P03,LAB01,1,0,0,0,0,0
20260910_104915,STILL_1P_NA,7.699,12548939,137,STILL,NA,1,P03,LAB01,2,0,0,0,0,0
20260910_104915,STILL_1P_NA,7.788,12637735,138,STILL,NA,1,P03,LAB01,0,1,1927,3056,0,360
20260910_104915,STILL_1P_NA,7.788,12637735,138,STILL,NA,1,P03,LAB01,1,0,0,0,0,0
20260910_104915,STILL_1P_NA,7.788,12637735,138,STILL,NA,1,P03,LAB01,2,0,0,0,0,0
20260910_104915,STILL_1P_NA,7.877,12726748,139,STILL,NA,1,P03,LAB01,0,1,1923,3062,0,360
20260910_104915,STILL_1P_NA,7.877,12726748,139,STILL,NA,1,P03,LAB01,1,0,0,0,0,0
20260910_104915,STILL_1P_NA,7.877,12726748,139,STILL,NA,1,P03,LAB01,2,0,0,0,0,0
20260910_104915,STILL_1P_NA,7.966,12815948,140,STILL,NA,1,P03,LAB01,0,1,1912,3072,8,360
20260910_104915,STILL_1P_NA,7.966,12815948,140,STILL,NA,1,P03,LAB01,1,0,0,0,0,0
20260910_104915,STILL_1P_NA,7.966,12815948,140,STILL,NA,1,P03,LAB01,2,0,0,0,0,0
20260910_104915,STILL_1P_NA,8.055,12905019,141,STILL,NA,1,P03,LAB01,0,1,1898,3085,8,360
20260910_104915,STILL_1P_NA,8.055,12905019,141,STILL,NA,1,P03,LAB01,1,0,0,0,0,0
20260910_104915,STILL_1P_NA,8.055,12905019,141,STILL,NA,1,P03,LAB01,2,0,0,0,0,0
20260910_104915,STILL_1P_NA,8.144,12994067,142,STILL,NA,1,P03,LAB01,0,1,1892,3096,8,360
20260910_104915,STILL_1P_NA,8.144,12994067,142,STILL,NA,1,P03,LAB01,1,0,0,0,0,0
20260910_104915,STILL_1P_NA,8.144,12994067,142,STILL,NA,1,P03,LAB01,2,0,0,0,0,0
20260910_104915,STILL_1P_NA,8.233,13082963,143,STILL,NA,1,P03,LAB01,0,1,1890,3099,0,360
20260910_104915,STILL_1P_NA,8.233,13082963,143,STILL,NA,1,P03,LAB01,1,0,0,0,0,0
20260910_104915,STILL_1P_NA,8.233,13082963,143,STILL,NA,1,P03,LAB01,2,0,0,0,0,0
20260910_104915,STILL_1P_NA,8.322,13172031,144,STILL,NA,1,P03,LAB01,0,1,1895,3097,-8,360
20260910_104915,STILL_1P_NA,8.322,13172031,144,STILL,NA,1,P03,LAB01,1,0,0,0,0,0
20260910_104915,STILL_1P_NA,8.322,13172031,144,STILL,NA,1,P03,LAB01,2,0,0,0,0,0
20260910_104915,STILL_1P_NA,8.411,13261070,145,STILL,NA,1,P03,LAB01,0,1,1899,3094,0,360
20260910_104915,STILL_1P_NA,8.411,13261070,145,STILL,NA,1,P03,LAB01,1,0,0,0,0,0
20260910_104915,STILL_1P_NA,8.411,13261070,145,STILL,NA,1,P03,LAB01,2,0,0,0,0,0
20260910_104915,STILL_1P_NA,8.500,13349939,146,STILL,NA,1,P03,LAB01,0,1,1905,3088,0,360
20260910_104915,STILL_1P_NA,8.500,13349939,146,STILL,NA,1,P03,LAB01,1,0,0,0,0,0
20260910_104915,STILL_1P_NA,8.500,13349939,146,STILL,NA,1,P03,LAB01,2,0,0,0,0,0
20260910_104915,STILL_1P_NA,8.589,13439040,147,STILL,NA,1,P03,LAB01,0,1,1917,3081,-8,360
20260910_104915,STILL_1P_NA,8.589,13439040,147,STILL,NA,1,P03,LAB01,1,0,0,0,0,0
20260910_104915,STILL_1P_NA,8.589,13439040,147,STILL,NA,1,P03,LAB01,2,0,0,0,0,0
20260910_104915,STILL_1P_NA,8.678,13527777,148,STILL,NA,1,P03,LAB01,0,1,1926,3076,-8,360
20260910_104915,STILL_1P_NA,8.678,13527777,148,STILL,NA,1,P03,LAB01,1,0,0,0,0,0
20260910_104915,STILL_1P_NA,8.678,13527777,148,STILL,NA,1,P03,LAB01,2,0,0,0,0,0
20260910_104915,STILL_1P_NA,8.767,13617153,149,STILL,NA,1,P03,LAB01,0,1,1927,3077,-8,360
20260910_104915,STILL_1P_NA,8.767,13617153,149,STILL,NA,1,P03,LAB01,1,0,0,0,0,0
20260910_104915,STILL_1P_NA,8.767,13617153,149,STILL,NA,1,P03,LAB01,2,0,0,0,0,0
20260910_104915,STILL_1P_NA,8.856,13705936,150,STILL,NA,1,P03,LAB01,0,1,1928,3081,0,360
20260910_104915,STILL_1P_NA,8.856,13705936,150,STILL,NA,1,P03,LAB01,1,0,0,0,0,0
20260910_104915,STILL_1P_NA,8.856,13705936,150,STILL,NA,1,P03,LAB01,2,0,0,0,0,0
20260910_104915,STILL_1P_NA,8.946,13794939,151,STILL,NA,1,P03,LAB01,0,1,1930,3084,-8,360
20260910_104915,STILL_1P_NA,8.946,13794939,151,STILL,NA,1,P03,LAB01,1,0,0,0,0,0
20260910_104915,STILL_1P_NA,8.946,13794939,151,STILL,NA,1,P03,LAB01,2,0,0,0,0,0
20260910_104915,STILL_1P_NA,9.034,13883895,152,STILL,NA,1,P03,LAB01,0,1,1923,3088,0,360
20260910_104915,STILL_1P_NA,9.034,13883895,152,STILL,NA,1,P03,LAB01,1,0,0,0,0,0
20260910_104915,STILL_1P_NA,9.034,13883895,152,STILL,NA,1,P03,LAB01,2,0,0,0,0,0
20260910_104915,STILL_1P_NA,9.123,13972694,153,STILL,NA,1,P03,LAB01,0,1,1920,3090,0,360
20260910_104915,STILL_1P_NA,9.123,13972694,153,STILL,NA,1,P03,LAB01,1,0,0,0,0,0
20260910_104915,STILL_1P_NA,9.123,13972694,153,STILL,NA,1,P03,LAB01,2,0,0,0,0,0
20260910_104915,STILL_1P_NA,9.212,14061794,154,STILL,NA,1,P03,LAB01,0,1,1922,3087,0,360
20260910_104915,STILL_1P_NA,9.212,14061794,154,STILL,NA,1,P03,LAB01,1,0,0,0,0,0
20260910_104915,STILL_1P_NA,9.212,14061794,154,STILL,NA,1,P03,LAB01,2,0,0,0,0,0
20260910_104915,STILL_1P_NA,9.301,14150936,155,STILL,NA,1,P03,LAB01,0,1,1922,3085,0,360
20260910_104915,STILL_1P_NA,9.301,14150936,155,STILL,NA,1,P03,LAB01,1,0,0,0,0,0
20260910_104915,STILL_1P_NA,9.301,14150936,155,STILL,NA,1,P03,LAB01,2,0,0,0,0,0
20260910_104915,STILL_1P_NA,9.389,14239798,156,STILL,NA,1,P03,LAB01,0,1,1922,3083,0,360
20260910_104915,STILL_1P_NA,9.389,14239798,156,STILL,NA,1,P03,LAB01,1,0,0,0,0,0
20260910_104915,STILL_1P_NA,9.389,14239798,156,STILL,NA,1,P03,LAB01,2,0,0,0,0,0
20260910_104915,STILL_1P_NA,9.479,14328873,157,STILL,NA,1,P03,LAB01,0,1,1919,3084,0,360
20260910_104915,STILL_1P_NA,9.479,14328873,157,STILL,NA,1,P03,LAB01,1,0,0,0,0,0
20260910_104915,STILL_1P_NA,9.479,14328873,157,STILL,NA,1,P03,LAB01,2,0,0,0,0,0
20260910_104915,STILL_1P_NA,9.568,14417788,158,STILL,NA,1,P03,LAB01,0,1,1917,3087,0,360
20260910_104915,STILL_1P_NA,9.568,14417788,158,STILL,NA,1,P03,LAB01,1,0,0,0,0,0
20260910_104915,STILL_1P_NA,9.568,14417788,158,STILL,NA,1,P03,LAB01,2,0,0,0,0,0
20260910_104915,STILL_1P_NA,9.657,14506927,159,STILL,NA,1,P03,LAB01,0,1,1919,3088,8,360
20260910_104915,STILL_1P_NA,9.657,14506927,159,STILL,NA,1,P03,LAB01,1,0,0,0,0,0
20260910_104915,STILL_1P_NA,9.657,14506927,159,STILL,NA,1,P03,LAB01,2,0,0,0,0,0
20260910_104915,STILL_1P_NA,9.746,14595938,160,STILL,NA,1,P03,LAB01,0,1,1918,3092,0,360
20260910_104915,STILL_1P_NA,9.746,14595938,160,STILL,NA,1,P03,LAB01,1,0,0,0,0,0
20260910_104915,STILL_1P_NA,9.746,14595938,160,STILL,NA,1,P03,LAB01,2,0,0,0,0,0
20260910_104915,STILL_1P_NA,9.835,14684990,161,STILL,NA,1,P03,LAB01,0,1,1921,3096,0,360
20260910_104915,STILL_1P_NA,9.835,14684990,161,STILL,NA,1,P03,LAB01,1,0,0,0,0,0
20260910_104915,STILL_1P_NA,9.835,14684990,161,STILL,NA,1,P03,LAB01,2,0,0,0,0,0
20260910_104915,STILL_1P_NA,9.924,14773748,162,STILL,NA,1,P03,LAB01,0,1,1925,3099,0,360
20260910_104915,STILL_1P_NA,9.924,14773748,162,STILL,NA,1,P03,LAB01,1,0,0,0,0,0
20260910_104915,STILL_1P_NA,9.924,14773748,162,STILL,NA,1,P03,LAB01,2,0,0,0,0,0
20260910_104915,STILL_1P_NA,10.013,14862824,163,STILL,NA,1,P03,LAB01,0,1,1925,3100,0,360
20260910_104915,STILL_1P_NA,10.013,14862824,163,STILL,NA,1,P03,LAB01,1,0,0,0,0,0
20260910_104915,STILL_1P_NA,10.013,14862824,163,STILL,NA,1,P03,LAB01,2,0,0,0,0,0
20260910_104915,STILL_1P_NA,10.102,14951835,164,STILL,NA,1,P03,LAB01,0,1,1924,3101,0,360
20260910_104915,STILL_1P_NA,10.102,14951835,164,STILL,NA,1,P03,LAB01,1,0,0,0,0,0
20260910_104915,STILL_1P_NA,10.102,14951835,164,STILL,NA,1,P03,LAB01,2,0,0,0,0,0
20260910_104915,STILL_1P_NA,10.191,15040975,165,STILL,NA,1,P03,LAB01,0,1,1922,3101,0,360
20260910_104915,STILL_1P_NA,10.191,15040975,165,STILL,NA,1,P03,LAB01,1,0,0,0,0,0
20260910_104915,STILL_1P_NA,10.191,15040975,165,STILL,NA,1,P03,LAB01,2,0,0,0,0,0
20260910_104915,STILL_1P_NA,10.280,15129741,166,STILL,NA,1,P03,LAB01,0,1,1916,3104,0,360
20260910_104915,STILL_1P_NA,10.280,15129741,166,STILL,NA,1,P03,LAB01,1,0,0,0,0,0
20260910_104915,STILL_1P_NA,10.280,15129741,166,STILL,NA,1,P03,LAB01,2,0,0,0,0,0
20260910_104915,STILL_1P_NA,10.369,15218975,167,STILL,NA,1,P03,LAB01,0,1,1912,3110,0,360
20260910_104915,STILL_1P_NA,10.369,15218975,167,STILL,NA,1,P03,LAB01,1,0,0,0,0,0
20260910_104915,STILL_1P_NA,10.369,15218975,167,STILL,NA,1,P03,LAB01,2,0,0,0,0,0
20260910_104915,STILL_1P_NA,10.458,15307895,168,STILL,NA,1,P03,LAB01,0,1,1915,3113,8,360
20260910_104915,STILL_1P_NA,10.458,15307895,168,STILL,NA,1,P03,LAB01,1,0,0,0,0,0
20260910_104915,STILL_1P_NA,10.458,15307895,168,STILL,NA,1,P03,LAB01,2,0,0,0,0,0
20260910_104915,STILL_1P_NA,10.547,15396907,169,STILL,NA,1,P03,LAB01,0,1,1918,3111,8,360
20260910_104915,STILL_1P_NA,10.547,15396907,169,STILL,NA,1,P03,LAB01,1,0,0,0,0,0
20260910_104915,STILL_1P_NA,10.547,15396907,169,STILL,NA,1,P03,LAB01,2,0,0,0,0,0
20260910_104915,STILL_1P_NA,10.635,15485608,170,STILL,NA,1,P03,LAB01,0,1,1921,3113,8,360
20260910_104915,STILL_1P_NA,10.635,15485608,170,STILL,NA,1,P03,LAB01,1,0,0,0,0,0
20260910_104915,STILL_1P_NA,10.635,15485608,170,STILL,NA,1,P03,LAB01,2,0,0,0,0,0
20260910_104915,STILL_1P_NA,10.725,15574658,171,STILL,NA,1,P03,LAB01,0,1,1919,3115,0,360
20260910_104915,STILL_1P_NA,10.725,15574658,171,STILL,NA,1,P03,LAB01,1,0,0,0,0,0
20260910_104915,STILL_1P_NA,10.725,15574658,171,STILL,NA,1,P03,LAB01,2,0,0,0,0,0
20260910_104915,STILL_1P_NA,10.814,15663736,172,STILL,NA,1,P03,LAB01,0,1,1911,3121,0,360
20260910_104915,STILL_1P_NA,10.814,15663736,172,STILL,NA,1,P03,LAB01,1,0,0,0,0,0
20260910_104915,STILL_1P_NA,10.814,15663736,172,STILL,NA,1,P03,LAB01,2,0,0,0,0,0
20260910_104915,STILL_1P_NA,10.903,15752714,173,STILL,NA,1,P03,LAB01,0,1,1903,3125,0,360
20260910_104915,STILL_1P_NA,10.903,15752714,173,STILL,NA,1,P03,LAB01,1,0,0,0,0,0
20260910_104915,STILL_1P_NA,10.903,15752714,173,STILL,NA,1,P03,LAB01,2,0,0,0,0,0
20260910_104915,STILL_1P_NA,10.992,15841911,174,STILL,NA,1,P03,LAB01,0,1,1901,3126,0,360
20260910_104915,STILL_1P_NA,10.992,15841911,174,STILL,NA,1,P03,LAB01,1,0,0,0,0,0
20260910_104915,STILL_1P_NA,10.992,15841911,174,STILL,NA,1,P03,LAB01,2,0,0,0,0,0
20260910_104915,STILL_1P_NA,11.080,15930363,175,STILL,NA,1,P03,LAB01,0,1,1905,3124,0,360
20260910_104915,STILL_1P_NA,11.080,15930363,175,STILL,NA,1,P03,LAB01,1,0,0,0,0,0
20260910_104915,STILL_1P_NA,11.080,15930363,175,STILL,NA,1,P03,LAB01,2,0,0,0,0,0
20260910_104915,STILL_1P_NA,11.170,16019753,176,STILL,NA,1,P03,LAB01,0,1,1908,3122,0,360
20260910_104915,STILL_1P_NA,11.170,16019753,176,STILL,NA,1,P03,LAB01,1,0,0,0,0,0
20260910_104915,STILL_1P_NA,11.170,16019753,176,STILL,NA,1,P03,LAB01,2,0,0,0,0,0
20260910_104915,STILL_1P_NA,11.259,16108830,177,STILL,NA,1,P03,LAB01,0,1,1909,3123,0,360
20260910_104915,STILL_1P_NA,11.259,16108830,177,STILL,NA,1,P03,LAB01,1,0,0,0,0,0
20260910_104915,STILL_1P_NA,11.259,16108830,177,STILL,NA,1,P03,LAB01,2,0,0,0,0,0
20260910_104915,STILL_1P_NA,11.348,16197658,178,STILL,NA,1,P03,LAB01,0,1,1909,3124,0,360
20260910_104915,STILL_1P_NA,11.348,16197658,178,STILL,NA,1,P03,LAB01,1,0,0,0,0,0
20260910_104915,STILL_1P_NA,11.348,16197658,178,STILL,NA,1,P03,LAB01,2,0,0,0,0,0
20260910_104915,STILL_1P_NA,11.437,16286670,179,STILL,NA,1,P03,LAB01,0,1,1907,3127,0,360
20260910_104915,STILL_1P_NA,11.437,16286670,179,STILL,NA,1,P03,LAB01,1,0,0,0,0,0
20260910_104915,STILL_1P_NA,11.437,16286670,179,STILL,NA,1,P03,LAB01,2,0,0,0,0,0
20260910_104915,STILL_1P_NA,11.525,16375495,180,STILL,NA,1,P03,LAB01,0,1,1904,3130,0,360
20260910_104915,STILL_1P_NA,11.525,16375495,180,STILL,NA,1,P03,LAB01,1,0,0,0,0,0
20260910_104915,STILL_1P_NA,11.525,16375495,180,STILL,NA,1,P03,LAB01,2,0,0,0,0,0
20260910_104915,STILL_1P_NA,11.615,16464639,181,STILL,NA,1,P03,LAB01,0,1,1901,3135,0,360
20260910_104915,STILL_1P_NA,11.615,16464639,181,STILL,NA,1,P03,LAB01,1,0,0,0,0,0
20260910_104915,STILL_1P_NA,11.615,16464639,181,STILL,NA,1,P03,LAB01,2,0,0,0,0,0
20260910_104915,STILL_1P_NA,11.703,16553554,182,STILL,NA,1,P03,LAB01,0,1,1895,3140,0,360
20260910_104915,STILL_1P_NA,11.703,16553554,182,STILL,NA,1,P03,LAB01,1,0,0,0,0,0
20260910_104915,STILL_1P_NA,11.703,16553554,182,STILL,NA,1,P03,LAB01,2,0,0,0,0,0
20260910_104915,STILL_1P_NA,11.793,16642789,183,STILL,NA,1,P03,LAB01,0,1,1888,3146,8,360
20260910_104915,STILL_1P_NA,11.793,16642789,183,STILL,NA,1,P03,LAB01,1,0,0,0,0,0
20260910_104915,STILL_1P_NA,11.793,16642789,183,STILL,NA,1,P03,LAB01,2,0,0,0,0,0
20260910_104915,STILL_1P_NA,11.882,16731803,184,STILL,NA,1,P03,LAB01,0,1,1883,3150,0,360
20260910_104915,STILL_1P_NA,11.882,16731803,184,STILL,NA,1,P03,LAB01,1,0,0,0,0,0
20260910_104915,STILL_1P_NA,11.882,16731803,184,STILL,NA,1,P03,LAB01,2,0,0,0,0,0
20260910_104915,STILL_1P_NA,11.971,16820780,185,STILL,NA,1,P03,LAB01,0,1,1877,3154,0,360
20260910_104915,STILL_1P_NA,11.971,16820780,185,STILL,NA,1,P03,LAB01,1,0,0,0,0,0
20260910_104915,STILL_1P_NA,11.971,16820780,185,STILL,NA,1,P03,LAB01,2,0,0,0,0,0
20260910_104915,STILL_1P_NA,12.060,16909576,186,STILL,NA,1,P03,LAB01,0,1,1876,3159,0,360
20260910_104915,STILL_1P_NA,12.060,16909576,186,STILL,NA,1,P03,LAB01,1,0,0,0,0,0
20260910_104915,STILL_1P_NA,12.060,16909576,186,STILL,NA,1,P03,LAB01,2,0,0,0,0,0
20260910_104915,STILL_1P_NA,12.149,16998460,187,STILL,NA,1,P03,LAB01,0,1,1875,3166,-8,360
20260910_104915,STILL_1P_NA,12.149,16998460,187,STILL,NA,1,P03,LAB01,1,0,0,0,0,0
20260910_104915,STILL_1P_NA,12.149,16998460,187,STILL,NA,1,P03,LAB01,2,0,0,0,0,0
20260910_104915,STILL_1P_NA,12.238,17087725,188,STILL,NA,1,P03,LAB01,0,1,1874,3171,8,360
20260910_104915,STILL_1P_NA,12.238,17087725,188,STILL,NA,1,P03,LAB01,1,0,0,0,0,0
20260910_104915,STILL_1P_NA,12.238,17087725,188,STILL,NA,1,P03,LAB01,2,0,0,0,0,0
20260910_104915,STILL_1P_NA,12.327,17176676,189,STILL,NA,1,P03,LAB01,0,1,1869,3176,8,360
20260910_104915,STILL_1P_NA,12.327,17176676,189,STILL,NA,1,P03,LAB01,1,0,0,0,0,0
20260910_104915,STILL_1P_NA,12.327,17176676,189,STILL,NA,1,P03,LAB01,2,0,0,0,0,0
20260910_104915,STILL_1P_NA,12.416,17265851,190,STILL,NA,1,P03,LAB01,0,1,1866,3178,0,360
20260910_104915,STILL_1P_NA,12.416,17265851,190,STILL,NA,1,P03,LAB01,1,0,0,0,0,0
20260910_104915,STILL_1P_NA,12.416,17265851,190,STILL,NA,1,P03,LAB01,2,0,0,0,0,0
20260910_104915,STILL_1P_NA,12.505,17354741,191,STILL,NA,1,P03,LAB01,0,1,1865,3176,0,360
20260910_104915,STILL_1P_NA,12.505,17354741,191,STILL,NA,1,P03,LAB01,1,0,0,0,0,0
20260910_104915,STILL_1P_NA,12.505,17354741,191,STILL,NA,1,P03,LAB01,2,0,0,0,0,0
20260910_104915,STILL_1P_NA,12.594,17443721,192,STILL,NA,1,P03,LAB01,0,1,1864,3176,0,360
20260910_104915,STILL_1P_NA,12.594,17443721,192,STILL,NA,1,P03,LAB01,1,0,0,0,0,0
20260910_104915,STILL_1P_NA,12.594,17443721,192,STILL,NA,1,P03,LAB01,2,0,0,0,0,0
20260910_104915,STILL_1P_NA,12.682,17532670,193,STILL,NA,1,P03,LAB01,0,1,1862,3176,-8,360
20260910_104915,STILL_1P_NA,12.682,17532670,193,STILL,NA,1,P03,LAB01,1,0,0,0,0,0
20260910_104915,STILL_1P_NA,12.682,17532670,193,STILL,NA,1,P03,LAB01,2,0,0,0,0,0
20260910_104915,STILL_1P_NA,12.772,17621721,194,STILL,NA,1,P03,LAB01,0,1,1863,3174,0,360
20260910_104915,STILL_1P_NA,12.772,17621721,194,STILL,NA,1,P03,LAB01,1,0,0,0,0,0
20260910_104915,STILL_1P_NA,12.772,17621721,194,STILL,NA,1,P03,LAB01,2,0,0,0,0,0
20260910_104915,STILL_1P_NA,12.861,17710549,195,STILL,NA,1,P03,LAB01,0,1,1864,3173,0,360
20260910_104915,STILL_1P_NA,12.861,17710549,195,STILL,NA,1,P03,LAB01,1,0,0,0,0,0
20260910_104915,STILL_1P_NA,12.861,17710549,195,STILL,NA,1,P03,LAB01,2,0,0,0,0,0
20260910_104915,STILL_1P_NA,12.949,17799590,196,STILL,NA,1,P03,LAB01,0,1,1861,3172,-8,360
20260910_104915,STILL_1P_NA,12.949,17799590,196,STILL,NA,1,P03,LAB01,1,0,0,0,0,0
20260910_104915,STILL_1P_NA,12.949,17799590,196,STILL,NA,1,P03,LAB01,2,0,0,0,0,0
20260910_104915,STILL_1P_NA,13.039,17888539,197,STILL,NA,1,P03,LAB01,0,1,1864,3169,0,360
20260910_104915,STILL_1P_NA,13.039,17888539,197,STILL,NA,1,P03,LAB01,1,0,0,0,0,0
20260910_104915,STILL_1P_NA,13.039,17888539,197,STILL,NA,1,P03,LAB01,2,0,0,0,0,0
20260910_104915,STILL_1P_NA,13.128,17977581,198,STILL,NA,1,P03,LAB01,0,1,1861,3167,0,360
20260910_104915,STILL_1P_NA,13.128,17977581,198,STILL,NA,1,P03,LAB01,1,0,0,0,0,0
20260910_104915,STILL_1P_NA,13.128,17977581,198,STILL,NA,1,P03,LAB01,2,0,0,0,0,0
20260910_104915,STILL_1P_NA,13.216,18066531,199,STILL,NA,1,P03,LAB01,0,1,1862,3163,0,360
20260910_104915,STILL_1P_NA,13.216,18066531,199,STILL,NA,1,P03,LAB01,1,0,0,0,0,0
20260910_104915,STILL_1P_NA,13.216,18066531,199,STILL,NA,1,P03,LAB01,2,0,0,0,0,0
20260910_104915,STILL_1P_NA,13.305,18155670,200,STILL,NA,1,P03,LAB01,0,1,1865,3161,0,360
20260910_104915,STILL_1P_NA,13.305,18155670,200,STILL,NA,1,P03,LAB01,1,0,0,0,0,0
20260910_104915,STILL_1P_NA,13.305,18155670,200,STILL,NA,1,P03,LAB01,2,0,0,0,0,0
20260910_104915,STILL_1P_NA,13.394,18244561,201,STILL,NA,1,P03,LAB01,0,1,1871,3158,0,360
20260910_104915,STILL_1P_NA,13.394,18244561,201,STILL,NA,1,P03,LAB01,1,0,0,0,0,0
20260910_104915,STILL_1P_NA,13.394,18244561,201,STILL,NA,1,P03,LAB01,2,0,0,0,0,0
20260910_104915,STILL_1P_NA,13.483,18333508,202,STILL,NA,1,P03,LAB01,0,1,1881,3151,0,360
20260910_104915,STILL_1P_NA,13.483,18333508,202,STILL,NA,1,P03,LAB01,1,0,0,0,0,0
20260910_104915,STILL_1P_NA,13.483,18333508,202,STILL,NA,1,P03,LAB01,2,0,0,0,0,0
20260910_104915,STILL_1P_NA,13.572,18422687,203,STILL,NA,1,P03,LAB01,0,1,1892,3144,0,360
20260910_104915,STILL_1P_NA,13.572,18422687,203,STILL,NA,1,P03,LAB01,1,0,0,0,0,0
20260910_104915,STILL_1P_NA,13.572,18422687,203,STILL,NA,1,P03,LAB01,2,0,0,0,0,0
20260910_104915,STILL_1P_NA,13.661,18511446,204,STILL,NA,1,P03,LAB01,0,1,1901,3138,0,360
20260910_104915,STILL_1P_NA,13.661,18511446,204,STILL,NA,1,P03,LAB01,1,0,0,0,0,0
20260910_104915,STILL_1P_NA,13.661,18511446,204,STILL,NA,1,P03,LAB01,2,0,0,0,0,0
20260910_104915,STILL_1P_NA,13.750,18600522,205,STILL,NA,1,P03,LAB01,0,1,1907,3134,8,360
20260910_104915,STILL_1P_NA,13.750,18600522,205,STILL,NA,1,P03,LAB01,1,0,0,0,0,0
20260910_104915,STILL_1P_NA,13.750,18600522,205,STILL,NA,1,P03,LAB01,2,0,0,0,0,0
20260910_104915,STILL_1P_NA,13.839,18689566,206,STILL,NA,1,P03,LAB01,0,1,1902,3138,0,360
20260910_104915,STILL_1P_NA,13.839,18689566,206,STILL,NA,1,P03,LAB01,1,0,0,0,0,0
20260910_104915,STILL_1P_NA,13.839,18689566,206,STILL,NA,1,P03,LAB01,2,0,0,0,0,0
20260910_104915,STILL_1P_NA,13.928,18778644,207,STILL,NA,1,P03,LAB01,0,1,1895,3144,-8,360
20260910_104915,STILL_1P_NA,13.928,18778644,207,STILL,NA,1,P03,LAB01,1,0,0,0,0,0
20260910_104915,STILL_1P_NA,13.928,18778644,207,STILL,NA,1,P03,LAB01,2,0,0,0,0,0
20260910_104915,STILL_1P_NA,14.017,18867593,208,STILL,NA,1,P03,LAB01,0,1,1889,3149,0,360
20260910_104915,STILL_1P_NA,14.017,18867593,208,STILL,NA,1,P03,LAB01,1,0,0,0,0,0
20260910_104915,STILL_1P_NA,14.017,18867593,208,STILL,NA,1,P03,LAB01,2,0,0,0,0,0
20260910_104915,STILL_1P_NA,14.106,18956581,209,STILL,NA,1,P03,LAB01,0,1,1889,3148,0,360
20260910_104915,STILL_1P_NA,14.106,18956581,209,STILL,NA,1,P03,LAB01,1,0,0,0,0,0
20260910_104915,STILL_1P_NA,14.106,18956581,209,STILL,NA,1,P03,LAB01,2,0,0,0,0,0
20260910_104915,STILL_1P_NA,14.195,19045495,210,STILL,NA,1,P03,LAB01,0,1,1888,3148,8,360
20260910_104915,STILL_1P_NA,14.195,19045495,210,STILL,NA,1,P03,LAB01,1,0,0,0,0,0
20260910_104915,STILL_1P_NA,14.195,19045495,210,STILL,NA,1,P03,LAB01,2,0,0,0,0,0
20260910_104915,STILL_1P_NA,14.284,19134508,211,STILL,NA,1,P03,LAB01,0,1,1890,3147,0,360
20260910_104915,STILL_1P_NA,14.284,19134508,211,STILL,NA,1,P03,LAB01,1,0,0,0,0,0
20260910_104915,STILL_1P_NA,14.284,19134508,211,STILL,NA,1,P03,LAB01,2,0,0,0,0,0
20260910_104915,STILL_1P_NA,14.373,19223426,212,STILL,NA,1,P03,LAB01,0,1,1888,3145,0,360
20260910_104915,STILL_1P_NA,14.373,19223426,212,STILL,NA,1,P03,LAB01,1,0,0,0,0,0
20260910_104915,STILL_1P_NA,14.373,19223426,212,STILL,NA,1,P03,LAB01,2,0,0,0,0,0
20260910_104915,STILL_1P_NA,14.462,19312347,213,STILL,NA,1,P03,LAB01,0,1,1885,3146,0,360
20260910_104915,STILL_1P_NA,14.462,19312347,213,STILL,NA,1,P03,LAB01,1,0,0,0,0,0
20260910_104915,STILL_1P_NA,14.462,19312347,213,STILL,NA,1,P03,LAB01,2,0,0,0,0,0
20260910_104915,STILL_1P_NA,14.551,19401488,214,STILL,NA,1,P03,LAB01,0,1,1881,3146,0,360
20260910_104915,STILL_1P_NA,14.551,19401488,214,STILL,NA,1,P03,LAB01,1,0,0,0,0,0
20260910_104915,STILL_1P_NA,14.551,19401488,214,STILL,NA,1,P03,LAB01,2,0,0,0,0,0
20260910_104915,STILL_1P_NA,14.640,19490439,215,STILL,NA,1,P03,LAB01,0,1,1876,3147,0,360
20260910_104915,STILL_1P_NA,14.640,19490439,215,STILL,NA,1,P03,LAB01,1,0,0,0,0,0
20260910_104915,STILL_1P_NA,14.640,19490439,215,STILL,NA,1,P03,LAB01,2,0,0,0,0,0
20260910_104915,STILL_1P_NA,14.729,19579515,216,STILL,NA,1,P03,LAB01,0,1,1865,3146,0,360
20260910_104915,STILL_1P_NA,14.729,19579515,216,STILL,NA,1,P03,LAB01,1,0,0,0,0,0
20260910_104915,STILL_1P_NA,14.729,19579515,216,STILL,NA,1,P03,LAB01,2,0,0,0,0,0
20260910_104915,STILL_1P_NA,14.818,19668467,217,STILL,NA,1,P03,LAB01,0,1,1856,3146,0,360
20260910_104915,STILL_1P_NA,14.818,19668467,217,STILL,NA,1,P03,LAB01,1,0,0,0,0,0
20260910_104915,STILL_1P_NA,14.818,19668467,217,STILL,NA,1,P03,LAB01,2,0,0,0,0,0
20260910_104915,STILL_1P_NA,14.907,19757292,218,STILL,NA,1,P03,LAB01,0,1,1852,3144,0,360
20260910_104915,STILL_1P_NA,14.907,19757292,218,STILL,NA,1,P03,LAB01,1,0,0,0,0,0
20260910_104915,STILL_1P_NA,14.907,19757292,218,STILL,NA,1,P03,LAB01,2,0,0,0,0,0
20260910_104915,STILL_1P_NA,14.996,19846522,219,STILL,NA,1,P03,LAB01,0,1,1860,3137,0,360
20260910_104915,STILL_1P_NA,14.996,19846522,219,STILL,NA,1,P03,LAB01,1,0,0,0,0,0
20260910_104915,STILL_1P_NA,14.996,19846522,219,STILL,NA,1,P03,LAB01,2,0,0,0,0,0
20260910_104915,STILL_1P_NA,15.085,19935446,220,STILL,NA,1,P03,LAB01,0,1,1873,3127,0,360
20260910_104915,STILL_1P_NA,15.085,19935446,220,STILL,NA,1,P03,LAB01,1,0,0,0,0,0
20260910_104915,STILL_1P_NA,15.085,19935446,220,STILL,NA,1,P03,LAB01,2,0,0,0,0,0
20260910_104915,STILL_1P_NA,15.175,20024522,221,STILL,NA,1,P03,LAB01,0,1,1880,3123,0,360
20260910_104915,STILL_1P_NA,15.175,20024522,221,STILL,NA,1,P03,LAB01,1,0,0,0,0,0
20260910_104915,STILL_1P_NA,15.175,20024522,221,STILL,NA,1,P03,LAB01,2,0,0,0,0,0
20260910_104915,STILL_1P_NA,15.263,20113228,222,STILL,NA,1,P03,LAB01,0,1,1884,3118,0,360
20260910_104915,STILL_1P_NA,15.263,20113228,222,STILL,NA,1,P03,LAB01,1,0,0,0,0,0
20260910_104915,STILL_1P_NA,15.263,20113228,222,STILL,NA,1,P03,LAB01,2,0,0,0,0,0
20260910_104915,STILL_1P_NA,15.352,20202419,223,STILL,NA,1,P03,LAB01,0,1,1885,3117,0,360
20260910_104915,STILL_1P_NA,15.352,20202419,223,STILL,NA,1,P03,LAB01,1,0,0,0,0,0
20260910_104915,STILL_1P_NA,15.352,20202419,223,STILL,NA,1,P03,LAB01,2,0,0,0,0,0
20260910_104915,STILL_1P_NA,15.441,20291317,224,STILL,NA,1,P03,LAB01,0,1,1887,3114,8,360
20260910_104915,STILL_1P_NA,15.441,20291317,224,STILL,NA,1,P03,LAB01,1,0,0,0,0,0
20260910_104915,STILL_1P_NA,15.441,20291317,224,STILL,NA,1,P03,LAB01,2,0,0,0,0,0
20260910_104915,STILL_1P_NA,15.530,20380265,225,STILL,NA,1,P03,LAB01,0,1,1896,3107,0,360
20260910_104915,STILL_1P_NA,15.530,20380265,225,STILL,NA,1,P03,LAB01,1,0,0,0,0,0
20260910_104915,STILL_1P_NA,15.530,20380265,225,STILL,NA,1,P03,LAB01,2,0,0,0,0,0
20260910_104915,STILL_1P_NA,15.619,20469495,226,STILL,NA,1,P03,LAB01,0,1,1906,3103,-8,360
20260910_104915,STILL_1P_NA,15.619,20469495,226,STILL,NA,1,P03,LAB01,1,0,0,0,0,0
20260910_104915,STILL_1P_NA,15.619,20469495,226,STILL,NA,1,P03,LAB01,2,0,0,0,0,0
20260910_104915,STILL_1P_NA,15.708,20558320,227,STILL,NA,1,P03,LAB01,0,1,1912,3101,-8,360
20260910_104915,STILL_1P_NA,15.708,20558320,227,STILL,NA,1,P03,LAB01,1,0,0,0,0,0
20260910_104915,STILL_1P_NA,15.708,20558320,227,STILL,NA,1,P03,LAB01,2,0,0,0,0,0
20260910_104915,STILL_1P_NA,15.797,20647460,228,STILL,NA,1,P03,LAB01,0,1,1920,3097,8,360
20260910_104915,STILL_1P_NA,15.797,20647460,228,STILL,NA,1,P03,LAB01,1,0,0,0,0,0
20260910_104915,STILL_1P_NA,15.797,20647460,228,STILL,NA,1,P03,LAB01,2,0,0,0,0,0
20260910_104915,STILL_1P_NA,15.886,20736346,229,STILL,NA,1,P03,LAB01,0,1,1925,3093,-8,360
20260910_104915,STILL_1P_NA,15.886,20736346,229,STILL,NA,1,P03,LAB01,1,0,0,0,0,0
20260910_104915,STILL_1P_NA,15.886,20736346,229,STILL,NA,1,P03,LAB01,2,0,0,0,0,0
20260910_104915,STILL_1P_NA,15.975,20825237,230,STILL,NA,1,P03,LAB01,0,1,1926,3091,0,360
20260910_104915,STILL_1P_NA,15.975,20825237,230,STILL,NA,1,P03,LAB01,1,0,0,0,0,0
20260910_104915,STILL_1P_NA,15.975,20825237,230,STILL,NA,1,P03,LAB01,2,0,0,0,0,0
20260910_104915,STILL_1P_NA,16.064,20914254,231,STILL,NA,1,P03,LAB01,0,1,1932,3090,8,360
20260910_104915,STILL_1P_NA,16.064,20914254,231,STILL,NA,1,P03,LAB01,1,0,0,0,0,0
20260910_104915,STILL_1P_NA,16.064,20914254,231,STILL,NA,1,P03,LAB01,2,0,0,0,0,0
20260910_104915,STILL_1P_NA,16.153,21003302,232,STILL,NA,1,P03,LAB01,0,1,1938,3086,0,360
20260910_104915,STILL_1P_NA,16.153,21003302,232,STILL,NA,1,P03,LAB01,1,0,0,0,0,0
20260910_104915,STILL_1P_NA,16.153,21003302,232,STILL,NA,1,P03,LAB01,2,0,0,0,0,0
20260910_104915,STILL_1P_NA,16.242,21092281,233,STILL,NA,1,P03,LAB01,0,1,1940,3082,0,360
20260910_104915,STILL_1P_NA,16.242,21092281,233,STILL,NA,1,P03,LAB01,1,0,0,0,0,0
20260910_104915,STILL_1P_NA,16.242,21092281,233,STILL,NA,1,P03,LAB01,2,0,0,0,0,0
20260910_104915,STILL_1P_NA,16.331,21181261,234,STILL,NA,1,P03,LAB01,0,1,1940,3078,-8,360
20260910_104915,STILL_1P_NA,16.331,21181261,234,STILL,NA,1,P03,LAB01,1,0,0,0,0,0
20260910_104915,STILL_1P_NA,16.331,21181261,234,STILL,NA,1,P03,LAB01,2,0,0,0,0,0
20260910_104915,STILL_1P_NA,16.421,21270081,235,STILL,NA,1,P03,LAB01,0,1,1941,3078,8,360
20260910_104915,STILL_1P_NA,16.421,21270081,235,STILL,NA,1,P03,LAB01,1,0,0,0,0,0
20260910_104915,STILL_1P_NA,16.421,21270081,235,STILL,NA,1,P03,LAB01,2,0,0,0,0,0
20260910_104915,STILL_1P_NA,16.508,21358824,236,STILL,NA,1,P03,LAB01,0,1,1945,3074,0,360
20260910_104915,STILL_1P_NA,16.508,21358824,236,STILL,NA,1,P03,LAB01,1,0,0,0,0,0
20260910_104915,STILL_1P_NA,16.508,21358824,236,STILL,NA,1,P03,LAB01,2,0,0,0,0,0
20260910_104915,STILL_1P_NA,16.598,21448238,237,STILL,NA,1,P03,LAB01,0,1,1945,3074,0,360
20260910_104915,STILL_1P_NA,16.598,21448238,237,STILL,NA,1,P03,LAB01,1,0,0,0,0,0
20260910_104915,STILL_1P_NA,16.598,21448238,237,STILL,NA,1,P03,LAB01,2,0,0,0,0,0
20260910_104915,STILL_1P_NA,16.687,21537153,238,STILL,NA,1,P03,LAB01,0,1,1942,3074,0,360
20260910_104915,STILL_1P_NA,16.687,21537153,238,STILL,NA,1,P03,LAB01,1,0,0,0,0,0
20260910_104915,STILL_1P_NA,16.687,21537153,238,STILL,NA,1,P03,LAB01,2,0,0,0,0,0
20260910_104915,STILL_1P_NA,16.776,21626238,239,STILL,NA,1,P03,LAB01,0,1,1935,3076,8,360
20260910_104915,STILL_1P_NA,16.776,21626238,239,STILL,NA,1,P03,LAB01,1,0,0,0,0,0
20260910_104915,STILL_1P_NA,16.776,21626238,239,STILL,NA,1,P03,LAB01,2,0,0,0,0,0
20260910_104915,STILL_1P_NA,16.865,21714939,240,STILL,NA,1,P03,LAB01,0,1,1907,3086,8,360
20260910_104915,STILL_1P_NA,16.865,21714939,240,STILL,NA,1,P03,LAB01,1,0,0,0,0,0
20260910_104915,STILL_1P_NA,16.865,21714939,240,STILL,NA,1,P03,LAB01,2,0,0,0,0,0
20260910_104915,STILL_1P_NA,16.954,21804097,241,STILL,NA,1,P03,LAB01,0,1,1870,3101,0,360
20260910_104915,STILL_1P_NA,16.954,21804097,241,STILL,NA,1,P03,LAB01,1,0,0,0,0,0
20260910_104915,STILL_1P_NA,16.954,21804097,241,STILL,NA,1,P03,LAB01,2,0,0,0,0,0
20260910_104915,STILL_1P_NA,17.043,21892874,242,STILL,NA,1,P03,LAB01,0,1,1786,3136,0,360
20260910_104915,STILL_1P_NA,17.043,21892874,242,STILL,NA,1,P03,LAB01,1,0,0,0,0,0
20260910_104915,STILL_1P_NA,17.043,21892874,242,STILL,NA,1,P03,LAB01,2,0,0,0,0,0
20260910_104915,STILL_1P_NA,17.132,21982163,243,STILL,NA,1,P03,LAB01,0,1,1728,3154,0,360
20260910_104915,STILL_1P_NA,17.132,21982163,243,STILL,NA,1,P03,LAB01,1,0,0,0,0,0
20260910_104915,STILL_1P_NA,17.132,21982163,243,STILL,NA,1,P03,LAB01,2,0,0,0,0,0
20260910_104915,STILL_1P_NA,17.221,22071271,244,STILL,NA,1,P03,LAB01,0,1,1677,3178,0,360
20260910_104915,STILL_1P_NA,17.221,22071271,244,STILL,NA,1,P03,LAB01,1,0,0,0,0,0
20260910_104915,STILL_1P_NA,17.221,22071271,244,STILL,NA,1,P03,LAB01,2,0,0,0,0,0
20260910_104915,STILL_1P_NA,17.310,22160010,245,STILL,NA,1,P03,LAB01,0,1,1649,3191,0,360
20260910_104915,STILL_1P_NA,17.310,22160010,245,STILL,NA,1,P03,LAB01,1,0,0,0,0,0
20260910_104915,STILL_1P_NA,17.310,22160010,245,STILL,NA,1,P03,LAB01,2,0,0,0,0,0
20260910_104915,STILL_1P_NA,17.399,22249197,246,STILL,NA,1,P03,LAB01,0,1,1660,3189,0,360
20260910_104915,STILL_1P_NA,17.399,22249197,246,STILL,NA,1,P03,LAB01,1,0,0,0,0,0
20260910_104915,STILL_1P_NA,17.399,22249197,246,STILL,NA,1,P03,LAB01,2,0,0,0,0,0
20260910_104915,STILL_1P_NA,17.488,22338217,247,STILL,NA,1,P03,LAB01,0,1,1682,3183,0,360
20260910_104915,STILL_1P_NA,17.488,22338217,247,STILL,NA,1,P03,LAB01,1,0,0,0,0,0
20260910_104915,STILL_1P_NA,17.488,22338217,247,STILL,NA,1,P03,LAB01,2,0,0,0,0,0
20260910_104915,STILL_1P_NA,17.577,22427040,248,STILL,NA,1,P03,LAB01,0,1,1690,3181,8,360
20260910_104915,STILL_1P_NA,17.577,22427040,248,STILL,NA,1,P03,LAB01,1,0,0,0,0,0
20260910_104915,STILL_1P_NA,17.577,22427040,248,STILL,NA,1,P03,LAB01,2,0,0,0,0,0
20260910_104915,STILL_1P_NA,17.666,22516021,249,STILL,NA,1,P03,LAB01,0,1,1695,3179,0,360
20260910_104915,STILL_1P_NA,17.666,22516021,249,STILL,NA,1,P03,LAB01,1,0,0,0,0,0
20260910_104915,STILL_1P_NA,17.666,22516021,249,STILL,NA,1,P03,LAB01,2,0,0,0,0,0
20260910_104915,STILL_1P_NA,17.755,22605261,250,STILL,NA,1,P03,LAB01,0,1,1703,3172,0,360
20260910_104915,STILL_1P_NA,17.755,22605261,250,STILL,NA,1,P03,LAB01,1,0,0,0,0,0
20260910_104915,STILL_1P_NA,17.755,22605261,250,STILL,NA,1,P03,LAB01,2,0,0,0,0,0
20260910_104915,STILL_1P_NA,17.844,22694143,251,STILL,NA,1,P03,LAB01,0,1,1709,3165,0,360
20260910_104915,STILL_1P_NA,17.844,22694143,251,STILL,NA,1,P03,LAB01,1,0,0,0,0,0
20260910_104915,STILL_1P_NA,17.844,22694143,251,STILL,NA,1,P03,LAB01,2,0,0,0,0,0
20260910_104915,STILL_1P_NA,17.933,22783093,252,STILL,NA,1,P03,LAB01,0,1,1716,3162,-8,360
20260910_104915,STILL_1P_NA,17.933,22783093,252,STILL,NA,1,P03,LAB01,1,0,0,0,0,0
20260910_104915,STILL_1P_NA,17.933,22783093,252,STILL,NA,1,P03,LAB01,2,0,0,0,0,0
20260910_104915,STILL_1P_NA,18.022,22872210,253,STILL,NA,1,P03,LAB01,0,1,1718,3160,0,360
20260910_104915,STILL_1P_NA,18.022,22872210,253,STILL,NA,1,P03,LAB01,1,0,0,0,0,0
20260910_104915,STILL_1P_NA,18.022,22872210,253,STILL,NA,1,P03,LAB01,2,0,0,0,0,0
20260910_104915,STILL_1P_NA,18.110,22960692,254,STILL,NA,1,P03,LAB01,0,1,1723,3156,-8,360
20260910_104915,STILL_1P_NA,18.110,22960692,254,STILL,NA,1,P03,LAB01,1,0,0,0,0,0
20260910_104915,STILL_1P_NA,18.110,22960692,254,STILL,NA,1,P03,LAB01,2,0,0,0,0,0
20260910_104915,STILL_1P_NA,18.200,23050016,255,STILL,NA,1,P03,LAB01,0,1,1734,3153,0,360
20260910_104915,STILL_1P_NA,18.200,23050016,255,STILL,NA,1,P03,LAB01,1,0,0,0,0,0
20260910_104915,STILL_1P_NA,18.200,23050016,255,STILL,NA,1,P03,LAB01,2,0,0,0,0,0
20260910_104915,STILL_1P_NA,18.289,23138907,256,STILL,NA,1,P03,LAB01,0,1,1748,3149,0,360
20260910_104915,STILL_1P_NA,18.289,23138907,256,STILL,NA,1,P03,LAB01,1,0,0,0,0,0
20260910_104915,STILL_1P_NA,18.289,23138907,256,STILL,NA,1,P03,LAB01,2,0,0,0,0,0
20260910_104915,STILL_1P_NA,18.378,23227980,257,STILL,NA,1,P03,LAB01,0,1,1766,3146,0,360
20260910_104915,STILL_1P_NA,18.378,23227980,257,STILL,NA,1,P03,LAB01,1,0,0,0,0,0
20260910_104915,STILL_1P_NA,18.378,23227980,257,STILL,NA,1,P03,LAB01,2,0,0,0,0,0
20260910_104915,STILL_1P_NA,18.467,23317049,258,STILL,NA,1,P03,LAB01,0,1,1786,3142,0,360
20260910_104915,STILL_1P_NA,18.467,23317049,258,STILL,NA,1,P03,LAB01,1,0,0,0,0,0
20260910_104915,STILL_1P_NA,18.467,23317049,258,STILL,NA,1,P03,LAB01,2,0,0,0,0,0
20260910_104915,STILL_1P_NA,18.556,23406033,259,STILL,NA,1,P03,LAB01,0,1,1807,3139,-8,360
20260910_104915,STILL_1P_NA,18.556,23406033,259,STILL,NA,1,P03,LAB01,1,0,0,0,0,0
20260910_104915,STILL_1P_NA,18.556,23406033,259,STILL,NA,1,P03,LAB01,2,0,0,0,0,0
20260910_104915,STILL_1P_NA,18.645,23494963,260,STILL,NA,1,P03,LAB01,0,1,1826,3135,-8,360
20260910_104915,STILL_1P_NA,18.645,23494963,260,STILL,NA,1,P03,LAB01,1,0,0,0,0,0
20260910_104915,STILL_1P_NA,18.645,23494963,260,STILL,NA,1,P03,LAB01,2,0,0,0,0,0
20260910_104915,STILL_1P_NA,18.734,23584010,261,STILL,NA,1,P03,LAB01,0,1,1823,3141,-8,360
20260910_104915,STILL_1P_NA,18.734,23584010,261,STILL,NA,1,P03,LAB01,1,0,0,0,0,0
20260910_104915,STILL_1P_NA,18.734,23584010,261,STILL,NA,1,P03,LAB01,2,0,0,0,0,0
20260910_104915,STILL_1P_NA,18.822,23672895,262,STILL,NA,1,P03,LAB01,0,1,1815,3149,-8,360
20260910_104915,STILL_1P_NA,18.822,23672895,262,STILL,NA,1,P03,LAB01,1,0,0,0,0,0
20260910_104915,STILL_1P_NA,18.822,23672895,262,STILL,NA,1,P03,LAB01,2,0,0,0,0,0
20260910_104915,STILL_1P_NA,18.912,23761907,263,STILL,NA,1,P03,LAB01,0,1,1809,3155,0,360
20260910_104915,STILL_1P_NA,18.912,23761907,263,STILL,NA,1,P03,LAB01,1,0,0,0,0,0
20260910_104915,STILL_1P_NA,18.912,23761907,263,STILL,NA,1,P03,LAB01,2,0,0,0,0,0
20260910_104915,STILL_1P_NA,19.000,23850644,264,STILL,NA,1,P03,LAB01,0,1,1810,3154,0,360
20260910_104915,STILL_1P_NA,19.000,23850644,264,STILL,NA,1,P03,LAB01,1,0,0,0,0,0
20260910_104915,STILL_1P_NA,19.000,23850644,264,STILL,NA,1,P03,LAB01,2,0,0,0,0,0
20260910_104915,STILL_1P_NA,19.090,23939995,265,STILL,NA,1,P03,LAB01,0,1,1813,3146,0,360
20260910_104915,STILL_1P_NA,19.090,23939995,265,STILL,NA,1,P03,LAB01,1,0,0,0,0,0
20260910_104915,STILL_1P_NA,19.090,23939995,265,STILL,NA,1,P03,LAB01,2,0,0,0,0,0
20260910_104915,STILL_1P_NA,19.179,24028984,266,STILL,NA,1,P03,LAB01,0,1,1821,3137,0,360
20260910_104915,STILL_1P_NA,19.179,24028984,266,STILL,NA,1,P03,LAB01,1,0,0,0,0,0
20260910_104915,STILL_1P_NA,19.179,24028984,266,STILL,NA,1,P03,LAB01,2,0,0,0,0,0
20260910_104915,STILL_1P_NA,19.267,24117901,267,STILL,NA,1,P03,LAB01,0,1,1843,3122,0,360
20260910_104915,STILL_1P_NA,19.267,24117901,267,STILL,NA,1,P03,LAB01,1,0,0,0,0,0
20260910_104915,STILL_1P_NA,19.267,24117901,267,STILL,NA,1,P03,LAB01,2,0,0,0,0,0
20260910_104915,STILL_1P_NA,19.356,24206665,268,STILL,NA,1,P03,LAB01,0,1,1866,3115,0,360
20260910_104915,STILL_1P_NA,19.356,24206665,268,STILL,NA,1,P03,LAB01,1,0,0,0,0,0
20260910_104915,STILL_1P_NA,19.356,24206665,268,STILL,NA,1,P03,LAB01,2,0,0,0,0,0
20260910_104915,STILL_1P_NA,19.446,24296043,269,STILL,NA,1,P03,LAB01,0,1,1901,3104,0,360
20260910_104915,STILL_1P_NA,19.446,24296043,269,STILL,NA,1,P03,LAB01,1,0,0,0,0,0
20260910_104915,STILL_1P_NA,19.446,24296043,269,STILL,NA,1,P03,LAB01,2,0,0,0,0,0
20260910_104915,STILL_1P_NA,19.535,24384851,270,STILL,NA,1,P03,LAB01,0,1,1942,3092,0,360
20260910_104915,STILL_1P_NA,19.535,24384851,270,STILL,NA,1,P03,LAB01,1,0,0,0,0,0
20260910_104915,STILL_1P_NA,19.535,24384851,270,STILL,NA,1,P03,LAB01,2,0,0,0,0,0
20260910_104915,STILL_1P_NA,19.624,24473895,271,STILL,NA,1,P03,LAB01,0,1,1969,3088,0,360
20260910_104915,STILL_1P_NA,19.624,24473895,271,STILL,NA,1,P03,LAB01,1,0,0,0,0,0
20260910_104915,STILL_1P_NA,19.624,24473895,271,STILL,NA,1,P03,LAB01,2,0,0,0,0,0
20260910_104915,STILL_1P_NA,19.713,24562845,272,STILL,NA,1,P03,LAB01,0,1,1976,3099,0,360
20260910_104915,STILL_1P_NA,19.713,24562845,272,STILL,NA,1,P03,LAB01,1,0,0,0,0,0
20260910_104915,STILL_1P_NA,19.713,24562845,272,STILL,NA,1,P03,LAB01,2,0,0,0,0,0
20260910_104915,STILL_1P_NA,19.801,24651638,273,STILL,NA,1,P03,LAB01,0,1,1978,3100,-8,360
20260910_104915,STILL_1P_NA,19.801,24651638,273,STILL,NA,1,P03,LAB01,1,0,0,0,0,0
20260910_104915,STILL_1P_NA,19.801,24651638,273,STILL,NA,1,P03,LAB01,2,0,0,0,0,0
20260910_104915,STILL_1P_NA,19.891,24740874,274,STILL,NA,1,P03,LAB01,0,1,1974,3106,0,360
20260910_104915,STILL_1P_NA,19.891,24740874,274,STILL,NA,1,P03,LAB01,1,0,0,0,0,0
20260910_104915,STILL_1P_NA,19.891,24740874,274,STILL,NA,1,P03,LAB01,2,0,0,0,0,0
20260910_104915,STILL_1P_NA,19.979,24829762,275,STILL,NA,1,P03,LAB01,0,1,1968,3115,0,360
20260910_104915,STILL_1P_NA,19.979,24829762,275,STILL,NA,1,P03,LAB01,1,0,0,0,0,0
20260910_104915,STILL_1P_NA,19.979,24829762,275,STILL,NA,1,P03,LAB01,2,0,0,0,0,0
20260910_104915,STILL_1P_NA,20.069,24918777,276,STILL,NA,1,P03,LAB01,0,1,1956,3122,-8,360
20260910_104915,STILL_1P_NA,20.069,24918777,276,STILL,NA,1,P03,LAB01,1,0,0,0,0,0
20260910_104915,STILL_1P_NA,20.069,24918777,276,STILL,NA,1,P03,LAB01,2,0,0,0,0,0
20260910_104915,STILL_1P_NA,20.158,25007912,277,STILL,NA,1,P03,LAB01,0,1,1939,3127,0,360
20260910_104915,STILL_1P_NA,20.158,25007912,277,STILL,NA,1,P03,LAB01,1,0,0,0,0,0
20260910_104915,STILL_1P_NA,20.158,25007912,277,STILL,NA,1,P03,LAB01,2,0,0,0,0,0
20260910_104915,STILL_1P_NA,20.247,25096830,278,STILL,NA,1,P03,LAB01,0,1,1922,3129,-8,360
20260910_104915,STILL_1P_NA,20.247,25096830,278,STILL,NA,1,P03,LAB01,1,0,0,0,0,0
20260910_104915,STILL_1P_NA,20.247,25096830,278,STILL,NA,1,P03,LAB01,2,0,0,0,0,0
20260910_104915,STILL_1P_NA,20.335,25185753,279,STILL,NA,1,P03,LAB01,0,1,1922,3123,8,360
20260910_104915,STILL_1P_NA,20.335,25185753,279,STILL,NA,1,P03,LAB01,1,0,0,0,0,0
20260910_104915,STILL_1P_NA,20.335,25185753,279,STILL,NA,1,P03,LAB01,2,0,0,0,0,0
20260910_104915,STILL_1P_NA,20.425,25274830,280,STILL,NA,1,P03,LAB01,0,1,1929,3118,0,360
20260910_104915,STILL_1P_NA,20.425,25274830,280,STILL,NA,1,P03,LAB01,1,0,0,0,0,0
20260910_104915,STILL_1P_NA,20.425,25274830,280,STILL,NA,1,P03,LAB01,2,0,0,0,0,0
20260910_104915,STILL_1P_NA,20.514,25363747,281,STILL,NA,1,P03,LAB01,0,1,1940,3114,0,360
20260910_104915,STILL_1P_NA,20.514,25363747,281,STILL,NA,1,P03,LAB01,1,0,0,0,0,0
20260910_104915,STILL_1P_NA,20.514,25363747,281,STILL,NA,1,P03,LAB01,2,0,0,0,0,0
20260910_104915,STILL_1P_NA,20.602,25452794,282,STILL,NA,1,P03,LAB01,0,1,1951,3111,8,360
20260910_104915,STILL_1P_NA,20.602,25452794,282,STILL,NA,1,P03,LAB01,1,0,0,0,0,0
20260910_104915,STILL_1P_NA,20.602,25452794,282,STILL,NA,1,P03,LAB01,2,0,0,0,0,0
20260910_104915,STILL_1P_NA,20.692,25541835,283,STILL,NA,1,P03,LAB01,0,1,1974,3104,0,360
20260910_104915,STILL_1P_NA,20.692,25541835,283,STILL,NA,1,P03,LAB01,1,0,0,0,0,0
20260910_104915,STILL_1P_NA,20.692,25541835,283,STILL,NA,1,P03,LAB01,2,0,0,0,0,0
20260910_104915,STILL_1P_NA,20.780,25630791,284,STILL,NA,1,P03,LAB01,0,1,1992,3100,0,360
20260910_104915,STILL_1P_NA,20.780,25630791,284,STILL,NA,1,P03,LAB01,1,0,0,0,0,0
20260910_104915,STILL_1P_NA,20.780,25630791,284,STILL,NA,1,P03,LAB01,2,0,0,0,0,0
20260910_104915,STILL_1P_NA,20.869,25719830,285,STILL,NA,1,P03,LAB01,0,1,2008,3098,0,360
20260910_104915,STILL_1P_NA,20.869,25719830,285,STILL,NA,1,P03,LAB01,1,0,0,0,0,0
20260910_104915,STILL_1P_NA,20.869,25719830,285,STILL,NA,1,P03,LAB01,2,0,0,0,0,0
20260910_104915,STILL_1P_NA,20.958,25808818,286,STILL,NA,1,P03,LAB01,0,1,2014,3093,0,360
20260910_104915,STILL_1P_NA,20.958,25808818,286,STILL,NA,1,P03,LAB01,1,0,0,0,0,0
20260910_104915,STILL_1P_NA,20.958,25808818,286,STILL,NA,1,P03,LAB01,2,0,0,0,0,0
20260910_104915,STILL_1P_NA,21.047,25897670,287,STILL,NA,1,P03,LAB01,0,1,2018,3089,0,360
20260910_104915,STILL_1P_NA,21.047,25897670,287,STILL,NA,1,P03,LAB01,1,0,0,0,0,0
20260910_104915,STILL_1P_NA,21.047,25897670,287,STILL,NA,1,P03,LAB01,2,0,0,0,0,0
20260910_104915,STILL_1P_NA,21.137,25986995,288,STILL,NA,1,P03,LAB01,0,1,2022,3086,0,360
20260910_104915,STILL_1P_NA,21.137,25986995,288,STILL,NA,1,P03,LAB01,1,0,0,0,0,0
20260910_104915,STILL_1P_NA,21.137,25986995,288,STILL,NA,1,P03,LAB01,2,0,0,0,0,0
20260910_104915,STILL_1P_NA,21.226,26075762,289,STILL,NA,1,P03,LAB01,0,1,2022,3083,0,360
20260910_104915,STILL_1P_NA,21.226,26075762,289,STILL,NA,1,P03,LAB01,1,0,0,0,0,0
20260910_104915,STILL_1P_NA,21.226,26075762,289,STILL,NA,1,P03,LAB01,2,0,0,0,0,0
20260910_104915,STILL_1P_NA,21.314,26164809,290,STILL,NA,1,P03,LAB01,0,1,2016,3083,-8,360
20260910_104915,STILL_1P_NA,21.314,26164809,290,STILL,NA,1,P03,LAB01,1,0,0,0,0,0
20260910_104915,STILL_1P_NA,21.314,26164809,290,STILL,NA,1,P03,LAB01,2,0,0,0,0,0
20260910_104915,STILL_1P_NA,21.403,26253884,291,STILL,NA,1,P03,LAB01,0,1,2011,3087,-8,360
20260910_104915,STILL_1P_NA,21.403,26253884,291,STILL,NA,1,P03,LAB01,1,0,0,0,0,0
20260910_104915,STILL_1P_NA,21.403,26253884,291,STILL,NA,1,P03,LAB01,2,0,0,0,0,0
20260910_104915,STILL_1P_NA,21.492,26342676,292,STILL,NA,1,P03,LAB01,0,1,2005,3094,0,360
20260910_104915,STILL_1P_NA,21.492,26342676,292,STILL,NA,1,P03,LAB01,1,0,0,0,0,0
20260910_104915,STILL_1P_NA,21.492,26342676,292,STILL,NA,1,P03,LAB01,2,0,0,0,0,0
20260910_104915,STILL_1P_NA,21.582,26431851,293,STILL,NA,1,P03,LAB01,0,1,1995,3103,0,360
20260910_104915,STILL_1P_NA,21.582,26431851,293,STILL,NA,1,P03,LAB01,1,0,0,0,0,0
20260910_104915,STILL_1P_NA,21.582,26431851,293,STILL,NA,1,P03,LAB01,2,0,0,0,0,0
20260910_104915,STILL_1P_NA,21.670,26520803,294,STILL,NA,1,P03,LAB01,0,1,1985,3112,-8,360
20260910_104915,STILL_1P_NA,21.670,26520803,294,STILL,NA,1,P03,LAB01,1,0,0,0,0,0
20260910_104915,STILL_1P_NA,21.670,26520803,294,STILL,NA,1,P03,LAB01,2,0,0,0,0,0
20260910_104915,STILL_1P_NA,21.759,26609561,295,STILL,NA,1,P03,LAB01,0,1,1981,3118,-8,360
20260910_104915,STILL_1P_NA,21.759,26609561,295,STILL,NA,1,P03,LAB01,1,0,0,0,0,0
20260910_104915,STILL_1P_NA,21.759,26609561,295,STILL,NA,1,P03,LAB01,2,0,0,0,0,0
20260910_104915,STILL_1P_NA,21.848,26698638,296,STILL,NA,1,P03,LAB01,0,1,1978,3117,0,360
20260910_104915,STILL_1P_NA,21.848,26698638,296,STILL,NA,1,P03,LAB01,1,0,0,0,0,0
20260910_104915,STILL_1P_NA,21.848,26698638,296,STILL,NA,1,P03,LAB01,2,0,0,0,0,0
20260910_104915,STILL_1P_NA,21.937,26787340,297,STILL,NA,1,P03,LAB01,0,1,1976,3115,0,360
20260910_104915,STILL_1P_NA,21.937,26787340,297,STILL,NA,1,P03,LAB01,1,0,0,0,0,0
20260910_104915,STILL_1P_NA,21.937,26787340,297,STILL,NA,1,P03,LAB01,2,0,0,0,0,0
20260910_104915,STILL_1P_NA,22.027,26876857,298,STILL,NA,1,P03,LAB01,0,1,1973,3112,0,360
20260910_104915,STILL_1P_NA,22.027,26876857,298,STILL,NA,1,P03,LAB01,1,0,0,0,0,0
20260910_104915,STILL_1P_NA,22.027,26876857,298,STILL,NA,1,P03,LAB01,2,0,0,0,0,0
20260910_104915,STILL_1P_NA,22.115,26965777,299,STILL,NA,1,P03,LAB01,0,1,1966,3110,-8,360
20260910_104915,STILL_1P_NA,22.115,26965777,299,STILL,NA,1,P03,LAB01,1,0,0,0,0,0
20260910_104915,STILL_1P_NA,22.115,26965777,299,STILL,NA,1,P03,LAB01,2,0,0,0,0,0
20260910_104915,STILL_1P_NA,22.204,27054346,300,STILL,NA,1,P03,LAB01,0,1,1961,3109,0,360
20260910_104915,STILL_1P_NA,22.204,27054346,300,STILL,NA,1,P03,LAB01,1,0,0,0,0,0
20260910_104915,STILL_1P_NA,22.204,27054346,300,STILL,NA,1,P03,LAB01,2,0,0,0,0,0
20260910_104915,STILL_1P_NA,22.293,27143391,301,STILL,NA,1,P03,LAB01,0,1,1953,3111,0,360
20260910_104915,STILL_1P_NA,22.293,27143391,301,STILL,NA,1,P03,LAB01,1,0,0,0,0,0
20260910_104915,STILL_1P_NA,22.293,27143391,301,STILL,NA,1,P03,LAB01,2,0,0,0,0,0
20260910_104915,STILL_1P_NA,22.382,27232501,302,STILL,NA,1,P03,LAB01,0,1,1945,3115,0,360
20260910_104915,STILL_1P_NA,22.382,27232501,302,STILL,NA,1,P03,LAB01,1,0,0,0,0,0
20260910_104915,STILL_1P_NA,22.382,27232501,302,STILL,NA,1,P03,LAB01,2,0,0,0,0,0
20260910_104915,STILL_1P_NA,22.471,27321515,303,STILL,NA,1,P03,LAB01,0,1,1923,3114,0,360
20260910_104915,STILL_1P_NA,22.471,27321515,303,STILL,NA,1,P03,LAB01,1,0,0,0,0,0
20260910_104915,STILL_1P_NA,22.471,27321515,303,STILL,NA,1,P03,LAB01,2,0,0,0,0,0
20260910_104915,STILL_1P_NA,22.560,27410593,304,STILL,NA,1,P03,LAB01,0,1,1920,3112,0,360
20260910_104915,STILL_1P_NA,22.560,27410593,304,STILL,NA,1,P03,LAB01,1,0,0,0,0,0
20260910_104915,STILL_1P_NA,22.560,27410593,304,STILL,NA,1,P03,LAB01,2,0,0,0,0,0
20260910_104915,STILL_1P_NA,22.649,27499446,305,STILL,NA,1,P03,LAB01,0,1,1925,3109,0,360
20260910_104915,STILL_1P_NA,22.649,27499446,305,STILL,NA,1,P03,LAB01,1,0,0,0,0,0
20260910_104915,STILL_1P_NA,22.649,27499446,305,STILL,NA,1,P03,LAB01,2,0,0,0,0,0
20260910_104915,STILL_1P_NA,22.738,27588649,306,STILL,NA,1,P03,LAB01,0,1,1936,3102,0,360
20260910_104915,STILL_1P_NA,22.738,27588649,306,STILL,NA,1,P03,LAB01,1,0,0,0,0,0
20260910_104915,STILL_1P_NA,22.738,27588649,306,STILL,NA,1,P03,LAB01,2,0,0,0,0,0
20260910_104915,STILL_1P_NA,22.827,27677501,307,STILL,NA,1,P03,LAB01,0,1,1947,3094,8,360
20260910_104915,STILL_1P_NA,22.827,27677501,307,STILL,NA,1,P03,LAB01,1,0,0,0,0,0
20260910_104915,STILL_1P_NA,22.827,27677501,307,STILL,NA,1,P03,LAB01,2,0,0,0,0,0
20260910_104915,STILL_1P_NA,22.916,27766617,308,STILL,NA,1,P03,LAB01,0,1,1937,3092,0,360
20260910_104915,STILL_1P_NA,22.916,27766617,308,STILL,NA,1,P03,LAB01,1,0,0,0,0,0
20260910_104915,STILL_1P_NA,22.916,27766617,308,STILL,NA,1,P03,LAB01,2,0,0,0,0,0
20260910_104915,STILL_1P_NA,23.005,27855531,309,STILL,NA,1,P03,LAB01,0,1,1924,3091,0,360
20260910_104915,STILL_1P_NA,23.005,27855531,309,STILL,NA,1,P03,LAB01,1,0,0,0,0,0
20260910_104915,STILL_1P_NA,23.005,27855531,309,STILL,NA,1,P03,LAB01,2,0,0,0,0,0
20260910_104915,STILL_1P_NA,23.094,27944481,310,STILL,NA,1,P03,LAB01,0,1,1911,3095,0,360
20260910_104915,STILL_1P_NA,23.094,27944481,310,STILL,NA,1,P03,LAB01,1,0,0,0,0,0
20260910_104915,STILL_1P_NA,23.094,27944481,310,STILL,NA,1,P03,LAB01,2,0,0,0,0,0
20260910_104915,STILL_1P_NA,23.183,28033561,311,STILL,NA,1,P03,LAB01,0,1,1902,3105,0,360
20260910_104915,STILL_1P_NA,23.183,28033561,311,STILL,NA,1,P03,LAB01,1,0,0,0,0,0
20260910_104915,STILL_1P_NA,23.183,28033561,311,STILL,NA,1,P03,LAB01,2,0,0,0,0,0
20260910_104915,STILL_1P_NA,23.272,28122576,312,STILL,NA,1,P03,LAB01,0,1,1897,3113,0,360
20260910_104915,STILL_1P_NA,23.272,28122576,312,STILL,NA,1,P03,LAB01,1,0,0,0,0,0
20260910_104915,STILL_1P_NA,23.272,28122576,312,STILL,NA,1,P03,LAB01,2,0,0,0,0,0
20260910_104915,STILL_1P_NA,23.361,28211522,313,STILL,NA,1,P03,LAB01,0,1,1891,3119,0,360
20260910_104915,STILL_1P_NA,23.361,28211522,313,STILL,NA,1,P03,LAB01,1,0,0,0,0,0
20260910_104915,STILL_1P_NA,23.361,28211522,313,STILL,NA,1,P03,LAB01,2,0,0,0,0,0
20260910_104915,STILL_1P_NA,23.451,28300665,314,STILL,NA,1,P03,LAB01,0,1,1892,3123,0,360
20260910_104915,STILL_1P_NA,23.451,28300665,314,STILL,NA,1,P03,LAB01,1,0,0,0,0,0
20260910_104915,STILL_1P_NA,23.451,28300665,314,STILL,NA,1,P03,LAB01,2,0,0,0,0,0
20260910_104915,STILL_1P_NA,23.539,28389522,315,STILL,NA,1,P03,LAB01,0,1,1890,3128,0,360
20260910_104915,STILL_1P_NA,23.539,28389522,315,STILL,NA,1,P03,LAB01,1,0,0,0,0,0
20260910_104915,STILL_1P_NA,23.539,28389522,315,STILL,NA,1,P03,LAB01,2,0,0,0,0,0
20260910_104915,STILL_1P_NA,23.628,28478474,316,STILL,NA,1,P03,LAB01,0,1,1889,3127,0,360
20260910_104915,STILL_1P_NA,23.628,28478474,316,STILL,NA,1,P03,LAB01,1,0,0,0,0,0
20260910_104915,STILL_1P_NA,23.628,28478474,316,STILL,NA,1,P03,LAB01,2,0,0,0,0,0
20260910_104915,STILL_1P_NA,23.717,28567426,317,STILL,NA,1,P03,LAB01,0,1,1887,3128,0,360
20260910_104915,STILL_1P_NA,23.717,28567426,317,STILL,NA,1,P03,LAB01,1,0,0,0,0,0
20260910_104915,STILL_1P_NA,23.717,28567426,317,STILL,NA,1,P03,LAB01,2,0,0,0,0,0
20260910_104915,STILL_1P_NA,23.806,28656438,318,STILL,NA,1,P03,LAB01,0,1,1879,3132,0,360
20260910_104915,STILL_1P_NA,23.806,28656438,318,STILL,NA,1,P03,LAB01,1,0,0,0,0,0
20260910_104915,STILL_1P_NA,23.806,28656438,318,STILL,NA,1,P03,LAB01,2,0,0,0,0,0
20260910_104915,STILL_1P_NA,23.895,28745481,319,STILL,NA,1,P03,LAB01,0,1,1873,3134,0,360
20260910_104915,STILL_1P_NA,23.895,28745481,319,STILL,NA,1,P03,LAB01,1,0,0,0,0,0
20260910_104915,STILL_1P_NA,23.895,28745481,319,STILL,NA,1,P03,LAB01,2,0,0,0,0,0
20260910_104915,STILL_1P_NA,23.984,28834721,320,STILL,NA,1,P03,LAB01,0,1,1876,3133,0,360
20260910_104915,STILL_1P_NA,23.984,28834721,320,STILL,NA,1,P03,LAB01,1,0,0,0,0,0
20260910_104915,STILL_1P_NA,23.984,28834721,320,STILL,NA,1,P03,LAB01,2,0,0,0,0,0
20260910_104915,STILL_1P_NA,24.073,28923446,321,STILL,NA,1,P03,LAB01,0,1,1879,3132,0,360
20260910_104915,STILL_1P_NA,24.073,28923446,321,STILL,NA,1,P03,LAB01,1,0,0,0,0,0
20260910_104915,STILL_1P_NA,24.073,28923446,321,STILL,NA,1,P03,LAB01,2,0,0,0,0,0
20260910_104915,STILL_1P_NA,24.162,29012308,322,STILL,NA,1,P03,LAB01,0,1,1881,3132,8,360
20260910_104915,STILL_1P_NA,24.162,29012308,322,STILL,NA,1,P03,LAB01,1,0,0,0,0,0
20260910_104915,STILL_1P_NA,24.162,29012308,322,STILL,NA,1,P03,LAB01,2,0,0,0,0,0
20260910_104915,STILL_1P_NA,24.252,29101347,323,STILL,NA,1,P03,LAB01,0,1,1882,3133,0,360
20260910_104915,STILL_1P_NA,24.252,29101347,323,STILL,NA,1,P03,LAB01,1,0,0,0,0,0
20260910_104915,STILL_1P_NA,24.252,29101347,323,STILL,NA,1,P03,LAB01,2,0,0,0,0,0
20260910_104915,STILL_1P_NA,24.340,29190391,324,STILL,NA,1,P03,LAB01,0,1,1880,3133,0,360
20260910_104915,STILL_1P_NA,24.340,29190391,324,STILL,NA,1,P03,LAB01,1,0,0,0,0,0
20260910_104915,STILL_1P_NA,24.340,29190391,324,STILL,NA,1,P03,LAB01,2,0,0,0,0,0
20260910_104915,STILL_1P_NA,24.429,29279467,325,STILL,NA,1,P03,LAB01,0,1,1881,3132,0,360
20260910_104915,STILL_1P_NA,24.429,29279467,325,STILL,NA,1,P03,LAB01,1,0,0,0,0,0
20260910_104915,STILL_1P_NA,24.429,29279467,325,STILL,NA,1,P03,LAB01,2,0,0,0,0,0
20260910_104915,STILL_1P_NA,24.518,29368581,326,STILL,NA,1,P03,LAB01,0,1,1885,3131,0,360
20260910_104915,STILL_1P_NA,24.518,29368581,326,STILL,NA,1,P03,LAB01,1,0,0,0,0,0
20260910_104915,STILL_1P_NA,24.518,29368581,326,STILL,NA,1,P03,LAB01,2,0,0,0,0,0
20260910_104915,STILL_1P_NA,24.607,29457317,327,STILL,NA,1,P03,LAB01,0,1,1894,3130,0,360
20260910_104915,STILL_1P_NA,24.607,29457317,327,STILL,NA,1,P03,LAB01,1,0,0,0,0,0
20260910_104915,STILL_1P_NA,24.607,29457317,327,STILL,NA,1,P03,LAB01,2,0,0,0,0,0
20260910_104915,STILL_1P_NA,24.696,29546383,328,STILL,NA,1,P03,LAB01,0,1,1913,3131,0,360
20260910_104915,STILL_1P_NA,24.696,29546383,328,STILL,NA,1,P03,LAB01,1,0,0,0,0,0
20260910_104915,STILL_1P_NA,24.696,29546383,328,STILL,NA,1,P03,LAB01,2,0,0,0,0,0
20260910_104915,STILL_1P_NA,24.785,29635622,329,STILL,NA,1,P03,LAB01,0,1,1935,3117,0,360
20260910_104915,STILL_1P_NA,24.785,29635622,329,STILL,NA,1,P03,LAB01,1,0,0,0,0,0
20260910_104915,STILL_1P_NA,24.785,29635622,329,STILL,NA,1,P03,LAB01,2,0,0,0,0,0
20260910_104915,STILL_1P_NA,24.874,29724473,330,STILL,NA,1,P03,LAB01,0,1,1945,3106,0,360
20260910_104915,STILL_1P_NA,24.874,29724473,330,STILL,NA,1,P03,LAB01,1,0,0,0,0,0
20260910_104915,STILL_1P_NA,24.874,29724473,330,STILL,NA,1,P03,LAB01,2,0,0,0,0,0
20260910_104915,STILL_1P_NA,24.963,29813488,331,STILL,NA,1,P03,LAB01,0,1,1931,3110,0,360
20260910_104915,STILL_1P_NA,24.963,29813488,331,STILL,NA,1,P03,LAB01,1,0,0,0,0,0
20260910_104915,STILL_1P_NA,24.963,29813488,331,STILL,NA,1,P03,LAB01,2,0,0,0,0,0
20260910_104915,STILL_1P_NA,25.052,29902467,332,STILL,NA,1,P03,LAB01,0,1,1928,3112,0,360
20260910_104915,STILL_1P_NA,25.052,29902467,332,STILL,NA,1,P03,LAB01,1,0,0,0,0,0
20260910_104915,STILL_1P_NA,25.052,29902467,332,STILL,NA,1,P03,LAB01,2,0,0,0,0,0
20260910_104915,STILL_1P_NA,25.141,29991391,333,STILL,NA,1,P03,LAB01,0,1,1929,3111,0,360
20260910_104915,STILL_1P_NA,25.141,29991391,333,STILL,NA,1,P03,LAB01,1,0,0,0,0,0
20260910_104915,STILL_1P_NA,25.141,29991391,333,STILL,NA,1,P03,LAB01,2,0,0,0,0,0
20260910_104915,STILL_1P_NA,25.230,30080405,334,STILL,NA,1,P03,LAB01,0,1,1929,3106,0,360
20260910_104915,STILL_1P_NA,25.230,30080405,334,STILL,NA,1,P03,LAB01,1,0,0,0,0,0
20260910_104915,STILL_1P_NA,25.230,30080405,334,STILL,NA,1,P03,LAB01,2,0,0,0,0,0
20260910_104915,STILL_1P_NA,25.319,30169384,335,STILL,NA,1,P03,LAB01,0,1,1933,3099,-8,360
20260910_104915,STILL_1P_NA,25.319,30169384,335,STILL,NA,1,P03,LAB01,1,0,0,0,0,0
20260910_104915,STILL_1P_NA,25.319,30169384,335,STILL,NA,1,P03,LAB01,2,0,0,0,0,0
20260910_104915,STILL_1P_NA,25.408,30258522,336,STILL,NA,1,P03,LAB01,0,1,1944,3093,0,360
20260910_104915,STILL_1P_NA,25.408,30258522,336,STILL,NA,1,P03,LAB01,1,0,0,0,0,0
20260910_104915,STILL_1P_NA,25.408,30258522,336,STILL,NA,1,P03,LAB01,2,0,0,0,0,0
20260910_104915,STILL_1P_NA,25.497,30347384,337,STILL,NA,1,P03,LAB01,0,1,1959,3087,0,360
20260910_104915,STILL_1P_NA,25.497,30347384,337,STILL,NA,1,P03,LAB01,1,0,0,0,0,0
20260910_104915,STILL_1P_NA,25.497,30347384,337,STILL,NA,1,P03,LAB01,2,0,0,0,0,0
20260910_104915,STILL_1P_NA,25.586,30436334,338,STILL,NA,1,P03,LAB01,0,1,1974,3081,0,360
20260910_104915,STILL_1P_NA,25.586,30436334,338,STILL,NA,1,P03,LAB01,1,0,0,0,0,0
20260910_104915,STILL_1P_NA,25.586,30436334,338,STILL,NA,1,P03,LAB01,2,0,0,0,0,0
20260910_104915,STILL_1P_NA,25.675,30525411,339,STILL,NA,1,P03,LAB01,0,1,1982,3078,0,360
20260910_104915,STILL_1P_NA,25.675,30525411,339,STILL,NA,1,P03,LAB01,1,0,0,0,0,0
20260910_104915,STILL_1P_NA,25.675,30525411,339,STILL,NA,1,P03,LAB01,2,0,0,0,0,0
20260910_104915,STILL_1P_NA,25.764,30614581,340,STILL,NA,1,P03,LAB01,0,1,1988,3070,0,360
20260910_104915,STILL_1P_NA,25.764,30614581,340,STILL,NA,1,P03,LAB01,1,0,0,0,0,0
20260910_104915,STILL_1P_NA,25.764,30614581,340,STILL,NA,1,P03,LAB01,2,0,0,0,0,0
20260910_104915,STILL_1P_NA,25.853,30703288,341,STILL,NA,1,P03,LAB01,0,1,1991,3065,0,360
20260910_104915,STILL_1P_NA,25.853,30703288,341,STILL,NA,1,P03,LAB01,1,0,0,0,0,0
20260910_104915,STILL_1P_NA,25.853,30703288,341,STILL,NA,1,P03,LAB01,2,0,0,0,0,0
20260910_104915,STILL_1P_NA,25.942,30792302,342,STILL,NA,1,P03,LAB01,0,1,1993,3062,0,360
20260910_104915,STILL_1P_NA,25.942,30792302,342,STILL,NA,1,P03,LAB01,1,0,0,0,0,0
20260910_104915,STILL_1P_NA,25.942,30792302,342,STILL,NA,1,P03,LAB01,2,0,0,0,0,0
20260910_104915,STILL_1P_NA,26.031,30881281,343,STILL,NA,1,P03,LAB01,0,1,1998,3057,0,360
20260910_104915,STILL_1P_NA,26.031,30881281,343,STILL,NA,1,P03,LAB01,1,0,0,0,0,0
20260910_104915,STILL_1P_NA,26.031,30881281,343,STILL,NA,1,P03,LAB01,2,0,0,0,0,0
20260910_104915,STILL_1P_NA,26.120,30970384,344,STILL,NA,1,P03,LAB01,0,1,2002,3053,0,360
20260910_104915,STILL_1P_NA,26.120,30970384,344,STILL,NA,1,P03,LAB01,1,0,0,0,0,0
20260910_104915,STILL_1P_NA,26.120,30970384,344,STILL,NA,1,P03,LAB01,2,0,0,0,0,0
20260910_104915,STILL_1P_NA,26.209,31059308,345,STILL,NA,1,P03,LAB01,0,1,2005,3050,0,360
20260910_104915,STILL_1P_NA,26.209,31059308,345,STILL,NA,1,P03,LAB01,1,0,0,0,0,0
20260910_104915,STILL_1P_NA,26.209,31059308,345,STILL,NA,1,P03,LAB01,2,0,0,0,0,0
20260910_104915,STILL_1P_NA,26.298,31148411,346,STILL,NA,1,P03,LAB01,0,1,2009,3047,0,360
20260910_104915,STILL_1P_NA,26.298,31148411,346,STILL,NA,1,P03,LAB01,1,0,0,0,0,0
20260910_104915,STILL_1P_NA,26.298,31148411,346,STILL,NA,1,P03,LAB01,2,0,0,0,0,0
20260910_104915,STILL_1P_NA,26.386,31237043,347,STILL,NA,1,P03,LAB01,0,1,2012,3044,0,360
20260910_104915,STILL_1P_NA,26.386,31237043,347,STILL,NA,1,P03,LAB01,1,0,0,0,0,0
20260910_104915,STILL_1P_NA,26.386,31237043,347,STILL,NA,1,P03,LAB01,2,0,0,0,0,0
20260910_104915,STILL_1P_NA,26.476,31326347,348,STILL,NA,1,P03,LAB01,0,1,2019,3039,0,360
20260910_104915,STILL_1P_NA,26.476,31326347,348,STILL,NA,1,P03,LAB01,1,0,0,0,0,0
20260910_104915,STILL_1P_NA,26.476,31326347,348,STILL,NA,1,P03,LAB01,2,0,0,0,0,0
20260910_104915,STILL_1P_NA,26.565,31415197,349,STILL,NA,1,P03,LAB01,0,1,2031,3024,8,360
20260910_104915,STILL_1P_NA,26.565,31415197,349,STILL,NA,1,P03,LAB01,1,0,0,0,0,0
20260910_104915,STILL_1P_NA,26.565,31415197,349,STILL,NA,1,P03,LAB01,2,0,0,0,0,0
20260910_104915,STILL_1P_NA,26.654,31504370,350,STILL,NA,1,P03,LAB01,0,1,2045,3007,8,360
20260910_104915,STILL_1P_NA,26.654,31504370,350,STILL,NA,1,P03,LAB01,1,0,0,0,0,0
20260910_104915,STILL_1P_NA,26.654,31504370,350,STILL,NA,1,P03,LAB01,2,0,0,0,0,0
20260910_104915,STILL_1P_NA,26.743,31593481,351,STILL,NA,1,P03,LAB01,0,1,2055,2992,0,360
20260910_104915,STILL_1P_NA,26.743,31593481,351,STILL,NA,1,P03,LAB01,1,0,0,0,0,0
20260910_104915,STILL_1P_NA,26.743,31593481,351,STILL,NA,1,P03,LAB01,2,0,0,0,0,0
20260910_104915,STILL_1P_NA,26.832,31682308,352,STILL,NA,1,P03,LAB01,0,1,2064,2979,0,360
20260910_104915,STILL_1P_NA,26.832,31682308,352,STILL,NA,1,P03,LAB01,1,0,0,0,0,0
20260910_104915,STILL_1P_NA,26.832,31682308,352,STILL,NA,1,P03,LAB01,2,0,0,0,0,0
20260910_104915,STILL_1P_NA,26.921,31771292,353,STILL,NA,1,P03,LAB01,0,1,2068,2972,0,360
20260910_104915,STILL_1P_NA,26.921,31771292,353,STILL,NA,1,P03,LAB01,1,0,0,0,0,0
20260910_104915,STILL_1P_NA,26.921,31771292,353,STILL,NA,1,P03,LAB01,2,0,0,0,0,0
20260910_104915,STILL_1P_NA,27.010,31860335,354,STILL,NA,1,P03,LAB01,0,1,2074,2961,8,360
20260910_104915,STILL_1P_NA,27.010,31860335,354,STILL,NA,1,P03,LAB01,1,0,0,0,0,0
20260910_104915,STILL_1P_NA,27.010,31860335,354,STILL,NA,1,P03,LAB01,2,0,0,0,0,0
20260910_104915,STILL_1P_NA,27.099,31949153,355,STILL,NA,1,P03,LAB01,0,1,2077,2954,0,360
20260910_104915,STILL_1P_NA,27.099,31949153,355,STILL,NA,1,P03,LAB01,1,0,0,0,0,0
20260910_104915,STILL_1P_NA,27.099,31949153,355,STILL,NA,1,P03,LAB01,2,0,0,0,0,0
20260910_104915,STILL_1P_NA,27.187,32037863,356,STILL,NA,1,P03,LAB01,0,1,2079,2955,-8,360
20260910_104915,STILL_1P_NA,27.187,32037863,356,STILL,NA,1,P03,LAB01,1,0,0,0,0,0
20260910_104915,STILL_1P_NA,27.187,32037863,356,STILL,NA,1,P03,LAB01,2,0,0,0,0,0
20260910_104915,STILL_1P_NA,27.276,32126880,357,STILL,NA,1,P03,LAB01,0,1,2074,2961,0,360
20260910_104915,STILL_1P_NA,27.276,32126880,357,STILL,NA,1,P03,LAB01,1,0,0,0,0,0
20260910_104915,STILL_1P_NA,27.276,32126880,357,STILL,NA,1,P03,LAB01,2,0,0,0,0,0
20260910_104915,STILL_1P_NA,27.365,32215895,358,STILL,NA,1,P03,LAB01,0,1,2070,2967,8,360
20260910_104915,STILL_1P_NA,27.365,32215895,358,STILL,NA,1,P03,LAB01,1,0,0,0,0,0
20260910_104915,STILL_1P_NA,27.365,32215895,358,STILL,NA,1,P03,LAB01,2,0,0,0,0,0
20260910_104915,STILL_1P_NA,27.455,32305021,359,STILL,NA,1,P03,LAB01,0,1,2065,2974,0,360
20260910_104915,STILL_1P_NA,27.455,32305021,359,STILL,NA,1,P03,LAB01,1,0,0,0,0,0
20260910_104915,STILL_1P_NA,27.455,32305021,359,STILL,NA,1,P03,LAB01,2,0,0,0,0,0
20260910_104915,STILL_1P_NA,27.544,32394384,360,STILL,NA,1,P03,LAB01,0,1,2042,2991,-8,360
20260910_104915,STILL_1P_NA,27.544,32394384,360,STILL,NA,1,P03,LAB01,1,0,0,0,0,0
20260910_104915,STILL_1P_NA,27.544,32394384,360,STILL,NA,1,P03,LAB01,2,0,0,0,0,0
20260910_104915,STILL_1P_NA,27.633,32482936,361,STILL,NA,1,P03,LAB01,0,1,2017,3006,0,360
20260910_104915,STILL_1P_NA,27.633,32482936,361,STILL,NA,1,P03,LAB01,1,0,0,0,0,0
20260910_104915,STILL_1P_NA,27.633,32482936,361,STILL,NA,1,P03,LAB01,2,0,0,0,0,0
20260910_104915,STILL_1P_NA,27.722,32572190,362,STILL,NA,1,P03,LAB01,0,1,1981,3029,-8,360
20260910_104915,STILL_1P_NA,27.722,32572190,362,STILL,NA,1,P03,LAB01,1,0,0,0,0,0
20260910_104915,STILL_1P_NA,27.722,32572190,362,STILL,NA,1,P03,LAB01,2,0,0,0,0,0
20260910_104915,STILL_1P_NA,27.811,32661426,363,STILL,NA,1,P03,LAB01,0,1,1896,3083,0,360
20260910_104915,STILL_1P_NA,27.811,32661426,363,STILL,NA,1,P03,LAB01,1,0,0,0,0,0
20260910_104915,STILL_1P_NA,27.811,32661426,363,STILL,NA,1,P03,LAB01,2,0,0,0,0,0
20260910_104915,STILL_1P_NA,27.900,32750120,364,STILL,NA,1,P03,LAB01,0,1,1829,3122,0,360
20260910_104915,STILL_1P_NA,27.900,32750120,364,STILL,NA,1,P03,LAB01,1,0,0,0,0,0
20260910_104915,STILL_1P_NA,27.900,32750120,364,STILL,NA,1,P03,LAB01,2,0,0,0,0,0
20260910_104915,STILL_1P_NA,27.989,32839108,365,STILL,NA,1,P03,LAB01,0,1,1779,3152,0,360
20260910_104915,STILL_1P_NA,27.989,32839108,365,STILL,NA,1,P03,LAB01,1,0,0,0,0,0
20260910_104915,STILL_1P_NA,27.989,32839108,365,STILL,NA,1,P03,LAB01,2,0,0,0,0,0
20260910_104915,STILL_1P_NA,28.078,32928021,366,STILL,NA,1,P03,LAB01,0,1,1760,3167,0,360
20260910_104915,STILL_1P_NA,28.078,32928021,366,STILL,NA,1,P03,LAB01,1,0,0,0,0,0
20260910_104915,STILL_1P_NA,28.078,32928021,366,STILL,NA,1,P03,LAB01,2,0,0,0,0,0
20260910_104915,STILL_1P_NA,28.167,33016830,367,STILL,NA,1,P03,LAB01,0,1,1753,3172,0,360
20260910_104915,STILL_1P_NA,28.167,33016830,367,STILL,NA,1,P03,LAB01,1,0,0,0,0,0
20260910_104915,STILL_1P_NA,28.167,33016830,367,STILL,NA,1,P03,LAB01,2,0,0,0,0,0
20260910_104915,STILL_1P_NA,28.256,33106217,368,STILL,NA,1,P03,LAB01,0,1,1745,3171,0,360
20260910_104915,STILL_1P_NA,28.256,33106217,368,STILL,NA,1,P03,LAB01,1,0,0,0,0,0
20260910_104915,STILL_1P_NA,28.256,33106217,368,STILL,NA,1,P03,LAB01,2,0,0,0,0,0
20260910_104915,STILL_1P_NA,28.345,33195225,369,STILL,NA,1,P03,LAB01,0,1,1735,3175,0,360
20260910_104915,STILL_1P_NA,28.345,33195225,369,STILL,NA,1,P03,LAB01,1,0,0,0,0,0
20260910_104915,STILL_1P_NA,28.345,33195225,369,STILL,NA,1,P03,LAB01,2,0,0,0,0,0
20260910_104915,STILL_1P_NA,28.434,33283995,370,STILL,NA,1,P03,LAB01,0,1,1735,3171,0,360
20260910_104915,STILL_1P_NA,28.434,33283995,370,STILL,NA,1,P03,LAB01,1,0,0,0,0,0
20260910_104915,STILL_1P_NA,28.434,33283995,370,STILL,NA,1,P03,LAB01,2,0,0,0,0,0
20260910_104915,STILL_1P_NA,28.523,33373093,371,STILL,NA,1,P03,LAB01,0,1,1743,3168,0,360
20260910_104915,STILL_1P_NA,28.523,33373093,371,STILL,NA,1,P03,LAB01,1,0,0,0,0,0
20260910_104915,STILL_1P_NA,28.523,33373093,371,STILL,NA,1,P03,LAB01,2,0,0,0,0,0
20260910_104915,STILL_1P_NA,28.612,33462070,372,STILL,NA,1,P03,LAB01,0,1,1750,3166,0,360
20260910_104915,STILL_1P_NA,28.612,33462070,372,STILL,NA,1,P03,LAB01,1,0,0,0,0,0
20260910_104915,STILL_1P_NA,28.612,33462070,372,STILL,NA,1,P03,LAB01,2,0,0,0,0,0
20260910_104915,STILL_1P_NA,28.700,33551022,373,STILL,NA,1,P03,LAB01,0,1,1739,3167,0,360
20260910_104915,STILL_1P_NA,28.700,33551022,373,STILL,NA,1,P03,LAB01,1,0,0,0,0,0
20260910_104915,STILL_1P_NA,28.700,33551022,373,STILL,NA,1,P03,LAB01,2,0,0,0,0,0
20260910_104915,STILL_1P_NA,28.789,33639984,374,STILL,NA,1,P03,LAB01,0,1,1728,3169,0,360
20260910_104915,STILL_1P_NA,28.789,33639984,374,STILL,NA,1,P03,LAB01,1,0,0,0,0,0
20260910_104915,STILL_1P_NA,28.789,33639984,374,STILL,NA,1,P03,LAB01,2,0,0,0,0,0
20260910_104915,STILL_1P_NA,28.879,33729113,375,STILL,NA,1,P03,LAB01,0,1,1721,3169,0,360
20260910_104915,STILL_1P_NA,28.879,33729113,375,STILL,NA,1,P03,LAB01,1,0,0,0,0,0
20260910_104915,STILL_1P_NA,28.879,33729113,375,STILL,NA,1,P03,LAB01,2,0,0,0,0,0
20260910_104915,STILL_1P_NA,28.968,33818293,376,STILL,NA,1,P03,LAB01,0,1,1717,3168,0,360
20260910_104915,STILL_1P_NA,28.968,33818293,376,STILL,NA,1,P03,LAB01,1,0,0,0,0,0
20260910_104915,STILL_1P_NA,28.968,33818293,376,STILL,NA,1,P03,LAB01,2,0,0,0,0,0
20260910_104915,STILL_1P_NA,29.056,33906901,377,STILL,NA,1,P03,LAB01,0,1,1721,3164,0,360
20260910_104915,STILL_1P_NA,29.056,33906901,377,STILL,NA,1,P03,LAB01,1,0,0,0,0,0
20260910_104915,STILL_1P_NA,29.056,33906901,377,STILL,NA,1,P03,LAB01,2,0,0,0,0,0
20260910_104915,STILL_1P_NA,29.146,33996067,378,STILL,NA,1,P03,LAB01,0,1,1724,3163,0,360
20260910_104915,STILL_1P_NA,29.146,33996067,378,STILL,NA,1,P03,LAB01,1,0,0,0,0,0
20260910_104915,STILL_1P_NA,29.146,33996067,378,STILL,NA,1,P03,LAB01,2,0,0,0,0,0
20260910_104915,STILL_1P_NA,29.235,34084900,379,STILL,NA,1,P03,LAB01,0,1,1727,3163,0,360
20260910_104915,STILL_1P_NA,29.235,34084900,379,STILL,NA,1,P03,LAB01,1,0,0,0,0,0
20260910_104915,STILL_1P_NA,29.235,34084900,379,STILL,NA,1,P03,LAB01,2,0,0,0,0,0
20260910_104915,STILL_1P_NA,29.323,34173791,380,STILL,NA,1,P03,LAB01,0,1,1732,3167,0,360
20260910_104915,STILL_1P_NA,29.323,34173791,380,STILL,NA,1,P03,LAB01,1,0,0,0,0,0
20260910_104915,STILL_1P_NA,29.323,34173791,380,STILL,NA,1,P03,LAB01,2,0,0,0,0,0
20260910_104915,STILL_1P_NA,29.413,34263098,381,STILL,NA,1,P03,LAB01,0,1,1736,3172,0,360
20260910_104915,STILL_1P_NA,29.413,34263098,381,STILL,NA,1,P03,LAB01,1,0,0,0,0,0
20260910_104915,STILL_1P_NA,29.413,34263098,381,STILL,NA,1,P03,LAB01,2,0,0,0,0,0
20260910_104915,STILL_1P_NA,29.502,34352087,382,STILL,NA,1,P03,LAB01,0,1,1741,3173,0,360
20260910_104915,STILL_1P_NA,29.502,34352087,382,STILL,NA,1,P03,LAB01,1,0,0,0,0,0
20260910_104915,STILL_1P_NA,29.502,34352087,382,STILL,NA,1,P03,LAB01,2,0,0,0,0,0
20260910_104915,STILL_1P_NA,29.591,34441190,383,STILL,NA,1,P03,LAB01,0,1,1743,3171,0,360
20260910_104915,STILL_1P_NA,29.591,34441190,383,STILL,NA,1,P03,LAB01,1,0,0,0,0,0
20260910_104915,STILL_1P_NA,29.591,34441190,383,STILL,NA,1,P03,LAB01,2,0,0,0,0,0
20260910_104915,STILL_1P_NA,29.680,34530049,384,STILL,NA,1,P03,LAB01,0,1,1749,3167,8,360
20260910_104915,STILL_1P_NA,29.680,34530049,384,STILL,NA,1,P03,LAB01,1,0,0,0,0,0
20260910_104915,STILL_1P_NA,29.680,34530049,384,STILL,NA,1,P03,LAB01,2,0,0,0,0,0
20260910_104915,STILL_1P_NA,29.769,34618975,385,STILL,NA,1,P03,LAB01,0,1,1751,3166,8,360
20260910_104915,STILL_1P_NA,29.769,34618975,385,STILL,NA,1,P03,LAB01,1,0,0,0,0,0
20260910_104915,STILL_1P_NA,29.769,34618975,385,STILL,NA,1,P03,LAB01,2,0,0,0,0,0
20260910_104915,STILL_1P_NA,29.858,34707963,386,STILL,NA,1,P03,LAB01,0,1,1744,3168,0,360
20260910_104915,STILL_1P_NA,29.858,34707963,386,STILL,NA,1,P03,LAB01,1,0,0,0,0,0
20260910_104915,STILL_1P_NA,29.858,34707963,386,STILL,NA,1,P03,LAB01,2,0,0,0,0,0
20260910_104915,STILL_1P_NA,29.947,34796975,387,STILL,NA,1,P03,LAB01,0,1,1736,3170,0,360
20260910_104915,STILL_1P_NA,29.947,34796975,387,STILL,NA,1,P03,LAB01,1,0,0,0,0,0
20260910_104915,STILL_1P_NA,29.947,34796975,387,STILL,NA,1,P03,LAB01,2,0,0,0,0,0
20260910_104915,STILL_1P_NA,30.036,34886453,388,STILL,NA,1,P03,LAB01,0,1,1746,3164,0,360
20260910_104915,STILL_1P_NA,30.036,34886453,388,STILL,NA,1,P03,LAB01,1,0,0,0,0,0
20260910_104915,STILL_1P_NA,30.036,34886453,388,STILL,NA,1,P03,LAB01,2,0,0,0,0,0
20260910_104915,STILL_1P_NA,30.125,34975021,389,STILL,NA,1,P03,LAB01,0,1,1756,3160,0,360
20260910_104915,STILL_1P_NA,30.125,34975021,389,STILL,NA,1,P03,LAB01,1,0,0,0,0,0
20260910_104915,STILL_1P_NA,30.125,34975021,389,STILL,NA,1,P03,LAB01,2,0,0,0,0,0
20260910_104915,STILL_1P_NA,30.213,35063954,390,STILL,NA,1,P03,LAB01,0,1,1762,3159,0,360
20260910_104915,STILL_1P_NA,30.213,35063954,390,STILL,NA,1,P03,LAB01,1,0,0,0,0,0
20260910_104915,STILL_1P_NA,30.213,35063954,390,STILL,NA,1,P03,LAB01,2,0,0,0,0,0
20260910_104915,STILL_1P_NA,30.303,35153021,391,STILL,NA,1,P03,LAB01,0,1,1773,3152,0,360
20260910_104915,STILL_1P_NA,30.303,35153021,391,STILL,NA,1,P03,LAB01,1,0,0,0,0,0
20260910_104915,STILL_1P_NA,30.303,35153021,391,STILL,NA,1,P03,LAB01,2,0,0,0,0,0
20260910_104915,STILL_1P_NA,30.392,35242125,392,STILL,NA,1,P03,LAB01,0,1,1795,3143,8,360
20260910_104915,STILL_1P_NA,30.392,35242125,392,STILL,NA,1,P03,LAB01,1,0,0,0,0,0
20260910_104915,STILL_1P_NA,30.392,35242125,392,STILL,NA,1,P03,LAB01,2,0,0,0,0,0
20260910_104915,STILL_1P_NA,30.480,35330936,393,STILL,NA,1,P03,LAB01,0,1,1858,3127,0,360
20260910_104915,STILL_1P_NA,30.480,35330936,393,STILL,NA,1,P03,LAB01,1,0,0,0,0,0
20260910_104915,STILL_1P_NA,30.480,35330936,393,STILL,NA,1,P03,LAB01,2,0,0,0,0,0
20260910_104915,STILL_1P_NA,30.569,35419753,394,STILL,NA,1,P03,LAB01,0,1,1904,3116,0,360
20260910_104915,STILL_1P_NA,30.569,35419753,394,STILL,NA,1,P03,LAB01,1,0,0,0,0,0
20260910_104915,STILL_1P_NA,30.569,35419753,394,STILL,NA,1,P03,LAB01,2,0,0,0,0,0
20260910_104915,STILL_1P_NA,30.658,35508830,395,STILL,NA,1,P03,LAB01,0,1,1903,3116,0,360
20260910_104915,STILL_1P_NA,30.658,35508830,395,STILL,NA,1,P03,LAB01,1,0,0,0,0,0
20260910_104915,STILL_1P_NA,30.658,35508830,395,STILL,NA,1,P03,LAB01,2,0,0,0,0,0
20260910_104915,STILL_1P_NA,30.747,35597780,396,STILL,NA,1,P03,LAB01,0,1,1898,3116,0,360
20260910_104915,STILL_1P_NA,30.747,35597780,396,STILL,NA,1,P03,LAB01,1,0,0,0,0,0
20260910_104915,STILL_1P_NA,30.747,35597780,396,STILL,NA,1,P03,LAB01,2,0,0,0,0,0
20260910_104915,STILL_1P_NA,30.836,35687070,397,STILL,NA,1,P03,LAB01,0,1,1888,3116,0,360
20260910_104915,STILL_1P_NA,30.836,35687070,397,STILL,NA,1,P03,LAB01,1,0,0,0,0,0
20260910_104915,STILL_1P_NA,30.836,35687070,397,STILL,NA,1,P03,LAB01,2,0,0,0,0,0
20260910_104915,STILL_1P_NA,30.926,35776087,398,STILL,NA,1,P03,LAB01,0,1,1885,3117,0,360
20260910_104915,STILL_1P_NA,30.926,35776087,398,STILL,NA,1,P03,LAB01,1,0,0,0,0,0
20260910_104915,STILL_1P_NA,30.926,35776087,398,STILL,NA,1,P03,LAB01,2,0,0,0,0,0
20260910_104915,STILL_1P_NA,31.015,35864611,399,STILL,NA,1,P03,LAB01,0,1,1885,3119,0,360
20260910_104915,STILL_1P_NA,31.015,35864611,399,STILL,NA,1,P03,LAB01,1,0,0,0,0,0
20260910_104915,STILL_1P_NA,31.015,35864611,399,STILL,NA,1,P03,LAB01,2,0,0,0,0,0
20260910_104915,STILL_1P_NA,31.104,35953874,400,STILL,NA,1,P03,LAB01,0,1,1885,3121,0,360
20260910_104915,STILL_1P_NA,31.104,35953874,400,STILL,NA,1,P03,LAB01,1,0,0,0,0,0
20260910_104915,STILL_1P_NA,31.104,35953874,400,STILL,NA,1,P03,LAB01,2,0,0,0,0,0
20260910_104915,STILL_1P_NA,31.192,36042446,401,STILL,NA,1,P03,LAB01,0,1,1885,3122,0,360
20260910_104915,STILL_1P_NA,31.192,36042446,401,STILL,NA,1,P03,LAB01,1,0,0,0,0,0
20260910_104915,STILL_1P_NA,31.192,36042446,401,STILL,NA,1,P03,LAB01,2,0,0,0,0,0
20260910_104915,STILL_1P_NA,31.281,36131901,402,STILL,NA,1,P03,LAB01,0,1,1885,3124,0,360
20260910_104915,STILL_1P_NA,31.281,36131901,402,STILL,NA,1,P03,LAB01,1,0,0,0,0,0
20260910_104915,STILL_1P_NA,31.281,36131901,402,STILL,NA,1,P03,LAB01,2,0,0,0,0,0
20260910_104915,STILL_1P_NA,31.371,36220939,403,STILL,NA,1,P03,LAB01,0,1,1885,3125,0,360
20260910_104915,STILL_1P_NA,31.371,36220939,403,STILL,NA,1,P03,LAB01,1,0,0,0,0,0
20260910_104915,STILL_1P_NA,31.371,36220939,403,STILL,NA,1,P03,LAB01,2,0,0,0,0,0
20260910_104915,STILL_1P_NA,31.459,36309830,404,STILL,NA,1,P03,LAB01,0,1,1885,3127,0,360
20260910_104915,STILL_1P_NA,31.459,36309830,404,STILL,NA,1,P03,LAB01,1,0,0,0,0,0
20260910_104915,STILL_1P_NA,31.459,36309830,404,STILL,NA,1,P03,LAB01,2,0,0,0,0,0
20260910_104915,STILL_1P_NA,31.548,36398621,405,STILL,NA,1,P03,LAB01,0,1,1885,3128,0,360
20260910_104915,STILL_1P_NA,31.548,36398621,405,STILL,NA,1,P03,LAB01,1,0,0,0,0,0
20260910_104915,STILL_1P_NA,31.548,36398621,405,STILL,NA,1,P03,LAB01,2,0,0,0,0,0
20260910_104915,STILL_1P_NA,31.637,36487980,406,STILL,NA,1,P03,LAB01,0,1,1885,3129,0,360
20260910_104915,STILL_1P_NA,31.637,36487980,406,STILL,NA,1,P03,LAB01,1,0,0,0,0,0
20260910_104915,STILL_1P_NA,31.637,36487980,406,STILL,NA,1,P03,LAB01,2,0,0,0,0,0
20260910_104915,STILL_1P_NA,31.726,36576845,407,STILL,NA,1,P03,LAB01,0,1,1885,3131,0,360
20260910_104915,STILL_1P_NA,31.726,36576845,407,STILL,NA,1,P03,LAB01,1,0,0,0,0,0
20260910_104915,STILL_1P_NA,31.726,36576845,407,STILL,NA,1,P03,LAB01,2,0,0,0,0,0
20260910_104915,STILL_1P_NA,31.815,36665697,408,STILL,NA,1,P03,LAB01,0,1,1890,3128,0,360
20260910_104915,STILL_1P_NA,31.815,36665697,408,STILL,NA,1,P03,LAB01,1,0,0,0,0,0
20260910_104915,STILL_1P_NA,31.815,36665697,408,STILL,NA,1,P03,LAB01,2,0,0,0,0,0
20260910_104915,STILL_1P_NA,31.904,36754554,409,STILL,NA,1,P03,LAB01,0,1,1889,3126,0,360
20260910_104915,STILL_1P_NA,31.904,36754554,409,STILL,NA,1,P03,LAB01,1,0,0,0,0,0
20260910_104915,STILL_1P_NA,31.904,36754554,409,STILL,NA,1,P03,LAB01,2,0,0,0,0,0
20260910_104915,STILL_1P_NA,31.993,36843725,410,STILL,NA,1,P03,LAB01,0,1,1876,3129,0,360
20260910_104915,STILL_1P_NA,31.993,36843725,410,STILL,NA,1,P03,LAB01,1,0,0,0,0,0
20260910_104915,STILL_1P_NA,31.993,36843725,410,STILL,NA,1,P03,LAB01,2,0,0,0,0,0
20260910_104915,STILL_1P_NA,32.082,36932704,411,STILL,NA,1,P03,LAB01,0,1,1865,3129,0,360
20260910_104915,STILL_1P_NA,32.082,36932704,411,STILL,NA,1,P03,LAB01,1,0,0,0,0,0
20260910_104915,STILL_1P_NA,32.082,36932704,411,STILL,NA,1,P03,LAB01,2,0,0,0,0,0
20260910_104915,STILL_1P_NA,32.171,37021694,412,STILL,NA,1,P03,LAB01,0,1,1853,3130,0,360
20260910_104915,STILL_1P_NA,32.171,37021694,412,STILL,NA,1,P03,LAB01,1,0,0,0,0,0
20260910_104915,STILL_1P_NA,32.171,37021694,412,STILL,NA,1,P03,LAB01,2,0,0,0,0,0
20260910_104915,STILL_1P_NA,32.260,37110736,413,STILL,NA,1,P03,LAB01,0,1,1850,3130,0,360
20260910_104915,STILL_1P_NA,32.260,37110736,413,STILL,NA,1,P03,LAB01,1,0,0,0,0,0
20260910_104915,STILL_1P_NA,32.260,37110736,413,STILL,NA,1,P03,LAB01,2,0,0,0,0,0
20260910_104915,STILL_1P_NA,32.349,37199808,414,STILL,NA,1,P03,LAB01,0,1,1854,3124,0,360
20260910_104915,STILL_1P_NA,32.349,37199808,414,STILL,NA,1,P03,LAB01,1,0,0,0,0,0
20260910_104915,STILL_1P_NA,32.349,37199808,414,STILL,NA,1,P03,LAB01,2,0,0,0,0,0
20260910_104915,STILL_1P_NA,32.438,37288549,415,STILL,NA,1,P03,LAB01,0,1,1860,3118,0,360
20260910_104915,STILL_1P_NA,32.438,37288549,415,STILL,NA,1,P03,LAB01,1,0,0,0,0,0
20260910_104915,STILL_1P_NA,32.438,37288549,415,STILL,NA,1,P03,LAB01,2,0,0,0,0,0
20260910_104915,STILL_1P_NA,32.527,37377687,416,STILL,NA,1,P03,LAB01,0,1,1870,3111,0,360
20260910_104915,STILL_1P_NA,32.527,37377687,416,STILL,NA,1,P03,LAB01,1,0,0,0,0,0
20260910_104915,STILL_1P_NA,32.527,37377687,416,STILL,NA,1,P03,LAB01,2,0,0,0,0,0
20260910_104915,STILL_1P_NA,32.616,37466665,417,STILL,NA,1,P03,LAB01,0,1,1873,3108,0,360
20260910_104915,STILL_1P_NA,32.616,37466665,417,STILL,NA,1,P03,LAB01,1,0,0,0,0,0
20260910_104915,STILL_1P_NA,32.616,37466665,417,STILL,NA,1,P03,LAB01,2,0,0,0,0,0
20260910_104915,STILL_1P_NA,32.705,37555714,418,STILL,NA,1,P03,LAB01,0,1,1876,3109,0,360
20260910_104915,STILL_1P_NA,32.705,37555714,418,STILL,NA,1,P03,LAB01,1,0,0,0,0,0
20260910_104915,STILL_1P_NA,32.705,37555714,418,STILL,NA,1,P03,LAB01,2,0,0,0,0,0
20260910_104915,STILL_1P_NA,32.794,37644694,419,STILL,NA,1,P03,LAB01,0,1,1878,3112,0,360
20260910_104915,STILL_1P_NA,32.794,37644694,419,STILL,NA,1,P03,LAB01,1,0,0,0,0,0
20260910_104915,STILL_1P_NA,32.794,37644694,419,STILL,NA,1,P03,LAB01,2,0,0,0,0,0
20260910_104915,STILL_1P_NA,32.883,37733704,420,STILL,NA,1,P03,LAB01,0,1,1875,3116,0,360
20260910_104915,STILL_1P_NA,32.883,37733704,420,STILL,NA,1,P03,LAB01,1,0,0,0,0,0
20260910_104915,STILL_1P_NA,32.883,37733704,420,STILL,NA,1,P03,LAB01,2,0,0,0,0,0
20260910_104915,STILL_1P_NA,32.972,37822748,421,STILL,NA,1,P03,LAB01,0,1,1863,3120,0,360
20260910_104915,STILL_1P_NA,32.972,37822748,421,STILL,NA,1,P03,LAB01,1,0,0,0,0,0
20260910_104915,STILL_1P_NA,32.972,37822748,421,STILL,NA,1,P03,LAB01,2,0,0,0,0,0
20260910_104915,STILL_1P_NA,33.061,37911611,422,STILL,NA,1,P03,LAB01,0,1,1852,3123,0,360
20260910_104915,STILL_1P_NA,33.061,37911611,422,STILL,NA,1,P03,LAB01,1,0,0,0,0,0
20260910_104915,STILL_1P_NA,33.061,37911611,422,STILL,NA,1,P03,LAB01,2,0,0,0,0,0
20260910_104915,STILL_1P_NA,33.150,38000561,423,STILL,NA,1,P03,LAB01,0,1,1838,3125,0,360
20260910_104915,STILL_1P_NA,33.150,38000561,423,STILL,NA,1,P03,LAB01,1,0,0,0,0,0
20260910_104915,STILL_1P_NA,33.150,38000561,423,STILL,NA,1,P03,LAB01,2,0,0,0,0,0
20260910_104915,STILL_1P_NA,33.239,38089824,424,STILL,NA,1,P03,LAB01,0,1,1820,3131,0,360
20260910_104915,STILL_1P_NA,33.239,38089824,424,STILL,NA,1,P03,LAB01,1,0,0,0,0,0
20260910_104915,STILL_1P_NA,33.239,38089824,424,STILL,NA,1,P03,LAB01,2,0,0,0,0,0
20260910_104915,STILL_1P_NA,33.328,38178676,425,STILL,NA,1,P03,LAB01,0,1,1808,3138,-8,360
20260910_104915,STILL_1P_NA,33.328,38178676,425,STILL,NA,1,P03,LAB01,1,0,0,0,0,0
20260910_104915,STILL_1P_NA,33.328,38178676,425,STILL,NA,1,P03,LAB01,2,0,0,0,0,0
20260910_104915,STILL_1P_NA,33.417,38267603,426,STILL,NA,1,P03,LAB01,0,1,1804,3143,0,360
20260910_104915,STILL_1P_NA,33.417,38267603,426,STILL,NA,1,P03,LAB01,1,0,0,0,0,0
20260910_104915,STILL_1P_NA,33.417,38267603,426,STILL,NA,1,P03,LAB01,2,0,0,0,0,0
20260910_104915,STILL_1P_NA,33.506,38356488,427,STILL,NA,1,P03,LAB01,0,1,1806,3146,0,360
20260910_104915,STILL_1P_NA,33.506,38356488,427,STILL,NA,1,P03,LAB01,1,0,0,0,0,0
20260910_104915,STILL_1P_NA,33.506,38356488,427,STILL,NA,1,P03,LAB01,2,0,0,0,0,0
20260910_104915,STILL_1P_NA,33.595,38445692,428,STILL,NA,1,P03,LAB01,0,1,1811,3146,0,360
20260910_104915,STILL_1P_NA,33.595,38445692,428,STILL,NA,1,P03,LAB01,1,0,0,0,0,0
20260910_104915,STILL_1P_NA,33.595,38445692,428,STILL,NA,1,P03,LAB01,2,0,0,0,0,0
20260910_104915,STILL_1P_NA,33.684,38534481,429,STILL,NA,1,P03,LAB01,0,1,1817,3143,0,360
20260910_104915,STILL_1P_NA,33.684,38534481,429,STILL,NA,1,P03,LAB01,1,0,0,0,0,0
20260910_104915,STILL_1P_NA,33.684,38534481,429,STILL,NA,1,P03,LAB01,2,0,0,0,0,0
20260910_104915,STILL_1P_NA,33.773,38623398,430,STILL,NA,1,P03,LAB01,0,1,1822,3141,0,360
20260910_104915,STILL_1P_NA,33.773,38623398,430,STILL,NA,1,P03,LAB01,1,0,0,0,0,0
20260910_104915,STILL_1P_NA,33.773,38623398,430,STILL,NA,1,P03,LAB01,2,0,0,0,0,0
20260910_104915,STILL_1P_NA,33.862,38712508,431,STILL,NA,1,P03,LAB01,0,1,1831,3136,0,360
20260910_104915,STILL_1P_NA,33.862,38712508,431,STILL,NA,1,P03,LAB01,1,0,0,0,0,0
20260910_104915,STILL_1P_NA,33.862,38712508,431,STILL,NA,1,P03,LAB01,2,0,0,0,0,0
20260910_104915,STILL_1P_NA,33.951,38801522,432,STILL,NA,1,P03,LAB01,0,1,1864,3125,0,360
20260910_104915,STILL_1P_NA,33.951,38801522,432,STILL,NA,1,P03,LAB01,1,0,0,0,0,0
20260910_104915,STILL_1P_NA,33.951,38801522,432,STILL,NA,1,P03,LAB01,2,0,0,0,0,0
20260910_104915,STILL_1P_NA,34.040,38890439,433,STILL,NA,1,P03,LAB01,0,1,1901,3112,0,360
20260910_104915,STILL_1P_NA,34.040,38890439,433,STILL,NA,1,P03,LAB01,1,0,0,0,0,0
20260910_104915,STILL_1P_NA,34.040,38890439,433,STILL,NA,1,P03,LAB01,2,0,0,0,0,0
20260910_104915,STILL_1P_NA,34.129,38979488,434,STILL,NA,1,P03,LAB01,0,1,1918,3108,0,360
20260910_104915,STILL_1P_NA,34.129,38979488,434,STILL,NA,1,P03,LAB01,1,0,0,0,0,0
20260910_104915,STILL_1P_NA,34.129,38979488,434,STILL,NA,1,P03,LAB01,2,0,0,0,0,0
20260910_104915,STILL_1P_NA,34.218,39068531,435,STILL,NA,1,P03,LAB01,0,1,1918,3110,0,360
20260910_104915,STILL_1P_NA,34.218,39068531,435,STILL,NA,1,P03,LAB01,1,0,0,0,0,0
20260910_104915,STILL_1P_NA,34.218,39068531,435,STILL,NA,1,P03,LAB01,2,0,0,0,0,0
20260910_104915,STILL_1P_NA,34.307,39157735,436,STILL,NA,1,P03,LAB01,0,1,1919,3111,0,360
20260910_104915,STILL_1P_NA,34.307,39157735,436,STILL,NA,1,P03,LAB01,1,0,0,0,0,0
20260910_104915,STILL_1P_NA,34.307,39157735,436,STILL,NA,1,P03,LAB01,2,0,0,0,0,0
20260910_104915,STILL_1P_NA,34.396,39246467,437,STILL,NA,1,P03,LAB01,0,1,1916,3118,0,360
20260910_104915,STILL_1P_NA,34.396,39246467,437,STILL,NA,1,P03,LAB01,1,0,0,0,0,0
20260910_104915,STILL_1P_NA,34.396,39246467,437,STILL,NA,1,P03,LAB01,2,0,0,0,0,0
20260910_104915,STILL_1P_NA,34.485,39335383,438,STILL,NA,1,P03,LAB01,0,1,1912,3122,0,360
20260910_104915,STILL_1P_NA,34.485,39335383,438,STILL,NA,1,P03,LAB01,1,0,0,0,0,0
20260910_104915,STILL_1P_NA,34.485,39335383,438,STILL,NA,1,P03,LAB01,2,0,0,0,0,0
20260910_104915,STILL_1P_NA,34.574,39424522,439,STILL,NA,1,P03,LAB01,0,1,1903,3124,-8,360
20260910_104915,STILL_1P_NA,34.574,39424522,439,STILL,NA,1,P03,LAB01,1,0,0,0,0,0
20260910_104915,STILL_1P_NA,34.574,39424522,439,STILL,NA,1,P03,LAB01,2,0,0,0,0,0
20260910_104915,STILL_1P_NA,34.663,39513602,440,STILL,NA,1,P03,LAB01,0,1,1895,3123,0,360
20260910_104915,STILL_1P_NA,34.663,39513602,440,STILL,NA,1,P03,LAB01,1,0,0,0,0,0
20260910_104915,STILL_1P_NA,34.663,39513602,440,STILL,NA,1,P03,LAB01,2,0,0,0,0,0
20260910_104915,STILL_1P_NA,34.752,39602488,441,STILL,NA,1,P03,LAB01,0,1,1892,3120,8,360
20260910_104915,STILL_1P_NA,34.752,39602488,441,STILL,NA,1,P03,LAB01,1,0,0,0,0,0
20260910_104915,STILL_1P_NA,34.752,39602488,441,STILL,NA,1,P03,LAB01,2,0,0,0,0,0
20260910_104915,STILL_1P_NA,34.840,39691010,442,STILL,NA,1,P03,LAB01,0,1,1890,3120,0,360
20260910_104915,STILL_1P_NA,34.840,39691010,442,STILL,NA,1,P03,LAB01,1,0,0,0,0,0
20260910_104915,STILL_1P_NA,34.840,39691010,442,STILL,NA,1,P03,LAB01,2,0,0,0,0,0
20260910_104915,STILL_1P_NA,34.930,39780515,443,STILL,NA,1,P03,LAB01,0,1,1891,3118,0,360
20260910_104915,STILL_1P_NA,34.930,39780515,443,STILL,NA,1,P03,LAB01,1,0,0,0,0,0
20260910_104915,STILL_1P_NA,34.930,39780515,443,STILL,NA,1,P03,LAB01,2,0,0,0,0,0
20260910_104915,STILL_1P_NA,35.019,39869594,444,STILL,NA,1,P03,LAB01,0,1,1899,3114,0,360
20260910_104915,STILL_1P_NA,35.019,39869594,444,STILL,NA,1,P03,LAB01,1,0,0,0,0,0
20260910_104915,STILL_1P_NA,35.019,39869594,444,STILL,NA,1,P03,LAB01,2,0,0,0,0,0
20260910_104915,STILL_1P_NA,35.108,39958331,445,STILL,NA,1,P03,LAB01,0,1,1906,3109,0,360
20260910_104915,STILL_1P_NA,35.108,39958331,445,STILL,NA,1,P03,LAB01,1,0,0,0,0,0
20260910_104915,STILL_1P_NA,35.108,39958331,445,STILL,NA,1,P03,LAB01,2,0,0,0,0,0
20260910_104915,STILL_1P_NA,35.197,40047340,446,STILL,NA,1,P03,LAB01,0,1,1912,3105,0,360
20260910_104915,STILL_1P_NA,35.197,40047340,446,STILL,NA,1,P03,LAB01,1,0,0,0,0,0
20260910_104915,STILL_1P_NA,35.197,40047340,446,STILL,NA,1,P03,LAB01,2,0,0,0,0,0
20260910_104915,STILL_1P_NA,35.286,40136508,447,STILL,NA,1,P03,LAB01,0,1,1917,3102,0,360
20260910_104915,STILL_1P_NA,35.286,40136508,447,STILL,NA,1,P03,LAB01,1,0,0,0,0,0
20260910_104915,STILL_1P_NA,35.286,40136508,447,STILL,NA,1,P03,LAB01,2,0,0,0,0,0
20260910_104915,STILL_1P_NA,35.375,40225426,448,STILL,NA,1,P03,LAB01,0,1,1923,3101,8,360
20260910_104915,STILL_1P_NA,35.375,40225426,448,STILL,NA,1,P03,LAB01,1,0,0,0,0,0
20260910_104915,STILL_1P_NA,35.375,40225426,448,STILL,NA,1,P03,LAB01,2,0,0,0,0,0
20260910_104915,STILL_1P_NA,35.464,40314665,449,STILL,NA,1,P03,LAB01,0,1,1928,3102,0,360
20260910_104915,STILL_1P_NA,35.464,40314665,449,STILL,NA,1,P03,LAB01,1,0,0,0,0,0
20260910_104915,STILL_1P_NA,35.464,40314665,449,STILL,NA,1,P03,LAB01,2,0,0,0,0,0
20260910_104915,STILL_1P_NA,35.553,40403487,450,STILL,NA,1,P03,LAB01,0,1,1927,3104,0,360
20260910_104915,STILL_1P_NA,35.553,40403487,450,STILL,NA,1,P03,LAB01,1,0,0,0,0,0
20260910_104915,STILL_1P_NA,35.553,40403487,450,STILL,NA,1,P03,LAB01,2,0,0,0,0,0
20260910_104915,STILL_1P_NA,35.642,40492347,451,STILL,NA,1,P03,LAB01,0,1,1924,3107,0,360
20260910_104915,STILL_1P_NA,35.642,40492347,451,STILL,NA,1,P03,LAB01,1,0,0,0,0,0
20260910_104915,STILL_1P_NA,35.642,40492347,451,STILL,NA,1,P03,LAB01,2,0,0,0,0,0
20260910_104915,STILL_1P_NA,35.731,40581480,452,STILL,NA,1,P03,LAB01,0,1,1926,3107,0,360
20260910_104915,STILL_1P_NA,35.731,40581480,452,STILL,NA,1,P03,LAB01,1,0,0,0,0,0
20260910_104915,STILL_1P_NA,35.731,40581480,452,STILL,NA,1,P03,LAB01,2,0,0,0,0,0
20260910_104915,STILL_1P_NA,35.820,40670087,453,STILL,NA,1,P03,LAB01,0,1,1923,3108,0,360
20260910_104915,STILL_1P_NA,35.820,40670087,453,STILL,NA,1,P03,LAB01,1,0,0,0,0,0
20260910_104915,STILL_1P_NA,35.820,40670087,453,STILL,NA,1,P03,LAB01,2,0,0,0,0,0
20260910_104915,STILL_1P_NA,35.908,40759016,454,STILL,NA,1,P03,LAB01,0,1,1921,3108,0,360
20260910_104915,STILL_1P_NA,35.908,40759016,454,STILL,NA,1,P03,LAB01,1,0,0,0,0,0
20260910_104915,STILL_1P_NA,35.908,40759016,454,STILL,NA,1,P03,LAB01,2,0,0,0,0,0
20260910_104915,STILL_1P_NA,35.998,40848210,455,STILL,NA,1,P03,LAB01,0,1,1923,3106,0,360
20260910_104915,STILL_1P_NA,35.998,40848210,455,STILL,NA,1,P03,LAB01,1,0,0,0,0,0
20260910_104915,STILL_1P_NA,35.998,40848210,455,STILL,NA,1,P03,LAB01,2,0,0,0,0,0
20260910_104915,STILL_1P_NA,36.087,40937474,456,STILL,NA,1,P03,LAB01,0,1,1926,3105,-8,360
20260910_104915,STILL_1P_NA,36.087,40937474,456,STILL,NA,1,P03,LAB01,1,0,0,0,0,0
20260910_104915,STILL_1P_NA,36.087,40937474,456,STILL,NA,1,P03,LAB01,2,0,0,0,0,0
20260910_104915,STILL_1P_NA,36.176,41026170,457,STILL,NA,1,P03,LAB01,0,1,1933,3100,-8,360
20260910_104915,STILL_1P_NA,36.176,41026170,457,STILL,NA,1,P03,LAB01,1,0,0,0,0,0
20260910_104915,STILL_1P_NA,36.176,41026170,457,STILL,NA,1,P03,LAB01,2,0,0,0,0,0
20260910_104915,STILL_1P_NA,36.265,41115228,458,STILL,NA,1,P03,LAB01,0,1,1938,3096,0,360
20260910_104915,STILL_1P_NA,36.265,41115228,458,STILL,NA,1,P03,LAB01,1,0,0,0,0,0
20260910_104915,STILL_1P_NA,36.265,41115228,458,STILL,NA,1,P03,LAB01,2,0,0,0,0,0
20260910_104915,STILL_1P_NA,36.354,41204331,459,STILL,NA,1,P03,LAB01,0,1,1937,3096,0,360
20260910_104915,STILL_1P_NA,36.354,41204331,459,STILL,NA,1,P03,LAB01,1,0,0,0,0,0
20260910_104915,STILL_1P_NA,36.354,41204331,459,STILL,NA,1,P03,LAB01,2,0,0,0,0,0
20260910_104915,STILL_1P_NA,36.442,41292939,460,STILL,NA,1,P03,LAB01,0,1,1936,3097,0,360
20260910_104915,STILL_1P_NA,36.442,41292939,460,STILL,NA,1,P03,LAB01,1,0,0,0,0,0
20260910_104915,STILL_1P_NA,36.442,41292939,460,STILL,NA,1,P03,LAB01,2,0,0,0,0,0
20260910_104915,STILL_1P_NA,36.531,41381922,461,STILL,NA,1,P03,LAB01,0,1,1932,3099,0,360
20260910_104915,STILL_1P_NA,36.531,41381922,461,STILL,NA,1,P03,LAB01,1,0,0,0,0,0
20260910_104915,STILL_1P_NA,36.531,41381922,461,STILL,NA,1,P03,LAB01,2,0,0,0,0,0
20260910_104915,STILL_1P_NA,36.620,41471216,462,STILL,NA,1,P03,LAB01,0,1,1926,3105,0,360
20260910_104915,STILL_1P_NA,36.620,41471216,462,STILL,NA,1,P03,LAB01,1,0,0,0,0,0
20260910_104915,STILL_1P_NA,36.620,41471216,462,STILL,NA,1,P03,LAB01,2,0,0,0,0,0
20260910_104915,STILL_1P_NA,36.710,41560508,463,STILL,NA,1,P03,LAB01,0,1,1920,3110,0,360
20260910_104915,STILL_1P_NA,36.710,41560508,463,STILL,NA,1,P03,LAB01,1,0,0,0,0,0
20260910_104915,STILL_1P_NA,36.710,41560508,463,STILL,NA,1,P03,LAB01,2,0,0,0,0,0
20260910_104915,STILL_1P_NA,36.799,41649488,464,STILL,NA,1,P03,LAB01,0,1,1912,3114,0,360
20260910_104915,STILL_1P_NA,36.799,41649488,464,STILL,NA,1,P03,LAB01,1,0,0,0,0,0
20260910_104915,STILL_1P_NA,36.799,41649488,464,STILL,NA,1,P03,LAB01,2,0,0,0,0,0
20260910_104915,STILL_1P_NA,36.888,41738287,465,STILL,NA,1,P03,LAB01,0,1,1907,3116,0,360
20260910_104915,STILL_1P_NA,36.888,41738287,465,STILL,NA,1,P03,LAB01,1,0,0,0,0,0
20260910_104915,STILL_1P_NA,36.888,41738287,465,STILL,NA,1,P03,LAB01,2,0,0,0,0,0
20260910_104915,STILL_1P_NA,36.977,41827170,466,STILL,NA,1,P03,LAB01,0,1,1905,3116,0,360
20260910_104915,STILL_1P_NA,36.977,41827170,466,STILL,NA,1,P03,LAB01,1,0,0,0,0,0
20260910_104915,STILL_1P_NA,36.977,41827170,466,STILL,NA,1,P03,LAB01,2,0,0,0,0,0
20260910_104915,STILL_1P_NA,37.065,41916149,467,STILL,NA,1,P03,LAB01,0,1,1909,3113,0,360
20260910_104915,STILL_1P_NA,37.065,41916149,467,STILL,NA,1,P03,LAB01,1,0,0,0,0,0
20260910_104915,STILL_1P_NA,37.065,41916149,467,STILL,NA,1,P03,LAB01,2,0,0,0,0,0
20260910_104915,STILL_1P_NA,37.155,42005098,468,STILL,NA,1,P03,LAB01,0,1,1910,3109,0,360
20260910_104915,STILL_1P_NA,37.155,42005098,468,STILL,NA,1,P03,LAB01,1,0,0,0,0,0
20260910_104915,STILL_1P_NA,37.155,42005098,468,STILL,NA,1,P03,LAB01,2,0,0,0,0,0
20260910_104915,STILL_1P_NA,37.244,42094176,469,STILL,NA,1,P03,LAB01,0,1,1907,3109,0,360
20260910_104915,STILL_1P_NA,37.244,42094176,469,STILL,NA,1,P03,LAB01,1,0,0,0,0,0
20260910_104915,STILL_1P_NA,37.244,42094176,469,STILL,NA,1,P03,LAB01,2,0,0,0,0,0
20260910_104915,STILL_1P_NA,37.333,42183293,470,STILL,NA,1,P03,LAB01,0,1,1898,3106,0,360
20260910_104915,STILL_1P_NA,37.333,42183293,470,STILL,NA,1,P03,LAB01,1,0,0,0,0,0
20260910_104915,STILL_1P_NA,37.333,42183293,470,STILL,NA,1,P03,LAB01,2,0,0,0,0,0
20260910_104915,STILL_1P_NA,37.422,42272176,471,STILL,NA,1,P03,LAB01,0,1,1891,3103,0,360
20260910_104915,STILL_1P_NA,37.422,42272176,471,STILL,NA,1,P03,LAB01,1,0,0,0,0,0
20260910_104915,STILL_1P_NA,37.422,42272176,471,STILL,NA,1,P03,LAB01,2,0,0,0,0,0
20260910_104915,STILL_1P_NA,37.511,42361228,472,STILL,NA,1,P03,LAB01,0,1,1887,3101,0,360
20260910_104915,STILL_1P_NA,37.511,42361228,472,STILL,NA,1,P03,LAB01,1,0,0,0,0,0
20260910_104915,STILL_1P_NA,37.511,42361228,472,STILL,NA,1,P03,LAB01,2,0,0,0,0,0
20260910_104915,STILL_1P_NA,37.600,42450043,473,STILL,NA,1,P03,LAB01,0,1,1888,3100,0,360
20260910_104915,STILL_1P_NA,37.600,42450043,473,STILL,NA,1,P03,LAB01,1,0,0,0,0,0
20260910_104915,STILL_1P_NA,37.600,42450043,473,STILL,NA,1,P03,LAB01,2,0,0,0,0,0
20260910_104915,STILL_1P_NA,37.689,42539093,474,STILL,NA,1,P03,LAB01,0,1,1887,3100,0,360
20260910_104915,STILL_1P_NA,37.689,42539093,474,STILL,NA,1,P03,LAB01,1,0,0,0,0,0
20260910_104915,STILL_1P_NA,37.689,42539093,474,STILL,NA,1,P03,LAB01,2,0,0,0,0,0
20260910_104915,STILL_1P_NA,37.778,42628070,475,STILL,NA,1,P03,LAB01,0,1,1891,3098,0,360
20260910_104915,STILL_1P_NA,37.778,42628070,475,STILL,NA,1,P03,LAB01,1,0,0,0,0,0
20260910_104915,STILL_1P_NA,37.778,42628070,475,STILL,NA,1,P03,LAB01,2,0,0,0,0,0
20260910_104915,STILL_1P_NA,37.866,42717149,476,STILL,NA,1,P03,LAB01,0,1,1890,3099,0,360
20260910_104915,STILL_1P_NA,37.866,42717149,476,STILL,NA,1,P03,LAB01,1,0,0,0,0,0
20260910_104915,STILL_1P_NA,37.866,42717149,476,STILL,NA,1,P03,LAB01,2,0,0,0,0,0
20260910_104915,STILL_1P_NA,37.956,42806265,477,STILL,NA,1,P03,LAB01,0,1,1886,3101,0,360
20260910_104915,STILL_1P_NA,37.956,42806265,477,STILL,NA,1,P03,LAB01,1,0,0,0,0,0
20260910_104915,STILL_1P_NA,37.956,42806265,477,STILL,NA,1,P03,LAB01,2,0,0,0,0,0
20260910_104915,STILL_1P_NA,38.045,42895049,478,STILL,NA,1,P03,LAB01,0,1,1880,3103,0,360
20260910_104915,STILL_1P_NA,38.045,42895049,478,STILL,NA,1,P03,LAB01,1,0,0,0,0,0
20260910_104915,STILL_1P_NA,38.045,42895049,478,STILL,NA,1,P03,LAB01,2,0,0,0,0,0
20260910_104915,STILL_1P_NA,38.134,42984384,479,STILL,NA,1,P03,LAB01,0,1,1879,3108,0,360
20260910_104915,STILL_1P_NA,38.134,42984384,479,STILL,NA,1,P03,LAB01,1,0,0,0,0,0
20260910_104915,STILL_1P_NA,38.134,42984384,479,STILL,NA,1,P03,LAB01,2,0,0,0,0,0
20260910_104915,STILL_1P_NA,38.222,43073043,480,STILL,NA,1,P03,LAB01,0,1,1877,3111,0,360
20260910_104915,STILL_1P_NA,38.222,43073043,480,STILL,NA,1,P03,LAB01,1,0,0,0,0,0
20260910_104915,STILL_1P_NA,38.222,43073043,480,STILL,NA,1,P03,LAB01,2,0,0,0,0,0
20260910_104915,STILL_1P_NA,38.312,43162031,481,STILL,NA,1,P03,LAB01,0,1,1875,3113,0,360
20260910_104915,STILL_1P_NA,38.312,43162031,481,STILL,NA,1,P03,LAB01,1,0,0,0,0,0
20260910_104915,STILL_1P_NA,38.312,43162031,481,STILL,NA,1,P03,LAB01,2,0,0,0,0,0
20260910_104915,STILL_1P_NA,38.400,43250895,482,STILL,NA,1,P03,LAB01,0,1,1871,3116,0,360
20260910_104915,STILL_1P_NA,38.400,43250895,482,STILL,NA,1,P03,LAB01,1,0,0,0,0,0
20260910_104915,STILL_1P_NA,38.400,43250895,482,STILL,NA,1,P03,LAB01,2,0,0,0,0,0
20260910_104915,STILL_1P_NA,38.490,43340060,483,STILL,NA,1,P03,LAB01,0,1,1856,3123,0,360
20260910_104915,STILL_1P_NA,38.490,43340060,483,STILL,NA,1,P03,LAB01,1,0,0,0,0,0
20260910_104915,STILL_1P_NA,38.490,43340060,483,STILL,NA,1,P03,LAB01,2,0,0,0,0,0
20260910_104915,STILL_1P_NA,38.579,43429265,484,STILL,NA,1,P03,LAB01,0,1,1838,3129,0,360
20260910_104915,STILL_1P_NA,38.579,43429265,484,STILL,NA,1,P03,LAB01,1,0,0,0,0,0
20260910_104915,STILL_1P_NA,38.579,43429265,484,STILL,NA,1,P03,LAB01,2,0,0,0,0,0
20260910_104915,STILL_1P_NA,38.667,43518176,485,STILL,NA,1,P03,LAB01,0,1,1820,3135,0,360
20260910_104915,STILL_1P_NA,38.667,43518176,485,STILL,NA,1,P03,LAB01,1,0,0,0,0,0
20260910_104915,STILL_1P_NA,38.667,43518176,485,STILL,NA,1,P03,LAB01,2,0,0,0,0,0
20260910_104915,STILL_1P_NA,38.756,43606984,486,STILL,NA,1,P03,LAB01,0,1,1805,3141,0,360
20260910_104915,STILL_1P_NA,38.756,43606984,486,STILL,NA,1,P03,LAB01,1,0,0,0,0,0
20260910_104915,STILL_1P_NA,38.756,43606984,486,STILL,NA,1,P03,LAB01,2,0,0,0,0,0
20260910_104915,STILL_1P_NA,38.845,43695873,487,STILL,NA,1,P03,LAB01,0,1,1803,3143,0,360
20260910_104915,STILL_1P_NA,38.845,43695873,487,STILL,NA,1,P03,LAB01,1,0,0,0,0,0
20260910_104915,STILL_1P_NA,38.845,43695873,487,STILL,NA,1,P03,LAB01,2,0,0,0,0,0
20260910_104915,STILL_1P_NA,38.934,43784975,488,STILL,NA,1,P03,LAB01,0,1,1800,3148,0,360
20260910_104915,STILL_1P_NA,38.934,43784975,488,STILL,NA,1,P03,LAB01,1,0,0,0,0,0
20260910_104915,STILL_1P_NA,38.934,43784975,488,STILL,NA,1,P03,LAB01,2,0,0,0,0,0
20260910_104915,STILL_1P_NA,39.024,43874043,489,STILL,NA,1,P03,LAB01,0,1,1804,3150,0,360
20260910_104915,STILL_1P_NA,39.024,43874043,489,STILL,NA,1,P03,LAB01,1,0,0,0,0,0
20260910_104915,STILL_1P_NA,39.024,43874043,489,STILL,NA,1,P03,LAB01,2,0,0,0,0,0
20260910_104915,STILL_1P_NA,39.112,43962938,490,STILL,NA,1,P03,LAB01,0,1,1813,3149,0,360
20260910_104915,STILL_1P_NA,39.112,43962938,490,STILL,NA,1,P03,LAB01,1,0,0,0,0,0
20260910_104915,STILL_1P_NA,39.112,43962938,490,STILL,NA,1,P03,LAB01,2,0,0,0,0,0
20260910_104915,STILL_1P_NA,39.202,44052040,491,STILL,NA,1,P03,LAB01,0,1,1821,3145,0,360
20260910_104915,STILL_1P_NA,39.202,44052040,491,STILL,NA,1,P03,LAB01,1,0,0,0,0,0
20260910_104915,STILL_1P_NA,39.202,44052040,491,STILL,NA,1,P03,LAB01,2,0,0,0,0,0
20260910_104915,STILL_1P_NA,39.290,44141021,492,STILL,NA,1,P03,LAB01,0,1,1830,3142,0,360
20260910_104915,STILL_1P_NA,39.290,44141021,492,STILL,NA,1,P03,LAB01,1,0,0,0,0,0
20260910_104915,STILL_1P_NA,39.290,44141021,492,STILL,NA,1,P03,LAB01,2,0,0,0,0,0
20260910_104915,STILL_1P_NA,39.380,44230190,493,STILL,NA,1,P03,LAB01,0,1,1842,3138,8,360
20260910_104915,STILL_1P_NA,39.380,44230190,493,STILL,NA,1,P03,LAB01,1,0,0,0,0,0
20260910_104915,STILL_1P_NA,39.380,44230190,493,STILL,NA,1,P03,LAB01,2,0,0,0,0,0
20260910_104915,STILL_1P_NA,39.468,44318873,494,STILL,NA,1,P03,LAB01,0,1,1864,3126,0,360
20260910_104915,STILL_1P_NA,39.468,44318873,494,STILL,NA,1,P03,LAB01,1,0,0,0,0,0
20260910_104915,STILL_1P_NA,39.468,44318873,494,STILL,NA,1,P03,LAB01,2,0,0,0,0,0
20260910_104915,STILL_1P_NA,39.557,44408033,495,STILL,NA,1,P03,LAB01,0,1,1867,3117,0,360
20260910_104915,STILL_1P_NA,39.557,44408033,495,STILL,NA,1,P03,LAB01,1,0,0,0,0,0
20260910_104915,STILL_1P_NA,39.557,44408033,495,STILL,NA,1,P03,LAB01,2,0,0,0,0,0
20260910_104915,STILL_1P_NA,39.646,44496963,496,STILL,NA,1,P03,LAB01,0,1,1866,3115,0,360
20260910_104915,STILL_1P_NA,39.646,44496963,496,STILL,NA,1,P03,LAB01,1,0,0,0,0,0
20260910_104915,STILL_1P_NA,39.646,44496963,496,STILL,NA,1,P03,LAB01,2,0,0,0,0,0
20260910_104915,STILL_1P_NA,39.735,44585791,497,STILL,NA,1,P03,LAB01,0,1,1861,3116,0,360
20260910_104915,STILL_1P_NA,39.735,44585791,497,STILL,NA,1,P03,LAB01,1,0,0,0,0,0
20260910_104915,STILL_1P_NA,39.735,44585791,497,STILL,NA,1,P03,LAB01,2,0,0,0,0,0
20260910_104915,STILL_1P_NA,39.824,44674895,498,STILL,NA,1,P03,LAB01,0,1,1852,3120,0,360
20260910_104915,STILL_1P_NA,39.824,44674895,498,STILL,NA,1,P03,LAB01,1,0,0,0,0,0
20260910_104915,STILL_1P_NA,39.824,44674895,498,STILL,NA,1,P03,LAB01,2,0,0,0,0,0
20260910_104915,STILL_1P_NA,39.913,44763818,499,STILL,NA,1,P03,LAB01,0,1,1840,3125,0,360
20260910_104915,STILL_1P_NA,39.913,44763818,499,STILL,NA,1,P03,LAB01,1,0,0,0,0,0
20260910_104915,STILL_1P_NA,39.913,44763818,499,STILL,NA,1,P03,LAB01,2,0,0,0,0,0
20260910_104915,STILL_1P_NA,40.002,44852984,500,STILL,NA,1,P03,LAB01,0,1,1836,3128,0,360
20260910_104915,STILL_1P_NA,40.002,44852984,500,STILL,NA,1,P03,LAB01,1,0,0,0,0,0
20260910_104915,STILL_1P_NA,40.002,44852984,500,STILL,NA,1,P03,LAB01,2,0,0,0,0,0
20260910_104915,STILL_1P_NA,40.091,44941780,501,STILL,NA,1,P03,LAB01,0,1,1840,3134,0,360
20260910_104915,STILL_1P_NA,40.091,44941780,501,STILL,NA,1,P03,LAB01,1,0,0,0,0,0
20260910_104915,STILL_1P_NA,40.091,44941780,501,STILL,NA,1,P03,LAB01,2,0,0,0,0,0
20260910_104915,STILL_1P_NA,40.180,45030984,502,STILL,NA,1,P03,LAB01,0,1,1845,3138,0,360
20260910_104915,STILL_1P_NA,40.180,45030984,502,STILL,NA,1,P03,LAB01,1,0,0,0,0,0
20260910_104915,STILL_1P_NA,40.180,45030984,502,STILL,NA,1,P03,LAB01,2,0,0,0,0,0
20260910_104915,STILL_1P_NA,40.269,45119963,503,STILL,NA,1,P03,LAB01,0,1,1848,3144,0,360
20260910_104915,STILL_1P_NA,40.269,45119963,503,STILL,NA,1,P03,LAB01,1,0,0,0,0,0
20260910_104915,STILL_1P_NA,40.269,45119963,503,STILL,NA,1,P03,LAB01,2,0,0,0,0,0
20260910_104915,STILL_1P_NA,40.358,45208975,504,STILL,NA,1,P03,LAB01,0,1,1853,3146,0,360
20260910_104915,STILL_1P_NA,40.358,45208975,504,STILL,NA,1,P03,LAB01,1,0,0,0,0,0
20260910_104915,STILL_1P_NA,40.358,45208975,504,STILL,NA,1,P03,LAB01,2,0,0,0,0,0
20260910_104915,STILL_1P_NA,40.447,45297963,505,STILL,NA,1,P03,LAB01,0,1,1855,3149,0,360
20260910_104915,STILL_1P_NA,40.447,45297963,505,STILL,NA,1,P03,LAB01,1,0,0,0,0,0
20260910_104915,STILL_1P_NA,40.447,45297963,505,STILL,NA,1,P03,LAB01,2,0,0,0,0,0
20260910_104915,STILL_1P_NA,40.536,45386907,506,STILL,NA,1,P03,LAB01,0,1,1860,3146,0,360
20260910_104915,STILL_1P_NA,40.536,45386907,506,STILL,NA,1,P03,LAB01,1,0,0,0,0,0
20260910_104915,STILL_1P_NA,40.536,45386907,506,STILL,NA,1,P03,LAB01,2,0,0,0,0,0
20260910_104915,STILL_1P_NA,40.625,45475670,507,STILL,NA,1,P03,LAB01,0,1,1863,3145,-8,360
20260910_104915,STILL_1P_NA,40.625,45475670,507,STILL,NA,1,P03,LAB01,1,0,0,0,0,0
20260910_104915,STILL_1P_NA,40.625,45475670,507,STILL,NA,1,P03,LAB01,2,0,0,0,0,0
20260910_104915,STILL_1P_NA,40.715,45564907,508,STILL,NA,1,P03,LAB01,0,1,1867,3138,0,360
20260910_104915,STILL_1P_NA,40.715,45564907,508,STILL,NA,1,P03,LAB01,1,0,0,0,0,0
20260910_104915,STILL_1P_NA,40.715,45564907,508,STILL,NA,1,P03,LAB01,2,0,0,0,0,0
20260910_104915,STILL_1P_NA,40.803,45654038,509,STILL,NA,1,P03,LAB01,0,1,1874,3132,0,360
20260910_104915,STILL_1P_NA,40.803,45654038,509,STILL,NA,1,P03,LAB01,1,0,0,0,0,0
20260910_104915,STILL_1P_NA,40.803,45654038,509,STILL,NA,1,P03,LAB01,2,0,0,0,0,0
20260910_104915,STILL_1P_NA,40.892,45742901,510,STILL,NA,1,P03,LAB01,0,1,1914,3118,0,360
20260910_104915,STILL_1P_NA,40.892,45742901,510,STILL,NA,1,P03,LAB01,1,0,0,0,0,0
20260910_104915,STILL_1P_NA,40.892,45742901,510,STILL,NA,1,P03,LAB01,2,0,0,0,0,0
20260910_104915,STILL_1P_NA,40.981,45831602,511,STILL,NA,1,P03,LAB01,0,1,1953,3099,0,360
20260910_104915,STILL_1P_NA,40.981,45831602,511,STILL,NA,1,P03,LAB01,1,0,0,0,0,0
20260910_104915,STILL_1P_NA,40.981,45831602,511,STILL,NA,1,P03,LAB01,2,0,0,0,0,0
20260910_104915,STILL_1P_NA,41.070,45920803,512,STILL,NA,1,P03,LAB01,0,1,2014,3071,0,360
20260910_104915,STILL_1P_NA,41.070,45920803,512,STILL,NA,1,P03,LAB01,1,0,0,0,0,0
20260910_104915,STILL_1P_NA,41.070,45920803,512,STILL,NA,1,P03,LAB01,2,0,0,0,0,0
20260910_104915,STILL_1P_NA,41.159,46009912,513,STILL,NA,1,P03,LAB01,0,1,2030,3067,0,360
20260910_104915,STILL_1P_NA,41.159,46009912,513,STILL,NA,1,P03,LAB01,1,0,0,0,0,0
20260910_104915,STILL_1P_NA,41.159,46009912,513,STILL,NA,1,P03,LAB01,2,0,0,0,0,0
20260910_104915,STILL_1P_NA,41.248,46098863,514,STILL,NA,1,P03,LAB01,0,1,2039,3059,0,360
20260910_104915,STILL_1P_NA,41.248,46098863,514,STILL,NA,1,P03,LAB01,1,0,0,0,0,0
20260910_104915,STILL_1P_NA,41.248,46098863,514,STILL,NA,1,P03,LAB01,2,0,0,0,0,0
20260910_104915,STILL_1P_NA,41.337,46187939,515,STILL,NA,1,P03,LAB01,0,1,2038,3060,0,360
20260910_104915,STILL_1P_NA,41.337,46187939,515,STILL,NA,1,P03,LAB01,1,0,0,0,0,0
20260910_104915,STILL_1P_NA,41.337,46187939,515,STILL,NA,1,P03,LAB01,2,0,0,0,0,0
20260910_104915,STILL_1P_NA,41.426,46276736,516,STILL,NA,1,P03,LAB01,0,1,2037,3059,8,360
20260910_104915,STILL_1P_NA,41.426,46276736,516,STILL,NA,1,P03,LAB01,1,0,0,0,0,0
20260910_104915,STILL_1P_NA,41.426,46276736,516,STILL,NA,1,P03,LAB01,2,0,0,0,0,0
20260910_104915,STILL_1P_NA,41.515,46365590,517,STILL,NA,1,P03,LAB01,0,1,2032,3057,0,360
20260910_104915,STILL_1P_NA,41.515,46365590,517,STILL,NA,1,P03,LAB01,1,0,0,0,0,0
20260910_104915,STILL_1P_NA,41.515,46365590,517,STILL,NA,1,P03,LAB01,2,0,0,0,0,0
20260910_104915,STILL_1P_NA,41.604,46454603,518,STILL,NA,1,P03,LAB01,0,1,2026,3053,0,360
20260910_104915,STILL_1P_NA,41.604,46454603,518,STILL,NA,1,P03,LAB01,1,0,0,0,0,0
20260910_104915,STILL_1P_NA,41.604,46454603,518,STILL,NA,1,P03,LAB01,2,0,0,0,0,0
20260910_104915,STILL_1P_NA,41.693,46543590,519,STILL,NA,1,P03,LAB01,0,1,2026,3051,8,360
20260910_104915,STILL_1P_NA,41.693,46543590,519,STILL,NA,1,P03,LAB01,1,0,0,0,0,0
20260910_104915,STILL_1P_NA,41.693,46543590,519,STILL,NA,1,P03,LAB01,2,0,0,0,0,0
20260910_104915,STILL_1P_NA,41.783,46632851,520,STILL,NA,1,P03,LAB01,0,1,2025,3055,0,360
20260910_104915,STILL_1P_NA,41.783,46632851,520,STILL,NA,1,P03,LAB01,1,0,0,0,0,0
20260910_104915,STILL_1P_NA,41.783,46632851,520,STILL,NA,1,P03,LAB01,2,0,0,0,0,0
20260910_104915,STILL_1P_NA,41.871,46721644,521,STILL,NA,1,P03,LAB01,0,1,2025,3061,0,360
20260910_104915,STILL_1P_NA,41.871,46721644,521,STILL,NA,1,P03,LAB01,1,0,0,0,0,0
20260910_104915,STILL_1P_NA,41.871,46721644,521,STILL,NA,1,P03,LAB01,2,0,0,0,0,0
20260910_104915,STILL_1P_NA,41.960,46810629,522,STILL,NA,1,P03,LAB01,0,1,2028,3062,0,360
20260910_104915,STILL_1P_NA,41.960,46810629,522,STILL,NA,1,P03,LAB01,1,0,0,0,0,0
20260910_104915,STILL_1P_NA,41.960,46810629,522,STILL,NA,1,P03,LAB01,2,0,0,0,0,0
20260910_104915,STILL_1P_NA,42.049,46899794,523,STILL,NA,1,P03,LAB01,0,1,2029,3062,0,360
20260910_104915,STILL_1P_NA,42.049,46899794,523,STILL,NA,1,P03,LAB01,1,0,0,0,0,0
20260910_104915,STILL_1P_NA,42.049,46899794,523,STILL,NA,1,P03,LAB01,2,0,0,0,0,0
20260910_104915,STILL_1P_NA,42.138,46988748,524,STILL,NA,1,P03,LAB01,0,1,2028,3060,0,360
20260910_104915,STILL_1P_NA,42.138,46988748,524,STILL,NA,1,P03,LAB01,1,0,0,0,0,0
20260910_104915,STILL_1P_NA,42.138,46988748,524,STILL,NA,1,P03,LAB01,2,0,0,0,0,0
20260910_104915,STILL_1P_NA,42.227,47077824,525,STILL,NA,1,P03,LAB01,0,1,2024,3061,0,360
20260910_104915,STILL_1P_NA,42.227,47077824,525,STILL,NA,1,P03,LAB01,1,0,0,0,0,0
20260910_104915,STILL_1P_NA,42.227,47077824,525,STILL,NA,1,P03,LAB01,2,0,0,0,0,0
20260910_104915,STILL_1P_NA,42.316,47166590,526,STILL,NA,1,P03,LAB01,0,1,2019,3062,0,360
20260910_104915,STILL_1P_NA,42.316,47166590,526,STILL,NA,1,P03,LAB01,1,0,0,0,0,0
20260910_104915,STILL_1P_NA,42.316,47166590,526,STILL,NA,1,P03,LAB01,2,0,0,0,0,0
20260910_104915,STILL_1P_NA,42.405,47255576,527,STILL,NA,1,P03,LAB01,0,1,2013,3066,-8,360
20260910_104915,STILL_1P_NA,42.405,47255576,527,STILL,NA,1,P03,LAB01,1,0,0,0,0,0
20260910_104915,STILL_1P_NA,42.405,47255576,527,STILL,NA,1,P03,LAB01,2,0,0,0,0,0
20260910_104915,STILL_1P_NA,42.494,47344741,528,STILL,NA,1,P03,LAB01,0,1,2008,3069,-8,360
20260910_104915,STILL_1P_NA,42.494,47344741,528,STILL,NA,1,P03,LAB01,1,0,0,0,0,0
20260910_104915,STILL_1P_NA,42.494,47344741,528,STILL,NA,1,P03,LAB01,2,0,0,0,0,0
20260910_104915,STILL_1P_NA,42.583,47433818,529,STILL,NA,1,P03,LAB01,0,1,2002,3067,-8,360
20260910_104915,STILL_1P_NA,42.583,47433818,529,STILL,NA,1,P03,LAB01,1,0,0,0,0,0
20260910_104915,STILL_1P_NA,42.583,47433818,529,STILL,NA,1,P03,LAB01,2,0,0,0,0,0
20260910_104915,STILL_1P_NA,42.672,47522891,530,STILL,NA,1,P03,LAB01,0,1,1993,3066,-8,360
20260910_104915,STILL_1P_NA,42.672,47522891,530,STILL,NA,1,P03,LAB01,1,0,0,0,0,0
20260910_104915,STILL_1P_NA,42.672,47522891,530,STILL,NA,1,P03,LAB01,2,0,0,0,0,0
20260910_104915,STILL_1P_NA,42.761,47611687,531,STILL,NA,1,P03,LAB01,0,1,1981,3073,-8,360
20260910_104915,STILL_1P_NA,42.761,47611687,531,STILL,NA,1,P03,LAB01,1,0,0,0,0,0
20260910_104915,STILL_1P_NA,42.761,47611687,531,STILL,NA,1,P03,LAB01,2,0,0,0,0,0
20260910_104915,STILL_1P_NA,42.850,47700697,532,STILL,NA,1,P03,LAB01,0,1,1971,3080,0,360
20260910_104915,STILL_1P_NA,42.850,47700697,532,STILL,NA,1,P03,LAB01,1,0,0,0,0,0
20260910_104915,STILL_1P_NA,42.850,47700697,532,STILL,NA,1,P03,LAB01,2,0,0,0,0,0
20260910_104915,STILL_1P_NA,42.939,47789649,533,STILL,NA,1,P03,LAB01,0,1,1957,3085,-8,360
20260910_104915,STILL_1P_NA,42.939,47789649,533,STILL,NA,1,P03,LAB01,1,0,0,0,0,0
20260910_104915,STILL_1P_NA,42.939,47789649,533,STILL,NA,1,P03,LAB01,2,0,0,0,0,0
20260910_104915,STILL_1P_NA,43.028,47878473,534,STILL,NA,1,P03,LAB01,0,1,1946,3088,0,360
20260910_104915,STILL_1P_NA,43.028,47878473,534,STILL,NA,1,P03,LAB01,1,0,0,0,0,0
20260910_104915,STILL_1P_NA,43.028,47878473,534,STILL,NA,1,P03,LAB01,2,0,0,0,0,0
20260910_104915,STILL_1P_NA,43.117,47967676,535,STILL,NA,1,P03,LAB01,0,1,1940,3089,0,360
20260910_104915,STILL_1P_NA,43.117,47967676,535,STILL,NA,1,P03,LAB01,1,0,0,0,0,0
20260910_104915,STILL_1P_NA,43.117,47967676,535,STILL,NA,1,P03,LAB01,2,0,0,0,0,0
20260910_104915,STILL_1P_NA,43.206,48056851,536,STILL,NA,1,P03,LAB01,0,1,1937,3091,0,360
20260910_104915,STILL_1P_NA,43.206,48056851,536,STILL,NA,1,P03,LAB01,1,0,0,0,0,0
20260910_104915,STILL_1P_NA,43.206,48056851,536,STILL,NA,1,P03,LAB01,2,0,0,0,0,0
20260910_104915,STILL_1P_NA,43.295,48145741,537,STILL,NA,1,P03,LAB01,0,1,1938,3091,8,360
20260910_104915,STILL_1P_NA,43.295,48145741,537,STILL,NA,1,P03,LAB01,1,0,0,0,0,0
20260910_104915,STILL_1P_NA,43.295,48145741,537,STILL,NA,1,P03,LAB01,2,0,0,0,0,0
20260910_104915,STILL_1P_NA,43.384,48234845,538,STILL,NA,1,P03,LAB01,0,1,1944,3086,0,360
20260910_104915,STILL_1P_NA,43.384,48234845,538,STILL,NA,1,P03,LAB01,1,0,0,0,0,0
20260910_104915,STILL_1P_NA,43.384,48234845,538,STILL,NA,1,P03,LAB01,2,0,0,0,0,0
20260910_104915,STILL_1P_NA,43.473,48323549,539,STILL,NA,1,P03,LAB01,0,1,1950,3080,0,360
20260910_104915,STILL_1P_NA,43.473,48323549,539,STILL,NA,1,P03,LAB01,1,0,0,0,0,0
20260910_104915,STILL_1P_NA,43.473,48323549,539,STILL,NA,1,P03,LAB01,2,0,0,0,0,0
20260910_104915,STILL_1P_NA,43.562,48412807,540,STILL,NA,1,P03,LAB01,0,1,1954,3076,0,360
20260910_104915,STILL_1P_NA,43.562,48412807,540,STILL,NA,1,P03,LAB01,1,0,0,0,0,0
20260910_104915,STILL_1P_NA,43.562,48412807,540,STILL,NA,1,P03,LAB01,2,0,0,0,0,0
20260910_104915,STILL_1P_NA,43.651,48501762,541,STILL,NA,1,P03,LAB01,0,1,1955,3074,-8,360
20260910_104915,STILL_1P_NA,43.651,48501762,541,STILL,NA,1,P03,LAB01,1,0,0,0,0,0
20260910_104915,STILL_1P_NA,43.651,48501762,541,STILL,NA,1,P03,LAB01,2,0,0,0,0,0
20260910_104915,STILL_1P_NA,43.740,48590676,542,STILL,NA,1,P03,LAB01,0,1,1951,3078,8,360
20260910_104915,STILL_1P_NA,43.740,48590676,542,STILL,NA,1,P03,LAB01,1,0,0,0,0,0
20260910_104915,STILL_1P_NA,43.740,48590676,542,STILL,NA,1,P03,LAB01,2,0,0,0,0,0
20260910_104915,STILL_1P_NA,43.829,48679603,543,STILL,NA,1,P03,LAB01,0,1,1949,3083,8,360
20260910_104915,STILL_1P_NA,43.829,48679603,543,STILL,NA,1,P03,LAB01,1,0,0,0,0,0
20260910_104915,STILL_1P_NA,43.829,48679603,543,STILL,NA,1,P03,LAB01,2,0,0,0,0,0
20260910_104915,STILL_1P_NA,43.918,48768644,544,STILL,NA,1,P03,LAB01,0,1,1950,3086,8,360
20260910_104915,STILL_1P_NA,43.918,48768644,544,STILL,NA,1,P03,LAB01,1,0,0,0,0,0
20260910_104915,STILL_1P_NA,43.918,48768644,544,STILL,NA,1,P03,LAB01,2,0,0,0,0,0
20260910_104915,STILL_1P_NA,44.007,48857594,545,STILL,NA,1,P03,LAB01,0,1,1950,3093,0,360
20260910_104915,STILL_1P_NA,44.007,48857594,545,STILL,NA,1,P03,LAB01,1,0,0,0,0,0
20260910_104915,STILL_1P_NA,44.007,48857594,545,STILL,NA,1,P03,LAB01,2,0,0,0,0,0
20260910_104915,STILL_1P_NA,44.096,48946644,546,STILL,NA,1,P03,LAB01,0,1,1951,3099,-8,360
20260910_104915,STILL_1P_NA,44.096,48946644,546,STILL,NA,1,P03,LAB01,1,0,0,0,0,0
20260910_104915,STILL_1P_NA,44.096,48946644,546,STILL,NA,1,P03,LAB01,2,0,0,0,0,0
20260910_104915,STILL_1P_NA,44.185,49035780,547,STILL,NA,1,P03,LAB01,0,1,1954,3096,-8,360
20260910_104915,STILL_1P_NA,44.185,49035780,547,STILL,NA,1,P03,LAB01,1,0,0,0,0,0
20260910_104915,STILL_1P_NA,44.185,49035780,547,STILL,NA,1,P03,LAB01,2,0,0,0,0,0
20260910_104915,STILL_1P_NA,44.274,49124356,548,STILL,NA,1,P03,LAB01,0,1,1962,3092,-16,360
20260910_104915,STILL_1P_NA,44.274,49124356,548,STILL,NA,1,P03,LAB01,1,0,0,0,0,0
20260910_104915,STILL_1P_NA,44.274,49124356,548,STILL,NA,1,P03,LAB01,2,0,0,0,0,0
20260910_104915,STILL_1P_NA,44.363,49213590,549,STILL,NA,1,P03,LAB01,0,1,1967,3089,-8,360
20260910_104915,STILL_1P_NA,44.363,49213590,549,STILL,NA,1,P03,LAB01,1,0,0,0,0,0
20260910_104915,STILL_1P_NA,44.363,49213590,549,STILL,NA,1,P03,LAB01,2,0,0,0,0,0
20260910_104915,STILL_1P_NA,44.452,49302665,550,STILL,NA,1,P03,LAB01,0,1,1973,3085,-8,360
20260910_104915,STILL_1P_NA,44.452,49302665,550,STILL,NA,1,P03,LAB01,1,0,0,0,0,0
20260910_104915,STILL_1P_NA,44.452,49302665,550,STILL,NA,1,P03,LAB01,2,0,0,0,0,0
20260910_104915,STILL_1P_NA,44.541,49391591,551,STILL,NA,1,P03,LAB01,0,1,1978,3080,0,360
20260910_104915,STILL_1P_NA,44.541,49391591,551,STILL,NA,1,P03,LAB01,1,0,0,0,0,0
20260910_104915,STILL_1P_NA,44.541,49391591,551,STILL,NA,1,P03,LAB01,2,0,0,0,0,0
20260910_104915,STILL_1P_NA,44.630,49480467,552,STILL,NA,1,P03,LAB01,0,1,1979,3077,0,360
20260910_104915,STILL_1P_NA,44.630,49480467,552,STILL,NA,1,P03,LAB01,1,0,0,0,0,0
20260910_104915,STILL_1P_NA,44.630,49480467,552,STILL,NA,1,P03,LAB01,2,0,0,0,0,0
20260910_104915,STILL_1P_NA,44.719,49569356,553,STILL,NA,1,P03,LAB01,0,1,1984,3071,0,360
20260910_104915,STILL_1P_NA,44.719,49569356,553,STILL,NA,1,P03,LAB01,1,0,0,0,0,0
20260910_104915,STILL_1P_NA,44.719,49569356,553,STILL,NA,1,P03,LAB01,2,0,0,0,0,0
20260910_104915,STILL_1P_NA,44.807,49658370,554,STILL,NA,1,P03,LAB01,0,1,1990,3065,0,360
20260910_104915,STILL_1P_NA,44.807,49658370,554,STILL,NA,1,P03,LAB01,1,0,0,0,0,0
20260910_104915,STILL_1P_NA,44.807,49658370,554,STILL,NA,1,P03,LAB01,2,0,0,0,0,0
20260910_104915,STILL_1P_NA,44.896,49747098,555,STILL,NA,1,P03,LAB01,0,1,1997,3057,0,360
20260910_104915,STILL_1P_NA,44.896,49747098,555,STILL,NA,1,P03,LAB01,1,0,0,0,0,0
20260910_104915,STILL_1P_NA,44.896,49747098,555,STILL,NA,1,P03,LAB01,2,0,0,0,0,0
20260910_104915,STILL_1P_NA,44.985,49836021,556,STILL,NA,1,P03,LAB01,0,1,1999,3052,8,360
20260910_104915,STILL_1P_NA,44.985,49836021,556,STILL,NA,1,P03,LAB01,1,0,0,0,0,0
20260910_104915,STILL_1P_NA,44.985,49836021,556,STILL,NA,1,P03,LAB01,2,0,0,0,0,0
20260910_104915,STILL_1P_NA,45.075,49925508,557,STILL,NA,1,P03,LAB01,0,1,2001,3051,-8,360
20260910_104915,STILL_1P_NA,45.075,49925508,557,STILL,NA,1,P03,LAB01,1,0,0,0,0,0
20260910_104915,STILL_1P_NA,45.075,49925508,557,STILL,NA,1,P03,LAB01,2,0,0,0,0,0
20260910_104915,STILL_1P_NA,45.164,50014426,558,STILL,NA,1,P03,LAB01,0,1,1997,3050,0,360
20260910_104915,STILL_1P_NA,45.164,50014426,558,STILL,NA,1,P03,LAB01,1,0,0,0,0,0
20260910_104915,STILL_1P_NA,45.164,50014426,558,STILL,NA,1,P03,LAB01,2,0,0,0,0,0
20260910_104915,STILL_1P_NA,45.253,50103473,559,STILL,NA,1,P03,LAB01,0,1,1990,3050,0,360
20260910_104915,STILL_1P_NA,45.253,50103473,559,STILL,NA,1,P03,LAB01,1,0,0,0,0,0
20260910_104915,STILL_1P_NA,45.253,50103473,559,STILL,NA,1,P03,LAB01,2,0,0,0,0,0
20260910_104915,STILL_1P_NA,45.342,50192515,560,STILL,NA,1,P03,LAB01,0,1,1980,3052,0,360
20260910_104915,STILL_1P_NA,45.342,50192515,560,STILL,NA,1,P03,LAB01,1,0,0,0,0,0
20260910_104915,STILL_1P_NA,45.342,50192515,560,STILL,NA,1,P03,LAB01,2,0,0,0,0,0
20260910_104915,STILL_1P_NA,45.431,50281377,561,STILL,NA,1,P03,LAB01,0,1,1975,3049,0,360
20260910_104915,STILL_1P_NA,45.431,50281377,561,STILL,NA,1,P03,LAB01,1,0,0,0,0,0
20260910_104915,STILL_1P_NA,45.431,50281377,561,STILL,NA,1,P03,LAB01,2,0,0,0,0,0
20260910_104915,STILL_1P_NA,45.520,50370453,562,STILL,NA,1,P03,LAB01,0,1,1977,3045,8,360
20260910_104915,STILL_1P_NA,45.520,50370453,562,STILL,NA,1,P03,LAB01,1,0,0,0,0,0
20260910_104915,STILL_1P_NA,45.520,50370453,562,STILL,NA,1,P03,LAB01,2,0,0,0,0,0
20260910_104915,STILL_1P_NA,45.609,50459531,563,STILL,NA,1,P03,LAB01,0,1,1981,3040,8,360
20260910_104915,STILL_1P_NA,45.609,50459531,563,STILL,NA,1,P03,LAB01,1,0,0,0,0,0
20260910_104915,STILL_1P_NA,45.609,50459531,563,STILL,NA,1,P03,LAB01,2,0,0,0,0,0
20260910_104915,STILL_1P_NA,45.698,50548481,564,STILL,NA,1,P03,LAB01,0,1,1986,3038,8,360
20260910_104915,STILL_1P_NA,45.698,50548481,564,STILL,NA,1,P03,LAB01,1,0,0,0,0,0
20260910_104915,STILL_1P_NA,45.698,50548481,564,STILL,NA,1,P03,LAB01,2,0,0,0,0,0
20260910_104915,STILL_1P_NA,45.787,50637522,565,STILL,NA,1,P03,LAB01,0,1,1986,3037,0,360
20260910_104915,STILL_1P_NA,45.787,50637522,565,STILL,NA,1,P03,LAB01,1,0,0,0,0,0
20260910_104915,STILL_1P_NA,45.787,50637522,565,STILL,NA,1,P03,LAB01,2,0,0,0,0,0
20260910_104915,STILL_1P_NA,45.876,50726126,566,STILL,NA,1,P03,LAB01,0,1,1987,3036,0,360
20260910_104915,STILL_1P_NA,45.876,50726126,566,STILL,NA,1,P03,LAB01,1,0,0,0,0,0
20260910_104915,STILL_1P_NA,45.876,50726126,566,STILL,NA,1,P03,LAB01,2,0,0,0,0,0
20260910_104915,STILL_1P_NA,45.964,50815082,567,STILL,NA,1,P03,LAB01,0,1,1982,3039,0,360
20260910_104915,STILL_1P_NA,45.964,50815082,567,STILL,NA,1,P03,LAB01,1,0,0,0,0,0
20260910_104915,STILL_1P_NA,45.964,50815082,567,STILL,NA,1,P03,LAB01,2,0,0,0,0,0
20260910_104915,STILL_1P_NA,46.054,50904228,568,STILL,NA,1,P03,LAB01,0,1,1981,3040,-8,360
20260910_104915,STILL_1P_NA,46.054,50904228,568,STILL,NA,1,P03,LAB01,1,0,0,0,0,0
20260910_104915,STILL_1P_NA,46.054,50904228,568,STILL,NA,1,P03,LAB01,2,0,0,0,0,0
20260910_104915,STILL_1P_NA,46.143,50993391,569,STILL,NA,1,P03,LAB01,0,1,1979,3041,-8,360
20260910_104915,STILL_1P_NA,46.143,50993391,569,STILL,NA,1,P03,LAB01,1,0,0,0,0,0
20260910_104915,STILL_1P_NA,46.143,50993391,569,STILL,NA,1,P03,LAB01,2,0,0,0,0,0
20260910_104915,STILL_1P_NA,46.232,51082149,570,STILL,NA,1,P03,LAB01,0,1,1978,3044,0,360
20260910_104915,STILL_1P_NA,46.232,51082149,570,STILL,NA,1,P03,LAB01,1,0,0,0,0,0
20260910_104915,STILL_1P_NA,46.232,51082149,570,STILL,NA,1,P03,LAB01,2,0,0,0,0,0
20260910_104915,STILL_1P_NA,46.321,51171197,571,STILL,NA,1,P03,LAB01,0,1,1977,3046,0,360
20260910_104915,STILL_1P_NA,46.321,51171197,571,STILL,NA,1,P03,LAB01,1,0,0,0,0,0
20260910_104915,STILL_1P_NA,46.321,51171197,571,STILL,NA,1,P03,LAB01,2,0,0,0,0,0
20260910_104915,STILL_1P_NA,46.410,51260561,572,STILL,NA,1,P03,LAB01,0,1,1973,3049,-8,360
20260910_104915,STILL_1P_NA,46.410,51260561,572,STILL,NA,1,P03,LAB01,1,0,0,0,0,0
20260910_104915,STILL_1P_NA,46.410,51260561,572,STILL,NA,1,P03,LAB01,2,0,0,0,0,0
20260910_104915,STILL_1P_NA,46.498,51349320,573,STILL,NA,1,P03,LAB01,0,1,1972,3051,0,360
20260910_104915,STILL_1P_NA,46.498,51349320,573,STILL,NA,1,P03,LAB01,1,0,0,0,0,0
20260910_104915,STILL_1P_NA,46.498,51349320,573,STILL,NA,1,P03,LAB01,2,0,0,0,0,0
20260910_104915,STILL_1P_NA,46.588,51438488,574,STILL,NA,1,P03,LAB01,0,1,1973,3051,-8,360
20260910_104915,STILL_1P_NA,46.588,51438488,574,STILL,NA,1,P03,LAB01,1,0,0,0,0,0
20260910_104915,STILL_1P_NA,46.588,51438488,574,STILL,NA,1,P03,LAB01,2,0,0,0,0,0
20260910_104915,STILL_1P_NA,46.677,51527500,575,STILL,NA,1,P03,LAB01,0,1,1979,3050,0,360
20260910_104915,STILL_1P_NA,46.677,51527500,575,STILL,NA,1,P03,LAB01,1,0,0,0,0,0
20260910_104915,STILL_1P_NA,46.677,51527500,575,STILL,NA,1,P03,LAB01,2,0,0,0,0,0
20260910_104915,STILL_1P_NA,46.766,51616276,576,STILL,NA,1,P03,LAB01,0,1,1981,3049,0,360
20260910_104915,STILL_1P_NA,46.766,51616276,576,STILL,NA,1,P03,LAB01,1,0,0,0,0,0
20260910_104915,STILL_1P_NA,46.766,51616276,576,STILL,NA,1,P03,LAB01,2,0,0,0,0,0
20260910_104915,STILL_1P_NA,46.854,51705217,577,STILL,NA,1,P03,LAB01,0,1,1982,3048,-8,360
20260910_104915,STILL_1P_NA,46.854,51705217,577,STILL,NA,1,P03,LAB01,1,0,0,0,0,0
20260910_104915,STILL_1P_NA,46.854,51705217,577,STILL,NA,1,P03,LAB01,2,0,0,0,0,0
20260910_104915,STILL_1P_NA,46.943,51794234,578,STILL,NA,1,P03,LAB01,0,1,1982,3047,-8,360
20260910_104915,STILL_1P_NA,46.943,51794234,578,STILL,NA,1,P03,LAB01,1,0,0,0,0,0
20260910_104915,STILL_1P_NA,46.943,51794234,578,STILL,NA,1,P03,LAB01,2,0,0,0,0,0
20260910_104915,STILL_1P_NA,47.032,51883217,579,STILL,NA,1,P03,LAB01,0,1,1979,3047,0,360
20260910_104915,STILL_1P_NA,47.032,51883217,579,STILL,NA,1,P03,LAB01,1,0,0,0,0,0
20260910_104915,STILL_1P_NA,47.032,51883217,579,STILL,NA,1,P03,LAB01,2,0,0,0,0,0
20260910_104915,STILL_1P_NA,47.122,51972354,580,STILL,NA,1,P03,LAB01,0,1,1972,3048,0,360
20260910_104915,STILL_1P_NA,47.122,51972354,580,STILL,NA,1,P03,LAB01,1,0,0,0,0,0
20260910_104915,STILL_1P_NA,47.122,51972354,580,STILL,NA,1,P03,LAB01,2,0,0,0,0,0
20260910_104915,STILL_1P_NA,47.211,52061676,581,STILL,NA,1,P03,LAB01,0,1,1965,3049,0,360
20260910_104915,STILL_1P_NA,47.211,52061676,581,STILL,NA,1,P03,LAB01,1,0,0,0,0,0
20260910_104915,STILL_1P_NA,47.211,52061676,581,STILL,NA,1,P03,LAB01,2,0,0,0,0,0
20260910_104915,STILL_1P_NA,47.300,52150347,582,STILL,NA,1,P03,LAB01,0,1,1961,3049,0,360
20260910_104915,STILL_1P_NA,47.300,52150347,582,STILL,NA,1,P03,LAB01,1,0,0,0,0,0
20260910_104915,STILL_1P_NA,47.300,52150347,582,STILL,NA,1,P03,LAB01,2,0,0,0,0,0
20260910_104915,STILL_1P_NA,47.388,52239338,583,STILL,NA,1,P03,LAB01,0,1,1956,3051,-8,360
20260910_104915,STILL_1P_NA,47.388,52239338,583,STILL,NA,1,P03,LAB01,1,0,0,0,0,0
20260910_104915,STILL_1P_NA,47.388,52239338,583,STILL,NA,1,P03,LAB01,2,0,0,0,0,0
20260910_104915,STILL_1P_NA,47.477,52328120,584,STILL,NA,1,P03,LAB01,0,1,1949,3057,0,360
20260910_104915,STILL_1P_NA,47.477,52328120,584,STILL,NA,1,P03,LAB01,1,0,0,0,0,0
20260910_104915,STILL_1P_NA,47.477,52328120,584,STILL,NA,1,P03,LAB01,2,0,0,0,0,0
20260910_104915,STILL_1P_NA,47.566,52417134,585,STILL,NA,1,P03,LAB01,0,1,1938,3063,8,360
20260910_104915,STILL_1P_NA,47.566,52417134,585,STILL,NA,1,P03,LAB01,1,0,0,0,0,0
20260910_104915,STILL_1P_NA,47.566,52417134,585,STILL,NA,1,P03,LAB01,2,0,0,0,0,0
20260910_104915,STILL_1P_NA,47.655,52506281,586,STILL,NA,1,P03,LAB01,0,1,1929,3069,0,360
20260910_104915,STILL_1P_NA,47.655,52506281,586,STILL,NA,1,P03,LAB01,1,0,0,0,0,0
20260910_104915,STILL_1P_NA,47.655,52506281,586,STILL,NA,1,P03,LAB01,2,0,0,0,0,0
20260910_104915,STILL_1P_NA,47.744,52595135,587,STILL,NA,1,P03,LAB01,0,1,1924,3071,0,360
20260910_104915,STILL_1P_NA,47.744,52595135,587,STILL,NA,1,P03,LAB01,1,0,0,0,0,0
20260910_104915,STILL_1P_NA,47.744,52595135,587,STILL,NA,1,P03,LAB01,2,0,0,0,0,0
20260910_104915,STILL_1P_NA,47.834,52684341,588,STILL,NA,1,P03,LAB01,0,1,1917,3072,8,360
20260910_104915,STILL_1P_NA,47.834,52684341,588,STILL,NA,1,P03,LAB01,1,0,0,0,0,0
20260910_104915,STILL_1P_NA,47.834,52684341,588,STILL,NA,1,P03,LAB01,2,0,0,0,0,0
20260910_104915,STILL_1P_NA,47.922,52773320,589,STILL,NA,1,P03,LAB01,0,1,1914,3071,16,360
20260910_104915,STILL_1P_NA,47.922,52773320,589,STILL,NA,1,P03,LAB01,1,0,0,0,0,0
20260910_104915,STILL_1P_NA,47.922,52773320,589,STILL,NA,1,P03,LAB01,2,0,0,0,0,0
20260910_104915,STILL_1P_NA,48.011,52862108,590,STILL,NA,1,P03,LAB01,0,1,1914,3070,8,360
20260910_104915,STILL_1P_NA,48.011,52862108,590,STILL,NA,1,P03,LAB01,1,0,0,0,0,0
20260910_104915,STILL_1P_NA,48.011,52862108,590,STILL,NA,1,P03,LAB01,2,0,0,0,0,0
20260910_104915,STILL_1P_NA,48.100,52950975,591,STILL,NA,1,P03,LAB01,0,1,1914,3069,8,360
20260910_104915,STILL_1P_NA,48.100,52950975,591,STILL,NA,1,P03,LAB01,1,0,0,0,0,0
20260910_104915,STILL_1P_NA,48.100,52950975,591,STILL,NA,1,P03,LAB01,2,0,0,0,0,0
20260910_104915,STILL_1P_NA,48.189,53040108,592,STILL,NA,1,P03,LAB01,0,1,1917,3069,0,360
20260910_104915,STILL_1P_NA,48.189,53040108,592,STILL,NA,1,P03,LAB01,1,0,0,0,0,0
20260910_104915,STILL_1P_NA,48.189,53040108,592,STILL,NA,1,P03,LAB01,2,0,0,0,0,0
20260910_104915,STILL_1P_NA,48.278,53129254,593,STILL,NA,1,P03,LAB01,0,1,1925,3066,8,360
20260910_104915,STILL_1P_NA,48.278,53129254,593,STILL,NA,1,P03,LAB01,1,0,0,0,0,0
20260910_104915,STILL_1P_NA,48.278,53129254,593,STILL,NA,1,P03,LAB01,2,0,0,0,0,0
20260910_104915,STILL_1P_NA,48.367,53218197,594,STILL,NA,1,P03,LAB01,0,1,1930,3063,0,360
20260910_104915,STILL_1P_NA,48.367,53218197,594,STILL,NA,1,P03,LAB01,1,0,0,0,0,0
20260910_104915,STILL_1P_NA,48.367,53218197,594,STILL,NA,1,P03,LAB01,2,0,0,0,0,0
20260910_104915,STILL_1P_NA,48.456,53307149,595,STILL,NA,1,P03,LAB01,0,1,1927,3065,8,360
20260910_104915,STILL_1P_NA,48.456,53307149,595,STILL,NA,1,P03,LAB01,1,0,0,0,0,0
20260910_104915,STILL_1P_NA,48.456,53307149,595,STILL,NA,1,P03,LAB01,2,0,0,0,0,0
20260910_104915,STILL_1P_NA,48.545,53395984,596,STILL,NA,1,P03,LAB01,0,1,1925,3064,0,360
20260910_104915,STILL_1P_NA,48.545,53395984,596,STILL,NA,1,P03,LAB01,1,0,0,0,0,0
20260910_104915,STILL_1P_NA,48.545,53395984,596,STILL,NA,1,P03,LAB01,2,0,0,0,0,0
20260910_104915,STILL_1P_NA,48.634,53485076,597,STILL,NA,1,P03,LAB01,0,1,1927,3063,8,360
20260910_104915,STILL_1P_NA,48.634,53485076,597,STILL,NA,1,P03,LAB01,1,0,0,0,0,0
20260910_104915,STILL_1P_NA,48.634,53485076,597,STILL,NA,1,P03,LAB01,2,0,0,0,0,0
20260910_104915,STILL_1P_NA,48.723,53574226,598,STILL,NA,1,P03,LAB01,0,1,1929,3064,8,360
20260910_104915,STILL_1P_NA,48.723,53574226,598,STILL,NA,1,P03,LAB01,1,0,0,0,0,0
20260910_104915,STILL_1P_NA,48.723,53574226,598,STILL,NA,1,P03,LAB01,2,0,0,0,0,0
20260910_104915,STILL_1P_NA,48.813,53663302,599,STILL,NA,1,P03,LAB01,0,1,1926,3066,8,360
20260910_104915,STILL_1P_NA,48.813,53663302,599,STILL,NA,1,P03,LAB01,1,0,0,0,0,0
20260910_104915,STILL_1P_NA,48.813,53663302,599,STILL,NA,1,P03,LAB01,2,0,0,0,0,0
20260910_104915,STILL_1P_NA,48.901,53752060,600,STILL,NA,1,P03,LAB01,0,1,1924,3065,8,360
20260910_104915,STILL_1P_NA,48.901,53752060,600,STILL,NA,1,P03,LAB01,1,0,0,0,0,0
20260910_104915,STILL_1P_NA,48.901,53752060,600,STILL,NA,1,P03,LAB01,2,0,0,0,0,0
20260910_104915,STILL_1P_NA,48.990,53840990,601,STILL,NA,1,P03,LAB01,0,1,1923,3064,8,360
20260910_104915,STILL_1P_NA,48.990,53840990,601,STILL,NA,1,P03,LAB01,1,0,0,0,0,0
20260910_104915,STILL_1P_NA,48.990,53840990,601,STILL,NA,1,P03,LAB01,2,0,0,0,0,0
20260910_104915,STILL_1P_NA,49.080,53930113,602,STILL,NA,1,P03,LAB01,0,1,1926,3062,8,360
20260910_104915,STILL_1P_NA,49.080,53930113,602,STILL,NA,1,P03,LAB01,1,0,0,0,0,0
20260910_104915,STILL_1P_NA,49.080,53930113,602,STILL,NA,1,P03,LAB01,2,0,0,0,0,0
20260910_104915,STILL_1P_NA,49.168,54019067,603,STILL,NA,1,P03,LAB01,0,1,1928,3062,0,360
20260910_104915,STILL_1P_NA,49.168,54019067,603,STILL,NA,1,P03,LAB01,1,0,0,0,0,0
20260910_104915,STILL_1P_NA,49.168,54019067,603,STILL,NA,1,P03,LAB01,2,0,0,0,0,0
20260910_104915,STILL_1P_NA,49.257,54108081,604,STILL,NA,1,P03,LAB01,0,1,1928,3060,0,360
20260910_104915,STILL_1P_NA,49.257,54108081,604,STILL,NA,1,P03,LAB01,1,0,0,0,0,0
20260910_104915,STILL_1P_NA,49.257,54108081,604,STILL,NA,1,P03,LAB01,2,0,0,0,0,0
20260910_104915,STILL_1P_NA,49.346,54196473,605,STILL,NA,1,P03,LAB01,0,1,1927,3057,0,360
20260910_104915,STILL_1P_NA,49.346,54196473,605,STILL,NA,1,P03,LAB01,1,0,0,0,0,0
20260910_104915,STILL_1P_NA,49.346,54196473,605,STILL,NA,1,P03,LAB01,2,0,0,0,0,0
20260910_104915,STILL_1P_NA,49.435,54286170,606,STILL,NA,1,P03,LAB01,0,1,1923,3059,0,360
20260910_104915,STILL_1P_NA,49.435,54286170,606,STILL,NA,1,P03,LAB01,1,0,0,0,0,0
20260910_104915,STILL_1P_NA,49.435,54286170,606,STILL,NA,1,P03,LAB01,2,0,0,0,0,0
20260910_104915,STILL_1P_NA,49.524,54375031,607,STILL,NA,1,P03,LAB01,0,1,1914,3062,0,360
20260910_104915,STILL_1P_NA,49.524,54375031,607,STILL,NA,1,P03,LAB01,1,0,0,0,0,0
20260910_104915,STILL_1P_NA,49.524,54375031,607,STILL,NA,1,P03,LAB01,2,0,0,0,0,0
20260910_104915,STILL_1P_NA,49.613,54464043,608,STILL,NA,1,P03,LAB01,0,1,1907,3065,0,360
20260910_104915,STILL_1P_NA,49.613,54464043,608,STILL,NA,1,P03,LAB01,1,0,0,0,0,0
20260910_104915,STILL_1P_NA,49.613,54464043,608,STILL,NA,1,P03,LAB01,2,0,0,0,0,0
20260910_104915,STILL_1P_NA,49.702,54553004,609,STILL,NA,1,P03,LAB01,0,1,1903,3066,-8,360
20260910_104915,STILL_1P_NA,49.702,54553004,609,STILL,NA,1,P03,LAB01,1,0,0,0,0,0
20260910_104915,STILL_1P_NA,49.702,54553004,609,STILL,NA,1,P03,LAB01,2,0,0,0,0,0
20260910_104915,STILL_1P_NA,49.791,54641794,610,STILL,NA,1,P03,LAB01,0,1,1894,3067,-8,360
20260910_104915,STILL_1P_NA,49.791,54641794,610,STILL,NA,1,P03,LAB01,1,0,0,0,0,0
20260910_104915,STILL_1P_NA,49.791,54641794,610,STILL,NA,1,P03,LAB01,2,0,0,0,0,0
20260910_104915,STILL_1P_NA,49.880,54730995,611,STILL,NA,1,P03,LAB01,0,1,1888,3068,-8,360
20260910_104915,STILL_1P_NA,49.880,54730995,611,STILL,NA,1,P03,LAB01,1,0,0,0,0,0
20260910_104915,STILL_1P_NA,49.880,54730995,611,STILL,NA,1,P03,LAB01,2,0,0,0,0,0
20260910_104915,STILL_1P_NA,49.969,54819921,612,STILL,NA,1,P03,LAB01,0,1,1883,3071,0,360
20260910_104915,STILL_1P_NA,49.969,54819921,612,STILL,NA,1,P03,LAB01,1,0,0,0,0,0
20260910_104915,STILL_1P_NA,49.969,54819921,612,STILL,NA,1,P03,LAB01,2,0,0,0,0,0
20260910_104915,STILL_1P_NA,50.058,54909043,613,STILL,NA,1,P03,LAB01,0,1,1881,3073,0,360
20260910_104915,STILL_1P_NA,50.058,54909043,613,STILL,NA,1,P03,LAB01,1,0,0,0,0,0
20260910_104915,STILL_1P_NA,50.058,54909043,613,STILL,NA,1,P03,LAB01,2,0,0,0,0,0
20260910_104915,STILL_1P_NA,50.147,54998031,614,STILL,NA,1,P03,LAB01,0,1,1884,3070,-8,360
20260910_104915,STILL_1P_NA,50.147,54998031,614,STILL,NA,1,P03,LAB01,1,0,0,0,0,0
20260910_104915,STILL_1P_NA,50.147,54998031,614,STILL,NA,1,P03,LAB01,2,0,0,0,0,0
20260910_104915,STILL_1P_NA,50.236,55086927,615,STILL,NA,1,P03,LAB01,0,1,1886,3069,0,360
20260910_104915,STILL_1P_NA,50.236,55086927,615,STILL,NA,1,P03,LAB01,1,0,0,0,0,0
20260910_104915,STILL_1P_NA,50.236,55086927,615,STILL,NA,1,P03,LAB01,2,0,0,0,0,0
20260910_104915,STILL_1P_NA,50.325,55175845,616,STILL,NA,1,P03,LAB01,0,1,1879,3073,8,360
20260910_104915,STILL_1P_NA,50.325,55175845,616,STILL,NA,1,P03,LAB01,1,0,0,0,0,0
20260910_104915,STILL_1P_NA,50.325,55175845,616,STILL,NA,1,P03,LAB01,2,0,0,0,0,0
20260910_104915,STILL_1P_NA,50.414,55264794,617,STILL,NA,1,P03,LAB01,0,1,1870,3078,8,360
20260910_104915,STILL_1P_NA,50.414,55264794,617,STILL,NA,1,P03,LAB01,1,0,0,0,0,0
20260910_104915,STILL_1P_NA,50.414,55264794,617,STILL,NA,1,P03,LAB01,2,0,0,0,0,0
20260910_104915,STILL_1P_NA,50.503,55353809,618,STILL,NA,1,P03,LAB01,0,1,1868,3081,0,360
20260910_104915,STILL_1P_NA,50.503,55353809,618,STILL,NA,1,P03,LAB01,1,0,0,0,0,0
20260910_104915,STILL_1P_NA,50.503,55353809,618,STILL,NA,1,P03,LAB01,2,0,0,0,0,0
20260910_104915,STILL_1P_NA,50.592,55443098,619,STILL,NA,1,P03,LAB01,0,1,1866,3083,0,360
20260910_104915,STILL_1P_NA,50.592,55443098,619,STILL,NA,1,P03,LAB01,1,0,0,0,0,0
20260910_104915,STILL_1P_NA,50.592,55443098,619,STILL,NA,1,P03,LAB01,2,0,0,0,0,0
20260910_104915,STILL_1P_NA,50.681,55531936,620,STILL,NA,1,P03,LAB01,0,1,1867,3083,-8,360
20260910_104915,STILL_1P_NA,50.681,55531936,620,STILL,NA,1,P03,LAB01,1,0,0,0,0,0
20260910_104915,STILL_1P_NA,50.681,55531936,620,STILL,NA,1,P03,LAB01,2,0,0,0,0,0
20260910_104915,STILL_1P_NA,50.770,55621033,621,STILL,NA,1,P03,LAB01,0,1,1865,3084,-8,360
20260910_104915,STILL_1P_NA,50.770,55621033,621,STILL,NA,1,P03,LAB01,1,0,0,0,0,0
20260910_104915,STILL_1P_NA,50.770,55621033,621,STILL,NA,1,P03,LAB01,2,0,0,0,0,0
20260910_104915,STILL_1P_NA,50.859,55709803,622,STILL,NA,1,P03,LAB01,0,1,1867,3081,-8,360
20260910_104915,STILL_1P_NA,50.859,55709803,622,STILL,NA,1,P03,LAB01,1,0,0,0,0,0
20260910_104915,STILL_1P_NA,50.859,55709803,622,STILL,NA,1,P03,LAB01,2,0,0,0,0,0
20260910_104915,STILL_1P_NA,50.948,55798752,623,STILL,NA,1,P03,LAB01,0,1,1872,3077,-8,360
20260910_104915,STILL_1P_NA,50.948,55798752,623,STILL,NA,1,P03,LAB01,1,0,0,0,0,0
20260910_104915,STILL_1P_NA,50.948,55798752,623,STILL,NA,1,P03,LAB01,2,0,0,0,0,0
20260910_104915,STILL_1P_NA,51.037,55887740,624,STILL,NA,1,P03,LAB01,0,1,1875,3073,-24,360
20260910_104915,STILL_1P_NA,51.037,55887740,624,STILL,NA,1,P03,LAB01,1,0,0,0,0,0
20260910_104915,STILL_1P_NA,51.037,55887740,624,STILL,NA,1,P03,LAB01,2,0,0,0,0,0
20260910_104915,STILL_1P_NA,51.126,55976818,625,STILL,NA,1,P03,LAB01,0,1,1870,3077,-8,360
20260910_104915,STILL_1P_NA,51.126,55976818,625,STILL,NA,1,P03,LAB01,1,0,0,0,0,0
20260910_104915,STILL_1P_NA,51.126,55976818,625,STILL,NA,1,P03,LAB01,2,0,0,0,0,0
20260910_104915,STILL_1P_NA,51.215,56065830,626,STILL,NA,1,P03,LAB01,0,1,1862,3084,-16,360
20260910_104915,STILL_1P_NA,51.215,56065830,626,STILL,NA,1,P03,LAB01,1,0,0,0,0,0
20260910_104915,STILL_1P_NA,51.215,56065830,626,STILL,NA,1,P03,LAB01,2,0,0,0,0,0
20260910_104915,STILL_1P_NA,51.304,56154590,627,STILL,NA,1,P03,LAB01,0,1,1854,3090,0,360
20260910_104915,STILL_1P_NA,51.304,56154590,627,STILL,NA,1,P03,LAB01,1,0,0,0,0,0
20260910_104915,STILL_1P_NA,51.304,56154590,627,STILL,NA,1,P03,LAB01,2,0,0,0,0,0
20260910_104915,STILL_1P_NA,51.393,56243762,628,STILL,NA,1,P03,LAB01,0,1,1850,3094,8,360
20260910_104915,STILL_1P_NA,51.393,56243762,628,STILL,NA,1,P03,LAB01,1,0,0,0,0,0
20260910_104915,STILL_1P_NA,51.393,56243762,628,STILL,NA,1,P03,LAB01,2,0,0,0,0,0
20260910_104915,STILL_1P_NA,51.482,56332649,629,STILL,NA,1,P03,LAB01,0,1,1847,3095,0,360
20260910_104915,STILL_1P_NA,51.482,56332649,629,STILL,NA,1,P03,LAB01,1,0,0,0,0,0
20260910_104915,STILL_1P_NA,51.482,56332649,629,STILL,NA,1,P03,LAB01,2,0,0,0,0,0
20260910_104915,STILL_1P_NA,51.571,56421752,630,STILL,NA,1,P03,LAB01,0,1,1840,3097,-8,360
20260910_104915,STILL_1P_NA,51.571,56421752,630,STILL,NA,1,P03,LAB01,1,0,0,0,0,0
20260910_104915,STILL_1P_NA,51.571,56421752,630,STILL,NA,1,P03,LAB01,2,0,0,0,0,0
20260910_104915,STILL_1P_NA,51.660,56510927,631,STILL,NA,1,P03,LAB01,0,1,1838,3097,8,360
20260910_104915,STILL_1P_NA,51.660,56510927,631,STILL,NA,1,P03,LAB01,1,0,0,0,0,0
20260910_104915,STILL_1P_NA,51.660,56510927,631,STILL,NA,1,P03,LAB01,2,0,0,0,0,0
20260910_104915,STILL_1P_NA,51.749,56599939,632,STILL,NA,1,P03,LAB01,0,1,1839,3097,0,360
20260910_104915,STILL_1P_NA,51.749,56599939,632,STILL,NA,1,P03,LAB01,1,0,0,0,0,0
20260910_104915,STILL_1P_NA,51.749,56599939,632,STILL,NA,1,P03,LAB01,2,0,0,0,0,0
20260910_104915,STILL_1P_NA,51.838,56688670,633,STILL,NA,1,P03,LAB01,0,1,1842,3096,0,360
20260910_104915,STILL_1P_NA,51.838,56688670,633,STILL,NA,1,P03,LAB01,1,0,0,0,0,0
20260910_104915,STILL_1P_NA,51.838,56688670,633,STILL,NA,1,P03,LAB01,2,0,0,0,0,0
20260910_104915,STILL_1P_NA,51.927,56777685,634,STILL,NA,1,P03,LAB01,0,1,1848,3093,0,360
20260910_104915,STILL_1P_NA,51.927,56777685,634,STILL,NA,1,P03,LAB01,1,0,0,0,0,0
20260910_104915,STILL_1P_NA,51.927,56777685,634,STILL,NA,1,P03,LAB01,2,0,0,0,0,0
20260910_104915,STILL_1P_NA,52.016,56866762,635,STILL,NA,1,P03,LAB01,0,1,1853,3089,0,360
20260910_104915,STILL_1P_NA,52.016,56866762,635,STILL,NA,1,P03,LAB01,1,0,0,0,0,0
20260910_104915,STILL_1P_NA,52.016,56866762,635,STILL,NA,1,P03,LAB01,2,0,0,0,0,0
20260910_104915,STILL_1P_NA,52.105,56955747,636,STILL,NA,1,P03,LAB01,0,1,1858,3085,8,360
20260910_104915,STILL_1P_NA,52.105,56955747,636,STILL,NA,1,P03,LAB01,1,0,0,0,0,0
20260910_104915,STILL_1P_NA,52.105,56955747,636,STILL,NA,1,P03,LAB01,2,0,0,0,0,0
20260910_104915,STILL_1P_NA,52.194,57044724,637,STILL,NA,1,P03,LAB01,0,1,1867,3079,0,360
20260910_104915,STILL_1P_NA,52.194,57044724,637,STILL,NA,1,P03,LAB01,1,0,0,0,0,0
20260910_104915,STILL_1P_NA,52.194,57044724,637,STILL,NA,1,P03,LAB01,2,0,0,0,0,0
20260910_104915,STILL_1P_NA,52.283,57133302,638,STILL,NA,1,P03,LAB01,0,1,1898,3058,0,360
20260910_104915,STILL_1P_NA,52.283,57133302,638,STILL,NA,1,P03,LAB01,1,0,0,0,0,0
20260910_104915,STILL_1P_NA,52.283,57133302,638,STILL,NA,1,P03,LAB01,2,0,0,0,0,0
20260910_104915,STILL_1P_NA,52.372,57222658,639,STILL,NA,1,P03,LAB01,0,1,1906,3053,0,360
20260910_104915,STILL_1P_NA,52.372,57222658,639,STILL,NA,1,P03,LAB01,1,0,0,0,0,0
20260910_104915,STILL_1P_NA,52.372,57222658,639,STILL,NA,1,P03,LAB01,2,0,0,0,0,0
20260910_104915,STILL_1P_NA,52.461,57311391,640,STILL,NA,1,P03,LAB01,0,1,1911,3053,0,360
20260910_104915,STILL_1P_NA,52.461,57311391,640,STILL,NA,1,P03,LAB01,1,0,0,0,0,0
20260910_104915,STILL_1P_NA,52.461,57311391,640,STILL,NA,1,P03,LAB01,2,0,0,0,0,0
20260910_104915,STILL_1P_NA,52.550,57400594,641,STILL,NA,1,P03,LAB01,0,1,1913,3052,0,360
20260910_104915,STILL_1P_NA,52.550,57400594,641,STILL,NA,1,P03,LAB01,1,0,0,0,0,0
20260910_104915,STILL_1P_NA,52.550,57400594,641,STILL,NA,1,P03,LAB01,2,0,0,0,0,0
20260910_104915,STILL_1P_NA,52.639,57489576,642,STILL,NA,1,P03,LAB01,0,1,1912,3052,0,360
20260910_104915,STILL_1P_NA,52.639,57489576,642,STILL,NA,1,P03,LAB01,1,0,0,0,0,0
20260910_104915,STILL_1P_NA,52.639,57489576,642,STILL,NA,1,P03,LAB01,2,0,0,0,0,0
20260910_104915,STILL_1P_NA,52.728,57578687,643,STILL,NA,1,P03,LAB01,0,1,1914,3052,0,360
20260910_104915,STILL_1P_NA,52.728,57578687,643,STILL,NA,1,P03,LAB01,1,0,0,0,0,0
20260910_104915,STILL_1P_NA,52.728,57578687,643,STILL,NA,1,P03,LAB01,2,0,0,0,0,0
20260910_104915,STILL_1P_NA,52.817,57667697,644,STILL,NA,1,P03,LAB01,0,1,1911,3052,0,360
20260910_104915,STILL_1P_NA,52.817,57667697,644,STILL,NA,1,P03,LAB01,1,0,0,0,0,0
20260910_104915,STILL_1P_NA,52.817,57667697,644,STILL,NA,1,P03,LAB01,2,0,0,0,0,0
20260910_104915,STILL_1P_NA,52.906,57756590,645,STILL,NA,1,P03,LAB01,0,1,1904,3056,0,360
20260910_104915,STILL_1P_NA,52.906,57756590,645,STILL,NA,1,P03,LAB01,1,0,0,0,0,0
20260910_104915,STILL_1P_NA,52.906,57756590,645,STILL,NA,1,P03,LAB01,2,0,0,0,0,0
20260910_104915,STILL_1P_NA,52.995,57845629,646,STILL,NA,1,P03,LAB01,0,1,1894,3062,0,360
20260910_104915,STILL_1P_NA,52.995,57845629,646,STILL,NA,1,P03,LAB01,1,0,0,0,0,0
20260910_104915,STILL_1P_NA,52.995,57845629,646,STILL,NA,1,P03,LAB01,2,0,0,0,0,0
20260910_104915,STILL_1P_NA,53.084,57934644,647,STILL,NA,1,P03,LAB01,0,1,1883,3069,0,360
20260910_104915,STILL_1P_NA,53.084,57934644,647,STILL,NA,1,P03,LAB01,1,0,0,0,0,0
20260910_104915,STILL_1P_NA,53.084,57934644,647,STILL,NA,1,P03,LAB01,2,0,0,0,0,0
20260910_104915,STILL_1P_NA,53.173,58023467,648,STILL,NA,1,P03,LAB01,0,1,1857,3080,0,360
20260910_104915,STILL_1P_NA,53.173,58023467,648,STILL,NA,1,P03,LAB01,1,0,0,0,0,0
20260910_104915,STILL_1P_NA,53.173,58023467,648,STILL,NA,1,P03,LAB01,2,0,0,0,0,0
20260910_104915,STILL_1P_NA,53.262,58112670,649,STILL,NA,1,P03,LAB01,0,1,1830,3099,0,360
20260910_104915,STILL_1P_NA,53.262,58112670,649,STILL,NA,1,P03,LAB01,1,0,0,0,0,0
20260910_104915,STILL_1P_NA,53.262,58112670,649,STILL,NA,1,P03,LAB01,2,0,0,0,0,0
20260910_104915,STILL_1P_NA,53.351,58201622,650,STILL,NA,1,P03,LAB01,0,1,1812,3110,0,360
20260910_104915,STILL_1P_NA,53.351,58201622,650,STILL,NA,1,P03,LAB01,1,0,0,0,0,0
20260910_104915,STILL_1P_NA,53.351,58201622,650,STILL,NA,1,P03,LAB01,2,0,0,0,0,0
20260910_104915,STILL_1P_NA,53.440,58290576,651,STILL,NA,1,P03,LAB01,0,1,1814,3107,-8,360
20260910_104915,STILL_1P_NA,53.440,58290576,651,STILL,NA,1,P03,LAB01,1,0,0,0,0,0
20260910_104915,STILL_1P_NA,53.440,58290576,651,STILL,NA,1,P03,LAB01,2,0,0,0,0,0
20260910_104915,STILL_1P_NA,53.529,58379649,652,STILL,NA,1,P03,LAB01,0,1,1813,3107,0,360
20260910_104915,STILL_1P_NA,53.529,58379649,652,STILL,NA,1,P03,LAB01,1,0,0,0,0,0
20260910_104915,STILL_1P_NA,53.529,58379649,652,STILL,NA,1,P03,LAB01,2,0,0,0,0,0
20260910_104915,STILL_1P_NA,53.618,58468566,653,STILL,NA,1,P03,LAB01,0,1,1813,3106,-8,360
20260910_104915,STILL_1P_NA,53.618,58468566,653,STILL,NA,1,P03,LAB01,1,0,0,0,0,0
20260910_104915,STILL_1P_NA,53.618,58468566,653,STILL,NA,1,P03,LAB01,2,0,0,0,0,0
20260910_104915,STILL_1P_NA,53.707,58557740,654,STILL,NA,1,P03,LAB01,0,1,1809,3106,0,360
20260910_104915,STILL_1P_NA,53.707,58557740,654,STILL,NA,1,P03,LAB01,1,0,0,0,0,0
20260910_104915,STILL_1P_NA,53.707,58557740,654,STILL,NA,1,P03,LAB01,2,0,0,0,0,0
20260910_104915,STILL_1P_NA,53.796,58646631,655,STILL,NA,1,P03,LAB01,0,1,1809,3108,-8,360
20260910_104915,STILL_1P_NA,53.796,58646631,655,STILL,NA,1,P03,LAB01,1,0,0,0,0,0
20260910_104915,STILL_1P_NA,53.796,58646631,655,STILL,NA,1,P03,LAB01,2,0,0,0,0,0
20260910_104915,STILL_1P_NA,53.884,58735481,656,STILL,NA,1,P03,LAB01,0,1,1806,3111,0,360
20260910_104915,STILL_1P_NA,53.884,58735481,656,STILL,NA,1,P03,LAB01,1,0,0,0,0,0
20260910_104915,STILL_1P_NA,53.884,58735481,656,STILL,NA,1,P03,LAB01,2,0,0,0,0,0
20260910_104915,STILL_1P_NA,53.973,58824405,657,STILL,NA,1,P03,LAB01,0,1,1804,3111,-8,360
20260910_104915,STILL_1P_NA,53.973,58824405,657,STILL,NA,1,P03,LAB01,1,0,0,0,0,0
20260910_104915,STILL_1P_NA,53.973,58824405,657,STILL,NA,1,P03,LAB01,2,0,0,0,0,0
20260910_104915,STILL_1P_NA,54.063,58913508,658,STILL,NA,1,P03,LAB01,0,1,1805,3108,0,360
20260910_104915,STILL_1P_NA,54.063,58913508,658,STILL,NA,1,P03,LAB01,1,0,0,0,0,0
20260910_104915,STILL_1P_NA,54.063,58913508,658,STILL,NA,1,P03,LAB01,2,0,0,0,0,0
20260910_104915,STILL_1P_NA,54.151,59002370,659,STILL,NA,1,P03,LAB01,0,1,1806,3104,-8,360
20260910_104915,STILL_1P_NA,54.151,59002370,659,STILL,NA,1,P03,LAB01,1,0,0,0,0,0
20260910_104915,STILL_1P_NA,54.151,59002370,659,STILL,NA,1,P03,LAB01,2,0,0,0,0,0
20260910_104915,STILL_1P_NA,54.241,59091725,660,STILL,NA,1,P03,LAB01,0,1,1801,3102,-8,360
20260910_104915,STILL_1P_NA,54.241,59091725,660,STILL,NA,1,P03,LAB01,1,0,0,0,0,0
20260910_104915,STILL_1P_NA,54.241,59091725,660,STILL,NA,1,P03,LAB01,2,0,0,0,0,0
20260910_104915,STILL_1P_NA,54.330,59180554,661,STILL,NA,1,P03,LAB01,0,1,1796,3103,0,360
20260910_104915,STILL_1P_NA,54.330,59180554,661,STILL,NA,1,P03,LAB01,1,0,0,0,0,0
20260910_104915,STILL_1P_NA,54.330,59180554,661,STILL,NA,1,P03,LAB01,2,0,0,0,0,0
20260910_104915,STILL_1P_NA,54.419,59269692,662,STILL,NA,1,P03,LAB01,0,1,1791,3105,0,360
20260910_104915,STILL_1P_NA,54.419,59269692,662,STILL,NA,1,P03,LAB01,1,0,0,0,0,0
20260910_104915,STILL_1P_NA,54.419,59269692,662,STILL,NA,1,P03,LAB01,2,0,0,0,0,0
20260910_104915,STILL_1P_NA,54.508,59358581,663,STILL,NA,1,P03,LAB01,0,1,1799,3100,-8,360
20260910_104915,STILL_1P_NA,54.508,59358581,663,STILL,NA,1,P03,LAB01,1,0,0,0,0,0
20260910_104915,STILL_1P_NA,54.508,59358581,663,STILL,NA,1,P03,LAB01,2,0,0,0,0,0
20260910_104915,STILL_1P_NA,54.597,59447495,664,STILL,NA,1,P03,LAB01,0,1,1807,3096,0,360
20260910_104915,STILL_1P_NA,54.597,59447495,664,STILL,NA,1,P03,LAB01,1,0,0,0,0,0
20260910_104915,STILL_1P_NA,54.597,59447495,664,STILL,NA,1,P03,LAB01,2,0,0,0,0,0
20260910_104915,STILL_1P_NA,54.686,59536384,665,STILL,NA,1,P03,LAB01,0,1,1809,3096,0,360
20260910_104915,STILL_1P_NA,54.686,59536384,665,STILL,NA,1,P03,LAB01,1,0,0,0,0,0
20260910_104915,STILL_1P_NA,54.686,59536384,665,STILL,NA,1,P03,LAB01,2,0,0,0,0,0
20260910_104915,STILL_1P_NA,54.775,59625432,666,STILL,NA,1,P03,LAB01,0,1,1809,3094,0,360
20260910_104915,STILL_1P_NA,54.775,59625432,666,STILL,NA,1,P03,LAB01,1,0,0,0,0,0
20260910_104915,STILL_1P_NA,54.775,59625432,666,STILL,NA,1,P03,LAB01,2,0,0,0,0,0
20260910_104915,STILL_1P_NA,54.863,59714508,667,STILL,NA,1,P03,LAB01,0,1,1808,3091,0,360
20260910_104915,STILL_1P_NA,54.863,59714508,667,STILL,NA,1,P03,LAB01,1,0,0,0,0,0
20260910_104915,STILL_1P_NA,54.863,59714508,667,STILL,NA,1,P03,LAB01,2,0,0,0,0,0
20260910_104915,STILL_1P_NA,54.953,59803803,668,STILL,NA,1,P03,LAB01,0,1,1807,3087,0,360
20260910_104915,STILL_1P_NA,54.953,59803803,668,STILL,NA,1,P03,LAB01,1,0,0,0,0,0
20260910_104915,STILL_1P_NA,54.953,59803803,668,STILL,NA,1,P03,LAB01,2,0,0,0,0,0
20260910_104915,STILL_1P_NA,55.042,59892539,669,STILL,NA,1,P03,LAB01,0,1,1801,3086,-8,360
20260910_104915,STILL_1P_NA,55.042,59892539,669,STILL,NA,1,P03,LAB01,1,0,0,0,0,0
20260910_104915,STILL_1P_NA,55.042,59892539,669,STILL,NA,1,P03,LAB01,2,0,0,0,0,0
20260910_104915,STILL_1P_NA,55.131,59981555,670,STILL,NA,1,P03,LAB01,0,1,1791,3091,0,360
20260910_104915,STILL_1P_NA,55.131,59981555,670,STILL,NA,1,P03,LAB01,1,0,0,0,0,0
20260910_104915,STILL_1P_NA,55.131,59981555,670,STILL,NA,1,P03,LAB01,2,0,0,0,0,0
20260910_104915,STILL_1P_NA,55.219,60070346,671,STILL,NA,1,P03,LAB01,0,1,1783,3096,0,360
20260910_104915,STILL_1P_NA,55.219,60070346,671,STILL,NA,1,P03,LAB01,1,0,0,0,0,0
20260910_104915,STILL_1P_NA,55.219,60070346,671,STILL,NA,1,P03,LAB01,2,0,0,0,0,0
20260910_104915,STILL_1P_NA,55.308,60159453,672,STILL,NA,1,P03,LAB01,0,1,1780,3098,-8,360
20260910_104915,STILL_1P_NA,55.308,60159453,672,STILL,NA,1,P03,LAB01,1,0,0,0,0,0
20260910_104915,STILL_1P_NA,55.308,60159453,672,STILL,NA,1,P03,LAB01,2,0,0,0,0,0
20260910_104915,STILL_1P_NA,55.397,60248494,673,STILL,NA,1,P03,LAB01,0,1,1784,3093,0,360
20260910_104915,STILL_1P_NA,55.397,60248494,673,STILL,NA,1,P03,LAB01,1,0,0,0,0,0
20260910_104915,STILL_1P_NA,55.397,60248494,673,STILL,NA,1,P03,LAB01,2,0,0,0,0,0
20260910_104915,STILL_1P_NA,55.487,60337508,674,STILL,NA,1,P03,LAB01,0,1,1790,3088,0,360
20260910_104915,STILL_1P_NA,55.487,60337508,674,STILL,NA,1,P03,LAB01,1,0,0,0,0,0
20260910_104915,STILL_1P_NA,55.487,60337508,674,STILL,NA,1,P03,LAB01,2,0,0,0,0,0
20260910_104915,STILL_1P_NA,55.575,60426143,675,STILL,NA,1,P03,LAB01,0,1,1798,3083,-8,360
20260910_104915,STILL_1P_NA,55.575,60426143,675,STILL,NA,1,P03,LAB01,1,0,0,0,0,0
20260910_104915,STILL_1P_NA,55.575,60426143,675,STILL,NA,1,P03,LAB01,2,0,0,0,0,0
20260910_104915,STILL_1P_NA,55.664,60515067,676,STILL,NA,1,P03,LAB01,0,1,1805,3079,0,360
20260910_104915,STILL_1P_NA,55.664,60515067,676,STILL,NA,1,P03,LAB01,1,0,0,0,0,0
20260910_104915,STILL_1P_NA,55.664,60515067,676,STILL,NA,1,P03,LAB01,2,0,0,0,0,0
20260910_104915,STILL_1P_NA,55.753,60604276,677,STILL,NA,1,P03,LAB01,0,1,1799,3075,0,360
20260910_104915,STILL_1P_NA,55.753,60604276,677,STILL,NA,1,P03,LAB01,1,0,0,0,0,0
20260910_104915,STILL_1P_NA,55.753,60604276,677,STILL,NA,1,P03,LAB01,2,0,0,0,0,0
20260910_104915,STILL_1P_NA,55.842,60693093,678,STILL,NA,1,P03,LAB01,0,1,1794,3071,0,360
20260910_104915,STILL_1P_NA,55.842,60693093,678,STILL,NA,1,P03,LAB01,1,0,0,0,0,0
20260910_104915,STILL_1P_NA,55.842,60693093,678,STILL,NA,1,P03,LAB01,2,0,0,0,0,0
20260910_104915,STILL_1P_NA,55.931,60782356,679,STILL,NA,1,P03,LAB01,0,1,1790,3072,0,360
20260910_104915,STILL_1P_NA,55.931,60782356,679,STILL,NA,1,P03,LAB01,1,0,0,0,0,0
20260910_104915,STILL_1P_NA,55.931,60782356,679,STILL,NA,1,P03,LAB01,2,0,0,0,0,0
20260910_104915,STILL_1P_NA,56.020,60871181,680,STILL,NA,1,P03,LAB01,0,1,1783,3075,8,360
20260910_104915,STILL_1P_NA,56.020,60871181,680,STILL,NA,1,P03,LAB01,1,0,0,0,0,0
20260910_104915,STILL_1P_NA,56.020,60871181,680,STILL,NA,1,P03,LAB01,2,0,0,0,0,0
20260910_104915,STILL_1P_NA,56.109,60960265,681,STILL,NA,1,P03,LAB01,0,1,1780,3076,0,360
20260910_104915,STILL_1P_NA,56.109,60960265,681,STILL,NA,1,P03,LAB01,1,0,0,0,0,0
20260910_104915,STILL_1P_NA,56.109,60960265,681,STILL,NA,1,P03,LAB01,2,0,0,0,0,0
20260910_104915,STILL_1P_NA,56.199,61049341,682,STILL,NA,1,P03,LAB01,0,1,1776,3075,0,360
20260910_104915,STILL_1P_NA,56.199,61049341,682,STILL,NA,1,P03,LAB01,1,0,0,0,0,0
20260910_104915,STILL_1P_NA,56.199,61049341,682,STILL,NA,1,P03,LAB01,2,0,0,0,0,0
20260910_104915,STILL_1P_NA,56.287,61138292,683,STILL,NA,1,P03,LAB01,0,1,1769,3076,0,360
20260910_104915,STILL_1P_NA,56.287,61138292,683,STILL,NA,1,P03,LAB01,1,0,0,0,0,0
20260910_104915,STILL_1P_NA,56.287,61138292,683,STILL,NA,1,P03,LAB01,2,0,0,0,0,0
20260910_104915,STILL_1P_NA,56.377,61227425,684,STILL,NA,1,P03,LAB01,0,1,1764,3077,0,360
20260910_104915,STILL_1P_NA,56.377,61227425,684,STILL,NA,1,P03,LAB01,1,0,0,0,0,0
20260910_104915,STILL_1P_NA,56.377,61227425,684,STILL,NA,1,P03,LAB01,2,0,0,0,0,0
20260910_104915,STILL_1P_NA,56.465,61316287,685,STILL,NA,1,P03,LAB01,0,1,1766,3080,0,360
20260910_104915,STILL_1P_NA,56.465,61316287,685,STILL,NA,1,P03,LAB01,1,0,0,0,0,0
20260910_104915,STILL_1P_NA,56.465,61316287,685,STILL,NA,1,P03,LAB01,2,0,0,0,0,0
20260910_104915,STILL_1P_NA,56.554,61405276,686,STILL,NA,1,P03,LAB01,0,1,1772,3079,0,360
20260910_104915,STILL_1P_NA,56.554,61405276,686,STILL,NA,1,P03,LAB01,1,0,0,0,0,0
20260910_104915,STILL_1P_NA,56.554,61405276,686,STILL,NA,1,P03,LAB01,2,0,0,0,0,0
20260910_104915,STILL_1P_NA,56.643,61494347,687,STILL,NA,1,P03,LAB01,0,1,1783,3075,8,360
20260910_104915,STILL_1P_NA,56.643,61494347,687,STILL,NA,1,P03,LAB01,1,0,0,0,0,0
20260910_104915,STILL_1P_NA,56.643,61494347,687,STILL,NA,1,P03,LAB01,2,0,0,0,0,0
20260910_104915,STILL_1P_NA,56.732,61583331,688,STILL,NA,1,P03,LAB01,0,1,1794,3071,8,360
20260910_104915,STILL_1P_NA,56.732,61583331,688,STILL,NA,1,P03,LAB01,1,0,0,0,0,0
20260910_104915,STILL_1P_NA,56.732,61583331,688,STILL,NA,1,P03,LAB01,2,0,0,0,0,0
20260910_104915,STILL_1P_NA,56.822,61672561,689,STILL,NA,1,P03,LAB01,0,1,1808,3062,0,360
20260910_104915,STILL_1P_NA,56.822,61672561,689,STILL,NA,1,P03,LAB01,1,0,0,0,0,0
20260910_104915,STILL_1P_NA,56.822,61672561,689,STILL,NA,1,P03,LAB01,2,0,0,0,0,0
20260910_104915,STILL_1P_NA,56.911,61761320,690,STILL,NA,1,P03,LAB01,0,1,1849,3037,0,360
20260910_104915,STILL_1P_NA,56.911,61761320,690,STILL,NA,1,P03,LAB01,1,0,0,0,0,0
20260910_104915,STILL_1P_NA,56.911,61761320,690,STILL,NA,1,P03,LAB01,2,0,0,0,0,0
20260910_104915,STILL_1P_NA,56.999,61850210,691,STILL,NA,1,P03,LAB01,0,1,1883,3022,8,360
20260910_104915,STILL_1P_NA,56.999,61850210,691,STILL,NA,1,P03,LAB01,1,0,0,0,0,0
20260910_104915,STILL_1P_NA,56.999,61850210,691,STILL,NA,1,P03,LAB01,2,0,0,0,0,0
20260910_104915,STILL_1P_NA,57.088,61939228,692,STILL,NA,1,P03,LAB01,0,1,1904,3015,0,360
20260910_104915,STILL_1P_NA,57.088,61939228,692,STILL,NA,1,P03,LAB01,1,0,0,0,0,0
20260910_104915,STILL_1P_NA,57.088,61939228,692,STILL,NA,1,P03,LAB01,2,0,0,0,0,0
20260910_104915,STILL_1P_NA,57.177,62028363,693,STILL,NA,1,P03,LAB01,0,1,1912,3015,-8,360
20260910_104915,STILL_1P_NA,57.177,62028363,693,STILL,NA,1,P03,LAB01,1,0,0,0,0,0
20260910_104915,STILL_1P_NA,57.177,62028363,693,STILL,NA,1,P03,LAB01,2,0,0,0,0,0
20260910_104915,STILL_1P_NA,57.266,62116975,694,STILL,NA,1,P03,LAB01,0,1,1912,3016,-8,360
20260910_104915,STILL_1P_NA,57.266,62116975,694,STILL,NA,1,P03,LAB01,1,0,0,0,0,0
20260910_104915,STILL_1P_NA,57.266,62116975,694,STILL,NA,1,P03,LAB01,2,0,0,0,0,0
20260910_104915,STILL_1P_NA,57.355,62206331,695,STILL,NA,1,P03,LAB01,0,1,1918,3014,0,360
20260910_104915,STILL_1P_NA,57.355,62206331,695,STILL,NA,1,P03,LAB01,1,0,0,0,0,0
20260910_104915,STILL_1P_NA,57.355,62206331,695,STILL,NA,1,P03,LAB01,2,0,0,0,0,0
20260910_104915,STILL_1P_NA,57.445,62295432,696,STILL,NA,1,P03,LAB01,0,1,1923,3014,0,360
20260910_104915,STILL_1P_NA,57.445,62295432,696,STILL,NA,1,P03,LAB01,1,0,0,0,0,0
20260910_104915,STILL_1P_NA,57.445,62295432,696,STILL,NA,1,P03,LAB01,2,0,0,0,0,0
20260910_104915,STILL_1P_NA,57.533,62384163,697,STILL,NA,1,P03,LAB01,0,1,1923,3012,0,360
20260910_104915,STILL_1P_NA,57.533,62384163,697,STILL,NA,1,P03,LAB01,1,0,0,0,0,0
20260910_104915,STILL_1P_NA,57.533,62384163,697,STILL,NA,1,P03,LAB01,2,0,0,0,0,0
20260910_104915,STILL_1P_NA,57.622,62473140,698,STILL,NA,1,P03,LAB01,0,1,1923,3011,0,360
20260910_104915,STILL_1P_NA,57.622,62473140,698,STILL,NA,1,P03,LAB01,1,0,0,0,0,0
20260910_104915,STILL_1P_NA,57.622,62473140,698,STILL,NA,1,P03,LAB01,2,0,0,0,0,0
20260910_104915,STILL_1P_NA,57.712,62562347,699,STILL,NA,1,P03,LAB01,0,1,1920,3012,0,360
20260910_104915,STILL_1P_NA,57.712,62562347,699,STILL,NA,1,P03,LAB01,1,0,0,0,0,0
20260910_104915,STILL_1P_NA,57.712,62562347,699,STILL,NA,1,P03,LAB01,2,0,0,0,0,0
20260910_104915,STILL_1P_NA,57.800,62651302,700,STILL,NA,1,P03,LAB01,0,1,1920,3012,0,360
20260910_104915,STILL_1P_NA,57.800,62651302,700,STILL,NA,1,P03,LAB01,1,0,0,0,0,0
20260910_104915,STILL_1P_NA,57.800,62651302,700,STILL,NA,1,P03,LAB01,2,0,0,0,0,0
20260910_104915,STILL_1P_NA,57.890,62740439,701,STILL,NA,1,P03,LAB01,0,1,1918,3012,0,360
20260910_104915,STILL_1P_NA,57.890,62740439,701,STILL,NA,1,P03,LAB01,1,0,0,0,0,0
20260910_104915,STILL_1P_NA,57.890,62740439,701,STILL,NA,1,P03,LAB01,2,0,0,0,0,0
20260910_104915,STILL_1P_NA,57.978,62829108,702,STILL,NA,1,P03,LAB01,0,1,1916,3012,8,360
20260910_104915,STILL_1P_NA,57.978,62829108,702,STILL,NA,1,P03,LAB01,1,0,0,0,0,0
20260910_104915,STILL_1P_NA,57.978,62829108,702,STILL,NA,1,P03,LAB01,2,0,0,0,0,0
20260910_104915,STILL_1P_NA,58.067,62918370,703,STILL,NA,1,P03,LAB01,0,1,1913,3013,8,360
20260910_104915,STILL_1P_NA,58.067,62918370,703,STILL,NA,1,P03,LAB01,1,0,0,0,0,0
20260910_104915,STILL_1P_NA,58.067,62918370,703,STILL,NA,1,P03,LAB01,2,0,0,0,0,0
20260910_104915,STILL_1P_NA,58.156,63007098,704,STILL,NA,1,P03,LAB01,0,1,1914,3014,0,360
20260910_104915,STILL_1P_NA,58.156,63007098,704,STILL,NA,1,P03,LAB01,1,0,0,0,0,0
20260910_104915,STILL_1P_NA,58.156,63007098,704,STILL,NA,1,P03,LAB01,2,0,0,0,0,0
20260910_104915,STILL_1P_NA,58.245,63096087,705,STILL,NA,1,P03,LAB01,0,1,1918,3014,8,360
20260910_104915,STILL_1P_NA,58.245,63096087,705,STILL,NA,1,P03,LAB01,1,0,0,0,0,0
20260910_104915,STILL_1P_NA,58.245,63096087,705,STILL,NA,1,P03,LAB01,2,0,0,0,0,0
20260910_104915,STILL_1P_NA,58.334,63185354,706,STILL,NA,1,P03,LAB01,0,1,1925,3012,8,360
20260910_104915,STILL_1P_NA,58.334,63185354,706,STILL,NA,1,P03,LAB01,1,0,0,0,0,0
20260910_104915,STILL_1P_NA,58.334,63185354,706,STILL,NA,1,P03,LAB01,2,0,0,0,0,0
20260910_104915,STILL_1P_NA,58.423,63274307,707,STILL,NA,1,P03,LAB01,0,1,1931,3012,8,360
20260910_104915,STILL_1P_NA,58.423,63274307,707,STILL,NA,1,P03,LAB01,1,0,0,0,0,0
20260910_104915,STILL_1P_NA,58.423,63274307,707,STILL,NA,1,P03,LAB01,2,0,0,0,0,0
20260910_104915,STILL_1P_NA,58.512,63363067,708,STILL,NA,1,P03,LAB01,0,1,1934,3012,8,360
20260910_104915,STILL_1P_NA,58.512,63363067,708,STILL,NA,1,P03,LAB01,1,0,0,0,0,0
20260910_104915,STILL_1P_NA,58.512,63363067,708,STILL,NA,1,P03,LAB01,2,0,0,0,0,0
20260910_104915,STILL_1P_NA,58.601,63452210,709,STILL,NA,1,P03,LAB01,0,1,1932,3013,-8,360
20260910_104915,STILL_1P_NA,58.601,63452210,709,STILL,NA,1,P03,LAB01,1,0,0,0,0,0
20260910_104915,STILL_1P_NA,58.601,63452210,709,STILL,NA,1,P03,LAB01,2,0,0,0,0,0
20260910_104915,STILL_1P_NA,58.690,63541228,710,STILL,NA,1,P03,LAB01,0,1,1927,3015,-8,360
20260910_104915,STILL_1P_NA,58.690,63541228,710,STILL,NA,1,P03,LAB01,1,0,0,0,0,0
20260910_104915,STILL_1P_NA,58.690,63541228,710,STILL,NA,1,P03,LAB01,2,0,0,0,0,0
20260910_104915,STILL_1P_NA,58.779,63630170,711,STILL,NA,1,P03,LAB01,0,1,1926,3017,0,360
20260910_104915,STILL_1P_NA,58.779,63630170,711,STILL,NA,1,P03,LAB01,1,0,0,0,0,0
20260910_104915,STILL_1P_NA,58.779,63630170,711,STILL,NA,1,P03,LAB01,2,0,0,0,0,0
20260910_104915,STILL_1P_NA,58.868,63719317,712,STILL,NA,1,P03,LAB01,0,1,1922,3020,24,360
20260910_104915,STILL_1P_NA,58.868,63719317,712,STILL,NA,1,P03,LAB01,1,0,0,0,0,0
20260910_104915,STILL_1P_NA,58.868,63719317,712,STILL,NA,1,P03,LAB01,2,0,0,0,0,0
20260910_104915,STILL_1P_NA,58.957,63808293,713,STILL,NA,1,P03,LAB01,0,1,1921,3023,8,360
20260910_104915,STILL_1P_NA,58.957,63808293,713,STILL,NA,1,P03,LAB01,1,0,0,0,0,0
20260910_104915,STILL_1P_NA,58.957,63808293,713,STILL,NA,1,P03,LAB01,2,0,0,0,0,0
20260910_104915,STILL_1P_NA,59.046,63897019,714,STILL,NA,1,P03,LAB01,0,1,1920,3025,0,360
20260910_104915,STILL_1P_NA,59.046,63897019,714,STILL,NA,1,P03,LAB01,1,0,0,0,0,0
20260910_104915,STILL_1P_NA,59.046,63897019,714,STILL,NA,1,P03,LAB01,2,0,0,0,0,0
20260910_104915,STILL_1P_NA,59.135,63986067,715,STILL,NA,1,P03,LAB01,0,1,1921,3026,8,360
20260910_104915,STILL_1P_NA,59.135,63986067,715,STILL,NA,1,P03,LAB01,1,0,0,0,0,0
20260910_104915,STILL_1P_NA,59.135,63986067,715,STILL,NA,1,P03,LAB01,2,0,0,0,0,0
20260910_104915,STILL_1P_NA,59.224,64075043,716,STILL,NA,1,P03,LAB01,0,1,1921,3027,0,360
20260910_104915,STILL_1P_NA,59.224,64075043,716,STILL,NA,1,P03,LAB01,1,0,0,0,0,0
20260910_104915,STILL_1P_NA,59.224,64075043,716,STILL,NA,1,P03,LAB01,2,0,0,0,0,0
20260910_104915,STILL_1P_NA,59.313,64164254,717,STILL,NA,1,P03,LAB01,0,1,1917,3030,0,360
20260910_104915,STILL_1P_NA,59.313,64164254,717,STILL,NA,1,P03,LAB01,1,0,0,0,0,0
20260910_104915,STILL_1P_NA,59.313,64164254,717,STILL,NA,1,P03,LAB01,2,0,0,0,0,0
20260910_104915,STILL_1P_NA,59.402,64253197,718,STILL,NA,1,P03,LAB01,0,1,1915,3033,-8,360
20260910_104915,STILL_1P_NA,59.402,64253197,718,STILL,NA,1,P03,LAB01,1,0,0,0,0,0
20260910_104915,STILL_1P_NA,59.402,64253197,718,STILL,NA,1,P03,LAB01,2,0,0,0,0,0
20260910_104915,STILL_1P_NA,59.491,64341818,719,STILL,NA,1,P03,LAB01,0,1,1923,3030,-8,360
20260910_104915,STILL_1P_NA,59.491,64341818,719,STILL,NA,1,P03,LAB01,1,0,0,0,0,0
20260910_104915,STILL_1P_NA,59.491,64341818,719,STILL,NA,1,P03,LAB01,2,0,0,0,0,0
20260910_104915,STILL_1P_NA,59.580,64430984,720,STILL,NA,1,P03,LAB01,0,1,1930,3027,8,360
20260910_104915,STILL_1P_NA,59.580,64430984,720,STILL,NA,1,P03,LAB01,1,0,0,0,0,0
20260910_104915,STILL_1P_NA,59.580,64430984,720,STILL,NA,1,P03,LAB01,2,0,0,0,0,0
20260910_104915,STILL_1P_NA,59.669,64519844,721,STILL,NA,1,P03,LAB01,0,1,1931,3028,0,360
20260910_104915,STILL_1P_NA,59.669,64519844,721,STILL,NA,1,P03,LAB01,1,0,0,0,0,0
20260910_104915,STILL_1P_NA,59.669,64519844,721,STILL,NA,1,P03,LAB01,2,0,0,0,0,0
20260910_104915,STILL_1P_NA,59.758,64608984,722,STILL,NA,1,P03,LAB01,0,1,1931,3029,0,360
20260910_104915,STILL_1P_NA,59.758,64608984,722,STILL,NA,1,P03,LAB01,1,0,0,0,0,0
20260910_104915,STILL_1P_NA,59.758,64608984,722,STILL,NA,1,P03,LAB01,2,0,0,0,0,0
20260910_104915,STILL_1P_NA,59.847,64698362,723,STILL,NA,1,P03,LAB01,0,1,1927,3031,0,360
20260910_104915,STILL_1P_NA,59.847,64698362,723,STILL,NA,1,P03,LAB01,1,0,0,0,0,0
20260910_104915,STILL_1P_NA,59.847,64698362,723,STILL,NA,1,P03,LAB01,2,0,0,0,0,0
20260910_104915,STILL_1P_NA,59.936,64786824,724,STILL,NA,1,P03,LAB01,0,1,1924,3033,0,360
20260910_104915,STILL_1P_NA,59.936,64786824,724,STILL,NA,1,P03,LAB01,1,0,0,0,0,0
20260910_104915,STILL_1P_NA,59.936,64786824,724,STILL,NA,1,P03,LAB01,2,0,0,0,0,0
20260910_104915,STILL_1P_NA,60.025,64876238,725,STILL,NA,1,P03,LAB01,0,1,1928,3032,8,360
20260910_104915,STILL_1P_NA,60.025,64876238,725,STILL,NA,1,P03,LAB01,1,0,0,0,0,0
20260910_104915,STILL_1P_NA,60.025,64876238,725,STILL,NA,1,P03,LAB01,2,0,0,0,0,0
