session_id,scenario,pc_time_s,esp_time_us,frame_id,activity,direction,people_count,participants,environment,target_slot,valid,x_mm,y_mm,speed_cm_s,resolution_mm
20260910_105035,STILL_1P_NA,0.034,1902856,17,STILL,NA,1,P03,LAB01,0,1,2212,5227,-8,360
20260910_105035,STILL_1P_NA,0.034,1902856,17,STILL,NA,1,P03,LAB01,1,0,0,0,0,0
20260910_105035,STILL_1P_NA,0.034,1902856,17,STILL,NA,1,P03,LAB01,2,0,0,0,0,0
20260910_105035,STILL_1P_NA,0.036,1991807,18,STILL,NA,1,P03,LAB01,0,1,2212,5217,-8,360
20260910_105035,STILL_1P_NA,0.036,1991807,18,STILL,NA,1,P03,LAB01,1,0,0,0,0,0
20260910_105035,STILL_1P_NA,0.036,1991807,18,STILL,NA,1,P03,LAB01,2,0,0,0,0,0
20260910_105035,STILL_1P_NA,0.037,2080945,19,STILL,NA,1,P03,LAB01,0,1,2212,5207,-8,360
20260910_105035,STILL_1P_NA,0.037,2080945,19,STILL,NA,1,P03,LAB01,1,0,0,0,0,0
20260910_105035,STILL_1P_NA,0.037,2080945,19,STILL,NA,1,P03,LAB01,2,0,0,0,0,0
20260910_105035,STILL_1P_NA,0.039,2170134,20,STILL,NA,1,P03,LAB01,0,1,2213,5197,0,360
20260910_105035,STILL_1P_NA,0.039,2170134,20,STILL,NA,1,P03,LAB01,1,0,0,0,0,0
20260910_105035,STILL_1P_NA,0.039,2170134,20,STILL,NA,1,P03,LAB01,2,0,0,0,0,0
20260910_105035,STILL_1P_NA,0.040,2258844,21,STILL,NA,1,P03,LAB01,0,1,2212,5188,0,360
20260910_105035,STILL_1P_NA,0.040,2258844,21,STILL,NA,1,P03,LAB01,1,0,0,0,0,0
20260910_105035,STILL_1P_NA,0.040,2258844,21,STILL,NA,1,P03,LAB01,2,0,0,0,0,0
20260910_105035,STILL_1P_NA,0.041,2348040,22,STILL,NA,1,P03,LAB01,0,1,2207,5182,0,360
20260910_105035,STILL_1P_NA,0.041,2348040,22,STILL,NA,1,P03,LAB01,1,0,0,0,0,0
20260910_105035,STILL_1P_NA,0.041,2348040,22,STILL,NA,1,P03,LAB01,2,0,0,0,0,0
20260910_105035,STILL_1P_NA,0.043,2436936,23,STILL,NA,1,P03,LAB01,0,1,2200,5177,0,360
20260910_105035,STILL_1P_NA,0.043,2436936,23,STILL,NA,1,P03,LAB01,1,0,0,0,0,0
20260910_105035,STILL_1P_NA,0.043,2436936,23,STILL,NA,1,P03,LAB01,2,0,0,0,0,0
20260910_105035,STILL_1P_NA,0.044,2526190,24,STILL,NA,1,P03,LAB01,0,1,2194,5172,0,360
20260910_105035,STILL_1P_NA,0.044,2526190,24,STILL,NA,1,P03,LAB01,1,0,0,0,0,0
20260910_105035,STILL_1P_NA,0.044,2526190,24,STILL,NA,1,P03,LAB01,2,0,0,0,0,0
20260910_105035,STILL_1P_NA,0.045,2615025,25,STILL,NA,1,P03,LAB01,0,1,2188,5167,0,360
20260910_105035,STILL_1P_NA,0.045,2615025,25,STILL,NA,1,P03,LAB01,1,0,0,0,0,0
20260910_105035,STILL_1P_NA,0.045,2615025,25,STILL,NA,1,P03,LAB01,2,0,0,0,0,0
20260910_105035,STILL_1P_NA,0.048,2704030,26,STILL,NA,1,P03,LAB01,0,1,2181,5162,0,360
20260910_105035,STILL_1P_NA,0.048,2704030,26,STILL,NA,1,P03,LAB01,1,0,0,0,0,0
20260910_105035,STILL_1P_NA,0.048,2704030,26,STILL,NA,1,P03,LAB01,2,0,0,0,0,0
20260910_105035,STILL_1P_NA,0.048,2793047,27,STILL,NA,1,P03,LAB01,0,1,2181,5162,0,360
20260910_105035,STILL_1P_NA,0.048,2793047,27,STILL,NA,1,P03,LAB01,1,0,0,0,0,0
20260910_105035,STILL_1P_NA,0.048,2793047,27,STILL,NA,1,P03,LAB01,2,0,0,0,0,0
20260910_105035,STILL_1P_NA,0.049,2881723,28,STILL,NA,1,P03,LAB01,0,1,2186,5162,0,360
20260910_105035,STILL_1P_NA,0.049,2881723,28,STILL,NA,1,P03,LAB01,1,0,0,0,0,0
20260910_105035,STILL_1P_NA,0.049,2881723,28,STILL,NA,1,P03,LAB01,2,0,0,0,0,0
20260910_105035,STILL_1P_NA,0.050,2970984,29,STILL,NA,1,P03,LAB01,0,1,2194,5163,0,360
20260910_105035,STILL_1P_NA,0.050,2970984,29,STILL,NA,1,P03,LAB01,1,0,0,0,0,0
20260910_105035,STILL_1P_NA,0.050,2970984,29,STILL,NA,1,P03,LAB01,2,0,0,0,0,0
20260910_105035,STILL_1P_NA,0.051,3059786,30,STILL,NA,1,P03,LAB01,0,1,2202,5164,0,360
20260910_105035,STILL_1P_NA,0.051,3059786,30,STILL,NA,1,P03,LAB01,1,0,0,0,0,0
20260910_105035,STILL_1P_NA,0.051,3059786,30,STILL,NA,1,P03,LAB01,2,0,0,0,0,0
20260910_105035,STILL_1P_NA,0.052,3149102,31,STILL,NA,1,P03,LAB01,0,1,2210,5164,0,360
20260910_105035,STILL_1P_NA,0.052,3149102,31,STILL,NA,1,P03,LAB01,1,0,0,0,0,0
20260910_105035,STILL_1P_NA,0.052,3149102,31,STILL,NA,1,P03,LAB01,2,0,0,0,0,0
20260910_105035,STILL_1P_NA,0.053,3238117,32,STILL,NA,1,P03,LAB01,0,1,2217,5165,0,360
20260910_105035,STILL_1P_NA,0.053,3238117,32,STILL,NA,1,P03,LAB01,1,0,0,0,0,0
20260910_105035,STILL_1P_NA,0.053,3238117,32,STILL,NA,1,P03,LAB01,2,0,0,0,0,0
20260910_105035,STILL_1P_NA,0.054,3326762,33,STILL,NA,1,P03,LAB01,0,1,2218,5165,0,360
20260910_105035,STILL_1P_NA,0.054,3326762,33,STILL,NA,1,P03,LAB01,1,0,0,0,0,0
20260910_105035,STILL_1P_NA,0.054,3326762,33,STILL,NA,1,P03,LAB01,2,0,0,0,0,0
20260910_105035,STILL_1P_NA,0.055,3416076,34,STILL,NA,1,P03,LAB01,0,1,2217,5164,0,360
20260910_105035,STILL_1P_NA,0.055,3416076,34,STILL,NA,1,P03,LAB01,1,0,0,0,0,0
20260910_105035,STILL_1P_NA,0.055,3416076,34,STILL,NA,1,P03,LAB01,2,0,0,0,0,0
20260910_105035,STILL_1P_NA,0.055,3505122,35,STILL,NA,1,P03,LAB01,0,1,2216,5162,0,360
20260910_105035,STILL_1P_NA,0.055,3505122,35,STILL,NA,1,P03,LAB01,1,0,0,0,0,0
20260910_105035,STILL_1P_NA,0.055,3505122,35,STILL,NA,1,P03,LAB01,2,0,0,0,0,0
20260910_105035,STILL_1P_NA,0.056,3593957,36,STILL,NA,1,P03,LAB01,0,1,2215,5161,0,360
20260910_105035,STILL_1P_NA,0.056,3593957,36,STILL,NA,1,P03,LAB01,1,0,0,0,0,0
20260910_105035,STILL_1P_NA,0.056,3593957,36,STILL,NA,1,P03,LAB01,2,0,0,0,0,0
20260910_105035,STILL_1P_NA,0.057,3683091,37,STILL,NA,1,P03,LAB01,0,1,2205,5159,-8,360
20260910_105035,STILL_1P_NA,0.057,3683091,37,STILL,NA,1,P03,LAB01,1,0,0,0,0,0
20260910_105035,STILL_1P_NA,0.057,3683091,37,STILL,NA,1,P03,LAB01,2,0,0,0,0,0
20260910_105035,STILL_1P_NA,0.058,3771734,38,STILL,NA,1,P03,LAB01,0,1,2193,5157,-8,360
20260910_105035,STILL_1P_NA,0.058,3771734,38,STILL,NA,1,P03,LAB01,1,0,0,0,0,0
20260910_105035,STILL_1P_NA,0.058,3771734,38,STILL,NA,1,P03,LAB01,2,0,0,0,0,0
20260910_105035,STILL_1P_NA,0.059,3860963,39,STILL,NA,1,P03,LAB01,0,1,2180,5160,0,360
20260910_105035,STILL_1P_NA,0.059,3860963,39,STILL,NA,1,P03,LAB01,1,0,0,0,0,0
20260910_105035,STILL_1P_NA,0.059,3860963,39,STILL,NA,1,P03,LAB01,2,0,0,0,0,0
20260910_105035,STILL_1P_NA,0.060,3949575,40,STILL,NA,1,P03,LAB01,0,1,2170,5173,8,360
20260910_105035,STILL_1P_NA,0.060,3949575,40,STILL,NA,1,P03,LAB01,1,0,0,0,0,0
20260910_105035,STILL_1P_NA,0.060,3949575,40,STILL,NA,1,P03,LAB01,2,0,0,0,0,0
20260910_105035,STILL_1P_NA,0.061,4038931,41,STILL,NA,1,P03,LAB01,0,1,2162,5190,8,360
20260910_105035,STILL_1P_NA,0.061,4038931,41,STILL,NA,1,P03,LAB01,1,0,0,0,0,0
20260910_105035,STILL_1P_NA,0.061,4038931,41,STILL,NA,1,P03,LAB01,2,0,0,0,0,0
20260910_105035,STILL_1P_NA,0.062,4127757,42,STILL,NA,1,P03,LAB01,0,1,2154,5207,8,360
20260910_105035,STILL_1P_NA,0.062,4127757,42,STILL,NA,1,P03,LAB01,1,0,0,0,0,0
20260910_105035,STILL_1P_NA,0.062,4127757,42,STILL,NA,1,P03,LAB01,2,0,0,0,0,0
20260910_105035,STILL_1P_NA,0.062,4216957,43,STILL,NA,1,P03,LAB01,0,1,2149,5218,-16,360
20260910_105035,STILL_1P_NA,0.062,4216957,43,STILL,NA,1,P03,LAB01,1,0,0,0,0,0
20260910_105035,STILL_1P_NA,0.062,4216957,43,STILL,NA,1,P03,LAB01,2,0,0,0,0,0
20260910_105035,STILL_1P_NA,0.063,4305910,44,STILL,NA,1,P03,LAB01,0,1,2158,5223,8,360
20260910_105035,STILL_1P_NA,0.063,4305910,44,STILL,NA,1,P03,LAB01,1,0,0,0,0,0
20260910_105035,STILL_1P_NA,0.063,4305910,44,STILL,NA,1,P03,LAB01,2,0,0,0,0,0
20260910_105035,STILL_1P_NA,0.064,4394893,45,STILL,NA,1,P03,LAB01,0,1,2172,5225,8,360
20260910_105035,STILL_1P_NA,0.064,4394893,45,STILL,NA,1,P03,LAB01,1,0,0,0,0,0
20260910_105035,STILL_1P_NA,0.064,4394893,45,STILL,NA,1,P03,LAB01,2,0,0,0,0,0
20260910_105035,STILL_1P_NA,0.064,4483813,46,STILL,NA,1,P03,LAB01,0,1,2189,5220,8,360
20260910_105035,STILL_1P_NA,0.064,4483813,46,STILL,NA,1,P03,LAB01,1,0,0,0,0,0
20260910_105035,STILL_1P_NA,0.064,4483813,46,STILL,NA,1,P03,LAB01,2,0,0,0,0,0
20260910_105035,STILL_1P_NA,0.065,4572984,47,STILL,NA,1,P03,LAB01,0,1,2202,5210,8,360
20260910_105035,STILL_1P_NA,0.065,4572984,47,STILL,NA,1,P03,LAB01,1,0,0,0,0,0
20260910_105035,STILL_1P_NA,0.065,4572984,47,STILL,NA,1,P03,LAB01,2,0,0,0,0,0
20260910_105035,STILL_1P_NA,0.067,4661745,48,STILL,NA,1,P03,LAB01,0,1,2209,5202,8,360
20260910_105035,STILL_1P_NA,0.067,4661745,48,STILL,NA,1,P03,LAB01,1,0,0,0,0,0
20260910_105035,STILL_1P_NA,0.067,4661745,48,STILL,NA,1,P03,LAB01,2,0,0,0,0,0
20260910_105035,STILL_1P_NA,0.068,4750948,49,STILL,NA,1,P03,LAB01,0,1,2219,5193,8,360
20260910_105035,STILL_1P_NA,0.068,4750948,49,STILL,NA,1,P03,LAB01,1,0,0,0,0,0
20260910_105035,STILL_1P_NA,0.068,4750948,49,STILL,NA,1,P03,LAB01,2,0,0,0,0,0
20260910_105035,STILL_1P_NA,0.069,4839679,50,STILL,NA,1,P03,LAB01,0,1,2227,5188,8,360
20260910_105035,STILL_1P_NA,0.069,4839679,50,STILL,NA,1,P03,LAB01,1,0,0,0,0,0
20260910_105035,STILL_1P_NA,0.069,4839679,50,STILL,NA,1,P03,LAB01,2,0,0,0,0,0
20260910_105035,STILL_1P_NA,0.078,4928469,51,STILL,NA,1,P03,LAB01,0,1,2238,5181,0,360
20260910_105035,STILL_1P_NA,0.078,4928469,51,STILL,NA,1,P03,LAB01,1,0,0,0,0,0
20260910_105035,STILL_1P_NA,0.078,4928469,51,STILL,NA,1,P03,LAB01,2,0,0,0,0,0
20260910_105035,STILL_1P_NA,0.167,5017706,52,STILL,NA,1,P03,LAB01,0,1,2258,5168,-16,360
20260910_105035,STILL_1P_NA,0.167,5017706,52,STILL,NA,1,P03,LAB01,1,0,0,0,0,0
20260910_105035,STILL_1P_NA,0.167,5017706,52,STILL,NA,1,P03,LAB01,2,0,0,0,0,0
20260910_105035,STILL_1P_NA,0.256,5106750,53,STILL,NA,1,P03,LAB01,0,1,2278,5155,-24,360
20260910_105035,STILL_1P_NA,0.256,5106750,53,STILL,NA,1,P03,LAB01,1,0,0,0,0,0
20260910_105035,STILL_1P_NA,0.256,5106750,53,STILL,NA,1,P03,LAB01,2,0,0,0,0,0
20260910_105035,STILL_1P_NA,0.346,5195860,54,STILL,NA,1,P03,LAB01,0,1,2333,5116,-32,360
20260910_105035,STILL_1P_NA,0.346,5195860,54,STILL,NA,1,P03,LAB01,1,0,0,0,0,0
20260910_105035,STILL_1P_NA,0.346,5195860,54,STILL,NA,1,P03,LAB01,2,0,0,0,0,0
20260910_105035,STILL_1P_NA,0.435,5284839,55,STILL,NA,1,P03,LAB01,0,1,2377,5092,-16,360
20260910_105035,STILL_1P_NA,0.435,5284839,55,STILL,NA,1,P03,LAB01,1,0,0,0,0,0
20260910_105035,STILL_1P_NA,0.435,5284839,55,STILL,NA,1,P03,LAB01,2,0,0,0,0,0
20260910_105035,STILL_1P_NA,0.524,5373948,56,STILL,NA,1,P03,LAB01,0,1,2423,5063,-32,360
20260910_105035,STILL_1P_NA,0.524,5373948,56,STILL,NA,1,P03,LAB01,1,0,0,0,0,0
20260910_105035,STILL_1P_NA,0.524,5373948,56,STILL,NA,1,P03,LAB01,2,0,0,0,0,0
20260910_105035,STILL_1P_NA,0.613,5462993,57,STILL,NA,1,P03,LAB01,0,1,2461,5038,-48,360
20260910_105035,STILL_1P_NA,0.613,5462993,57,STILL,NA,1,P03,LAB01,1,0,0,0,0,0
20260910_105035,STILL_1P_NA,0.613,5462993,57,STILL,NA,1,P03,LAB01,2,0,0,0,0,0
20260910_105035,STILL_1P_NA,0.701,5551570,58,STILL,NA,1,P03,LAB01,0,1,2506,5012,-56,360
20260910_105035,STILL_1P_NA,0.701,5551570,58,STILL,NA,1,P03,LAB01,1,0,0,0,0,0
20260910_105035,STILL_1P_NA,0.701,5551570,58,STILL,NA,1,P03,LAB01,2,0,0,0,0,0
20260910_105035,STILL_1P_NA,0.792,5640931,59,STILL,NA,1,P03,LAB01,0,1,2542,4988,-16,360
20260910_105035,STILL_1P_NA,0.792,5640931,59,STILL,NA,1,P03,LAB01,1,0,0,0,0,0
20260910_105035,STILL_1P_NA,0.792,5640931,59,STILL,NA,1,P03,LAB01,2,0,0,0,0,0
20260910_105035,STILL_1P_NA,0.880,5729845,60,STILL,NA,1,P03,LAB01,0,1,2529,4970,-32,360
20260910_105035,STILL_1P_NA,0.880,5729845,60,STILL,NA,1,P03,LAB01,1,0,0,0,0,0
20260910_105035,STILL_1P_NA,0.880,5729845,60,STILL,NA,1,P03,LAB01,2,0,0,0,0,0
20260910_105035,STILL_1P_NA,0.969,5818833,61,STILL,NA,1,P03,LAB01,0,1,2515,4966,-24,360
20260910_105035,STILL_1P_NA,0.969,5818833,61,STILL,NA,1,P03,LAB01,1,0,0,0,0,0
20260910_105035,STILL_1P_NA,0.969,5818833,61,STILL,NA,1,P03,LAB01,2,0,0,0,0,0
20260910_105035,STILL_1P_NA,1.057,5907686,62,STILL,NA,1,P03,LAB01,0,1,2479,4953,-16,360
20260910_105035,STILL_1P_NA,1.057,5907686,62,STILL,NA,1,P03,LAB01,1,0,0,0,0,0
20260910_105035,STILL_1P_NA,1.057,5907686,62,STILL,NA,1,P03,LAB01,2,0,0,0,0,0
20260910_105035,STILL_1P_NA,1.146,5996854,63,STILL,NA,1,P03,LAB01,0,1,2439,4942,-16,360
20260910_105035,STILL_1P_NA,1.146,5996854,63,STILL,NA,1,P03,LAB01,1,0,0,0,0,0
20260910_105035,STILL_1P_NA,1.146,5996854,63,STILL,NA,1,P03,LAB01,2,0,0,0,0,0
20260910_105035,STILL_1P_NA,1.235,6085777,64,STILL,NA,1,P03,LAB01,0,1,2388,4936,-8,360
20260910_105035,STILL_1P_NA,1.235,6085777,64,STILL,NA,1,P03,LAB01,1,0,0,0,0,0
20260910_105035,STILL_1P_NA,1.235,6085777,64,STILL,NA,1,P03,LAB01,2,0,0,0,0,0
20260910_105035,STILL_1P_NA,1.324,6174789,65,STILL,NA,1,P03,LAB01,0,1,2335,4932,-8,360
20260910_105035,STILL_1P_NA,1.324,6174789,65,STILL,NA,1,P03,LAB01,1,0,0,0,0,0
20260910_105035,STILL_1P_NA,1.324,6174789,65,STILL,NA,1,P03,LAB01,2,0,0,0,0,0
20260910_105035,STILL_1P_NA,1.413,6263803,66,STILL,NA,1,P03,LAB01,0,1,2304,4931,8,360
20260910_105035,STILL_1P_NA,1.413,6263803,66,STILL,NA,1,P03,LAB01,1,0,0,0,0,0
20260910_105035,STILL_1P_NA,1.413,6263803,66,STILL,NA,1,P03,LAB01,2,0,0,0,0,0
20260910_105035,STILL_1P_NA,1.502,6352696,67,STILL,NA,1,P03,LAB01,0,1,2282,4932,8,360
20260910_105035,STILL_1P_NA,1.502,6352696,67,STILL,NA,1,P03,LAB01,1,0,0,0,0,0
20260910_105035,STILL_1P_NA,1.502,6352696,67,STILL,NA,1,P03,LAB01,2,0,0,0,0,0
20260910_105035,STILL_1P_NA,1.591,6441455,68,STILL,NA,1,P03,LAB01,0,1,2275,4932,8,360
20260910_105035,STILL_1P_NA,1.591,6441455,68,STILL,NA,1,P03,LAB01,1,0,0,0,0,0
20260910_105035,STILL_1P_NA,1.591,6441455,68,STILL,NA,1,P03,LAB01,2,0,0,0,0,0
20260910_105035,STILL_1P_NA,1.681,6530972,69,STILL,NA,1,P03,LAB01,0,1,2273,4927,16,360
20260910_105035,STILL_1P_NA,1.681,6530972,69,STILL,NA,1,P03,LAB01,1,0,0,0,0,0
20260910_105035,STILL_1P_NA,1.681,6530972,69,STILL,NA,1,P03,LAB01,2,0,0,0,0,0
20260910_105035,STILL_1P_NA,1.770,6619948,70,STILL,NA,1,P03,LAB01,0,1,2273,4924,16,360
20260910_105035,STILL_1P_NA,1.770,6619948,70,STILL,NA,1,P03,LAB01,1,0,0,0,0,0
20260910_105035,STILL_1P_NA,1.770,6619948,70,STILL,NA,1,P03,LAB01,2,0,0,0,0,0
20260910_105035,STILL_1P_NA,1.858,6708685,71,STILL,NA,1,P03,LAB01,0,1,2273,4921,16,360
20260910_105035,STILL_1P_NA,1.858,6708685,71,STILL,NA,1,P03,LAB01,1,0,0,0,0,0
20260910_105035,STILL_1P_NA,1.858,6708685,71,STILL,NA,1,P03,LAB01,2,0,0,0,0,0
20260910_105035,STILL_1P_NA,1.947,6797827,72,STILL,NA,1,P03,LAB01,0,1,2274,4916,16,360
20260910_105035,STILL_1P_NA,1.947,6797827,72,STILL,NA,1,P03,LAB01,1,0,0,0,0,0
20260910_105035,STILL_1P_NA,1.947,6797827,72,STILL,NA,1,P03,LAB01,2,0,0,0,0,0
20260910_105035,STILL_1P_NA,2.036,6886745,73,STILL,NA,1,P03,LAB01,0,1,2273,4910,8,360
20260910_105035,STILL_1P_NA,2.036,6886745,73,STILL,NA,1,P03,LAB01,1,0,0,0,0,0
20260910_105035,STILL_1P_NA,2.036,6886745,73,STILL,NA,1,P03,LAB01,2,0,0,0,0,0
20260910_105035,STILL_1P_NA,2.125,6975441,74,STILL,NA,1,P03,LAB01,0,1,2263,4910,8,360
20260910_105035,STILL_1P_NA,2.125,6975441,74,STILL,NA,1,P03,LAB01,1,0,0,0,0,0
20260910_105035,STILL_1P_NA,2.125,6975441,74,STILL,NA,1,P03,LAB01,2,0,0,0,0,0
20260910_105035,STILL_1P_NA,2.214,7064771,75,STILL,NA,1,P03,LAB01,0,1,2254,4910,16,360
20260910_105035,STILL_1P_NA,2.214,7064771,75,STILL,NA,1,P03,LAB01,1,0,0,0,0,0
20260910_105035,STILL_1P_NA,2.214,7064771,75,STILL,NA,1,P03,LAB01,2,0,0,0,0,0
20260910_105035,STILL_1P_NA,2.303,7153723,76,STILL,NA,1,P03,LAB01,0,1,2256,4906,16,360
20260910_105035,STILL_1P_NA,2.303,7153723,76,STILL,NA,1,P03,LAB01,1,0,0,0,0,0
20260910_105035,STILL_1P_NA,2.303,7153723,76,STILL,NA,1,P03,LAB01,2,0,0,0,0,0
20260910_105035,STILL_1P_NA,2.392,7242860,77,STILL,NA,1,P03,LAB01,0,1,2261,4901,16,360
20260910_105035,STILL_1P_NA,2.392,7242860,77,STILL,NA,1,P03,LAB01,1,0,0,0,0,0
20260910_105035,STILL_1P_NA,2.392,7242860,77,STILL,NA,1,P03,LAB01,2,0,0,0,0,0
20260910_105035,STILL_1P_NA,2.481,7331685,78,STILL,NA,1,P03,LAB01,0,1,2264,4899,16,360
20260910_105035,STILL_1P_NA,2.481,7331685,78,STILL,NA,1,P03,LAB01,1,0,0,0,0,0
20260910_105035,STILL_1P_NA,2.481,7331685,78,STILL,NA,1,P03,LAB01,2,0,0,0,0,0
20260910_105035,STILL_1P_NA,2.570,7420762,79,STILL,NA,1,P03,LAB01,0,1,2268,4901,24,360
20260910_105035,STILL_1P_NA,2.570,7420762,79,STILL,NA,1,P03,LAB01,1,0,0,0,0,0
20260910_105035,STILL_1P_NA,2.570,7420762,79,STILL,NA,1,P03,LAB01,2,0,0,0,0,0
20260910_105035,STILL_1P_NA,2.660,7510025,80,STILL,NA,1,P03,LAB01,0,1,2276,4900,24,360
20260910_105035,STILL_1P_NA,2.660,7510025,80,STILL,NA,1,P03,LAB01,1,0,0,0,0,0
20260910_105035,STILL_1P_NA,2.660,7510025,80,STILL,NA,1,P03,LAB01,2,0,0,0,0,0
20260910_105035,STILL_1P_NA,2.748,7598976,81,STILL,NA,1,P03,LAB01,0,1,2281,4901,24,360
20260910_105035,STILL_1P_NA,2.748,7598976,81,STILL,NA,1,P03,LAB01,1,0,0,0,0,0
20260910_105035,STILL_1P_NA,2.748,7598976,81,STILL,NA,1,P03,LAB01,2,0,0,0,0,0
20260910_105035,STILL_1P_NA,2.837,7687807,82,STILL,NA,1,P03,LAB01,0,1,2285,4902,24,360
20260910_105035,STILL_1P_NA,2.837,7687807,82,STILL,NA,1,P03,LAB01,1,0,0,0,0,0
20260910_105035,STILL_1P_NA,2.837,7687807,82,STILL,NA,1,P03,LAB01,2,0,0,0,0,0
20260910_105035,STILL_1P_NA,2.926,7776723,83,STILL,NA,1,P03,LAB01,0,1,2290,4903,24,360
20260910_105035,STILL_1P_NA,2.926,7776723,83,STILL,NA,1,P03,LAB01,1,0,0,0,0,0
20260910_105035,STILL_1P_NA,2.926,7776723,83,STILL,NA,1,P03,LAB01,2,0,0,0,0,0
20260910_105035,STILL_1P_NA,3.015,7865647,84,STILL,NA,1,P03,LAB01,0,1,2300,4903,8,360
20260910_105035,STILL_1P_NA,3.015,7865647,84,STILL,NA,1,P03,LAB01,1,0,0,0,0,0
20260910_105035,STILL_1P_NA,3.015,7865647,84,STILL,NA,1,P03,LAB01,2,0,0,0,0,0
20260910_105035,STILL_1P_NA,3.104,7954723,85,STILL,NA,1,P03,LAB01,0,1,2311,4902,8,360
20260910_105035,STILL_1P_NA,3.104,7954723,85,STILL,NA,1,P03,LAB01,1,0,0,0,0,0
20260910_105035,STILL_1P_NA,3.104,7954723,85,STILL,NA,1,P03,LAB01,2,0,0,0,0,0
20260910_105035,STILL_1P_NA,3.193,8043447,86,STILL,NA,1,P03,LAB01,0,1,2322,4902,8,360
20260910_105035,STILL_1P_NA,3.193,8043447,86,STILL,NA,1,P03,LAB01,1,0,0,0,0,0
20260910_105035,STILL_1P_NA,3.193,8043447,86,STILL,NA,1,P03,LAB01,2,0,0,0,0,0
20260910_105035,STILL_1P_NA,3.282,8132340,87,STILL,NA,1,P03,LAB01,0,1,2329,4901,-8,360
20260910_105035,STILL_1P_NA,3.282,8132340,87,STILL,NA,1,P03,LAB01,1,0,0,0,0,0
20260910_105035,STILL_1P_NA,3.282,8132340,87,STILL,NA,1,P03,LAB01,2,0,0,0,0,0
20260910_105035,STILL_1P_NA,3.371,8221631,88,STILL,NA,1,P03,LAB01,0,1,2335,4900,-8,360
20260910_105035,STILL_1P_NA,3.371,8221631,88,STILL,NA,1,P03,LAB01,1,0,0,0,0,0
20260910_105035,STILL_1P_NA,3.371,8221631,88,STILL,NA,1,P03,LAB01,2,0,0,0,0,0
20260910_105035,STILL_1P_NA,3.460,8310302,89,STILL,NA,1,P03,LAB01,0,1,2339,4898,0,360
20260910_105035,STILL_1P_NA,3.460,8310302,89,STILL,NA,1,P03,LAB01,1,0,0,0,0,0
20260910_105035,STILL_1P_NA,3.460,8310302,89,STILL,NA,1,P03,LAB01,2,0,0,0,0,0
20260910_105035,STILL_1P_NA,3.549,8399600,90,STILL,NA,1,P03,LAB01,0,1,2346,4895,0,360
20260910_105035,STILL_1P_NA,3.549,8399600,90,STILL,NA,1,P03,LAB01,1,0,0,0,0,0
20260910_105035,STILL_1P_NA,3.549,8399600,90,STILL,NA,1,P03,LAB01,2,0,0,0,0,0
20260910_105035,STILL_1P_NA,3.638,8488482,91,STILL,NA,1,P03,LAB01,0,1,2349,4893,8,360
20260910_105035,STILL_1P_NA,3.638,8488482,91,STILL,NA,1,P03,LAB01,1,0,0,0,0,0
20260910_105035,STILL_1P_NA,3.638,8488482,91,STILL,NA,1,P03,LAB01,2,0,0,0,0,0
20260910_105035,STILL_1P_NA,3.727,8577626,92,STILL,NA,1,P03,LAB01,0,1,2351,4892,8,360
20260910_105035,STILL_1P_NA,3.727,8577626,92,STILL,NA,1,P03,LAB01,1,0,0,0,0,0
20260910_105035,STILL_1P_NA,3.727,8577626,92,STILL,NA,1,P03,LAB01,2,0,0,0,0,0
20260910_105035,STILL_1P_NA,3.816,8666199,93,STILL,NA,1,P03,LAB01,0,1,2359,4889,0,360
20260910_105035,STILL_1P_NA,3.816,8666199,93,STILL,NA,1,P03,LAB01,1,0,0,0,0,0
20260910_105035,STILL_1P_NA,3.816,8666199,93,STILL,NA,1,P03,LAB01,2,0,0,0,0,0
20260910_105035,STILL_1P_NA,3.905,8755372,94,STILL,NA,1,P03,LAB01,0,1,2382,4889,0,360
20260910_105035,STILL_1P_NA,3.905,8755372,94,STILL,NA,1,P03,LAB01,1,0,0,0,0,0
20260910_105035,STILL_1P_NA,3.905,8755372,94,STILL,NA,1,P03,LAB01,2,0,0,0,0,0
20260910_105035,STILL_1P_NA,3.994,8844291,95,STILL,NA,1,P03,LAB01,0,1,2405,4890,0,360
20260910_105035,STILL_1P_NA,3.994,8844291,95,STILL,NA,1,P03,LAB01,1,0,0,0,0,0
20260910_105035,STILL_1P_NA,3.994,8844291,95,STILL,NA,1,P03,LAB01,2,0,0,0,0,0
20260910_105035,STILL_1P_NA,4.083,8933206,96,STILL,NA,1,P03,LAB01,0,1,2427,4897,0,360
20260910_105035,STILL_1P_NA,4.083,8933206,96,STILL,NA,1,P03,LAB01,1,0,0,0,0,0
20260910_105035,STILL_1P_NA,4.083,8933206,96,STILL,NA,1,P03,LAB01,2,0,0,0,0,0
20260910_105035,STILL_1P_NA,4.172,9022531,97,STILL,NA,1,P03,LAB01,0,1,2510,4938,0,360
20260910_105035,STILL_1P_NA,4.172,9022531,97,STILL,NA,1,P03,LAB01,1,0,0,0,0,0
20260910_105035,STILL_1P_NA,4.172,9022531,97,STILL,NA,1,P03,LAB01,2,0,0,0,0,0
20260910_105035,STILL_1P_NA,4.261,9111393,98,STILL,NA,1,P03,LAB01,0,1,2596,4986,0,360
20260910_105035,STILL_1P_NA,4.261,9111393,98,STILL,NA,1,P03,LAB01,1,0,0,0,0,0
20260910_105035,STILL_1P_NA,4.261,9111393,98,STILL,NA,1,P03,LAB01,2,0,0,0,0,0
20260910_105035,STILL_1P_NA,4.350,9200185,99,STILL,NA,1,P03,LAB01,0,1,2674,5030,0,360
20260910_105035,STILL_1P_NA,4.350,9200185,99,STILL,NA,1,P03,LAB01,1,0,0,0,0,0
20260910_105035,STILL_1P_NA,4.350,9200185,99,STILL,NA,1,P03,LAB01,2,0,0,0,0,0
20260910_105035,STILL_1P_NA,4.439,9289237,100,STILL,NA,1,P03,LAB01,0,1,2745,5069,0,360
20260910_105035,STILL_1P_NA,4.439,9289237,100,STILL,NA,1,P03,LAB01,1,0,0,0,0,0
20260910_105035,STILL_1P_NA,4.439,9289237,100,STILL,NA,1,P03,LAB01,2,0,0,0,0,0
20260910_105035,STILL_1P_NA,4.528,9378052,101,STILL,NA,1,P03,LAB01,0,1,2808,5105,0,360
20260910_105035,STILL_1P_NA,4.528,9378052,101,STILL,NA,1,P03,LAB01,1,0,0,0,0,0
20260910_105035,STILL_1P_NA,4.528,9378052,101,STILL,NA,1,P03,LAB01,2,0,0,0,0,0
20260910_105035,STILL_1P_NA,4.617,9467263,102,STILL,NA,1,P03,LAB01,0,1,2866,5137,0,360
20260910_105035,STILL_1P_NA,4.617,9467263,102,STILL,NA,1,P03,LAB01,1,0,0,0,0,0
20260910_105035,STILL_1P_NA,4.617,9467263,102,STILL,NA,1,P03,LAB01,2,0,0,0,0,0
20260910_105035,STILL_1P_NA,4.706,9556246,103,STILL,NA,1,P03,LAB01,0,1,2907,5158,0,360
20260910_105035,STILL_1P_NA,4.706,9556246,103,STILL,NA,1,P03,LAB01,1,0,0,0,0,0
20260910_105035,STILL_1P_NA,4.706,9556246,103,STILL,NA,1,P03,LAB01,2,0,0,0,0,0
20260910_105035,STILL_1P_NA,4.795,9645540,104,STILL,NA,1,P03,LAB01,0,1,2899,5152,0,360
20260910_105035,STILL_1P_NA,4.795,9645540,104,STILL,NA,1,P03,LAB01,1,0,0,0,0,0
20260910_105035,STILL_1P_NA,4.795,9645540,104,STILL,NA,1,P03,LAB01,2,0,0,0,0,0
20260910_105035,STILL_1P_NA,4.884,9734428,105,STILL,NA,1,P03,LAB01,0,1,2888,5139,-8,360
20260910_105035,STILL_1P_NA,4.884,9734428,105,STILL,NA,1,P03,LAB01,1,0,0,0,0,0
20260910_105035,STILL_1P_NA,4.884,9734428,105,STILL,NA,1,P03,LAB01,2,0,0,0,0,0
20260910_105035,STILL_1P_NA,4.973,9823379,106,STILL,NA,1,P03,LAB01,0,1,2876,5127,-8,360
20260910_105035,STILL_1P_NA,4.973,9823379,106,STILL,NA,1,P03,LAB01,1,0,0,0,0,0
20260910_105035,STILL_1P_NA,4.973,9823379,106,STILL,NA,1,P03,LAB01,2,0,0,0,0,0
20260910_105035,STILL_1P_NA,5.062,9912234,107,STILL,NA,1,P03,LAB01,0,1,2851,5086,-8,360
20260910_105035,STILL_1P_NA,5.062,9912234,107,STILL,NA,1,P03,LAB01,1,0,0,0,0,0
20260910_105035,STILL_1P_NA,5.062,9912234,107,STILL,NA,1,P03,LAB01,2,0,0,0,0,0
20260910_105035,STILL_1P_NA,5.151,10001531,108,STILL,NA,1,P03,LAB01,0,1,2840,5047,-8,360
20260910_105035,STILL_1P_NA,5.151,10001531,108,STILL,NA,1,P03,LAB01,1,0,0,0,0,0
20260910_105035,STILL_1P_NA,5.151,10001531,108,STILL,NA,1,P03,LAB01,2,0,0,0,0,0
20260910_105035,STILL_1P_NA,5.240,10090387,109,STILL,NA,1,P03,LAB01,0,1,2823,5015,-16,360
20260910_105035,STILL_1P_NA,5.240,10090387,109,STILL,NA,1,P03,LAB01,1,0,0,0,0,0
20260910_105035,STILL_1P_NA,5.240,10090387,109,STILL,NA,1,P03,LAB01,2,0,0,0,0,0
20260910_105035,STILL_1P_NA,5.329,10179247,110,STILL,NA,1,P03,LAB01,0,1,2795,4989,-16,360
20260910_105035,STILL_1P_NA,5.329,10179247,110,STILL,NA,1,P03,LAB01,1,0,0,0,0,0
20260910_105035,STILL_1P_NA,5.329,10179247,110,STILL,NA,1,P03,LAB01,2,0,0,0,0,0
20260910_105035,STILL_1P_NA,5.418,10268190,111,STILL,NA,1,P03,LAB01,0,1,2768,4969,-8,360
20260910_105035,STILL_1P_NA,5.418,10268190,111,STILL,NA,1,P03,LAB01,1,0,0,0,0,0
20260910_105035,STILL_1P_NA,5.418,10268190,111,STILL,NA,1,P03,LAB01,2,0,0,0,0,0
20260910_105035,STILL_1P_NA,5.507,10357206,112,STILL,NA,1,P03,LAB01,0,1,2729,4955,-8,360
20260910_105035,STILL_1P_NA,5.507,10357206,112,STILL,NA,1,P03,LAB01,1,0,0,0,0,0
20260910_105035,STILL_1P_NA,5.507,10357206,112,STILL,NA,1,P03,LAB01,2,0,0,0,0,0
20260910_105035,STILL_1P_NA,5.596,10446122,113,STILL,NA,1,P03,LAB01,0,1,2695,4938,-8,360
20260910_105035,STILL_1P_NA,5.596,10446122,113,STILL,NA,1,P03,LAB01,1,0,0,0,0,0
20260910_105035,STILL_1P_NA,5.596,10446122,113,STILL,NA,1,P03,LAB01,2,0,0,0,0,0
20260910_105035,STILL_1P_NA,5.685,10535363,114,STILL,NA,1,P03,LAB01,0,1,2661,4922,-8,360
20260910_105035,STILL_1P_NA,5.685,10535363,114,STILL,NA,1,P03,LAB01,1,0,0,0,0,0
20260910_105035,STILL_1P_NA,5.685,10535363,114,STILL,NA,1,P03,LAB01,2,0,0,0,0,0
20260910_105035,STILL_1P_NA,5.774,10624152,115,STILL,NA,1,P03,LAB01,0,1,2647,4928,-8,360
20260910_105035,STILL_1P_NA,5.774,10624152,115,STILL,NA,1,P03,LAB01,1,0,0,0,0,0
20260910_105035,STILL_1P_NA,5.774,10624152,115,STILL,NA,1,P03,LAB01,2,0,0,0,0,0
20260910_105035,STILL_1P_NA,5.863,10713483,116,STILL,NA,1,P03,LAB01,0,1,2633,4945,-16,360
20260910_105035,STILL_1P_NA,5.863,10713483,116,STILL,NA,1,P03,LAB01,1,0,0,0,0,0
20260910_105035,STILL_1P_NA,5.863,10713483,116,STILL,NA,1,P03,LAB01,2,0,0,0,0,0
20260910_105035,STILL_1P_NA,5.952,10802219,117,STILL,NA,1,P03,LAB01,0,1,2620,4969,-16,360
20260910_105035,STILL_1P_NA,5.952,10802219,117,STILL,NA,1,P03,LAB01,1,0,0,0,0,0
20260910_105035,STILL_1P_NA,5.952,10802219,117,STILL,NA,1,P03,LAB01,2,0,0,0,0,0
20260910_105035,STILL_1P_NA,6.041,10891448,118,STILL,NA,1,P03,LAB01,0,1,2593,4981,0,360
20260910_105035,STILL_1P_NA,6.041,10891448,118,STILL,NA,1,P03,LAB01,1,0,0,0,0,0
20260910_105035,STILL_1P_NA,6.041,10891448,118,STILL,NA,1,P03,LAB01,2,0,0,0,0,0
20260910_105035,STILL_1P_NA,6.130,10980338,119,STILL,NA,1,P03,LAB01,0,1,2578,4975,-8,360
20260910_105035,STILL_1P_NA,6.130,10980338,119,STILL,NA,1,P03,LAB01,1,0,0,0,0,0
20260910_105035,STILL_1P_NA,6.130,10980338,119,STILL,NA,1,P03,LAB01,2,0,0,0,0,0
20260910_105035,STILL_1P_NA,6.219,11069441,120,STILL,NA,1,P03,LAB01,0,1,2580,4953,-8,360
20260910_105035,STILL_1P_NA,6.219,11069441,120,STILL,NA,1,P03,LAB01,1,0,0,0,0,0
20260910_105035,STILL_1P_NA,6.219,11069441,120,STILL,NA,1,P03,LAB01,2,0,0,0,0,0
20260910_105035,STILL_1P_NA,6.308,11158199,121,STILL,NA,1,P03,LAB01,0,1,2598,4931,0,360
20260910_105035,STILL_1P_NA,6.308,11158199,121,STILL,NA,1,P03,LAB01,1,0,0,0,0,0
20260910_105035,STILL_1P_NA,6.308,11158199,121,STILL,NA,1,P03,LAB01,2,0,0,0,0,0
20260910_105035,STILL_1P_NA,6.397,11247434,122,STILL,NA,1,P03,LAB01,0,1,2622,4905,0,360
20260910_105035,STILL_1P_NA,6.397,11247434,122,STILL,NA,1,P03,LAB01,1,0,0,0,0,0
20260910_105035,STILL_1P_NA,6.397,11247434,122,STILL,NA,1,P03,LAB01,2,0,0,0,0,0
20260910_105035,STILL_1P_NA,6.486,11336356,123,STILL,NA,1,P03,LAB01,0,1,2628,4885,-8,360
20260910_105035,STILL_1P_NA,6.486,11336356,123,STILL,NA,1,P03,LAB01,1,0,0,0,0,0
20260910_105035,STILL_1P_NA,6.486,11336356,123,STILL,NA,1,P03,LAB01,2,0,0,0,0,0
20260910_105035,STILL_1P_NA,6.575,11425497,124,STILL,NA,1,P03,LAB01,0,1,2628,4868,-8,360
20260910_105035,STILL_1P_NA,6.575,11425497,124,STILL,NA,1,P03,LAB01,1,0,0,0,0,0
20260910_105035,STILL_1P_NA,6.575,11425497,124,STILL,NA,1,P03,LAB01,2,0,0,0,0,0
20260910_105035,STILL_1P_NA,6.664,11514102,125,STILL,NA,1,P03,LAB01,0,1,2618,4852,-24,360
20260910_105035,STILL_1P_NA,6.664,11514102,125,STILL,NA,1,P03,LAB01,1,0,0,0,0,0
20260910_105035,STILL_1P_NA,6.664,11514102,125,STILL,NA,1,P03,LAB01,2,0,0,0,0,0
20260910_105035,STILL_1P_NA,6.756,11603247,126,STILL,NA,1,P03,LAB01,0,1,2612,4847,-32,360
20260910_105035,STILL_1P_NA,6.756,11603247,126,STILL,NA,1,P03,LAB01,1,0,0,0,0,0
20260910_105035,STILL_1P_NA,6.756,11603247,126,STILL,NA,1,P03,LAB01,2,0,0,0,0,0
20260910_105035,STILL_1P_NA,6.842,11692069,127,STILL,NA,1,P03,LAB01,0,1,2614,4843,0,360
20260910_105035,STILL_1P_NA,6.842,11692069,127,STILL,NA,1,P03,LAB01,1,0,0,0,0,0
20260910_105035,STILL_1P_NA,6.842,11692069,127,STILL,NA,1,P03,LAB01,2,0,0,0,0,0
20260910_105035,STILL_1P_NA,6.931,11781206,128,STILL,NA,1,P03,LAB01,0,1,2622,4839,-8,360
20260910_105035,STILL_1P_NA,6.931,11781206,128,STILL,NA,1,P03,LAB01,1,0,0,0,0,0
20260910_105035,STILL_1P_NA,6.931,11781206,128,STILL,NA,1,P03,LAB01,2,0,0,0,0,0
20260910_105035,STILL_1P_NA,7.020,11869945,129,STILL,NA,1,P03,LAB01,0,1,2637,4825,-16,360
20260910_105035,STILL_1P_NA,7.020,11869945,129,STILL,NA,1,P03,LAB01,1,0,0,0,0,0
20260910_105035,STILL_1P_NA,7.020,11869945,129,STILL,NA,1,P03,LAB01,2,0,0,0,0,0
20260910_105035,STILL_1P_NA,7.109,11959107,130,STILL,NA,1,P03,LAB01,0,1,2657,4808,-16,360
20260910_105035,STILL_1P_NA,7.109,11959107,130,STILL,NA,1,P03,LAB01,1,0,0,0,0,0
20260910_105035,STILL_1P_NA,7.109,11959107,130,STILL,NA,1,P03,LAB01,2,0,0,0,0,0
20260910_105035,STILL_1P_NA,7.198,12048028,131,STILL,NA,1,P03,LAB01,0,1,2671,4796,0,360
20260910_105035,STILL_1P_NA,7.198,12048028,131,STILL,NA,1,P03,LAB01,1,0,0,0,0,0
20260910_105035,STILL_1P_NA,7.198,12048028,131,STILL,NA,1,P03,LAB01,2,0,0,0,0,0
20260910_105035,STILL_1P_NA,7.287,12137199,132,STILL,NA,1,P03,LAB01,0,1,2673,4796,0,360
20260910_105035,STILL_1P_NA,7.287,12137199,132,STILL,NA,1,P03,LAB01,1,0,0,0,0,0
20260910_105035,STILL_1P_NA,7.287,12137199,132,STILL,NA,1,P03,LAB01,2,0,0,0,0,0
20260910_105035,STILL_1P_NA,7.376,12226028,133,STILL,NA,1,P03,LAB01,0,1,2671,4800,0,360
20260910_105035,STILL_1P_NA,7.376,12226028,133,STILL,NA,1,P03,LAB01,1,0,0,0,0,0
20260910_105035,STILL_1P_NA,7.376,12226028,133,STILL,NA,1,P03,LAB01,2,0,0,0,0,0
20260910_105035,STILL_1P_NA,7.465,12315158,134,STILL,NA,1,P03,LAB01,0,1,2668,4804,0,360
20260910_105035,STILL_1P_NA,7.465,12315158,134,STILL,NA,1,P03,LAB01,1,0,0,0,0,0
20260910_105035,STILL_1P_NA,7.465,12315158,134,STILL,NA,1,P03,LAB01,2,0,0,0,0,0
20260910_105035,STILL_1P_NA,7.554,12404173,135,STILL,NA,1,P03,LAB01,0,1,2666,4808,0,360
20260910_105035,STILL_1P_NA,7.554,12404173,135,STILL,NA,1,P03,LAB01,1,0,0,0,0,0
20260910_105035,STILL_1P_NA,7.554,12404173,135,STILL,NA,1,P03,LAB01,2,0,0,0,0,0
20260910_105035,STILL_1P_NA,7.643,12492817,136,STILL,NA,1,P03,LAB01,0,1,2669,4806,8,360
20260910_105035,STILL_1P_NA,7.643,12492817,136,STILL,NA,1,P03,LAB01,1,0,0,0,0,0
20260910_105035,STILL_1P_NA,7.643,12492817,136,STILL,NA,1,P03,LAB01,2,0,0,0,0,0
20260910_105035,STILL_1P_NA,7.732,12581833,137,STILL,NA,1,P03,LAB01,0,1,2669,4806,8,360
20260910_105035,STILL_1P_NA,7.732,12581833,137,STILL,NA,1,P03,LAB01,1,0,0,0,0,0
20260910_105035,STILL_1P_NA,7.732,12581833,137,STILL,NA,1,P03,LAB01,2,0,0,0,0,0
20260910_105035,STILL_1P_NA,7.821,12670972,138,STILL,NA,1,P03,LAB01,0,1,2673,4801,24,360
20260910_105035,STILL_1P_NA,7.821,12670972,138,STILL,NA,1,P03,LAB01,1,0,0,0,0,0
20260910_105035,STILL_1P_NA,7.821,12670972,138,STILL,NA,1,P03,LAB01,2,0,0,0,0,0
20260910_105035,STILL_1P_NA,7.910,12760020,139,STILL,NA,1,P03,LAB01,0,1,2675,4796,16,360
20260910_105035,STILL_1P_NA,7.910,12760020,139,STILL,NA,1,P03,LAB01,1,0,0,0,0,0
20260910_105035,STILL_1P_NA,7.910,12760020,139,STILL,NA,1,P03,LAB01,2,0,0,0,0,0
20260910_105035,STILL_1P_NA,7.999,12849117,140,STILL,NA,1,P03,LAB01,0,1,2667,4794,16,360
20260910_105035,STILL_1P_NA,7.999,12849117,140,STILL,NA,1,P03,LAB01,1,0,0,0,0,0
20260910_105035,STILL_1P_NA,7.999,12849117,140,STILL,NA,1,P03,LAB01,2,0,0,0,0,0
20260910_105035,STILL_1P_NA,8.088,12938190,141,STILL,NA,1,P03,LAB01,0,1,2658,4794,16,360
20260910_105035,STILL_1P_NA,8.088,12938190,141,STILL,NA,1,P03,LAB01,1,0,0,0,0,0
20260910_105035,STILL_1P_NA,8.088,12938190,141,STILL,NA,1,P03,LAB01,2,0,0,0,0,0
20260910_105035,STILL_1P_NA,8.177,13027143,142,STILL,NA,1,P03,LAB01,0,1,2653,4793,8,360
20260910_105035,STILL_1P_NA,8.177,13027143,142,STILL,NA,1,P03,LAB01,1,0,0,0,0,0
20260910_105035,STILL_1P_NA,8.177,13027143,142,STILL,NA,1,P03,LAB01,2,0,0,0,0,0
20260910_105035,STILL_1P_NA,8.266,13116013,143,STILL,NA,1,P03,LAB01,0,1,2652,4791,8,360
20260910_105035,STILL_1P_NA,8.266,13116013,143,STILL,NA,1,P03,LAB01,1,0,0,0,0,0
20260910_105035,STILL_1P_NA,8.266,13116013,143,STILL,NA,1,P03,LAB01,2,0,0,0,0,0
20260910_105035,STILL_1P_NA,8.355,13204990,144,STILL,NA,1,P03,LAB01,0,1,2654,4789,8,360
20260910_105035,STILL_1P_NA,8.355,13204990,144,STILL,NA,1,P03,LAB01,1,0,0,0,0,0
20260910_105035,STILL_1P_NA,8.355,13204990,144,STILL,NA,1,P03,LAB01,2,0,0,0,0,0
20260910_105035,STILL_1P_NA,8.444,13293943,145,STILL,NA,1,P03,LAB01,0,1,2658,4790,24,360
20260910_105035,STILL_1P_NA,8.444,13293943,145,STILL,NA,1,P03,LAB01,1,0,0,0,0,0
20260910_105035,STILL_1P_NA,8.444,13293943,145,STILL,NA,1,P03,LAB01,2,0,0,0,0,0
20260910_105035,STILL_1P_NA,8.533,13382771,146,STILL,NA,1,P03,LAB01,0,1,2657,4791,8,360
20260910_105035,STILL_1P_NA,8.533,13382771,146,STILL,NA,1,P03,LAB01,1,0,0,0,0,0
20260910_105035,STILL_1P_NA,8.533,13382771,146,STILL,NA,1,P03,LAB01,2,0,0,0,0,0
20260910_105035,STILL_1P_NA,8.622,13471945,147,STILL,NA,1,P03,LAB01,0,1,2656,4793,8,360
20260910_105035,STILL_1P_NA,8.622,13471945,147,STILL,NA,1,P03,LAB01,1,0,0,0,0,0
20260910_105035,STILL_1P_NA,8.622,13471945,147,STILL,NA,1,P03,LAB01,2,0,0,0,0,0
20260910_105035,STILL_1P_NA,8.711,13560984,148,STILL,NA,1,P03,LAB01,0,1,2657,4795,8,360
20260910_105035,STILL_1P_NA,8.711,13560984,148,STILL,NA,1,P03,LAB01,1,0,0,0,0,0
20260910_105035,STILL_1P_NA,8.711,13560984,148,STILL,NA,1,P03,LAB01,2,0,0,0,0,0
20260910_105035,STILL_1P_NA,8.800,13649999,149,STILL,NA,1,P03,LAB01,0,1,2657,4797,0,360
20260910_105035,STILL_1P_NA,8.800,13649999,149,STILL,NA,1,P03,LAB01,1,0,0,0,0,0
20260910_105035,STILL_1P_NA,8.800,13649999,149,STILL,NA,1,P03,LAB01,2,0,0,0,0,0
20260910_105035,STILL_1P_NA,8.889,13738948,150,STILL,NA,1,P03,LAB01,0,1,2656,4803,-8,360
20260910_105035,STILL_1P_NA,8.889,13738948,150,STILL,NA,1,P03,LAB01,1,0,0,0,0,0
20260910_105035,STILL_1P_NA,8.889,13738948,150,STILL,NA,1,P03,LAB01,2,0,0,0,0,0
20260910_105035,STILL_1P_NA,8.977,13827745,151,STILL,NA,1,P03,LAB01,0,1,2654,4805,8,360
20260910_105035,STILL_1P_NA,8.977,13827745,151,STILL,NA,1,P03,LAB01,1,0,0,0,0,0
20260910_105035,STILL_1P_NA,8.977,13827745,151,STILL,NA,1,P03,LAB01,2,0,0,0,0,0
20260910_105035,STILL_1P_NA,9.067,13916883,152,STILL,NA,1,P03,LAB01,0,1,2650,4810,0,360
20260910_105035,STILL_1P_NA,9.067,13916883,152,STILL,NA,1,P03,LAB01,1,0,0,0,0,0
20260910_105035,STILL_1P_NA,9.067,13916883,152,STILL,NA,1,P03,LAB01,2,0,0,0,0,0
20260910_105035,STILL_1P_NA,9.155,14005745,153,STILL,NA,1,P03,LAB01,0,1,2647,4813,-8,360
20260910_105035,STILL_1P_NA,9.155,14005745,153,STILL,NA,1,P03,LAB01,1,0,0,0,0,0
20260910_105035,STILL_1P_NA,9.155,14005745,153,STILL,NA,1,P03,LAB01,2,0,0,0,0,0
20260910_105035,STILL_1P_NA,9.245,14094845,154,STILL,NA,1,P03,LAB01,0,1,2647,4813,-8,360
20260910_105035,STILL_1P_NA,9.245,14094845,154,STILL,NA,1,P03,LAB01,1,0,0,0,0,0
20260910_105035,STILL_1P_NA,9.245,14094845,154,STILL,NA,1,P03,LAB01,2,0,0,0,0,0
20260910_105035,STILL_1P_NA,9.334,14183833,155,STILL,NA,1,P03,LAB01,0,1,2648,4816,-8,360
20260910_105035,STILL_1P_NA,9.334,14183833,155,STILL,NA,1,P03,LAB01,1,0,0,0,0,0
20260910_105035,STILL_1P_NA,9.334,14183833,155,STILL,NA,1,P03,LAB01,2,0,0,0,0,0
20260910_105035,STILL_1P_NA,9.423,14272812,156,STILL,NA,1,P03,LAB01,0,1,2645,4822,-16,360
20260910_105035,STILL_1P_NA,9.423,14272812,156,STILL,NA,1,P03,LAB01,1,0,0,0,0,0
20260910_105035,STILL_1P_NA,9.423,14272812,156,STILL,NA,1,P03,LAB01,2,0,0,0,0,0
20260910_105035,STILL_1P_NA,9.512,14362013,157,STILL,NA,1,P03,LAB01,0,1,2639,4825,-8,360
20260910_105035,STILL_1P_NA,9.512,14362013,157,STILL,NA,1,P03,LAB01,1,0,0,0,0,0
20260910_105035,STILL_1P_NA,9.512,14362013,157,STILL,NA,1,P03,LAB01,2,0,0,0,0,0
20260910_105035,STILL_1P_NA,9.601,14450936,158,STILL,NA,1,P03,LAB01,0,1,2632,4826,-8,360
20260910_105035,STILL_1P_NA,9.601,14450936,158,STILL,NA,1,P03,LAB01,1,0,0,0,0,0
20260910_105035,STILL_1P_NA,9.601,14450936,158,STILL,NA,1,P03,LAB01,2,0,0,0,0,0
20260910_105035,STILL_1P_NA,9.690,14540013,159,STILL,NA,1,P03,LAB01,0,1,2628,4824,-8,360
20260910_105035,STILL_1P_NA,9.690,14540013,159,STILL,NA,1,P03,LAB01,1,0,0,0,0,0
20260910_105035,STILL_1P_NA,9.690,14540013,159,STILL,NA,1,P03,LAB01,2,0,0,0,0,0
20260910_105035,STILL_1P_NA,9.778,14628647,160,STILL,NA,1,P03,LAB01,0,1,2624,4822,-8,360
20260910_105035,STILL_1P_NA,9.778,14628647,160,STILL,NA,1,P03,LAB01,1,0,0,0,0,0
20260910_105035,STILL_1P_NA,9.778,14628647,160,STILL,NA,1,P03,LAB01,2,0,0,0,0,0
20260910_105035,STILL_1P_NA,9.867,14717910,161,STILL,NA,1,P03,LAB01,0,1,2625,4821,-8,360
20260910_105035,STILL_1P_NA,9.867,14717910,161,STILL,NA,1,P03,LAB01,1,0,0,0,0,0
20260910_105035,STILL_1P_NA,9.867,14717910,161,STILL,NA,1,P03,LAB01,2,0,0,0,0,0
20260910_105035,STILL_1P_NA,9.956,14806674,162,STILL,NA,1,P03,LAB01,0,1,2625,4820,-8,360
20260910_105035,STILL_1P_NA,9.956,14806674,162,STILL,NA,1,P03,LAB01,1,0,0,0,0,0
20260910_105035,STILL_1P_NA,9.956,14806674,162,STILL,NA,1,P03,LAB01,2,0,0,0,0,0
20260910_105035,STILL_1P_NA,10.046,14895845,163,STILL,NA,1,P03,LAB01,0,1,2624,4821,0,360
20260910_105035,STILL_1P_NA,10.046,14895845,163,STILL,NA,1,P03,LAB01,1,0,0,0,0,0
20260910_105035,STILL_1P_NA,10.046,14895845,163,STILL,NA,1,P03,LAB01,2,0,0,0,0,0
20260910_105035,STILL_1P_NA,10.134,14984638,164,STILL,NA,1,P03,LAB01,0,1,2617,4825,0,360
20260910_105035,STILL_1P_NA,10.134,14984638,164,STILL,NA,1,P03,LAB01,1,0,0,0,0,0
20260910_105035,STILL_1P_NA,10.134,14984638,164,STILL,NA,1,P03,LAB01,2,0,0,0,0,0
20260910_105035,STILL_1P_NA,10.224,15073839,165,STILL,NA,1,P03,LAB01,0,1,2606,4832,0,360
20260910_105035,STILL_1P_NA,10.224,15073839,165,STILL,NA,1,P03,LAB01,1,0,0,0,0,0
20260910_105035,STILL_1P_NA,10.224,15073839,165,STILL,NA,1,P03,LAB01,2,0,0,0,0,0
20260910_105035,STILL_1P_NA,10.312,15162730,166,STILL,NA,1,P03,LAB01,0,1,2590,4841,0,360
20260910_105035,STILL_1P_NA,10.312,15162730,166,STILL,NA,1,P03,LAB01,1,0,0,0,0,0
20260910_105035,STILL_1P_NA,10.312,15162730,166,STILL,NA,1,P03,LAB01,2,0,0,0,0,0
20260910_105035,STILL_1P_NA,10.402,15251931,167,STILL,NA,1,P03,LAB01,0,1,2540,4872,0,360
20260910_105035,STILL_1P_NA,10.402,15251931,167,STILL,NA,1,P03,LAB01,1,0,0,0,0,0
20260910_105035,STILL_1P_NA,10.402,15251931,167,STILL,NA,1,P03,LAB01,2,0,0,0,0,0
20260910_105035,STILL_1P_NA,10.490,15340570,168,STILL,NA,1,P03,LAB01,0,1,2485,4905,0,360
20260910_105035,STILL_1P_NA,10.490,15340570,168,STILL,NA,1,P03,LAB01,1,0,0,0,0,0
20260910_105035,STILL_1P_NA,10.490,15340570,168,STILL,NA,1,P03,LAB01,2,0,0,0,0,0
20260910_105035,STILL_1P_NA,10.579,15429585,169,STILL,NA,1,P03,LAB01,0,1,2444,4930,0,360
20260910_105035,STILL_1P_NA,10.579,15429585,169,STILL,NA,1,P03,LAB01,1,0,0,0,0,0
20260910_105035,STILL_1P_NA,10.579,15429585,169,STILL,NA,1,P03,LAB01,2,0,0,0,0,0
20260910_105035,STILL_1P_NA,10.668,15518757,170,STILL,NA,1,P03,LAB01,0,1,2434,4935,0,360
20260910_105035,STILL_1P_NA,10.668,15518757,170,STILL,NA,1,P03,LAB01,1,0,0,0,0,0
20260910_105035,STILL_1P_NA,10.668,15518757,170,STILL,NA,1,P03,LAB01,2,0,0,0,0,0
20260910_105035,STILL_1P_NA,10.758,15607762,171,STILL,NA,1,P03,LAB01,0,1,2430,4940,8,360
20260910_105035,STILL_1P_NA,10.758,15607762,171,STILL,NA,1,P03,LAB01,1,0,0,0,0,0
20260910_105035,STILL_1P_NA,10.758,15607762,171,STILL,NA,1,P03,LAB01,2,0,0,0,0,0
20260910_105035,STILL_1P_NA,10.846,15696713,172,STILL,NA,1,P03,LAB01,0,1,2433,4938,8,360
20260910_105035,STILL_1P_NA,10.846,15696713,172,STILL,NA,1,P03,LAB01,1,0,0,0,0,0
20260910_105035,STILL_1P_NA,10.846,15696713,172,STILL,NA,1,P03,LAB01,2,0,0,0,0,0
20260910_105035,STILL_1P_NA,10.935,15785641,173,STILL,NA,1,P03,LAB01,0,1,2439,4934,8,360
20260910_105035,STILL_1P_NA,10.935,15785641,173,STILL,NA,1,P03,LAB01,1,0,0,0,0,0
20260910_105035,STILL_1P_NA,10.935,15785641,173,STILL,NA,1,P03,LAB01,2,0,0,0,0,0
20260910_105035,STILL_1P_NA,11.024,15874653,174,STILL,NA,1,P03,LAB01,0,1,2445,4929,8,360
20260910_105035,STILL_1P_NA,11.024,15874653,174,STILL,NA,1,P03,LAB01,1,0,0,0,0,0
20260910_105035,STILL_1P_NA,11.024,15874653,174,STILL,NA,1,P03,LAB01,2,0,0,0,0,0
20260910_105035,STILL_1P_NA,11.113,15963817,175,STILL,NA,1,P03,LAB01,0,1,2451,4925,8,360
20260910_105035,STILL_1P_NA,11.113,15963817,175,STILL,NA,1,P03,LAB01,1,0,0,0,0,0
20260910_105035,STILL_1P_NA,11.113,15963817,175,STILL,NA,1,P03,LAB01,2,0,0,0,0,0
20260910_105035,STILL_1P_NA,11.202,16052517,176,STILL,NA,1,P03,LAB01,0,1,2457,4921,8,360
20260910_105035,STILL_1P_NA,11.202,16052517,176,STILL,NA,1,P03,LAB01,1,0,0,0,0,0
20260910_105035,STILL_1P_NA,11.202,16052517,176,STILL,NA,1,P03,LAB01,2,0,0,0,0,0
20260910_105035,STILL_1P_NA,11.292,16142028,177,STILL,NA,1,P03,LAB01,0,1,2462,4917,8,360
20260910_105035,STILL_1P_NA,11.292,16142028,177,STILL,NA,1,P03,LAB01,1,0,0,0,0,0
20260910_105035,STILL_1P_NA,11.292,16142028,177,STILL,NA,1,P03,LAB01,2,0,0,0,0,0
20260910_105035,STILL_1P_NA,11.381,16230706,178,STILL,NA,1,P03,LAB01,0,1,2461,4916,0,360
20260910_105035,STILL_1P_NA,11.381,16230706,178,STILL,NA,1,P03,LAB01,1,0,0,0,0,0
20260910_105035,STILL_1P_NA,11.381,16230706,178,STILL,NA,1,P03,LAB01,2,0,0,0,0,0
20260910_105035,STILL_1P_NA,11.469,16319563,179,STILL,NA,1,P03,LAB01,0,1,2459,4915,0,360
20260910_105035,STILL_1P_NA,11.469,16319563,179,STILL,NA,1,P03,LAB01,1,0,0,0,0,0
20260910_105035,STILL_1P_NA,11.469,16319563,179,STILL,NA,1,P03,LAB01,2,0,0,0,0,0
20260910_105035,STILL_1P_NA,11.559,16408640,180,STILL,NA,1,P03,LAB01,0,1,2456,4914,0,360
20260910_105035,STILL_1P_NA,11.559,16408640,180,STILL,NA,1,P03,LAB01,1,0,0,0,0,0
20260910_105035,STILL_1P_NA,11.559,16408640,180,STILL,NA,1,P03,LAB01,2,0,0,0,0,0
20260910_105035,STILL_1P_NA,11.647,16497812,181,STILL,NA,1,P03,LAB01,0,1,2454,4913,0,360
20260910_105035,STILL_1P_NA,11.647,16497812,181,STILL,NA,1,P03,LAB01,1,0,0,0,0,0
20260910_105035,STILL_1P_NA,11.647,16497812,181,STILL,NA,1,P03,LAB01,2,0,0,0,0,0
20260910_105035,STILL_1P_NA,11.736,16586703,182,STILL,NA,1,P03,LAB01,0,1,2456,4911,0,360
20260910_105035,STILL_1P_NA,11.736,16586703,182,STILL,NA,1,P03,LAB01,1,0,0,0,0,0
20260910_105035,STILL_1P_NA,11.736,16586703,182,STILL,NA,1,P03,LAB01,2,0,0,0,0,0
20260910_105035,STILL_1P_NA,11.825,16675745,183,STILL,NA,1,P03,LAB01,0,1,2460,4915,0,360
20260910_105035,STILL_1P_NA,11.825,16675745,183,STILL,NA,1,P03,LAB01,1,0,0,0,0,0
20260910_105035,STILL_1P_NA,11.825,16675745,183,STILL,NA,1,P03,LAB01,2,0,0,0,0,0
20260910_105035,STILL_1P_NA,11.914,16764600,184,STILL,NA,1,P03,LAB01,0,1,2463,4917,8,360
20260910_105035,STILL_1P_NA,11.914,16764600,184,STILL,NA,1,P03,LAB01,1,0,0,0,0,0
20260910_105035,STILL_1P_NA,11.914,16764600,184,STILL,NA,1,P03,LAB01,2,0,0,0,0,0
20260910_105035,STILL_1P_NA,12.003,16853674,185,STILL,NA,1,P03,LAB01,0,1,2466,4915,-8,360
20260910_105035,STILL_1P_NA,12.003,16853674,185,STILL,NA,1,P03,LAB01,1,0,0,0,0,0
20260910_105035,STILL_1P_NA,12.003,16853674,185,STILL,NA,1,P03,LAB01,2,0,0,0,0,0
20260910_105035,STILL_1P_NA,12.092,16942626,186,STILL,NA,1,P03,LAB01,0,1,2474,4913,0,360
20260910_105035,STILL_1P_NA,12.092,16942626,186,STILL,NA,1,P03,LAB01,1,0,0,0,0,0
20260910_105035,STILL_1P_NA,12.092,16942626,186,STILL,NA,1,P03,LAB01,2,0,0,0,0,0
20260910_105035,STILL_1P_NA,12.181,17031703,187,STILL,NA,1,P03,LAB01,0,1,2484,4910,0,360
20260910_105035,STILL_1P_NA,12.181,17031703,187,STILL,NA,1,P03,LAB01,1,0,0,0,0,0
20260910_105035,STILL_1P_NA,12.181,17031703,187,STILL,NA,1,P03,LAB01,2,0,0,0,0,0
20260910_105035,STILL_1P_NA,12.270,17120285,188,STILL,NA,1,P03,LAB01,0,1,2494,4908,0,360
20260910_105035,STILL_1P_NA,12.270,17120285,188,STILL,NA,1,P03,LAB01,1,0,0,0,0,0
20260910_105035,STILL_1P_NA,12.270,17120285,188,STILL,NA,1,P03,LAB01,2,0,0,0,0,0
20260910_105035,STILL_1P_NA,12.359,17209413,189,STILL,NA,1,P03,LAB01,0,1,2504,4905,0,360
20260910_105035,STILL_1P_NA,12.359,17209413,189,STILL,NA,1,P03,LAB01,1,0,0,0,0,0
20260910_105035,STILL_1P_NA,12.359,17209413,189,STILL,NA,1,P03,LAB01,2,0,0,0,0,0
20260910_105035,STILL_1P_NA,12.448,17298590,190,STILL,NA,1,P03,LAB01,0,1,2513,4903,0,360
20260910_105035,STILL_1P_NA,12.448,17298590,190,STILL,NA,1,P03,LAB01,1,0,0,0,0,0
20260910_105035,STILL_1P_NA,12.448,17298590,190,STILL,NA,1,P03,LAB01,2,0,0,0,0,0
20260910_105035,STILL_1P_NA,12.537,17387414,191,STILL,NA,1,P03,LAB01,0,1,2527,4903,0,360
20260910_105035,STILL_1P_NA,12.537,17387414,191,STILL,NA,1,P03,LAB01,1,0,0,0,0,0
20260910_105035,STILL_1P_NA,12.537,17387414,191,STILL,NA,1,P03,LAB01,2,0,0,0,0,0
20260910_105035,STILL_1P_NA,12.626,17476340,192,STILL,NA,1,P03,LAB01,0,1,2542,4905,0,360
20260910_105035,STILL_1P_NA,12.626,17476340,192,STILL,NA,1,P03,LAB01,1,0,0,0,0,0
20260910_105035,STILL_1P_NA,12.626,17476340,192,STILL,NA,1,P03,LAB01,2,0,0,0,0,0
20260910_105035,STILL_1P_NA,12.715,17565723,193,STILL,NA,1,P03,LAB01,0,1,2554,4902,0,360
20260910_105035,STILL_1P_NA,12.715,17565723,193,STILL,NA,1,P03,LAB01,1,0,0,0,0,0
20260910_105035,STILL_1P_NA,12.715,17565723,193,STILL,NA,1,P03,LAB01,2,0,0,0,0,0
20260910_105035,STILL_1P_NA,12.804,17654771,194,STILL,NA,1,P03,LAB01,0,1,2559,4899,0,360
20260910_105035,STILL_1P_NA,12.804,17654771,194,STILL,NA,1,P03,LAB01,1,0,0,0,0,0
20260910_105035,STILL_1P_NA,12.804,17654771,194,STILL,NA,1,P03,LAB01,2,0,0,0,0,0
20260910_105035,STILL_1P_NA,12.894,17743750,195,STILL,NA,1,P03,LAB01,0,1,2560,4895,0,360
20260910_105035,STILL_1P_NA,12.894,17743750,195,STILL,NA,1,P03,LAB01,1,0,0,0,0,0
20260910_105035,STILL_1P_NA,12.894,17743750,195,STILL,NA,1,P03,LAB01,2,0,0,0,0,0
20260910_105035,STILL_1P_NA,12.982,17832540,196,STILL,NA,1,P03,LAB01,0,1,2562,4891,0,360
20260910_105035,STILL_1P_NA,12.982,17832540,196,STILL,NA,1,P03,LAB01,1,0,0,0,0,0
20260910_105035,STILL_1P_NA,12.982,17832540,196,STILL,NA,1,P03,LAB01,2,0,0,0,0,0
20260910_105035,STILL_1P_NA,13.071,17921812,197,STILL,NA,1,P03,LAB01,0,1,2563,4887,0,360
20260910_105035,STILL_1P_NA,13.071,17921812,197,STILL,NA,1,P03,LAB01,1,0,0,0,0,0
20260910_105035,STILL_1P_NA,13.071,17921812,197,STILL,NA,1,P03,LAB01,2,0,0,0,0,0
20260910_105035,STILL_1P_NA,13.160,18010631,198,STILL,NA,1,P03,LAB01,0,1,2564,4883,-8,360
20260910_105035,STILL_1P_NA,13.160,18010631,198,STILL,NA,1,P03,LAB01,1,0,0,0,0,0
20260910_105035,STILL_1P_NA,13.160,18010631,198,STILL,NA,1,P03,LAB01,2,0,0,0,0,0
20260910_105035,STILL_1P_NA,13.249,18099706,199,STILL,NA,1,P03,LAB01,0,1,2562,4880,-8,360
20260910_105035,STILL_1P_NA,13.249,18099706,199,STILL,NA,1,P03,LAB01,1,0,0,0,0,0
20260910_105035,STILL_1P_NA,13.249,18099706,199,STILL,NA,1,P03,LAB01,2,0,0,0,0,0
20260910_105035,STILL_1P_NA,13.338,18188631,200,STILL,NA,1,P03,LAB01,0,1,2559,4877,-8,360
20260910_105035,STILL_1P_NA,13.338,18188631,200,STILL,NA,1,P03,LAB01,1,0,0,0,0,0
20260910_105035,STILL_1P_NA,13.338,18188631,200,STILL,NA,1,P03,LAB01,2,0,0,0,0,0
20260910_105035,STILL_1P_NA,13.427,18277548,201,STILL,NA,1,P03,LAB01,0,1,2556,4880,0,360
20260910_105035,STILL_1P_NA,13.427,18277548,201,STILL,NA,1,P03,LAB01,1,0,0,0,0,0
20260910_105035,STILL_1P_NA,13.427,18277548,201,STILL,NA,1,P03,LAB01,2,0,0,0,0,0
20260910_105035,STILL_1P_NA,13.516,18366686,202,STILL,NA,1,P03,LAB01,0,1,2554,4886,0,360
20260910_105035,STILL_1P_NA,13.516,18366686,202,STILL,NA,1,P03,LAB01,1,0,0,0,0,0
20260910_105035,STILL_1P_NA,13.516,18366686,202,STILL,NA,1,P03,LAB01,2,0,0,0,0,0
20260910_105035,STILL_1P_NA,13.605,18455447,203,STILL,NA,1,P03,LAB01,0,1,2552,4891,0,360
20260910_105035,STILL_1P_NA,13.605,18455447,203,STILL,NA,1,P03,LAB01,1,0,0,0,0,0
20260910_105035,STILL_1P_NA,13.605,18455447,203,STILL,NA,1,P03,LAB01,2,0,0,0,0,0
20260910_105035,STILL_1P_NA,13.694,18544590,204,STILL,NA,1,P03,LAB01,0,1,2551,4899,-8,360
20260910_105035,STILL_1P_NA,13.694,18544590,204,STILL,NA,1,P03,LAB01,1,0,0,0,0,0
20260910_105035,STILL_1P_NA,13.694,18544590,204,STILL,NA,1,P03,LAB01,2,0,0,0,0,0
20260910_105035,STILL_1P_NA,13.783,18633158,205,STILL,NA,1,P03,LAB01,0,1,2552,4903,0,360
20260910_105035,STILL_1P_NA,13.783,18633158,205,STILL,NA,1,P03,LAB01,1,0,0,0,0,0
20260910_105035,STILL_1P_NA,13.783,18633158,205,STILL,NA,1,P03,LAB01,2,0,0,0,0,0
20260910_105035,STILL_1P_NA,13.872,18722776,206,STILL,NA,1,P03,LAB01,0,1,2554,4906,0,360
20260910_105035,STILL_1P_NA,13.872,18722776,206,STILL,NA,1,P03,LAB01,1,0,0,0,0,0
20260910_105035,STILL_1P_NA,13.872,18722776,206,STILL,NA,1,P03,LAB01,2,0,0,0,0,0
20260910_105035,STILL_1P_NA,13.961,18811667,207,STILL,NA,1,P03,LAB01,0,1,2556,4902,8,360
20260910_105035,STILL_1P_NA,13.961,18811667,207,STILL,NA,1,P03,LAB01,1,0,0,0,0,0
20260910_105035,STILL_1P_NA,13.961,18811667,207,STILL,NA,1,P03,LAB01,2,0,0,0,0,0
20260910_105035,STILL_1P_NA,14.050,18900548,208,STILL,NA,1,P03,LAB01,0,1,2556,4899,8,360
20260910_105035,STILL_1P_NA,14.050,18900548,208,STILL,NA,1,P03,LAB01,1,0,0,0,0,0
20260910_105035,STILL_1P_NA,14.050,18900548,208,STILL,NA,1,P03,LAB01,2,0,0,0,0,0
20260910_105035,STILL_1P_NA,14.139,18989372,209,STILL,NA,1,P03,LAB01,0,1,2555,4895,8,360
20260910_105035,STILL_1P_NA,14.139,18989372,209,STILL,NA,1,P03,LAB01,1,0,0,0,0,0
20260910_105035,STILL_1P_NA,14.139,18989372,209,STILL,NA,1,P03,LAB01,2,0,0,0,0,0
20260910_105035,STILL_1P_NA,14.228,19078483,210,STILL,NA,1,P03,LAB01,0,1,2551,4892,8,360
20260910_105035,STILL_1P_NA,14.228,19078483,210,STILL,NA,1,P03,LAB01,1,0,0,0,0,0
20260910_105035,STILL_1P_NA,14.228,19078483,210,STILL,NA,1,P03,LAB01,2,0,0,0,0,0
20260910_105035,STILL_1P_NA,14.317,19167400,211,STILL,NA,1,P03,LAB01,0,1,2544,4894,-8,360
20260910_105035,STILL_1P_NA,14.317,19167400,211,STILL,NA,1,P03,LAB01,1,0,0,0,0,0
20260910_105035,STILL_1P_NA,14.317,19167400,211,STILL,NA,1,P03,LAB01,2,0,0,0,0,0
20260910_105035,STILL_1P_NA,14.406,19256414,212,STILL,NA,1,P03,LAB01,0,1,2541,4896,8,360
20260910_105035,STILL_1P_NA,14.406,19256414,212,STILL,NA,1,P03,LAB01,1,0,0,0,0,0
20260910_105035,STILL_1P_NA,14.406,19256414,212,STILL,NA,1,P03,LAB01,2,0,0,0,0,0
20260910_105035,STILL_1P_NA,14.495,19345340,213,STILL,NA,1,P03,LAB01,0,1,2534,4904,8,360
20260910_105035,STILL_1P_NA,14.495,19345340,213,STILL,NA,1,P03,LAB01,1,0,0,0,0,0
20260910_105035,STILL_1P_NA,14.495,19345340,213,STILL,NA,1,P03,LAB01,2,0,0,0,0,0
20260910_105035,STILL_1P_NA,14.584,19434504,214,STILL,NA,1,P03,LAB01,0,1,2530,4909,8,360
20260910_105035,STILL_1P_NA,14.584,19434504,214,STILL,NA,1,P03,LAB01,1,0,0,0,0,0
20260910_105035,STILL_1P_NA,14.584,19434504,214,STILL,NA,1,P03,LAB01,2,0,0,0,0,0
20260910_105035,STILL_1P_NA,14.674,19523340,215,STILL,NA,1,P03,LAB01,0,1,2532,4914,8,360
20260910_105035,STILL_1P_NA,14.674,19523340,215,STILL,NA,1,P03,LAB01,1,0,0,0,0,0
20260910_105035,STILL_1P_NA,14.674,19523340,215,STILL,NA,1,P03,LAB01,2,0,0,0,0,0
20260910_105035,STILL_1P_NA,14.762,19612631,216,STILL,NA,1,P03,LAB01,0,1,2538,4915,8,360
20260910_105035,STILL_1P_NA,14.762,19612631,216,STILL,NA,1,P03,LAB01,1,0,0,0,0,0
20260910_105035,STILL_1P_NA,14.762,19612631,216,STILL,NA,1,P03,LAB01,2,0,0,0,0,0
20260910_105035,STILL_1P_NA,14.851,19701329,217,STILL,NA,1,P03,LAB01,0,1,2552,4913,0,360
20260910_105035,STILL_1P_NA,14.851,19701329,217,STILL,NA,1,P03,LAB01,1,0,0,0,0,0
20260910_105035,STILL_1P_NA,14.851,19701329,217,STILL,NA,1,P03,LAB01,2,0,0,0,0,0
20260910_105035,STILL_1P_NA,14.940,19790435,218,STILL,NA,1,P03,LAB01,0,1,2570,4909,0,360
20260910_105035,STILL_1P_NA,14.940,19790435,218,STILL,NA,1,P03,LAB01,1,0,0,0,0,0
20260910_105035,STILL_1P_NA,14.940,19790435,218,STILL,NA,1,P03,LAB01,2,0,0,0,0,0
20260910_105035,STILL_1P_NA,15.029,19879356,219,STILL,NA,1,P03,LAB01,0,1,2593,4902,-16,360
20260910_105035,STILL_1P_NA,15.029,19879356,219,STILL,NA,1,P03,LAB01,1,0,0,0,0,0
20260910_105035,STILL_1P_NA,15.029,19879356,219,STILL,NA,1,P03,LAB01,2,0,0,0,0,0
20260910_105035,STILL_1P_NA,15.118,19968626,220,STILL,NA,1,P03,LAB01,0,1,2616,4894,-24,360
20260910_105035,STILL_1P_NA,15.118,19968626,220,STILL,NA,1,P03,LAB01,1,0,0,0,0,0
20260910_105035,STILL_1P_NA,15.118,19968626,220,STILL,NA,1,P03,LAB01,2,0,0,0,0,0
20260910_105035,STILL_1P_NA,15.207,20057442,221,STILL,NA,1,P03,LAB01,0,1,2637,4881,-24,360
20260910_105035,STILL_1P_NA,15.207,20057442,221,STILL,NA,1,P03,LAB01,1,0,0,0,0,0
20260910_105035,STILL_1P_NA,15.207,20057442,221,STILL,NA,1,P03,LAB01,2,0,0,0,0,0
20260910_105035,STILL_1P_NA,15.297,20146490,222,STILL,NA,1,P03,LAB01,0,1,2657,4865,-24,360
20260910_105035,STILL_1P_NA,15.297,20146490,222,STILL,NA,1,P03,LAB01,1,0,0,0,0,0
20260910_105035,STILL_1P_NA,15.297,20146490,222,STILL,NA,1,P03,LAB01,2,0,0,0,0,0
20260910_105035,STILL_1P_NA,15.385,20235349,223,STILL,NA,1,P03,LAB01,0,1,2676,4850,-24,360
20260910_105035,STILL_1P_NA,15.385,20235349,223,STILL,NA,1,P03,LAB01,1,0,0,0,0,0
20260910_105035,STILL_1P_NA,15.385,20235349,223,STILL,NA,1,P03,LAB01,2,0,0,0,0,0
20260910_105035,STILL_1P_NA,15.474,20324393,224,STILL,NA,1,P03,LAB01,0,1,2691,4837,-16,360
20260910_105035,STILL_1P_NA,15.474,20324393,224,STILL,NA,1,P03,LAB01,1,0,0,0,0,0
20260910_105035,STILL_1P_NA,15.474,20324393,224,STILL,NA,1,P03,LAB01,2,0,0,0,0,0
20260910_105035,STILL_1P_NA,15.563,20413149,225,STILL,NA,1,P03,LAB01,0,1,2704,4825,-16,360
20260910_105035,STILL_1P_NA,15.563,20413149,225,STILL,NA,1,P03,LAB01,1,0,0,0,0,0
20260910_105035,STILL_1P_NA,15.563,20413149,225,STILL,NA,1,P03,LAB01,2,0,0,0,0,0
20260910_105035,STILL_1P_NA,15.652,20502329,226,STILL,NA,1,P03,LAB01,0,1,2696,4827,-8,360
20260910_105035,STILL_1P_NA,15.652,20502329,226,STILL,NA,1,P03,LAB01,1,0,0,0,0,0
20260910_105035,STILL_1P_NA,15.652,20502329,226,STILL,NA,1,P03,LAB01,2,0,0,0,0,0
20260910_105035,STILL_1P_NA,15.741,20591117,227,STILL,NA,1,P03,LAB01,0,1,2684,4834,-16,360
20260910_105035,STILL_1P_NA,15.741,20591117,227,STILL,NA,1,P03,LAB01,1,0,0,0,0,0
20260910_105035,STILL_1P_NA,15.741,20591117,227,STILL,NA,1,P03,LAB01,2,0,0,0,0,0
20260910_105035,STILL_1P_NA,15.830,20680413,228,STILL,NA,1,P03,LAB01,0,1,2672,4841,-24,360
20260910_105035,STILL_1P_NA,15.830,20680413,228,STILL,NA,1,P03,LAB01,1,0,0,0,0,0
20260910_105035,STILL_1P_NA,15.830,20680413,228,STILL,NA,1,P03,LAB01,2,0,0,0,0,0
20260910_105035,STILL_1P_NA,15.919,20769247,229,STILL,NA,1,P03,LAB01,0,1,2663,4844,-24,360
20260910_105035,STILL_1P_NA,15.919,20769247,229,STILL,NA,1,P03,LAB01,1,0,0,0,0,0
20260910_105035,STILL_1P_NA,15.919,20769247,229,STILL,NA,1,P03,LAB01,2,0,0,0,0,0
20260910_105035,STILL_1P_NA,16.008,20858290,230,STILL,NA,1,P03,LAB01,0,1,2658,4843,-16,360
20260910_105035,STILL_1P_NA,16.008,20858290,230,STILL,NA,1,P03,LAB01,1,0,0,0,0,0
20260910_105035,STILL_1P_NA,16.008,20858290,230,STILL,NA,1,P03,LAB01,2,0,0,0,0,0
20260910_105035,STILL_1P_NA,16.097,20947025,231,STILL,NA,1,P03,LAB01,0,1,2655,4841,-16,360
20260910_105035,STILL_1P_NA,16.097,20947025,231,STILL,NA,1,P03,LAB01,1,0,0,0,0,0
20260910_105035,STILL_1P_NA,16.097,20947025,231,STILL,NA,1,P03,LAB01,2,0,0,0,0,0
20260910_105035,STILL_1P_NA,16.186,21036407,232,STILL,NA,1,P03,LAB01,0,1,2648,4843,-16,360
20260910_105035,STILL_1P_NA,16.186,21036407,232,STILL,NA,1,P03,LAB01,1,0,0,0,0,0
20260910_105035,STILL_1P_NA,16.186,21036407,232,STILL,NA,1,P03,LAB01,2,0,0,0,0,0
20260910_105035,STILL_1P_NA,16.275,21125510,233,STILL,NA,1,P03,LAB01,0,1,2643,4843,0,360
20260910_105035,STILL_1P_NA,16.275,21125510,233,STILL,NA,1,P03,LAB01,1,0,0,0,0,0
20260910_105035,STILL_1P_NA,16.275,21125510,233,STILL,NA,1,P03,LAB01,2,0,0,0,0,0
20260910_105035,STILL_1P_NA,16.364,21214247,234,STILL,NA,1,P03,LAB01,0,1,2639,4843,0,360
20260910_105035,STILL_1P_NA,16.364,21214247,234,STILL,NA,1,P03,LAB01,1,0,0,0,0,0
20260910_105035,STILL_1P_NA,16.364,21214247,234,STILL,NA,1,P03,LAB01,2,0,0,0,0,0
20260910_105035,STILL_1P_NA,16.453,21303132,235,STILL,NA,1,P03,LAB01,0,1,2634,4843,0,360
20260910_105035,STILL_1P_NA,16.453,21303132,235,STILL,NA,1,P03,LAB01,1,0,0,0,0,0
20260910_105035,STILL_1P_NA,16.453,21303132,235,STILL,NA,1,P03,LAB01,2,0,0,0,0,0
20260910_105035,STILL_1P_NA,16.542,21392311,236,STILL,NA,1,P03,LAB01,0,1,2636,4838,0,360
20260910_105035,STILL_1P_NA,16.542,21392311,236,STILL,NA,1,P03,LAB01,1,0,0,0,0,0
20260910_105035,STILL_1P_NA,16.542,21392311,236,STILL,NA,1,P03,LAB01,2,0,0,0,0,0
20260910_105035,STILL_1P_NA,16.631,21481263,237,STILL,NA,1,P03,LAB01,0,1,2640,4831,0,360
20260910_105035,STILL_1P_NA,16.631,21481263,237,STILL,NA,1,P03,LAB01,1,0,0,0,0,0
20260910_105035,STILL_1P_NA,16.631,21481263,237,STILL,NA,1,P03,LAB01,2,0,0,0,0,0
20260910_105035,STILL_1P_NA,16.720,21570274,238,STILL,NA,1,P03,LAB01,0,1,2641,4830,8,360
20260910_105035,STILL_1P_NA,16.720,21570274,238,STILL,NA,1,P03,LAB01,1,0,0,0,0,0
20260910_105035,STILL_1P_NA,16.720,21570274,238,STILL,NA,1,P03,LAB01,2,0,0,0,0,0
20260910_105035,STILL_1P_NA,16.809,21659122,239,STILL,NA,1,P03,LAB01,0,1,2646,4834,8,360
20260910_105035,STILL_1P_NA,16.809,21659122,239,STILL,NA,1,P03,LAB01,1,0,0,0,0,0
20260910_105035,STILL_1P_NA,16.809,21659122,239,STILL,NA,1,P03,LAB01,2,0,0,0,0,0
20260910_105035,STILL_1P_NA,16.898,21748270,240,STILL,NA,1,P03,LAB01,0,1,2647,4843,0,360
20260910_105035,STILL_1P_NA,16.898,21748270,240,STILL,NA,1,P03,LAB01,1,0,0,0,0,0
20260910_105035,STILL_1P_NA,16.898,21748270,240,STILL,NA,1,P03,LAB01,2,0,0,0,0,0
20260910_105035,STILL_1P_NA,16.987,21837280,241,STILL,NA,1,P03,LAB01,0,1,2644,4857,24,360
20260910_105035,STILL_1P_NA,16.987,21837280,241,STILL,NA,1,P03,LAB01,1,0,0,0,0,0
20260910_105035,STILL_1P_NA,16.987,21837280,241,STILL,NA,1,P03,LAB01,2,0,0,0,0,0
20260910_105035,STILL_1P_NA,17.076,21926199,242,STILL,NA,1,P03,LAB01,0,1,2629,4864,24,360
20260910_105035,STILL_1P_NA,17.076,21926199,242,STILL,NA,1,P03,LAB01,1,0,0,0,0,0
20260910_105035,STILL_1P_NA,17.076,21926199,242,STILL,NA,1,P03,LAB01,2,0,0,0,0,0
20260910_105035,STILL_1P_NA,17.165,22015285,243,STILL,NA,1,P03,LAB01,0,1,2621,4866,16,360
20260910_105035,STILL_1P_NA,17.165,22015285,243,STILL,NA,1,P03,LAB01,1,0,0,0,0,0
20260910_105035,STILL_1P_NA,17.165,22015285,243,STILL,NA,1,P03,LAB01,2,0,0,0,0,0
20260910_105035,STILL_1P_NA,17.254,22104226,244,STILL,NA,1,P03,LAB01,0,1,2630,4859,8,360
20260910_105035,STILL_1P_NA,17.254,22104226,244,STILL,NA,1,P03,LAB01,1,0,0,0,0,0
20260910_105035,STILL_1P_NA,17.254,22104226,244,STILL,NA,1,P03,LAB01,2,0,0,0,0,0
20260910_105035,STILL_1P_NA,17.343,22193079,245,STILL,NA,1,P03,LAB01,0,1,2632,4858,8,360
20260910_105035,STILL_1P_NA,17.343,22193079,245,STILL,NA,1,P03,LAB01,1,0,0,0,0,0
20260910_105035,STILL_1P_NA,17.343,22193079,245,STILL,NA,1,P03,LAB01,2,0,0,0,0,0
20260910_105035,STILL_1P_NA,17.431,22281916,246,STILL,NA,1,P03,LAB01,0,1,2634,4857,8,360
20260910_105035,STILL_1P_NA,17.431,22281916,246,STILL,NA,1,P03,LAB01,1,0,0,0,0,0
20260910_105035,STILL_1P_NA,17.431,22281916,246,STILL,NA,1,P03,LAB01,2,0,0,0,0,0
20260910_105035,STILL_1P_NA,17.521,22371173,247,STILL,NA,1,P03,LAB01,0,1,2624,4860,8,360
20260910_105035,STILL_1P_NA,17.521,22371173,247,STILL,NA,1,P03,LAB01,1,0,0,0,0,0
20260910_105035,STILL_1P_NA,17.521,22371173,247,STILL,NA,1,P03,LAB01,2,0,0,0,0,0
20260910_105035,STILL_1P_NA,17.609,22459844,248,STILL,NA,1,P03,LAB01,0,1,2583,4883,8,360
20260910_105035,STILL_1P_NA,17.609,22459844,248,STILL,NA,1,P03,LAB01,1,0,0,0,0,0
20260910_105035,STILL_1P_NA,17.609,22459844,248,STILL,NA,1,P03,LAB01,2,0,0,0,0,0
20260910_105035,STILL_1P_NA,17.698,22548734,249,STILL,NA,1,P03,LAB01,0,1,2539,4913,8,360
20260910_105035,STILL_1P_NA,17.698,22548734,249,STILL,NA,1,P03,LAB01,1,0,0,0,0,0
20260910_105035,STILL_1P_NA,17.698,22548734,249,STILL,NA,1,P03,LAB01,2,0,0,0,0,0
20260910_105035,STILL_1P_NA,17.788,22638247,250,STILL,NA,1,P03,LAB01,0,1,2445,4979,8,360
20260910_105035,STILL_1P_NA,17.788,22638247,250,STILL,NA,1,P03,LAB01,1,0,0,0,0,0
20260910_105035,STILL_1P_NA,17.788,22638247,250,STILL,NA,1,P03,LAB01,2,0,0,0,0,0
20260910_105035,STILL_1P_NA,17.877,22727237,251,STILL,NA,1,P03,LAB01,0,1,2371,5068,0,360
20260910_105035,STILL_1P_NA,17.877,22727237,251,STILL,NA,1,P03,LAB01,1,0,0,0,0,0
20260910_105035,STILL_1P_NA,17.877,22727237,251,STILL,NA,1,P03,LAB01,2,0,0,0,0,0
20260910_105035,STILL_1P_NA,17.966,22816079,252,STILL,NA,1,P03,LAB01,0,1,2304,5161,0,360
20260910_105035,STILL_1P_NA,17.966,22816079,252,STILL,NA,1,P03,LAB01,1,0,0,0,0,0
20260910_105035,STILL_1P_NA,17.966,22816079,252,STILL,NA,1,P03,LAB01,2,0,0,0,0,0
20260910_105035,STILL_1P_NA,18.054,22904948,253,STILL,NA,1,P03,LAB01,0,1,2259,5226,8,360
20260910_105035,STILL_1P_NA,18.054,22904948,253,STILL,NA,1,P03,LAB01,1,0,0,0,0,0
20260910_105035,STILL_1P_NA,18.054,22904948,253,STILL,NA,1,P03,LAB01,2,0,0,0,0,0
20260910_105035,STILL_1P_NA,18.144,22993963,254,STILL,NA,1,P03,LAB01,0,1,2298,5204,8,360
20260910_105035,STILL_1P_NA,18.144,22993963,254,STILL,NA,1,P03,LAB01,1,0,0,0,0,0
20260910_105035,STILL_1P_NA,18.144,22993963,254,STILL,NA,1,P03,LAB01,2,0,0,0,0,0
20260910_105035,STILL_1P_NA,18.233,23083091,255,STILL,NA,1,P03,LAB01,0,1,2351,5179,8,360
20260910_105035,STILL_1P_NA,18.233,23083091,255,STILL,NA,1,P03,LAB01,1,0,0,0,0,0
20260910_105035,STILL_1P_NA,18.233,23083091,255,STILL,NA,1,P03,LAB01,2,0,0,0,0,0
20260910_105035,STILL_1P_NA,18.321,23171931,256,STILL,NA,1,P03,LAB01,0,1,2396,5150,8,360
20260910_105035,STILL_1P_NA,18.321,23171931,256,STILL,NA,1,P03,LAB01,1,0,0,0,0,0
20260910_105035,STILL_1P_NA,18.321,23171931,256,STILL,NA,1,P03,LAB01,2,0,0,0,0,0
20260910_105035,STILL_1P_NA,18.411,23261004,257,STILL,NA,1,P03,LAB01,0,1,2425,5096,8,360
20260910_105035,STILL_1P_NA,18.411,23261004,257,STILL,NA,1,P03,LAB01,1,0,0,0,0,0
20260910_105035,STILL_1P_NA,18.411,23261004,257,STILL,NA,1,P03,LAB01,2,0,0,0,0,0
20260910_105035,STILL_1P_NA,18.499,23349612,258,STILL,NA,1,P03,LAB01,0,1,2425,5070,8,360
20260910_105035,STILL_1P_NA,18.499,23349612,258,STILL,NA,1,P03,LAB01,1,0,0,0,0,0
20260910_105035,STILL_1P_NA,18.499,23349612,258,STILL,NA,1,P03,LAB01,2,0,0,0,0,0
20260910_105035,STILL_1P_NA,18.589,23439079,259,STILL,NA,1,P03,LAB01,0,1,2411,5047,8,360
20260910_105035,STILL_1P_NA,18.589,23439079,259,STILL,NA,1,P03,LAB01,1,0,0,0,0,0
20260910_105035,STILL_1P_NA,18.589,23439079,259,STILL,NA,1,P03,LAB01,2,0,0,0,0,0
20260910_105035,STILL_1P_NA,18.678,23527948,260,STILL,NA,1,P03,LAB01,0,1,2389,5022,8,360
20260910_105035,STILL_1P_NA,18.678,23527948,260,STILL,NA,1,P03,LAB01,1,0,0,0,0,0
20260910_105035,STILL_1P_NA,18.678,23527948,260,STILL,NA,1,P03,LAB01,2,0,0,0,0,0
20260910_105035,STILL_1P_NA,18.767,23616904,261,STILL,NA,1,P03,LAB01,0,1,2384,4996,8,360
20260910_105035,STILL_1P_NA,18.767,23616904,261,STILL,NA,1,P03,LAB01,1,0,0,0,0,0
20260910_105035,STILL_1P_NA,18.767,23616904,261,STILL,NA,1,P03,LAB01,2,0,0,0,0,0
20260910_105035,STILL_1P_NA,18.855,23705946,262,STILL,NA,1,P03,LAB01,0,1,2385,4971,8,360
20260910_105035,STILL_1P_NA,18.855,23705946,262,STILL,NA,1,P03,LAB01,1,0,0,0,0,0
20260910_105035,STILL_1P_NA,18.855,23705946,262,STILL,NA,1,P03,LAB01,2,0,0,0,0,0
20260910_105035,STILL_1P_NA,18.945,23795107,263,STILL,NA,1,P03,LAB01,0,1,2381,4965,8,360
20260910_105035,STILL_1P_NA,18.945,23795107,263,STILL,NA,1,P03,LAB01,1,0,0,0,0,0
20260910_105035,STILL_1P_NA,18.945,23795107,263,STILL,NA,1,P03,LAB01,2,0,0,0,0,0
20260910_105035,STILL_1P_NA,19.034,23883943,264,STILL,NA,1,P03,LAB01,0,1,2367,4974,8,360
20260910_105035,STILL_1P_NA,19.034,23883943,264,STILL,NA,1,P03,LAB01,1,0,0,0,0,0
20260910_105035,STILL_1P_NA,19.034,23883943,264,STILL,NA,1,P03,LAB01,2,0,0,0,0,0
20260910_105035,STILL_1P_NA,19.123,23972957,265,STILL,NA,1,P03,LAB01,0,1,2365,4978,8,360
20260910_105035,STILL_1P_NA,19.123,23972957,265,STILL,NA,1,P03,LAB01,1,0,0,0,0,0
20260910_105035,STILL_1P_NA,19.123,23972957,265,STILL,NA,1,P03,LAB01,2,0,0,0,0,0
20260910_105035,STILL_1P_NA,19.211,24061750,266,STILL,NA,1,P03,LAB01,0,1,2362,4979,8,360
20260910_105035,STILL_1P_NA,19.211,24061750,266,STILL,NA,1,P03,LAB01,1,0,0,0,0,0
20260910_105035,STILL_1P_NA,19.211,24061750,266,STILL,NA,1,P03,LAB01,2,0,0,0,0,0
20260910_105035,STILL_1P_NA,19.301,24151413,267,STILL,NA,1,P03,LAB01,0,1,2358,4980,8,360
20260910_105035,STILL_1P_NA,19.301,24151413,267,STILL,NA,1,P03,LAB01,1,0,0,0,0,0
20260910_105035,STILL_1P_NA,19.301,24151413,267,STILL,NA,1,P03,LAB01,2,0,0,0,0,0
20260910_105035,STILL_1P_NA,19.389,24239999,268,STILL,NA,1,P03,LAB01,0,1,2355,4981,8,360
20260910_105035,STILL_1P_NA,19.389,24239999,268,STILL,NA,1,P03,LAB01,1,0,0,0,0,0
20260910_105035,STILL_1P_NA,19.389,24239999,268,STILL,NA,1,P03,LAB01,2,0,0,0,0,0
20260910_105035,STILL_1P_NA,19.478,24328789,269,STILL,NA,1,P03,LAB01,0,1,2357,4983,-8,360
20260910_105035,STILL_1P_NA,19.478,24328789,269,STILL,NA,1,P03,LAB01,1,0,0,0,0,0
20260910_105035,STILL_1P_NA,19.478,24328789,269,STILL,NA,1,P03,LAB01,2,0,0,0,0,0
20260910_105035,STILL_1P_NA,19.567,24417771,270,STILL,NA,1,P03,LAB01,0,1,2358,4987,0,360
20260910_105035,STILL_1P_NA,19.567,24417771,270,STILL,NA,1,P03,LAB01,1,0,0,0,0,0
20260910_105035,STILL_1P_NA,19.567,24417771,270,STILL,NA,1,P03,LAB01,2,0,0,0,0,0
20260910_105035,STILL_1P_NA,19.657,24506972,271,STILL,NA,1,P03,LAB01,0,1,2362,4990,-8,360
20260910_105035,STILL_1P_NA,19.657,24506972,271,STILL,NA,1,P03,LAB01,1,0,0,0,0,0
20260910_105035,STILL_1P_NA,19.657,24506972,271,STILL,NA,1,P03,LAB01,2,0,0,0,0,0
20260910_105035,STILL_1P_NA,19.745,24595706,272,STILL,NA,1,P03,LAB01,0,1,2369,4994,-8,360
20260910_105035,STILL_1P_NA,19.745,24595706,272,STILL,NA,1,P03,LAB01,1,0,0,0,0,0
20260910_105035,STILL_1P_NA,19.745,24595706,272,STILL,NA,1,P03,LAB01,2,0,0,0,0,0
20260910_105035,STILL_1P_NA,19.834,24684910,273,STILL,NA,1,P03,LAB01,0,1,2378,4992,-8,360
20260910_105035,STILL_1P_NA,19.834,24684910,273,STILL,NA,1,P03,LAB01,1,0,0,0,0,0
20260910_105035,STILL_1P_NA,19.834,24684910,273,STILL,NA,1,P03,LAB01,2,0,0,0,0,0
20260910_105035,STILL_1P_NA,19.923,24773674,274,STILL,NA,1,P03,LAB01,0,1,2385,4991,-16,360
20260910_105035,STILL_1P_NA,19.923,24773674,274,STILL,NA,1,P03,LAB01,1,0,0,0,0,0
20260910_105035,STILL_1P_NA,19.923,24773674,274,STILL,NA,1,P03,LAB01,2,0,0,0,0,0
20260910_105035,STILL_1P_NA,20.012,24862776,275,STILL,NA,1,P03,LAB01,0,1,2397,4986,-8,360
20260910_105035,STILL_1P_NA,20.012,24862776,275,STILL,NA,1,P03,LAB01,1,0,0,0,0,0
20260910_105035,STILL_1P_NA,20.012,24862776,275,STILL,NA,1,P03,LAB01,2,0,0,0,0,0
20260910_105035,STILL_1P_NA,20.101,24951948,276,STILL,NA,1,P03,LAB01,0,1,2403,4983,-8,360
20260910_105035,STILL_1P_NA,20.101,24951948,276,STILL,NA,1,P03,LAB01,1,0,0,0,0,0
20260910_105035,STILL_1P_NA,20.101,24951948,276,STILL,NA,1,P03,LAB01,2,0,0,0,0,0
20260910_105035,STILL_1P_NA,20.190,25040803,277,STILL,NA,1,P03,LAB01,0,1,2408,4980,-8,360
20260910_105035,STILL_1P_NA,20.190,25040803,277,STILL,NA,1,P03,LAB01,1,0,0,0,0,0
20260910_105035,STILL_1P_NA,20.190,25040803,277,STILL,NA,1,P03,LAB01,2,0,0,0,0,0
20260910_105035,STILL_1P_NA,20.279,25129853,278,STILL,NA,1,P03,LAB01,0,1,2415,4975,-8,360
20260910_105035,STILL_1P_NA,20.279,25129853,278,STILL,NA,1,P03,LAB01,1,0,0,0,0,0
20260910_105035,STILL_1P_NA,20.279,25129853,278,STILL,NA,1,P03,LAB01,2,0,0,0,0,0
20260910_105035,STILL_1P_NA,20.368,25218993,279,STILL,NA,1,P03,LAB01,0,1,2433,4966,-8,360
20260910_105035,STILL_1P_NA,20.368,25218993,279,STILL,NA,1,P03,LAB01,1,0,0,0,0,0
20260910_105035,STILL_1P_NA,20.368,25218993,279,STILL,NA,1,P03,LAB01,2,0,0,0,0,0
20260910_105035,STILL_1P_NA,20.457,25307685,280,STILL,NA,1,P03,LAB01,0,1,2453,4959,-8,360
20260910_105035,STILL_1P_NA,20.457,25307685,280,STILL,NA,1,P03,LAB01,1,0,0,0,0,0
20260910_105035,STILL_1P_NA,20.457,25307685,280,STILL,NA,1,P03,LAB01,2,0,0,0,0,0
20260910_105035,STILL_1P_NA,20.546,25396674,281,STILL,NA,1,P03,LAB01,0,1,2517,4937,-8,360
20260910_105035,STILL_1P_NA,20.546,25396674,281,STILL,NA,1,P03,LAB01,1,0,0,0,0,0
20260910_105035,STILL_1P_NA,20.546,25396674,281,STILL,NA,1,P03,LAB01,2,0,0,0,0,0
20260910_105035,STILL_1P_NA,20.635,25485563,282,STILL,NA,1,P03,LAB01,0,1,2574,4916,-8,360
20260910_105035,STILL_1P_NA,20.635,25485563,282,STILL,NA,1,P03,LAB01,1,0,0,0,0,0
20260910_105035,STILL_1P_NA,20.635,25485563,282,STILL,NA,1,P03,LAB01,2,0,0,0,0,0
20260910_105035,STILL_1P_NA,20.724,25574762,283,STILL,NA,1,P03,LAB01,0,1,2579,4923,-8,360
20260910_105035,STILL_1P_NA,20.724,25574762,283,STILL,NA,1,P03,LAB01,1,0,0,0,0,0
20260910_105035,STILL_1P_NA,20.724,25574762,283,STILL,NA,1,P03,LAB01,2,0,0,0,0,0
20260910_105035,STILL_1P_NA,20.813,25663653,284,STILL,NA,1,P03,LAB01,0,1,2579,4925,-8,360
20260910_105035,STILL_1P_NA,20.813,25663653,284,STILL,NA,1,P03,LAB01,1,0,0,0,0,0
20260910_105035,STILL_1P_NA,20.813,25663653,284,STILL,NA,1,P03,LAB01,2,0,0,0,0,0
20260910_105035,STILL_1P_NA,20.902,25752789,285,STILL,NA,1,P03,LAB01,0,1,2552,4943,-8,360
20260910_105035,STILL_1P_NA,20.902,25752789,285,STILL,NA,1,P03,LAB01,1,0,0,0,0,0
20260910_105035,STILL_1P_NA,20.902,25752789,285,STILL,NA,1,P03,LAB01,2,0,0,0,0,0
20260910_105035,STILL_1P_NA,20.991,25841454,286,STILL,NA,1,P03,LAB01,0,1,2501,4971,0,360
20260910_105035,STILL_1P_NA,20.991,25841454,286,STILL,NA,1,P03,LAB01,1,0,0,0,0,0
20260910_105035,STILL_1P_NA,20.991,25841454,286,STILL,NA,1,P03,LAB01,2,0,0,0,0,0
20260910_105035,STILL_1P_NA,21.080,25930910,287,STILL,NA,1,P03,LAB01,0,1,2506,4959,-8,360
20260910_105035,STILL_1P_NA,21.080,25930910,287,STILL,NA,1,P03,LAB01,1,0,0,0,0,0
20260910_105035,STILL_1P_NA,21.080,25930910,287,STILL,NA,1,P03,LAB01,2,0,0,0,0,0
20260910_105035,STILL_1P_NA,21.169,26019892,288,STILL,NA,1,P03,LAB01,0,1,2516,4942,-8,360
20260910_105035,STILL_1P_NA,21.169,26019892,288,STILL,NA,1,P03,LAB01,1,0,0,0,0,0
20260910_105035,STILL_1P_NA,21.169,26019892,288,STILL,NA,1,P03,LAB01,2,0,0,0,0,0
20260910_105035,STILL_1P_NA,21.258,26108400,289,STILL,NA,1,P03,LAB01,0,1,2522,4931,-8,360
20260910_105035,STILL_1P_NA,21.258,26108400,289,STILL,NA,1,P03,LAB01,1,0,0,0,0,0
20260910_105035,STILL_1P_NA,21.258,26108400,289,STILL,NA,1,P03,LAB01,2,0,0,0,0,0
20260910_105035,STILL_1P_NA,21.347,26197641,290,STILL,NA,1,P03,LAB01,0,1,2538,4917,-8,360
20260910_105035,STILL_1P_NA,21.347,26197641,290,STILL,NA,1,P03,LAB01,1,0,0,0,0,0
20260910_105035,STILL_1P_NA,21.347,26197641,290,STILL,NA,1,P03,LAB01,2,0,0,0,0,0
20260910_105035,STILL_1P_NA,21.437,26286904,291,STILL,NA,1,P03,LAB01,0,1,2540,4907,-8,360
20260910_105035,STILL_1P_NA,21.437,26286904,291,STILL,NA,1,P03,LAB01,1,0,0,0,0,0
20260910_105035,STILL_1P_NA,21.437,26286904,291,STILL,NA,1,P03,LAB01,2,0,0,0,0,0
20260910_105035,STILL_1P_NA,21.525,26375762,292,STILL,NA,1,P03,LAB01,0,1,2534,4905,8,360
20260910_105035,STILL_1P_NA,21.525,26375762,292,STILL,NA,1,P03,LAB01,1,0,0,0,0,0
20260910_105035,STILL_1P_NA,21.525,26375762,292,STILL,NA,1,P03,LAB01,2,0,0,0,0,0
20260910_105035,STILL_1P_NA,21.615,26464904,293,STILL,NA,1,P03,LAB01,0,1,2525,4906,8,360
20260910_105035,STILL_1P_NA,21.615,26464904,293,STILL,NA,1,P03,LAB01,1,0,0,0,0,0
20260910_105035,STILL_1P_NA,21.615,26464904,293,STILL,NA,1,P03,LAB01,2,0,0,0,0,0
20260910_105035,STILL_1P_NA,21.703,26553600,294,STILL,NA,1,P03,LAB01,0,1,2505,4909,-8,360
20260910_105035,STILL_1P_NA,21.703,26553600,294,STILL,NA,1,P03,LAB01,1,0,0,0,0,0
20260910_105035,STILL_1P_NA,21.703,26553600,294,STILL,NA,1,P03,LAB01,2,0,0,0,0,0
20260910_105035,STILL_1P_NA,21.792,26642771,295,STILL,NA,1,P03,LAB01,0,1,2488,4921,-8,360
20260910_105035,STILL_1P_NA,21.792,26642771,295,STILL,NA,1,P03,LAB01,1,0,0,0,0,0
20260910_105035,STILL_1P_NA,21.792,26642771,295,STILL,NA,1,P03,LAB01,2,0,0,0,0,0
20260910_105035,STILL_1P_NA,21.881,26731686,296,STILL,NA,1,P03,LAB01,0,1,2454,4939,16,360
20260910_105035,STILL_1P_NA,21.881,26731686,296,STILL,NA,1,P03,LAB01,1,0,0,0,0,0
20260910_105035,STILL_1P_NA,21.881,26731686,296,STILL,NA,1,P03,LAB01,2,0,0,0,0,0
20260910_105035,STILL_1P_NA,21.970,26820762,297,STILL,NA,1,P03,LAB01,0,1,2390,4957,16,360
20260910_105035,STILL_1P_NA,21.970,26820762,297,STILL,NA,1,P03,LAB01,1,0,0,0,0,0
20260910_105035,STILL_1P_NA,21.970,26820762,297,STILL,NA,1,P03,LAB01,2,0,0,0,0,0
20260910_105035,STILL_1P_NA,22.059,26909496,298,STILL,NA,1,P03,LAB01,0,1,2356,4972,8,360
20260910_105035,STILL_1P_NA,22.059,26909496,298,STILL,NA,1,P03,LAB01,1,0,0,0,0,0
20260910_105035,STILL_1P_NA,22.059,26909496,298,STILL,NA,1,P03,LAB01,2,0,0,0,0,0
20260910_105035,STILL_1P_NA,22.148,26998510,299,STILL,NA,1,P03,LAB01,0,1,2365,4981,8,360
20260910_105035,STILL_1P_NA,22.148,26998510,299,STILL,NA,1,P03,LAB01,1,0,0,0,0,0
20260910_105035,STILL_1P_NA,22.148,26998510,299,STILL,NA,1,P03,LAB01,2,0,0,0,0,0
20260910_105035,STILL_1P_NA,22.237,27087713,300,STILL,NA,1,P03,LAB01,0,1,2376,4982,8,360
20260910_105035,STILL_1P_NA,22.237,27087713,300,STILL,NA,1,P03,LAB01,1,0,0,0,0,0
20260910_105035,STILL_1P_NA,22.237,27087713,300,STILL,NA,1,P03,LAB01,2,0,0,0,0,0
20260910_105035,STILL_1P_NA,22.326,27176976,301,STILL,NA,1,P03,LAB01,0,1,2377,4983,8,360
20260910_105035,STILL_1P_NA,22.326,27176976,301,STILL,NA,1,P03,LAB01,1,0,0,0,0,0
20260910_105035,STILL_1P_NA,22.326,27176976,301,STILL,NA,1,P03,LAB01,2,0,0,0,0,0
20260910_105035,STILL_1P_NA,22.415,27265771,302,STILL,NA,1,P03,LAB01,0,1,2375,4986,8,360
20260910_105035,STILL_1P_NA,22.415,27265771,302,STILL,NA,1,P03,LAB01,1,0,0,0,0,0
20260910_105035,STILL_1P_NA,22.415,27265771,302,STILL,NA,1,P03,LAB01,2,0,0,0,0,0
20260910_105035,STILL_1P_NA,22.504,27354531,303,STILL,NA,1,P03,LAB01,0,1,2373,4987,8,360
20260910_105035,STILL_1P_NA,22.504,27354531,303,STILL,NA,1,P03,LAB01,1,0,0,0,0,0
20260910_105035,STILL_1P_NA,22.504,27354531,303,STILL,NA,1,P03,LAB01,2,0,0,0,0,0
20260910_105035,STILL_1P_NA,22.593,27443585,304,STILL,NA,1,P03,LAB01,0,1,2375,4985,8,360
20260910_105035,STILL_1P_NA,22.593,27443585,304,STILL,NA,1,P03,LAB01,1,0,0,0,0,0
20260910_105035,STILL_1P_NA,22.593,27443585,304,STILL,NA,1,P03,LAB01,2,0,0,0,0,0
20260910_105035,STILL_1P_NA,22.682,27532285,305,STILL,NA,1,P03,LAB01,0,1,2374,4986,8,360
20260910_105035,STILL_1P_NA,22.682,27532285,305,STILL,NA,1,P03,LAB01,1,0,0,0,0,0
20260910_105035,STILL_1P_NA,22.682,27532285,305,STILL,NA,1,P03,LAB01,2,0,0,0,0,0
20260910_105035,STILL_1P_NA,22.771,27621510,306,STILL,NA,1,P03,LAB01,0,1,2373,4987,8,360
20260910_105035,STILL_1P_NA,22.771,27621510,306,STILL,NA,1,P03,LAB01,1,0,0,0,0,0
20260910_105035,STILL_1P_NA,22.771,27621510,306,STILL,NA,1,P03,LAB01,2,0,0,0,0,0
20260910_105035,STILL_1P_NA,22.860,27710366,307,STILL,NA,1,P03,LAB01,0,1,2377,4987,8,360
20260910_105035,STILL_1P_NA,22.860,27710366,307,STILL,NA,1,P03,LAB01,1,0,0,0,0,0
20260910_105035,STILL_1P_NA,22.860,27710366,307,STILL,NA,1,P03,LAB01,2,0,0,0,0,0
20260910_105035,STILL_1P_NA,22.949,27799789,308,STILL,NA,1,P03,LAB01,0,1,2387,4983,8,360
20260910_105035,STILL_1P_NA,22.949,27799789,308,STILL,NA,1,P03,LAB01,1,0,0,0,0,0
20260910_105035,STILL_1P_NA,22.949,27799789,308,STILL,NA,1,P03,LAB01,2,0,0,0,0,0
20260910_105035,STILL_1P_NA,23.038,27888620,309,STILL,NA,1,P03,LAB01,0,1,2399,4974,16,360
20260910_105035,STILL_1P_NA,23.038,27888620,309,STILL,NA,1,P03,LAB01,1,0,0,0,0,0
20260910_105035,STILL_1P_NA,23.038,27888620,309,STILL,NA,1,P03,LAB01,2,0,0,0,0,0
20260910_105035,STILL_1P_NA,23.127,27977531,310,STILL,NA,1,P03,LAB01,0,1,2417,4966,16,360
20260910_105035,STILL_1P_NA,23.127,27977531,310,STILL,NA,1,P03,LAB01,1,0,0,0,0,0
20260910_105035,STILL_1P_NA,23.127,27977531,310,STILL,NA,1,P03,LAB01,2,0,0,0,0,0
20260910_105035,STILL_1P_NA,23.216,28066548,311,STILL,NA,1,P03,LAB01,0,1,2469,4944,8,360
20260910_105035,STILL_1P_NA,23.216,28066548,311,STILL,NA,1,P03,LAB01,1,0,0,0,0,0
20260910_105035,STILL_1P_NA,23.216,28066548,311,STILL,NA,1,P03,LAB01,2,0,0,0,0,0
20260910_105035,STILL_1P_NA,23.305,28155564,312,STILL,NA,1,P03,LAB01,0,1,2513,4927,8,360
20260910_105035,STILL_1P_NA,23.305,28155564,312,STILL,NA,1,P03,LAB01,1,0,0,0,0,0
20260910_105035,STILL_1P_NA,23.305,28155564,312,STILL,NA,1,P03,LAB01,2,0,0,0,0,0
20260910_105035,STILL_1P_NA,23.394,28244447,313,STILL,NA,1,P03,LAB01,0,1,2545,4909,8,360
20260910_105035,STILL_1P_NA,23.394,28244447,313,STILL,NA,1,P03,LAB01,1,0,0,0,0,0
20260910_105035,STILL_1P_NA,23.394,28244447,313,STILL,NA,1,P03,LAB01,2,0,0,0,0,0
20260910_105035,STILL_1P_NA,23.483,28333626,314,STILL,NA,1,P03,LAB01,0,1,2575,4900,0,360
20260910_105035,STILL_1P_NA,23.483,28333626,314,STILL,NA,1,P03,LAB01,1,0,0,0,0,0
20260910_105035,STILL_1P_NA,23.483,28333626,314,STILL,NA,1,P03,LAB01,2,0,0,0,0,0
20260910_105035,STILL_1P_NA,23.572,28422326,315,STILL,NA,1,P03,LAB01,0,1,2591,4898,8,360
20260910_105035,STILL_1P_NA,23.572,28422326,315,STILL,NA,1,P03,LAB01,1,0,0,0,0,0
20260910_105035,STILL_1P_NA,23.572,28422326,315,STILL,NA,1,P03,LAB01,2,0,0,0,0,0
20260910_105035,STILL_1P_NA,23.661,28511490,316,STILL,NA,1,P03,LAB01,0,1,2593,4898,8,360
20260910_105035,STILL_1P_NA,23.661,28511490,316,STILL,NA,1,P03,LAB01,1,0,0,0,0,0
20260910_105035,STILL_1P_NA,23.661,28511490,316,STILL,NA,1,P03,LAB01,2,0,0,0,0,0
20260910_105035,STILL_1P_NA,23.750,28600317,317,STILL,NA,1,P03,LAB01,0,1,2597,4897,8,360
20260910_105035,STILL_1P_NA,23.750,28600317,317,STILL,NA,1,P03,LAB01,1,0,0,0,0,0
20260910_105035,STILL_1P_NA,23.750,28600317,317,STILL,NA,1,P03,LAB01,2,0,0,0,0,0
20260910_105035,STILL_1P_NA,23.839,28689455,318,STILL,NA,1,P03,LAB01,0,1,2601,4895,8,360
20260910_105035,STILL_1P_NA,23.839,28689455,318,STILL,NA,1,P03,LAB01,1,0,0,0,0,0
20260910_105035,STILL_1P_NA,23.839,28689455,318,STILL,NA,1,P03,LAB01,2,0,0,0,0,0
20260910_105035,STILL_1P_NA,23.928,28778317,319,STILL,NA,1,P03,LAB01,0,1,2607,4895,0,360
20260910_105035,STILL_1P_NA,23.928,28778317,319,STILL,NA,1,P03,LAB01,1,0,0,0,0,0
20260910_105035,STILL_1P_NA,23.928,28778317,319,STILL,NA,1,P03,LAB01,2,0,0,0,0,0
20260910_105035,STILL_1P_NA,24.017,28867421,320,STILL,NA,1,P03,LAB01,0,1,2618,4895,-8,360
20260910_105035,STILL_1P_NA,24.017,28867421,320,STILL,NA,1,P03,LAB01,1,0,0,0,0,0
20260910_105035,STILL_1P_NA,24.017,28867421,320,STILL,NA,1,P03,LAB01,2,0,0,0,0,0
20260910_105035,STILL_1P_NA,24.106,28956497,321,STILL,NA,1,P03,LAB01,0,1,2631,4895,-8,360
20260910_105035,STILL_1P_NA,24.106,28956497,321,STILL,NA,1,P03,LAB01,1,0,0,0,0,0
20260910_105035,STILL_1P_NA,24.106,28956497,321,STILL,NA,1,P03,LAB01,2,0,0,0,0,0
20260910_105035,STILL_1P_NA,24.195,29045575,322,STILL,NA,1,P03,LAB01,0,1,2640,4896,0,360
20260910_105035,STILL_1P_NA,24.195,29045575,322,STILL,NA,1,P03,LAB01,1,0,0,0,0,0
20260910_105035,STILL_1P_NA,24.195,29045575,322,STILL,NA,1,P03,LAB01,2,0,0,0,0,0
20260910_105035,STILL_1P_NA,24.284,29134365,323,STILL,NA,1,P03,LAB01,0,1,2645,4897,-8,360
20260910_105035,STILL_1P_NA,24.284,29134365,323,STILL,NA,1,P03,LAB01,1,0,0,0,0,0
20260910_105035,STILL_1P_NA,24.284,29134365,323,STILL,NA,1,P03,LAB01,2,0,0,0,0,0
20260910_105035,STILL_1P_NA,24.373,29223696,324,STILL,NA,1,P03,LAB01,0,1,2649,4899,0,360
20260910_105035,STILL_1P_NA,24.373,29223696,324,STILL,NA,1,P03,LAB01,1,0,0,0,0,0
20260910_105035,STILL_1P_NA,24.373,29223696,324,STILL,NA,1,P03,LAB01,2,0,0,0,0,0
20260910_105035,STILL_1P_NA,24.462,29312454,325,STILL,NA,1,P03,LAB01,0,1,2651,4901,8,360
20260910_105035,STILL_1P_NA,24.462,29312454,325,STILL,NA,1,P03,LAB01,1,0,0,0,0,0
20260910_105035,STILL_1P_NA,24.462,29312454,325,STILL,NA,1,P03,LAB01,2,0,0,0,0,0
20260910_105035,STILL_1P_NA,24.551,29401531,326,STILL,NA,1,P03,LAB01,0,1,2651,4904,0,360
20260910_105035,STILL_1P_NA,24.551,29401531,326,STILL,NA,1,P03,LAB01,1,0,0,0,0,0
20260910_105035,STILL_1P_NA,24.551,29401531,326,STILL,NA,1,P03,LAB01,2,0,0,0,0,0
20260910_105035,STILL_1P_NA,24.639,29490019,327,STILL,NA,1,P03,LAB01,0,1,2654,4904,0,360
20260910_105035,STILL_1P_NA,24.639,29490019,327,STILL,NA,1,P03,LAB01,1,0,0,0,0,0
20260910_105035,STILL_1P_NA,24.639,29490019,327,STILL,NA,1,P03,LAB01,2,0,0,0,0,0
20260910_105035,STILL_1P_NA,24.729,29579435,328,STILL,NA,1,P03,LAB01,0,1,2659,4903,0,360
20260910_105035,STILL_1P_NA,24.729,29579435,328,STILL,NA,1,P03,LAB01,1,0,0,0,0,0
20260910_105035,STILL_1P_NA,24.729,29579435,328,STILL,NA,1,P03,LAB01,2,0,0,0,0,0
20260910_105035,STILL_1P_NA,24.817,29668132,329,STILL,NA,1,P03,LAB01,0,1,2666,4901,0,360
20260910_105035,STILL_1P_NA,24.817,29668132,329,STILL,NA,1,P03,LAB01,1,0,0,0,0,0
20260910_105035,STILL_1P_NA,24.817,29668132,329,STILL,NA,1,P03,LAB01,2,0,0,0,0,0
20260910_105035,STILL_1P_NA,24.907,29757274,330,STILL,NA,1,P03,LAB01,0,1,2673,4902,0,360
20260910_105035,STILL_1P_NA,24.907,29757274,330,STILL,NA,1,P03,LAB01,1,0,0,0,0,0
20260910_105035,STILL_1P_NA,24.907,29757274,330,STILL,NA,1,P03,LAB01,2,0,0,0,0,0
20260910_105035,STILL_1P_NA,24.996,29846226,331,STILL,NA,1,P03,LAB01,0,1,2677,4904,0,360
20260910_105035,STILL_1P_NA,24.996,29846226,331,STILL,NA,1,P03,LAB01,1,0,0,0,0,0
20260910_105035,STILL_1P_NA,24.996,29846226,331,STILL,NA,1,P03,LAB01,2,0,0,0,0,0
20260910_105035,STILL_1P_NA,25.085,29935428,332,STILL,NA,1,P03,LAB01,0,1,2680,4908,0,360
20260910_105035,STILL_1P_NA,25.085,29935428,332,STILL,NA,1,P03,LAB01,1,0,0,0,0,0
20260910_105035,STILL_1P_NA,25.085,29935428,332,STILL,NA,1,P03,LAB01,2,0,0,0,0,0
20260910_105035,STILL_1P_NA,25.174,30024254,333,STILL,NA,1,P03,LAB01,0,1,2679,4913,-32,360
20260910_105035,STILL_1P_NA,25.174,30024254,333,STILL,NA,1,P03,LAB01,1,0,0,0,0,0
20260910_105035,STILL_1P_NA,25.174,30024254,333,STILL,NA,1,P03,LAB01,2,0,0,0,0,0
20260910_105035,STILL_1P_NA,25.263,30113329,334,STILL,NA,1,P03,LAB01,0,1,2680,4916,0,360
20260910_105035,STILL_1P_NA,25.263,30113329,334,STILL,NA,1,P03,LAB01,1,0,0,0,0,0
20260910_105035,STILL_1P_NA,25.263,30113329,334,STILL,NA,1,P03,LAB01,2,0,0,0,0,0
20260910_105035,STILL_1P_NA,25.352,30202285,335,STILL,NA,1,P03,LAB01,0,1,2679,4927,0,360
20260910_105035,STILL_1P_NA,25.352,30202285,335,STILL,NA,1,P03,LAB01,1,0,0,0,0,0
20260910_105035,STILL_1P_NA,25.352,30202285,335,STILL,NA,1,P03,LAB01,2,0,0,0,0,0
20260910_105035,STILL_1P_NA,25.441,30291483,336,STILL,NA,1,P03,LAB01,0,1,2682,4943,0,360
20260910_105035,STILL_1P_NA,25.441,30291483,336,STILL,NA,1,P03,LAB01,1,0,0,0,0,0
20260910_105035,STILL_1P_NA,25.441,30291483,336,STILL,NA,1,P03,LAB01,2,0,0,0,0,0
20260910_105035,STILL_1P_NA,25.530,30380285,337,STILL,NA,1,P03,LAB01,0,1,2666,4971,8,360
20260910_105035,STILL_1P_NA,25.530,30380285,337,STILL,NA,1,P03,LAB01,1,0,0,0,0,0
20260910_105035,STILL_1P_NA,25.530,30380285,337,STILL,NA,1,P03,LAB01,2,0,0,0,0,0
20260910_105035,STILL_1P_NA,25.619,30469324,338,STILL,NA,1,P03,LAB01,0,1,2664,4989,8,360
20260910_105035,STILL_1P_NA,25.619,30469324,338,STILL,NA,1,P03,LAB01,1,0,0,0,0,0
20260910_105035,STILL_1P_NA,25.619,30469324,338,STILL,NA,1,P03,LAB01,2,0,0,0,0,0
20260910_105035,STILL_1P_NA,25.708,30558144,339,STILL,NA,1,P03,LAB01,0,1,2664,4991,0,360
20260910_105035,STILL_1P_NA,25.708,30558144,339,STILL,NA,1,P03,LAB01,1,0,0,0,0,0
20260910_105035,STILL_1P_NA,25.708,30558144,339,STILL,NA,1,P03,LAB01,2,0,0,0,0,0
20260910_105035,STILL_1P_NA,25.797,30647441,340,STILL,NA,1,P03,LAB01,0,1,2673,4980,8,360
20260910_105035,STILL_1P_NA,25.797,30647441,340,STILL,NA,1,P03,LAB01,1,0,0,0,0,0
20260910_105035,STILL_1P_NA,25.797,30647441,340,STILL,NA,1,P03,LAB01,2,0,0,0,0,0
20260910_105035,STILL_1P_NA,25.886,30736244,341,STILL,NA,1,P03,LAB01,0,1,2676,4978,0,360
20260910_105035,STILL_1P_NA,25.886,30736244,341,STILL,NA,1,P03,LAB01,1,0,0,0,0,0
20260910_105035,STILL_1P_NA,25.886,30736244,341,STILL,NA,1,P03,LAB01,2,0,0,0,0,0
20260910_105035,STILL_1P_NA,25.975,30825343,342,STILL,NA,1,P03,LAB01,0,1,2680,4974,0,360
20260910_105035,STILL_1P_NA,25.975,30825343,342,STILL,NA,1,P03,LAB01,1,0,0,0,0,0
20260910_105035,STILL_1P_NA,25.975,30825343,342,STILL,NA,1,P03,LAB01,2,0,0,0,0,0
20260910_105035,STILL_1P_NA,26.063,30913860,343,STILL,NA,1,P03,LAB01,0,1,2684,4970,0,360
20260910_105035,STILL_1P_NA,26.063,30913860,343,STILL,NA,1,P03,LAB01,1,0,0,0,0,0
20260910_105035,STILL_1P_NA,26.063,30913860,343,STILL,NA,1,P03,LAB01,2,0,0,0,0,0
20260910_105035,STILL_1P_NA,26.153,31003247,344,STILL,NA,1,P03,LAB01,0,1,2681,4971,8,360
20260910_105035,STILL_1P_NA,26.153,31003247,344,STILL,NA,1,P03,LAB01,1,0,0,0,0,0
20260910_105035,STILL_1P_NA,26.153,31003247,344,STILL,NA,1,P03,LAB01,2,0,0,0,0,0
20260910_105035,STILL_1P_NA,26.242,31092102,345,STILL,NA,1,P03,LAB01,0,1,2671,4974,0,360
20260910_105035,STILL_1P_NA,26.242,31092102,345,STILL,NA,1,P03,LAB01,1,0,0,0,0,0
20260910_105035,STILL_1P_NA,26.242,31092102,345,STILL,NA,1,P03,LAB01,2,0,0,0,0,0
20260910_105035,STILL_1P_NA,26.331,31181274,346,STILL,NA,1,P03,LAB01,0,1,2659,4977,0,360
20260910_105035,STILL_1P_NA,26.331,31181274,346,STILL,NA,1,P03,LAB01,1,0,0,0,0,0
20260910_105035,STILL_1P_NA,26.331,31181274,346,STILL,NA,1,P03,LAB01,2,0,0,0,0,0
20260910_105035,STILL_1P_NA,26.420,31270226,347,STILL,NA,1,P03,LAB01,0,1,2619,4990,0,360
20260910_105035,STILL_1P_NA,26.420,31270226,347,STILL,NA,1,P03,LAB01,1,0,0,0,0,0
20260910_105035,STILL_1P_NA,26.420,31270226,347,STILL,NA,1,P03,LAB01,2,0,0,0,0,0
20260910_105035,STILL_1P_NA,26.509,31359274,348,STILL,NA,1,P03,LAB01,0,1,2583,5002,0,360
20260910_105035,STILL_1P_NA,26.509,31359274,348,STILL,NA,1,P03,LAB01,1,0,0,0,0,0
20260910_105035,STILL_1P_NA,26.509,31359274,348,STILL,NA,1,P03,LAB01,2,0,0,0,0,0
20260910_105035,STILL_1P_NA,26.598,31448254,349,STILL,NA,1,P03,LAB01,0,1,2576,5002,0,360
20260910_105035,STILL_1P_NA,26.598,31448254,349,STILL,NA,1,P03,LAB01,1,0,0,0,0,0
20260910_105035,STILL_1P_NA,26.598,31448254,349,STILL,NA,1,P03,LAB01,2,0,0,0,0,0
20260910_105035,STILL_1P_NA,26.687,31537392,350,STILL,NA,1,P03,LAB01,0,1,2572,5001,0,360
20260910_105035,STILL_1P_NA,26.687,31537392,350,STILL,NA,1,P03,LAB01,1,0,0,0,0,0
20260910_105035,STILL_1P_NA,26.687,31537392,350,STILL,NA,1,P03,LAB01,2,0,0,0,0,0
20260910_105035,STILL_1P_NA,26.776,31626280,351,STILL,NA,1,P03,LAB01,0,1,2573,5001,-8,360
20260910_105035,STILL_1P_NA,26.776,31626280,351,STILL,NA,1,P03,LAB01,1,0,0,0,0,0
20260910_105035,STILL_1P_NA,26.776,31626280,351,STILL,NA,1,P03,LAB01,2,0,0,0,0,0
20260910_105035,STILL_1P_NA,26.864,31715069,352,STILL,NA,1,P03,LAB01,0,1,2571,4999,0,360
20260910_105035,STILL_1P_NA,26.864,31715069,352,STILL,NA,1,P03,LAB01,1,0,0,0,0,0
20260910_105035,STILL_1P_NA,26.864,31715069,352,STILL,NA,1,P03,LAB01,2,0,0,0,0,0
20260910_105035,STILL_1P_NA,26.953,31804052,353,STILL,NA,1,P03,LAB01,0,1,2571,4995,0,360
20260910_105035,STILL_1P_NA,26.953,31804052,353,STILL,NA,1,P03,LAB01,1,0,0,0,0,0
20260910_105035,STILL_1P_NA,26.953,31804052,353,STILL,NA,1,P03,LAB01,2,0,0,0,0,0
20260910_105035,STILL_1P_NA,27.042,31893069,354,STILL,NA,1,P03,LAB01,0,1,2575,4990,-8,360
20260910_105035,STILL_1P_NA,27.042,31893069,354,STILL,NA,1,P03,LAB01,1,0,0,0,0,0
20260910_105035,STILL_1P_NA,27.042,31893069,354,STILL,NA,1,P03,LAB01,2,0,0,0,0,0
20260910_105035,STILL_1P_NA,27.131,31982144,355,STILL,NA,1,P03,LAB01,0,1,2587,4983,0,360
20260910_105035,STILL_1P_NA,27.131,31982144,355,STILL,NA,1,P03,LAB01,1,0,0,0,0,0
20260910_105035,STILL_1P_NA,27.131,31982144,355,STILL,NA,1,P03,LAB01,2,0,0,0,0,0
20260910_105035,STILL_1P_NA,27.220,32070916,356,STILL,NA,1,P03,LAB01,0,1,2602,4975,-8,360
20260910_105035,STILL_1P_NA,27.220,32070916,356,STILL,NA,1,P03,LAB01,1,0,0,0,0,0
20260910_105035,STILL_1P_NA,27.220,32070916,356,STILL,NA,1,P03,LAB01,2,0,0,0,0,0
20260910_105035,STILL_1P_NA,27.310,32159993,357,STILL,NA,1,P03,LAB01,0,1,2624,4964,-8,360
20260910_105035,STILL_1P_NA,27.310,32159993,357,STILL,NA,1,P03,LAB01,1,0,0,0,0,0
20260910_105035,STILL_1P_NA,27.310,32159993,357,STILL,NA,1,P03,LAB01,2,0,0,0,0,0
20260910_105035,STILL_1P_NA,27.399,32249372,358,STILL,NA,1,P03,LAB01,0,1,2692,4938,0,360
20260910_105035,STILL_1P_NA,27.399,32249372,358,STILL,NA,1,P03,LAB01,1,0,0,0,0,0
20260910_105035,STILL_1P_NA,27.399,32249372,358,STILL,NA,1,P03,LAB01,2,0,0,0,0,0
20260910_105035,STILL_1P_NA,27.488,32338076,359,STILL,NA,1,P03,LAB01,0,1,2706,4944,0,360
20260910_105035,STILL_1P_NA,27.488,32338076,359,STILL,NA,1,P03,LAB01,1,0,0,0,0,0
20260910_105035,STILL_1P_NA,27.488,32338076,359,STILL,NA,1,P03,LAB01,2,0,0,0,0,0
20260910_105035,STILL_1P_NA,27.576,32427179,360,STILL,NA,1,P03,LAB01,0,1,2698,4948,-8,360
20260910_105035,STILL_1P_NA,27.576,32427179,360,STILL,NA,1,P03,LAB01,1,0,0,0,0,0
20260910_105035,STILL_1P_NA,27.576,32427179,360,STILL,NA,1,P03,LAB01,2,0,0,0,0,0
20260910_105035,STILL_1P_NA,27.666,32515984,361,STILL,NA,1,P03,LAB01,0,1,2694,4949,-8,360
20260910_105035,STILL_1P_NA,27.666,32515984,361,STILL,NA,1,P03,LAB01,1,0,0,0,0,0
20260910_105035,STILL_1P_NA,27.666,32515984,361,STILL,NA,1,P03,LAB01,2,0,0,0,0,0
20260910_105035,STILL_1P_NA,27.754,32605025,362,STILL,NA,1,P03,LAB01,0,1,2675,4951,-8,360
20260910_105035,STILL_1P_NA,27.754,32605025,362,STILL,NA,1,P03,LAB01,1,0,0,0,0,0
20260910_105035,STILL_1P_NA,27.754,32605025,362,STILL,NA,1,P03,LAB01,2,0,0,0,0,0
20260910_105035,STILL_1P_NA,27.844,32694291,363,STILL,NA,1,P03,LAB01,0,1,2664,4948,-8,360
20260910_105035,STILL_1P_NA,27.844,32694291,363,STILL,NA,1,P03,LAB01,1,0,0,0,0,0
20260910_105035,STILL_1P_NA,27.844,32694291,363,STILL,NA,1,P03,LAB01,2,0,0,0,0,0
20260910_105035,STILL_1P_NA,27.932,32782803,364,STILL,NA,1,P03,LAB01,0,1,2680,4940,-8,360
20260910_105035,STILL_1P_NA,27.932,32782803,364,STILL,NA,1,P03,LAB01,1,0,0,0,0,0
20260910_105035,STILL_1P_NA,27.932,32782803,364,STILL,NA,1,P03,LAB01,2,0,0,0,0,0
20260910_105035,STILL_1P_NA,28.021,32872003,365,STILL,NA,1,P03,LAB01,0,1,2688,4937,-8,360
20260910_105035,STILL_1P_NA,28.021,32872003,365,STILL,NA,1,P03,LAB01,1,0,0,0,0,0
20260910_105035,STILL_1P_NA,28.021,32872003,365,STILL,NA,1,P03,LAB01,2,0,0,0,0,0
20260910_105035,STILL_1P_NA,28.110,32960771,366,STILL,NA,1,P03,LAB01,0,1,2697,4938,-8,360
20260910_105035,STILL_1P_NA,28.110,32960771,366,STILL,NA,1,P03,LAB01,1,0,0,0,0,0
20260910_105035,STILL_1P_NA,28.110,32960771,366,STILL,NA,1,P03,LAB01,2,0,0,0,0,0
20260910_105035,STILL_1P_NA,28.199,33050028,367,STILL,NA,1,P03,LAB01,0,1,2702,4938,-8,360
20260910_105035,STILL_1P_NA,28.199,33050028,367,STILL,NA,1,P03,LAB01,1,0,0,0,0,0
20260910_105035,STILL_1P_NA,28.199,33050028,367,STILL,NA,1,P03,LAB01,2,0,0,0,0,0
20260910_105035,STILL_1P_NA,28.288,33138921,368,STILL,NA,1,P03,LAB01,0,1,2701,4937,-8,360
20260910_105035,STILL_1P_NA,28.288,33138921,368,STILL,NA,1,P03,LAB01,1,0,0,0,0,0
20260910_105035,STILL_1P_NA,28.288,33138921,368,STILL,NA,1,P03,LAB01,2,0,0,0,0,0
20260910_105035,STILL_1P_NA,28.378,33228311,369,STILL,NA,1,P03,LAB01,0,1,2701,4931,0,360
20260910_105035,STILL_1P_NA,28.378,33228311,369,STILL,NA,1,P03,LAB01,1,0,0,0,0,0
20260910_105035,STILL_1P_NA,28.378,33228311,369,STILL,NA,1,P03,LAB01,2,0,0,0,0,0
20260910_105035,STILL_1P_NA,28.467,33316948,370,STILL,NA,1,P03,LAB01,0,1,2712,4922,0,360
20260910_105035,STILL_1P_NA,28.467,33316948,370,STILL,NA,1,P03,LAB01,1,0,0,0,0,0
20260910_105035,STILL_1P_NA,28.467,33316948,370,STILL,NA,1,P03,LAB01,2,0,0,0,0,0
20260910_105035,STILL_1P_NA,28.555,33406206,371,STILL,NA,1,P03,LAB01,0,1,2712,4921,0,360
20260910_105035,STILL_1P_NA,28.555,33406206,371,STILL,NA,1,P03,LAB01,1,0,0,0,0,0
20260910_105035,STILL_1P_NA,28.555,33406206,371,STILL,NA,1,P03,LAB01,2,0,0,0,0,0
20260910_105035,STILL_1P_NA,28.644,33494817,372,STILL,NA,1,P03,LAB01,0,1,2692,4925,0,360
20260910_105035,STILL_1P_NA,28.644,33494817,372,STILL,NA,1,P03,LAB01,1,0,0,0,0,0
20260910_105035,STILL_1P_NA,28.644,33494817,372,STILL,NA,1,P03,LAB01,2,0,0,0,0,0
20260910_105035,STILL_1P_NA,28.733,33584076,373,STILL,NA,1,P03,LAB01,0,1,2658,4938,0,360
20260910_105035,STILL_1P_NA,28.733,33584076,373,STILL,NA,1,P03,LAB01,1,0,0,0,0,0
20260910_105035,STILL_1P_NA,28.733,33584076,373,STILL,NA,1,P03,LAB01,2,0,0,0,0,0
20260910_105035,STILL_1P_NA,28.822,33672972,374,STILL,NA,1,P03,LAB01,0,1,2591,4965,-8,360
20260910_105035,STILL_1P_NA,28.822,33672972,374,STILL,NA,1,P03,LAB01,1,0,0,0,0,0
20260910_105035,STILL_1P_NA,28.822,33672972,374,STILL,NA,1,P03,LAB01,2,0,0,0,0,0
20260910_105035,STILL_1P_NA,28.912,33762135,375,STILL,NA,1,P03,LAB01,0,1,2518,4994,-8,360
20260910_105035,STILL_1P_NA,28.912,33762135,375,STILL,NA,1,P03,LAB01,1,0,0,0,0,0
20260910_105035,STILL_1P_NA,28.912,33762135,375,STILL,NA,1,P03,LAB01,2,0,0,0,0,0
20260910_105035,STILL_1P_NA,29.000,33850750,376,STILL,NA,1,P03,LAB01,0,1,2523,4980,-8,360
20260910_105035,STILL_1P_NA,29.000,33850750,376,STILL,NA,1,P03,LAB01,1,0,0,0,0,0
20260910_105035,STILL_1P_NA,29.000,33850750,376,STILL,NA,1,P03,LAB01,2,0,0,0,0,0
20260910_105035,STILL_1P_NA,29.089,33939947,377,STILL,NA,1,P03,LAB01,0,1,2533,4969,-8,360
20260910_105035,STILL_1P_NA,29.089,33939947,377,STILL,NA,1,P03,LAB01,1,0,0,0,0,0
20260910_105035,STILL_1P_NA,29.089,33939947,377,STILL,NA,1,P03,LAB01,2,0,0,0,0,0
20260910_105035,STILL_1P_NA,29.178,34028812,378,STILL,NA,1,P03,LAB01,0,1,2530,4963,-8,360
20260910_105035,STILL_1P_NA,29.178,34028812,378,STILL,NA,1,P03,LAB01,1,0,0,0,0,0
20260910_105035,STILL_1P_NA,29.178,34028812,378,STILL,NA,1,P03,LAB01,2,0,0,0,0,0
20260910_105035,STILL_1P_NA,29.267,34117976,379,STILL,NA,1,P03,LAB01,0,1,2536,4963,0,360
20260910_105035,STILL_1P_NA,29.267,34117976,379,STILL,NA,1,P03,LAB01,1,0,0,0,0,0
20260910_105035,STILL_1P_NA,29.267,34117976,379,STILL,NA,1,P03,LAB01,2,0,0,0,0,0
20260910_105035,STILL_1P_NA,29.356,34206866,380,STILL,NA,1,P03,LAB01,0,1,2542,4965,0,360
20260910_105035,STILL_1P_NA,29.356,34206866,380,STILL,NA,1,P03,LAB01,1,0,0,0,0,0
20260910_105035,STILL_1P_NA,29.356,34206866,380,STILL,NA,1,P03,LAB01,2,0,0,0,0,0
20260910_105035,STILL_1P_NA,29.445,34296219,381,STILL,NA,1,P03,LAB01,0,1,2550,4974,0,360
20260910_105035,STILL_1P_NA,29.445,34296219,381,STILL,NA,1,P03,LAB01,1,0,0,0,0,0
20260910_105035,STILL_1P_NA,29.445,34296219,381,STILL,NA,1,P03,LAB01,2,0,0,0,0,0
20260910_105035,STILL_1P_NA,29.534,34385102,382,STILL,NA,1,P03,LAB01,0,1,2563,4974,0,360
20260910_105035,STILL_1P_NA,29.534,34385102,382,STILL,NA,1,P03,LAB01,1,0,0,0,0,0
20260910_105035,STILL_1P_NA,29.534,34385102,382,STILL,NA,1,P03,LAB01,2,0,0,0,0,0
20260910_105035,STILL_1P_NA,29.623,34474029,383,STILL,NA,1,P03,LAB01,0,1,2585,4964,0,360
20260910_105035,STILL_1P_NA,29.623,34474029,383,STILL,NA,1,P03,LAB01,1,0,0,0,0,0
20260910_105035,STILL_1P_NA,29.623,34474029,383,STILL,NA,1,P03,LAB01,2,0,0,0,0,0
20260910_105035,STILL_1P_NA,29.712,34563013,384,STILL,NA,1,P03,LAB01,0,1,2590,4961,8,360
20260910_105035,STILL_1P_NA,29.712,34563013,384,STILL,NA,1,P03,LAB01,1,0,0,0,0,0
20260910_105035,STILL_1P_NA,29.712,34563013,384,STILL,NA,1,P03,LAB01,2,0,0,0,0,0
20260910_105035,STILL_1P_NA,29.802,34652079,385,STILL,NA,1,P03,LAB01,0,1,2593,4957,0,360
20260910_105035,STILL_1P_NA,29.802,34652079,385,STILL,NA,1,P03,LAB01,1,0,0,0,0,0
20260910_105035,STILL_1P_NA,29.802,34652079,385,STILL,NA,1,P03,LAB01,2,0,0,0,0,0
20260910_105035,STILL_1P_NA,29.890,34740916,386,STILL,NA,1,P03,LAB01,0,1,2597,4951,0,360
20260910_105035,STILL_1P_NA,29.890,34740916,386,STILL,NA,1,P03,LAB01,1,0,0,0,0,0
20260910_105035,STILL_1P_NA,29.890,34740916,386,STILL,NA,1,P03,LAB01,2,0,0,0,0,0
20260910_105035,STILL_1P_NA,29.979,34829803,387,STILL,NA,1,P03,LAB01,0,1,2599,4949,0,360
20260910_105035,STILL_1P_NA,29.979,34829803,387,STILL,NA,1,P03,LAB01,1,0,0,0,0,0
20260910_105035,STILL_1P_NA,29.979,34829803,387,STILL,NA,1,P03,LAB01,2,0,0,0,0,0
20260910_105035,STILL_1P_NA,30.068,34918756,388,STILL,NA,1,P03,LAB01,0,1,2602,4945,8,360
20260910_105035,STILL_1P_NA,30.068,34918756,388,STILL,NA,1,P03,LAB01,1,0,0,0,0,0
20260910_105035,STILL_1P_NA,30.068,34918756,388,STILL,NA,1,P03,LAB01,2,0,0,0,0,0
20260910_105035,STILL_1P_NA,30.157,35007957,389,STILL,NA,1,P03,LAB01,0,1,2609,4941,0,360
20260910_105035,STILL_1P_NA,30.157,35007957,389,STILL,NA,1,P03,LAB01,1,0,0,0,0,0
20260910_105035,STILL_1P_NA,30.157,35007957,389,STILL,NA,1,P03,LAB01,2,0,0,0,0,0
20260910_105035,STILL_1P_NA,30.246,35096883,390,STILL,NA,1,P03,LAB01,0,1,2615,4932,24,360
20260910_105035,STILL_1P_NA,30.246,35096883,390,STILL,NA,1,P03,LAB01,1,0,0,0,0,0
20260910_105035,STILL_1P_NA,30.246,35096883,390,STILL,NA,1,P03,LAB01,2,0,0,0,0,0
20260910_105035,STILL_1P_NA,30.335,35185893,391,STILL,NA,1,P03,LAB01,0,1,2618,4925,-8,360
20260910_105035,STILL_1P_NA,30.335,35185893,391,STILL,NA,1,P03,LAB01,1,0,0,0,0,0
20260910_105035,STILL_1P_NA,30.335,35185893,391,STILL,NA,1,P03,LAB01,2,0,0,0,0,0
20260910_105035,STILL_1P_NA,30.424,35274685,392,STILL,NA,1,P03,LAB01,0,1,2610,4924,-8,360
20260910_105035,STILL_1P_NA,30.424,35274685,392,STILL,NA,1,P03,LAB01,1,0,0,0,0,0
20260910_105035,STILL_1P_NA,30.424,35274685,392,STILL,NA,1,P03,LAB01,2,0,0,0,0,0
20260910_105035,STILL_1P_NA,30.513,35363889,393,STILL,NA,1,P03,LAB01,0,1,2599,4930,-8,360
20260910_105035,STILL_1P_NA,30.513,35363889,393,STILL,NA,1,P03,LAB01,1,0,0,0,0,0
20260910_105035,STILL_1P_NA,30.513,35363889,393,STILL,NA,1,P03,LAB01,2,0,0,0,0,0
20260910_105035,STILL_1P_NA,30.602,35452777,394,STILL,NA,1,P03,LAB01,0,1,2589,4936,-16,360
20260910_105035,STILL_1P_NA,30.602,35452777,394,STILL,NA,1,P03,LAB01,1,0,0,0,0,0
20260910_105035,STILL_1P_NA,30.602,35452777,394,STILL,NA,1,P03,LAB01,2,0,0,0,0,0
20260910_105035,STILL_1P_NA,30.691,35541730,395,STILL,NA,1,P03,LAB01,0,1,2580,4949,-8,360
20260910_105035,STILL_1P_NA,30.691,35541730,395,STILL,NA,1,P03,LAB01,1,0,0,0,0,0
20260910_105035,STILL_1P_NA,30.691,35541730,395,STILL,NA,1,P03,LAB01,2,0,0,0,0,0
20260910_105035,STILL_1P_NA,30.780,35630647,396,STILL,NA,1,P03,LAB01,0,1,2583,4950,8,360
20260910_105035,STILL_1P_NA,30.780,35630647,396,STILL,NA,1,P03,LAB01,1,0,0,0,0,0
20260910_105035,STILL_1P_NA,30.780,35630647,396,STILL,NA,1,P03,LAB01,2,0,0,0,0,0
20260910_105035,STILL_1P_NA,30.869,35719757,397,STILL,NA,1,P03,LAB01,0,1,2585,4948,0,360
20260910_105035,STILL_1P_NA,30.869,35719757,397,STILL,NA,1,P03,LAB01,1,0,0,0,0,0
20260910_105035,STILL_1P_NA,30.869,35719757,397,STILL,NA,1,P03,LAB01,2,0,0,0,0,0
20260910_105035,STILL_1P_NA,30.958,35808706,398,STILL,NA,1,P03,LAB01,0,1,2582,4944,8,360
20260910_105035,STILL_1P_NA,30.958,35808706,398,STILL,NA,1,P03,LAB01,1,0,0,0,0,0
20260910_105035,STILL_1P_NA,30.958,35808706,398,STILL,NA,1,P03,LAB01,2,0,0,0,0,0
20260910_105035,STILL_1P_NA,31.047,35897600,399,STILL,NA,1,P03,LAB01,0,1,2579,4938,8,360
20260910_105035,STILL_1P_NA,31.047,35897600,399,STILL,NA,1,P03,LAB01,1,0,0,0,0,0
20260910_105035,STILL_1P_NA,31.047,35897600,399,STILL,NA,1,P03,LAB01,2,0,0,0,0,0
20260910_105035,STILL_1P_NA,31.136,35986640,400,STILL,NA,1,P03,LAB01,0,1,2572,4939,0,360
20260910_105035,STILL_1P_NA,31.136,35986640,400,STILL,NA,1,P03,LAB01,1,0,0,0,0,0
20260910_105035,STILL_1P_NA,31.136,35986640,400,STILL,NA,1,P03,LAB01,2,0,0,0,0,0
20260910_105035,STILL_1P_NA,31.225,36075936,401,STILL,NA,1,P03,LAB01,0,1,2565,4939,-8,360
20260910_105035,STILL_1P_NA,31.225,36075936,401,STILL,NA,1,P03,LAB01,1,0,0,0,0,0
20260910_105035,STILL_1P_NA,31.225,36075936,401,STILL,NA,1,P03,LAB01,2,0,0,0,0,0
20260910_105035,STILL_1P_NA,31.314,36164730,402,STILL,NA,1,P03,LAB01,0,1,2560,4939,8,360
20260910_105035,STILL_1P_NA,31.314,36164730,402,STILL,NA,1,P03,LAB01,1,0,0,0,0,0
20260910_105035,STILL_1P_NA,31.314,36164730,402,STILL,NA,1,P03,LAB01,2,0,0,0,0,0
20260910_105035,STILL_1P_NA,31.403,36253620,403,STILL,NA,1,P03,LAB01,0,1,2561,4942,8,360
20260910_105035,STILL_1P_NA,31.403,36253620,403,STILL,NA,1,P03,LAB01,1,0,0,0,0,0
20260910_105035,STILL_1P_NA,31.403,36253620,403,STILL,NA,1,P03,LAB01,2,0,0,0,0,0
20260910_105035,STILL_1P_NA,31.492,36342600,404,STILL,NA,1,P03,LAB01,0,1,2557,4947,0,360
20260910_105035,STILL_1P_NA,31.492,36342600,404,STILL,NA,1,P03,LAB01,1,0,0,0,0,0
20260910_105035,STILL_1P_NA,31.492,36342600,404,STILL,NA,1,P03,LAB01,2,0,0,0,0,0
20260910_105035,STILL_1P_NA,31.581,36431833,405,STILL,NA,1,P03,LAB01,0,1,2553,4950,0,360
20260910_105035,STILL_1P_NA,31.581,36431833,405,STILL,NA,1,P03,LAB01,1,0,0,0,0,0
20260910_105035,STILL_1P_NA,31.581,36431833,405,STILL,NA,1,P03,LAB01,2,0,0,0,0,0
20260910_105035,STILL_1P_NA,31.670,36520750,406,STILL,NA,1,P03,LAB01,0,1,2553,4950,0,360
20260910_105035,STILL_1P_NA,31.670,36520750,406,STILL,NA,1,P03,LAB01,1,0,0,0,0,0
20260910_105035,STILL_1P_NA,31.670,36520750,406,STILL,NA,1,P03,LAB01,2,0,0,0,0,0
20260910_105035,STILL_1P_NA,31.759,36609827,407,STILL,NA,1,P03,LAB01,0,1,2550,4951,8,360
20260910_105035,STILL_1P_NA,31.759,36609827,407,STILL,NA,1,P03,LAB01,1,0,0,0,0,0
20260910_105035,STILL_1P_NA,31.759,36609827,407,STILL,NA,1,P03,LAB01,2,0,0,0,0,0
20260910_105035,STILL_1P_NA,31.848,36699025,408,STILL,NA,1,P03,LAB01,0,1,2547,4952,8,360
20260910_105035,STILL_1P_NA,31.848,36699025,408,STILL,NA,1,P03,LAB01,1,0,0,0,0,0
20260910_105035,STILL_1P_NA,31.848,36699025,408,STILL,NA,1,P03,LAB01,2,0,0,0,0,0
20260910_105035,STILL_1P_NA,31.937,36787976,409,STILL,NA,1,P03,LAB01,0,1,2544,4952,8,360
20260910_105035,STILL_1P_NA,31.937,36787976,409,STILL,NA,1,P03,LAB01,1,0,0,0,0,0
20260910_105035,STILL_1P_NA,31.937,36787976,409,STILL,NA,1,P03,LAB01,2,0,0,0,0,0
20260910_105035,STILL_1P_NA,32.027,36876713,410,STILL,NA,1,P03,LAB01,0,1,2546,4953,8,360
20260910_105035,STILL_1P_NA,32.027,36876713,410,STILL,NA,1,P03,LAB01,1,0,0,0,0,0
20260910_105035,STILL_1P_NA,32.027,36876713,410,STILL,NA,1,P03,LAB01,2,0,0,0,0,0
20260910_105035,STILL_1P_NA,32.115,36965602,411,STILL,NA,1,P03,LAB01,0,1,2549,4950,0,360
20260910_105035,STILL_1P_NA,32.115,36965602,411,STILL,NA,1,P03,LAB01,1,0,0,0,0,0
20260910_105035,STILL_1P_NA,32.115,36965602,411,STILL,NA,1,P03,LAB01,2,0,0,0,0,0
20260910_105035,STILL_1P_NA,32.204,37054833,412,STILL,NA,1,P03,LAB01,0,1,2550,4947,8,360
20260910_105035,STILL_1P_NA,32.204,37054833,412,STILL,NA,1,P03,LAB01,1,0,0,0,0,0
20260910_105035,STILL_1P_NA,32.204,37054833,412,STILL,NA,1,P03,LAB01,2,0,0,0,0,0
20260910_105035,STILL_1P_NA,32.293,37143631,413,STILL,NA,1,P03,LAB01,0,1,2551,4946,8,360
20260910_105035,STILL_1P_NA,32.293,37143631,413,STILL,NA,1,P03,LAB01,1,0,0,0,0,0
20260910_105035,STILL_1P_NA,32.293,37143631,413,STILL,NA,1,P03,LAB01,2,0,0,0,0,0
20260910_105035,STILL_1P_NA,32.382,37232860,414,STILL,NA,1,P03,LAB01,0,1,2554,4943,8,360
20260910_105035,STILL_1P_NA,32.382,37232860,414,STILL,NA,1,P03,LAB01,1,0,0,0,0,0
20260910_105035,STILL_1P_NA,32.382,37232860,414,STILL,NA,1,P03,LAB01,2,0,0,0,0,0
20260910_105035,STILL_1P_NA,32.471,37321590,415,STILL,NA,1,P03,LAB01,0,1,2556,4940,8,360
20260910_105035,STILL_1P_NA,32.471,37321590,415,STILL,NA,1,P03,LAB01,1,0,0,0,0,0
20260910_105035,STILL_1P_NA,32.471,37321590,415,STILL,NA,1,P03,LAB01,2,0,0,0,0,0
20260910_105035,STILL_1P_NA,32.560,37410827,416,STILL,NA,1,P03,LAB01,0,1,2555,4935,8,360
20260910_105035,STILL_1P_NA,32.560,37410827,416,STILL,NA,1,P03,LAB01,1,0,0,0,0,0
20260910_105035,STILL_1P_NA,32.560,37410827,416,STILL,NA,1,P03,LAB01,2,0,0,0,0,0
20260910_105035,STILL_1P_NA,32.649,37499400,417,STILL,NA,1,P03,LAB01,0,1,2557,4930,8,360
20260910_105035,STILL_1P_NA,32.649,37499400,417,STILL,NA,1,P03,LAB01,1,0,0,0,0,0
20260910_105035,STILL_1P_NA,32.649,37499400,417,STILL,NA,1,P03,LAB01,2,0,0,0,0,0
20260910_105035,STILL_1P_NA,32.737,37588350,418,STILL,NA,1,P03,LAB01,0,1,2560,4925,8,360
20260910_105035,STILL_1P_NA,32.737,37588350,418,STILL,NA,1,P03,LAB01,1,0,0,0,0,0
20260910_105035,STILL_1P_NA,32.737,37588350,418,STILL,NA,1,P03,LAB01,2,0,0,0,0,0
20260910_105035,STILL_1P_NA,32.827,37677455,419,STILL,NA,1,P03,LAB01,0,1,2558,4923,8,360
20260910_105035,STILL_1P_NA,32.827,37677455,419,STILL,NA,1,P03,LAB01,1,0,0,0,0,0
20260910_105035,STILL_1P_NA,32.827,37677455,419,STILL,NA,1,P03,LAB01,2,0,0,0,0,0
20260910_105035,STILL_1P_NA,32.916,37766600,420,STILL,NA,1,P03,LAB01,0,1,2557,4928,8,360
20260910_105035,STILL_1P_NA,32.916,37766600,420,STILL,NA,1,P03,LAB01,1,0,0,0,0,0
20260910_105035,STILL_1P_NA,32.916,37766600,420,STILL,NA,1,P03,LAB01,2,0,0,0,0,0
20260910_105035,STILL_1P_NA,33.005,37855363,421,STILL,NA,1,P03,LAB01,0,1,2556,4936,8,360
20260910_105035,STILL_1P_NA,33.005,37855363,421,STILL,NA,1,P03,LAB01,1,0,0,0,0,0
20260910_105035,STILL_1P_NA,33.005,37855363,421,STILL,NA,1,P03,LAB01,2,0,0,0,0,0
20260910_105035,STILL_1P_NA,33.094,37944497,422,STILL,NA,1,P03,LAB01,0,1,2555,4944,8,360
20260910_105035,STILL_1P_NA,33.094,37944497,422,STILL,NA,1,P03,LAB01,1,0,0,0,0,0
20260910_105035,STILL_1P_NA,33.094,37944497,422,STILL,NA,1,P03,LAB01,2,0,0,0,0,0
20260910_105035,STILL_1P_NA,33.183,38033447,423,STILL,NA,1,P03,LAB01,0,1,2557,4946,8,360
20260910_105035,STILL_1P_NA,33.183,38033447,423,STILL,NA,1,P03,LAB01,1,0,0,0,0,0
20260910_105035,STILL_1P_NA,33.183,38033447,423,STILL,NA,1,P03,LAB01,2,0,0,0,0,0
20260910_105035,STILL_1P_NA,33.272,38122653,424,STILL,NA,1,P03,LAB01,0,1,2561,4946,8,360
20260910_105035,STILL_1P_NA,33.272,38122653,424,STILL,NA,1,P03,LAB01,1,0,0,0,0,0
20260910_105035,STILL_1P_NA,33.272,38122653,424,STILL,NA,1,P03,LAB01,2,0,0,0,0,0
20260910_105035,STILL_1P_NA,33.361,38211476,425,STILL,NA,1,P03,LAB01,0,1,2569,4942,0,360
20260910_105035,STILL_1P_NA,33.361,38211476,425,STILL,NA,1,P03,LAB01,1,0,0,0,0,0
20260910_105035,STILL_1P_NA,33.361,38211476,425,STILL,NA,1,P03,LAB01,2,0,0,0,0,0
20260910_105035,STILL_1P_NA,33.450,38300617,426,STILL,NA,1,P03,LAB01,0,1,2576,4940,0,360
20260910_105035,STILL_1P_NA,33.450,38300617,426,STILL,NA,1,P03,LAB01,1,0,0,0,0,0
20260910_105035,STILL_1P_NA,33.450,38300617,426,STILL,NA,1,P03,LAB01,2,0,0,0,0,0
20260910_105035,STILL_1P_NA,33.539,38389290,427,STILL,NA,1,P03,LAB01,0,1,2583,4939,0,360
20260910_105035,STILL_1P_NA,33.539,38389290,427,STILL,NA,1,P03,LAB01,1,0,0,0,0,0
20260910_105035,STILL_1P_NA,33.539,38389290,427,STILL,NA,1,P03,LAB01,2,0,0,0,0,0
20260910_105035,STILL_1P_NA,33.627,38478421,428,STILL,NA,1,P03,LAB01,0,1,2590,4938,0,360
20260910_105035,STILL_1P_NA,33.627,38478421,428,STILL,NA,1,P03,LAB01,1,0,0,0,0,0
20260910_105035,STILL_1P_NA,33.627,38478421,428,STILL,NA,1,P03,LAB01,2,0,0,0,0,0
20260910_105035,STILL_1P_NA,33.717,38567317,429,STILL,NA,1,P03,LAB01,0,1,2603,4934,0,360
20260910_105035,STILL_1P_NA,33.717,38567317,429,STILL,NA,1,P03,LAB01,1,0,0,0,0,0
20260910_105035,STILL_1P_NA,33.717,38567317,429,STILL,NA,1,P03,LAB01,2,0,0,0,0,0
20260910_105035,STILL_1P_NA,33.805,38656387,430,STILL,NA,1,P03,LAB01,0,1,2612,4933,0,360
20260910_105035,STILL_1P_NA,33.805,38656387,430,STILL,NA,1,P03,LAB01,1,0,0,0,0,0
20260910_105035,STILL_1P_NA,33.805,38656387,430,STILL,NA,1,P03,LAB01,2,0,0,0,0,0
20260910_105035,STILL_1P_NA,33.895,38745435,431,STILL,NA,1,P03,LAB01,0,1,2626,4928,-8,360
20260910_105035,STILL_1P_NA,33.895,38745435,431,STILL,NA,1,P03,LAB01,1,0,0,0,0,0
20260910_105035,STILL_1P_NA,33.895,38745435,431,STILL,NA,1,P03,LAB01,2,0,0,0,0,0
20260910_105035,STILL_1P_NA,33.984,38834667,432,STILL,NA,1,P03,LAB01,0,1,2638,4923,0,360
20260910_105035,STILL_1P_NA,33.984,38834667,432,STILL,NA,1,P03,LAB01,1,0,0,0,0,0
20260910_105035,STILL_1P_NA,33.984,38834667,432,STILL,NA,1,P03,LAB01,2,0,0,0,0,0
20260910_105035,STILL_1P_NA,34.073,38923400,433,STILL,NA,1,P03,LAB01,0,1,2646,4918,0,360
20260910_105035,STILL_1P_NA,34.073,38923400,433,STILL,NA,1,P03,LAB01,1,0,0,0,0,0
20260910_105035,STILL_1P_NA,34.073,38923400,433,STILL,NA,1,P03,LAB01,2,0,0,0,0,0
20260910_105035,STILL_1P_NA,34.162,39012540,434,STILL,NA,1,P03,LAB01,0,1,2651,4917,0,360
20260910_105035,STILL_1P_NA,34.162,39012540,434,STILL,NA,1,P03,LAB01,1,0,0,0,0,0
20260910_105035,STILL_1P_NA,34.162,39012540,434,STILL,NA,1,P03,LAB01,2,0,0,0,0,0
20260910_105035,STILL_1P_NA,34.250,39101173,435,STILL,NA,1,P03,LAB01,0,1,2655,4916,-8,360
20260910_105035,STILL_1P_NA,34.250,39101173,435,STILL,NA,1,P03,LAB01,1,0,0,0,0,0
20260910_105035,STILL_1P_NA,34.250,39101173,435,STILL,NA,1,P03,LAB01,2,0,0,0,0,0
20260910_105035,STILL_1P_NA,34.340,39190469,436,STILL,NA,1,P03,LAB01,0,1,2664,4912,0,360
20260910_105035,STILL_1P_NA,34.340,39190469,436,STILL,NA,1,P03,LAB01,1,0,0,0,0,0
20260910_105035,STILL_1P_NA,34.340,39190469,436,STILL,NA,1,P03,LAB01,2,0,0,0,0,0
20260910_105035,STILL_1P_NA,34.429,39279135,437,STILL,NA,1,P03,LAB01,0,1,2675,4907,0,360
20260910_105035,STILL_1P_NA,34.429,39279135,437,STILL,NA,1,P03,LAB01,1,0,0,0,0,0
20260910_105035,STILL_1P_NA,34.429,39279135,437,STILL,NA,1,P03,LAB01,2,0,0,0,0,0
20260910_105035,STILL_1P_NA,34.518,39368497,438,STILL,NA,1,P03,LAB01,0,1,2683,4904,-8,360
20260910_105035,STILL_1P_NA,34.518,39368497,438,STILL,NA,1,P03,LAB01,1,0,0,0,0,0
20260910_105035,STILL_1P_NA,34.518,39368497,438,STILL,NA,1,P03,LAB01,2,0,0,0,0,0
20260910_105035,STILL_1P_NA,34.606,39457132,439,STILL,NA,1,P03,LAB01,0,1,2678,4906,-8,360
20260910_105035,STILL_1P_NA,34.606,39457132,439,STILL,NA,1,P03,LAB01,1,0,0,0,0,0
20260910_105035,STILL_1P_NA,34.606,39457132,439,STILL,NA,1,P03,LAB01,2,0,0,0,0,0
20260910_105035,STILL_1P_NA,34.695,39546206,440,STILL,NA,1,P03,LAB01,0,1,2674,4908,-8,360
20260910_105035,STILL_1P_NA,34.695,39546206,440,STILL,NA,1,P03,LAB01,1,0,0,0,0,0
20260910_105035,STILL_1P_NA,34.695,39546206,440,STILL,NA,1,P03,LAB01,2,0,0,0,0,0
20260910_105035,STILL_1P_NA,34.785,39635263,441,STILL,NA,1,P03,LAB01,0,1,2674,4908,0,360
20260910_105035,STILL_1P_NA,34.785,39635263,441,STILL,NA,1,P03,LAB01,1,0,0,0,0,0
20260910_105035,STILL_1P_NA,34.785,39635263,441,STILL,NA,1,P03,LAB01,2,0,0,0,0,0
20260910_105035,STILL_1P_NA,34.874,39724393,442,STILL,NA,1,P03,LAB01,0,1,2674,4908,0,360
20260910_105035,STILL_1P_NA,34.874,39724393,442,STILL,NA,1,P03,LAB01,1,0,0,0,0,0
20260910_105035,STILL_1P_NA,34.874,39724393,442,STILL,NA,1,P03,LAB01,2,0,0,0,0,0
20260910_105035,STILL_1P_NA,34.963,39813600,443,STILL,NA,1,P03,LAB01,0,1,2679,4908,0,360
20260910_105035,STILL_1P_NA,34.963,39813600,443,STILL,NA,1,P03,LAB01,1,0,0,0,0,0
20260910_105035,STILL_1P_NA,34.963,39813600,443,STILL,NA,1,P03,LAB01,2,0,0,0,0,0
20260910_105035,STILL_1P_NA,35.052,39902548,444,STILL,NA,1,P03,LAB01,0,1,2685,4907,0,360
20260910_105035,STILL_1P_NA,35.052,39902548,444,STILL,NA,1,P03,LAB01,1,0,0,0,0,0
20260910_105035,STILL_1P_NA,35.052,39902548,444,STILL,NA,1,P03,LAB01,2,0,0,0,0,0
20260910_105035,STILL_1P_NA,35.141,39991219,445,STILL,NA,1,P03,LAB01,0,1,2688,4903,0,360
20260910_105035,STILL_1P_NA,35.141,39991219,445,STILL,NA,1,P03,LAB01,1,0,0,0,0,0
20260910_105035,STILL_1P_NA,35.141,39991219,445,STILL,NA,1,P03,LAB01,2,0,0,0,0,0
20260910_105035,STILL_1P_NA,35.229,40080420,446,STILL,NA,1,P03,LAB01,0,1,2693,4901,8,360
20260910_105035,STILL_1P_NA,35.229,40080420,446,STILL,NA,1,P03,LAB01,1,0,0,0,0,0
20260910_105035,STILL_1P_NA,35.229,40080420,446,STILL,NA,1,P03,LAB01,2,0,0,0,0,0
20260910_105035,STILL_1P_NA,35.318,40169179,447,STILL,NA,1,P03,LAB01,0,1,2695,4903,0,360
20260910_105035,STILL_1P_NA,35.318,40169179,447,STILL,NA,1,P03,LAB01,1,0,0,0,0,0
20260910_105035,STILL_1P_NA,35.318,40169179,447,STILL,NA,1,P03,LAB01,2,0,0,0,0,0
20260910_105035,STILL_1P_NA,35.408,40258356,448,STILL,NA,1,P03,LAB01,0,1,2697,4900,-8,360
20260910_105035,STILL_1P_NA,35.408,40258356,448,STILL,NA,1,P03,LAB01,1,0,0,0,0,0
20260910_105035,STILL_1P_NA,35.408,40258356,448,STILL,NA,1,P03,LAB01,2,0,0,0,0,0
20260910_105035,STILL_1P_NA,35.497,40347247,449,STILL,NA,1,P03,LAB01,0,1,2698,4898,-8,360
20260910_105035,STILL_1P_NA,35.497,40347247,449,STILL,NA,1,P03,LAB01,1,0,0,0,0,0
20260910_105035,STILL_1P_NA,35.497,40347247,449,STILL,NA,1,P03,LAB01,2,0,0,0,0,0
20260910_105035,STILL_1P_NA,35.586,40436290,450,STILL,NA,1,P03,LAB01,0,1,2701,4896,0,360
20260910_105035,STILL_1P_NA,35.586,40436290,450,STILL,NA,1,P03,LAB01,1,0,0,0,0,0
20260910_105035,STILL_1P_NA,35.586,40436290,450,STILL,NA,1,P03,LAB01,2,0,0,0,0,0
20260910_105035,STILL_1P_NA,35.675,40525270,451,STILL,NA,1,P03,LAB01,0,1,2705,4895,0,360
20260910_105035,STILL_1P_NA,35.675,40525270,451,STILL,NA,1,P03,LAB01,1,0,0,0,0,0
20260910_105035,STILL_1P_NA,35.675,40525270,451,STILL,NA,1,P03,LAB01,2,0,0,0,0,0
20260910_105035,STILL_1P_NA,35.764,40614434,452,STILL,NA,1,P03,LAB01,0,1,2708,4897,-8,360
20260910_105035,STILL_1P_NA,35.764,40614434,452,STILL,NA,1,P03,LAB01,1,0,0,0,0,0
20260910_105035,STILL_1P_NA,35.764,40614434,452,STILL,NA,1,P03,LAB01,2,0,0,0,0,0
20260910_105035,STILL_1P_NA,35.852,40703076,453,STILL,NA,1,P03,LAB01,0,1,2714,4895,0,360
20260910_105035,STILL_1P_NA,35.852,40703076,453,STILL,NA,1,P03,LAB01,1,0,0,0,0,0
20260910_105035,STILL_1P_NA,35.852,40703076,453,STILL,NA,1,P03,LAB01,2,0,0,0,0,0
20260910_105035,STILL_1P_NA,35.941,40792247,454,STILL,NA,1,P03,LAB01,0,1,2716,4895,-8,360
20260910_105035,STILL_1P_NA,35.941,40792247,454,STILL,NA,1,P03,LAB01,1,0,0,0,0,0
20260910_105035,STILL_1P_NA,35.941,40792247,454,STILL,NA,1,P03,LAB01,2,0,0,0,0,0
20260910_105035,STILL_1P_NA,36.030,40881102,455,STILL,NA,1,P03,LAB01,0,1,2711,4897,-8,360
20260910_105035,STILL_1P_NA,36.030,40881102,455,STILL,NA,1,P03,LAB01,1,0,0,0,0,0
20260910_105035,STILL_1P_NA,36.030,40881102,455,STILL,NA,1,P03,LAB01,2,0,0,0,0,0
20260910_105035,STILL_1P_NA,36.120,40970340,456,STILL,NA,1,P03,LAB01,0,1,2705,4899,-8,360
20260910_105035,STILL_1P_NA,36.120,40970340,456,STILL,NA,1,P03,LAB01,1,0,0,0,0,0
20260910_105035,STILL_1P_NA,36.120,40970340,456,STILL,NA,1,P03,LAB01,2,0,0,0,0,0
20260910_105035,STILL_1P_NA,36.208,41059013,457,STILL,NA,1,P03,LAB01,0,1,2701,4900,-8,360
20260910_105035,STILL_1P_NA,36.208,41059013,457,STILL,NA,1,P03,LAB01,1,0,0,0,0,0
20260910_105035,STILL_1P_NA,36.208,41059013,457,STILL,NA,1,P03,LAB01,2,0,0,0,0,0
20260910_105035,STILL_1P_NA,36.298,41148427,458,STILL,NA,1,P03,LAB01,0,1,2699,4897,-8,360
20260910_105035,STILL_1P_NA,36.298,41148427,458,STILL,NA,1,P03,LAB01,1,0,0,0,0,0
20260910_105035,STILL_1P_NA,36.298,41148427,458,STILL,NA,1,P03,LAB01,2,0,0,0,0,0
20260910_105035,STILL_1P_NA,36.387,41237158,459,STILL,NA,1,P03,LAB01,0,1,2702,4893,-8,360
20260910_105035,STILL_1P_NA,36.387,41237158,459,STILL,NA,1,P03,LAB01,1,0,0,0,0,0
20260910_105035,STILL_1P_NA,36.387,41237158,459,STILL,NA,1,P03,LAB01,2,0,0,0,0,0
20260910_105035,STILL_1P_NA,36.476,41326647,460,STILL,NA,1,P03,LAB01,0,1,2707,4887,-8,360
20260910_105035,STILL_1P_NA,36.476,41326647,460,STILL,NA,1,P03,LAB01,1,0,0,0,0,0
20260910_105035,STILL_1P_NA,36.476,41326647,460,STILL,NA,1,P03,LAB01,2,0,0,0,0,0
20260910_105035,STILL_1P_NA,36.565,41415344,461,STILL,NA,1,P03,LAB01,0,1,2707,4883,-16,360
20260910_105035,STILL_1P_NA,36.565,41415344,461,STILL,NA,1,P03,LAB01,1,0,0,0,0,0
20260910_105035,STILL_1P_NA,36.565,41415344,461,STILL,NA,1,P03,LAB01,2,0,0,0,0,0
20260910_105035,STILL_1P_NA,36.653,41504162,462,STILL,NA,1,P03,LAB01,0,1,2703,4880,-16,360
20260910_105035,STILL_1P_NA,36.653,41504162,462,STILL,NA,1,P03,LAB01,1,0,0,0,0,0
20260910_105035,STILL_1P_NA,36.653,41504162,462,STILL,NA,1,P03,LAB01,2,0,0,0,0,0
20260910_105035,STILL_1P_NA,36.743,41593311,463,STILL,NA,1,P03,LAB01,0,1,2695,4883,-8,360
20260910_105035,STILL_1P_NA,36.743,41593311,463,STILL,NA,1,P03,LAB01,1,0,0,0,0,0
20260910_105035,STILL_1P_NA,36.743,41593311,463,STILL,NA,1,P03,LAB01,2,0,0,0,0,0
20260910_105035,STILL_1P_NA,36.831,41682226,464,STILL,NA,1,P03,LAB01,0,1,2680,4889,-8,360
20260910_105035,STILL_1P_NA,36.831,41682226,464,STILL,NA,1,P03,LAB01,1,0,0,0,0,0
20260910_105035,STILL_1P_NA,36.831,41682226,464,STILL,NA,1,P03,LAB01,2,0,0,0,0,0
20260910_105035,STILL_1P_NA,36.921,41771206,465,STILL,NA,1,P03,LAB01,0,1,2627,4916,-8,360
20260910_105035,STILL_1P_NA,36.921,41771206,465,STILL,NA,1,P03,LAB01,1,0,0,0,0,0
20260910_105035,STILL_1P_NA,36.921,41771206,465,STILL,NA,1,P03,LAB01,2,0,0,0,0,0
20260910_105035,STILL_1P_NA,37.009,41860058,466,STILL,NA,1,P03,LAB01,0,1,2588,4925,-8,360
20260910_105035,STILL_1P_NA,37.009,41860058,466,STILL,NA,1,P03,LAB01,1,0,0,0,0,0
20260910_105035,STILL_1P_NA,37.009,41860058,466,STILL,NA,1,P03,LAB01,2,0,0,0,0,0
20260910_105035,STILL_1P_NA,37.098,41949199,467,STILL,NA,1,P03,LAB01,0,1,2571,4928,-8,360
20260910_105035,STILL_1P_NA,37.098,41949199,467,STILL,NA,1,P03,LAB01,1,0,0,0,0,0
20260910_105035,STILL_1P_NA,37.098,41949199,467,STILL,NA,1,P03,LAB01,2,0,0,0,0,0
20260910_105035,STILL_1P_NA,37.187,42038004,468,STILL,NA,1,P03,LAB01,0,1,2562,4927,0,360
20260910_105035,STILL_1P_NA,37.187,42038004,468,STILL,NA,1,P03,LAB01,1,0,0,0,0,0
20260910_105035,STILL_1P_NA,37.187,42038004,468,STILL,NA,1,P03,LAB01,2,0,0,0,0,0
20260910_105035,STILL_1P_NA,37.277,42127270,469,STILL,NA,1,P03,LAB01,0,1,2563,4931,0,360
20260910_105035,STILL_1P_NA,37.277,42127270,469,STILL,NA,1,P03,LAB01,1,0,0,0,0,0
20260910_105035,STILL_1P_NA,37.277,42127270,469,STILL,NA,1,P03,LAB01,2,0,0,0,0,0
20260910_105035,STILL_1P_NA,37.365,42216090,470,STILL,NA,1,P03,LAB01,0,1,2563,4932,-32,360
20260910_105035,STILL_1P_NA,37.365,42216090,470,STILL,NA,1,P03,LAB01,1,0,0,0,0,0
20260910_105035,STILL_1P_NA,37.365,42216090,470,STILL,NA,1,P03,LAB01,2,0,0,0,0,0
20260910_105035,STILL_1P_NA,37.455,42305263,471,STILL,NA,1,P03,LAB01,0,1,2567,4931,-32,360
20260910_105035,STILL_1P_NA,37.455,42305263,471,STILL,NA,1,P03,LAB01,1,0,0,0,0,0
20260910_105035,STILL_1P_NA,37.455,42305263,471,STILL,NA,1,P03,LAB01,2,0,0,0,0,0
20260910_105035,STILL_1P_NA,37.543,42394052,472,STILL,NA,1,P03,LAB01,0,1,2563,4929,0,360
20260910_105035,STILL_1P_NA,37.543,42394052,472,STILL,NA,1,P03,LAB01,1,0,0,0,0,0
20260910_105035,STILL_1P_NA,37.543,42394052,472,STILL,NA,1,P03,LAB01,2,0,0,0,0,0
20260910_105035,STILL_1P_NA,37.632,42483069,473,STILL,NA,1,P03,LAB01,0,1,2561,4923,16,360
20260910_105035,STILL_1P_NA,37.632,42483069,473,STILL,NA,1,P03,LAB01,1,0,0,0,0,0
20260910_105035,STILL_1P_NA,37.632,42483069,473,STILL,NA,1,P03,LAB01,2,0,0,0,0,0
20260910_105035,STILL_1P_NA,37.721,42572144,474,STILL,NA,1,P03,LAB01,0,1,2564,4913,16,360
20260910_105035,STILL_1P_NA,37.721,42572144,474,STILL,NA,1,P03,LAB01,1,0,0,0,0,0
20260910_105035,STILL_1P_NA,37.721,42572144,474,STILL,NA,1,P03,LAB01,2,0,0,0,0,0
20260910_105035,STILL_1P_NA,37.810,42661091,475,STILL,NA,1,P03,LAB01,0,1,2568,4904,16,360
20260910_105035,STILL_1P_NA,37.810,42661091,475,STILL,NA,1,P03,LAB01,1,0,0,0,0,0
20260910_105035,STILL_1P_NA,37.810,42661091,475,STILL,NA,1,P03,LAB01,2,0,0,0,0,0
20260910_105035,STILL_1P_NA,37.899,42749993,476,STILL,NA,1,P03,LAB01,0,1,2566,4899,8,360
20260910_105035,STILL_1P_NA,37.899,42749993,476,STILL,NA,1,P03,LAB01,1,0,0,0,0,0
20260910_105035,STILL_1P_NA,37.899,42749993,476,STILL,NA,1,P03,LAB01,2,0,0,0,0,0
20260910_105035,STILL_1P_NA,37.989,42839284,477,STILL,NA,1,P03,LAB01,0,1,2564,4895,8,360
20260910_105035,STILL_1P_NA,37.989,42839284,477,STILL,NA,1,P03,LAB01,1,0,0,0,0,0
20260910_105035,STILL_1P_NA,37.989,42839284,477,STILL,NA,1,P03,LAB01,2,0,0,0,0,0
20260910_105035,STILL_1P_NA,38.077,42927860,478,STILL,NA,1,P03,LAB01,0,1,2567,4890,8,360
20260910_105035,STILL_1P_NA,38.077,42927860,478,STILL,NA,1,P03,LAB01,1,0,0,0,0,0
20260910_105035,STILL_1P_NA,38.077,42927860,478,STILL,NA,1,P03,LAB01,2,0,0,0,0,0
20260910_105035,STILL_1P_NA,38.166,43017179,479,STILL,NA,1,P03,LAB01,0,1,2577,4881,8,360
20260910_105035,STILL_1P_NA,38.166,43017179,479,STILL,NA,1,P03,LAB01,1,0,0,0,0,0
20260910_105035,STILL_1P_NA,38.166,43017179,479,STILL,NA,1,P03,LAB01,2,0,0,0,0,0
20260910_105035,STILL_1P_NA,38.255,43106013,480,STILL,NA,1,P03,LAB01,0,1,2604,4861,-8,360
20260910_105035,STILL_1P_NA,38.255,43106013,480,STILL,NA,1,P03,LAB01,1,0,0,0,0,0
20260910_105035,STILL_1P_NA,38.255,43106013,480,STILL,NA,1,P03,LAB01,2,0,0,0,0,0
20260910_105035,STILL_1P_NA,38.344,43195049,481,STILL,NA,1,P03,LAB01,0,1,2564,4879,0,360
20260910_105035,STILL_1P_NA,38.344,43195049,481,STILL,NA,1,P03,LAB01,1,0,0,0,0,0
20260910_105035,STILL_1P_NA,38.344,43195049,481,STILL,NA,1,P03,LAB01,2,0,0,0,0,0
20260910_105035,STILL_1P_NA,38.433,43283854,482,STILL,NA,1,P03,LAB01,0,1,2552,4885,0,360
20260910_105035,STILL_1P_NA,38.433,43283854,482,STILL,NA,1,P03,LAB01,1,0,0,0,0,0
20260910_105035,STILL_1P_NA,38.433,43283854,482,STILL,NA,1,P03,LAB01,2,0,0,0,0,0
20260910_105035,STILL_1P_NA,38.522,43373049,483,STILL,NA,1,P03,LAB01,0,1,2541,4891,8,360
20260910_105035,STILL_1P_NA,38.522,43373049,483,STILL,NA,1,P03,LAB01,1,0,0,0,0,0
20260910_105035,STILL_1P_NA,38.522,43373049,483,STILL,NA,1,P03,LAB01,2,0,0,0,0,0
20260910_105035,STILL_1P_NA,38.611,43461817,484,STILL,NA,1,P03,LAB01,0,1,2544,4887,8,360
20260910_105035,STILL_1P_NA,38.611,43461817,484,STILL,NA,1,P03,LAB01,1,0,0,0,0,0
20260910_105035,STILL_1P_NA,38.611,43461817,484,STILL,NA,1,P03,LAB01,2,0,0,0,0,0
20260910_105035,STILL_1P_NA,38.700,43551161,485,STILL,NA,1,P03,LAB01,0,1,2552,4881,8,360
20260910_105035,STILL_1P_NA,38.700,43551161,485,STILL,NA,1,P03,LAB01,1,0,0,0,0,0
20260910_105035,STILL_1P_NA,38.700,43551161,485,STILL,NA,1,P03,LAB01,2,0,0,0,0,0
20260910_105035,STILL_1P_NA,38.790,43639909,486,STILL,NA,1,P03,LAB01,0,1,2559,4876,8,360
20260910_105035,STILL_1P_NA,38.790,43639909,486,STILL,NA,1,P03,LAB01,1,0,0,0,0,0
20260910_105035,STILL_1P_NA,38.790,43639909,486,STILL,NA,1,P03,LAB01,2,0,0,0,0,0
20260910_105035,STILL_1P_NA,38.878,43728887,487,STILL,NA,1,P03,LAB01,0,1,2561,4872,0,360
20260910_105035,STILL_1P_NA,38.878,43728887,487,STILL,NA,1,P03,LAB01,1,0,0,0,0,0
20260910_105035,STILL_1P_NA,38.878,43728887,487,STILL,NA,1,P03,LAB01,2,0,0,0,0,0
20260910_105035,STILL_1P_NA,38.967,43817872,488,STILL,NA,1,P03,LAB01,0,1,2551,4877,0,360
20260910_105035,STILL_1P_NA,38.967,43817872,488,STILL,NA,1,P03,LAB01,1,0,0,0,0,0
20260910_105035,STILL_1P_NA,38.967,43817872,488,STILL,NA,1,P03,LAB01,2,0,0,0,0,0
20260910_105035,STILL_1P_NA,39.056,43907096,489,STILL,NA,1,P03,LAB01,0,1,2531,4886,8,360
20260910_105035,STILL_1P_NA,39.056,43907096,489,STILL,NA,1,P03,LAB01,1,0,0,0,0,0
20260910_105035,STILL_1P_NA,39.056,43907096,489,STILL,NA,1,P03,LAB01,2,0,0,0,0,0
20260910_105035,STILL_1P_NA,39.145,43996076,490,STILL,NA,1,P03,LAB01,0,1,2475,4913,8,360
20260910_105035,STILL_1P_NA,39.145,43996076,490,STILL,NA,1,P03,LAB01,1,0,0,0,0,0
20260910_105035,STILL_1P_NA,39.145,43996076,490,STILL,NA,1,P03,LAB01,2,0,0,0,0,0
20260910_105035,STILL_1P_NA,39.234,44085028,491,STILL,NA,1,P03,LAB01,0,1,2373,4964,-24,360
20260910_105035,STILL_1P_NA,39.234,44085028,491,STILL,NA,1,P03,LAB01,1,0,0,0,0,0
20260910_105035,STILL_1P_NA,39.234,44085028,491,STILL,NA,1,P03,LAB01,2,0,0,0,0,0
20260910_105035,STILL_1P_NA,39.323,44173706,492,STILL,NA,1,P03,LAB01,0,1,2304,4993,8,360
20260910_105035,STILL_1P_NA,39.323,44173706,492,STILL,NA,1,P03,LAB01,1,0,0,0,0,0
20260910_105035,STILL_1P_NA,39.323,44173706,492,STILL,NA,1,P03,LAB01,2,0,0,0,0,0
20260910_105035,STILL_1P_NA,39.412,44263028,493,STILL,NA,1,P03,LAB01,0,1,2289,4998,8,360
20260910_105035,STILL_1P_NA,39.412,44263028,493,STILL,NA,1,P03,LAB01,1,0,0,0,0,0
20260910_105035,STILL_1P_NA,39.412,44263028,493,STILL,NA,1,P03,LAB01,2,0,0,0,0,0
20260910_105035,STILL_1P_NA,39.501,44352040,494,STILL,NA,1,P03,LAB01,0,1,2289,4997,8,360
20260910_105035,STILL_1P_NA,39.501,44352040,494,STILL,NA,1,P03,LAB01,1,0,0,0,0,0
20260910_105035,STILL_1P_NA,39.501,44352040,494,STILL,NA,1,P03,LAB01,2,0,0,0,0,0
20260910_105035,STILL_1P_NA,39.590,44441079,495,STILL,NA,1,P03,LAB01,0,1,2292,4996,8,360
20260910_105035,STILL_1P_NA,39.590,44441079,495,STILL,NA,1,P03,LAB01,1,0,0,0,0,0
20260910_105035,STILL_1P_NA,39.590,44441079,495,STILL,NA,1,P03,LAB01,2,0,0,0,0,0
20260910_105035,STILL_1P_NA,39.679,44529854,496,STILL,NA,1,P03,LAB01,0,1,2292,4997,8,360
20260910_105035,STILL_1P_NA,39.679,44529854,496,STILL,NA,1,P03,LAB01,1,0,0,0,0,0
20260910_105035,STILL_1P_NA,39.679,44529854,496,STILL,NA,1,P03,LAB01,2,0,0,0,0,0
20260910_105035,STILL_1P_NA,39.768,44618993,497,STILL,NA,1,P03,LAB01,0,1,2295,4995,8,360
20260910_105035,STILL_1P_NA,39.768,44618993,497,STILL,NA,1,P03,LAB01,1,0,0,0,0,0
20260910_105035,STILL_1P_NA,39.768,44618993,497,STILL,NA,1,P03,LAB01,2,0,0,0,0,0
20260910_105035,STILL_1P_NA,39.857,44707853,498,STILL,NA,1,P03,LAB01,0,1,2299,4991,8,360
20260910_105035,STILL_1P_NA,39.857,44707853,498,STILL,NA,1,P03,LAB01,1,0,0,0,0,0
20260910_105035,STILL_1P_NA,39.857,44707853,498,STILL,NA,1,P03,LAB01,2,0,0,0,0,0
20260910_105035,STILL_1P_NA,39.946,44796994,499,STILL,NA,1,P03,LAB01,0,1,2300,4987,8,360
20260910_105035,STILL_1P_NA,39.946,44796994,499,STILL,NA,1,P03,LAB01,1,0,0,0,0,0
20260910_105035,STILL_1P_NA,39.946,44796994,499,STILL,NA,1,P03,LAB01,2,0,0,0,0,0
20260910_105035,STILL_1P_NA,40.035,44885883,500,STILL,NA,1,P03,LAB01,0,1,2304,4984,8,360
20260910_105035,STILL_1P_NA,40.035,44885883,500,STILL,NA,1,P03,LAB01,1,0,0,0,0,0
20260910_105035,STILL_1P_NA,40.035,44885883,500,STILL,NA,1,P03,LAB01,2,0,0,0,0,0
20260910_105035,STILL_1P_NA,40.124,44975069,501,STILL,NA,1,P03,LAB01,0,1,2314,4979,16,360
20260910_105035,STILL_1P_NA,40.124,44975069,501,STILL,NA,1,P03,LAB01,1,0,0,0,0,0
20260910_105035,STILL_1P_NA,40.124,44975069,501,STILL,NA,1,P03,LAB01,2,0,0,0,0,0
20260910_105035,STILL_1P_NA,40.213,45063872,502,STILL,NA,1,P03,LAB01,0,1,2321,4977,0,360
20260910_105035,STILL_1P_NA,40.213,45063872,502,STILL,NA,1,P03,LAB01,1,0,0,0,0,0
20260910_105035,STILL_1P_NA,40.213,45063872,502,STILL,NA,1,P03,LAB01,2,0,0,0,0,0
20260910_105035,STILL_1P_NA,40.302,45152827,503,STILL,NA,1,P03,LAB01,0,1,2315,4986,0,360
20260910_105035,STILL_1P_NA,40.302,45152827,503,STILL,NA,1,P03,LAB01,1,0,0,0,0,0
20260910_105035,STILL_1P_NA,40.302,45152827,503,STILL,NA,1,P03,LAB01,2,0,0,0,0,0
20260910_105035,STILL_1P_NA,40.391,45241679,504,STILL,NA,1,P03,LAB01,0,1,2309,4994,8,360
20260910_105035,STILL_1P_NA,40.391,45241679,504,STILL,NA,1,P03,LAB01,1,0,0,0,0,0
20260910_105035,STILL_1P_NA,40.391,45241679,504,STILL,NA,1,P03,LAB01,2,0,0,0,0,0
20260910_105035,STILL_1P_NA,40.480,45330916,505,STILL,NA,1,P03,LAB01,0,1,2306,4998,8,360
20260910_105035,STILL_1P_NA,40.480,45330916,505,STILL,NA,1,P03,LAB01,1,0,0,0,0,0
20260910_105035,STILL_1P_NA,40.480,45330916,505,STILL,NA,1,P03,LAB01,2,0,0,0,0,0
20260910_105035,STILL_1P_NA,40.569,45419892,506,STILL,NA,1,P03,LAB01,0,1,2312,4997,16,360
20260910_105035,STILL_1P_NA,40.569,45419892,506,STILL,NA,1,P03,LAB01,1,0,0,0,0,0
20260910_105035,STILL_1P_NA,40.569,45419892,506,STILL,NA,1,P03,LAB01,2,0,0,0,0,0
20260910_105035,STILL_1P_NA,40.658,45508972,507,STILL,NA,1,P03,LAB01,0,1,2324,4990,8,360
20260910_105035,STILL_1P_NA,40.658,45508972,507,STILL,NA,1,P03,LAB01,1,0,0,0,0,0
20260910_105035,STILL_1P_NA,40.658,45508972,507,STILL,NA,1,P03,LAB01,2,0,0,0,0,0
20260910_105035,STILL_1P_NA,40.747,45597771,508,STILL,NA,1,P03,LAB01,0,1,2342,4979,16,360
20260910_105035,STILL_1P_NA,40.747,45597771,508,STILL,NA,1,P03,LAB01,1,0,0,0,0,0
20260910_105035,STILL_1P_NA,40.747,45597771,508,STILL,NA,1,P03,LAB01,2,0,0,0,0,0
20260910_105035,STILL_1P_NA,40.836,45687090,509,STILL,NA,1,P03,LAB01,0,1,2390,4947,8,360
20260910_105035,STILL_1P_NA,40.836,45687090,509,STILL,NA,1,P03,LAB01,1,0,0,0,0,0
20260910_105035,STILL_1P_NA,40.836,45687090,509,STILL,NA,1,P03,LAB01,2,0,0,0,0,0
20260910_105035,STILL_1P_NA,40.925,45775798,510,STILL,NA,1,P03,LAB01,0,1,2443,4911,8,360
20260910_105035,STILL_1P_NA,40.925,45775798,510,STILL,NA,1,P03,LAB01,1,0,0,0,0,0
20260910_105035,STILL_1P_NA,40.925,45775798,510,STILL,NA,1,P03,LAB01,2,0,0,0,0,0
20260910_105035,STILL_1P_NA,41.014,45864653,511,STILL,NA,1,P03,LAB01,0,1,2472,4888,0,360
20260910_105035,STILL_1P_NA,41.014,45864653,511,STILL,NA,1,P03,LAB01,1,0,0,0,0,0
20260910_105035,STILL_1P_NA,41.014,45864653,511,STILL,NA,1,P03,LAB01,2,0,0,0,0,0
20260910_105035,STILL_1P_NA,41.103,45953703,512,STILL,NA,1,P03,LAB01,0,1,2477,4889,8,360
20260910_105035,STILL_1P_NA,41.103,45953703,512,STILL,NA,1,P03,LAB01,1,0,0,0,0,0
20260910_105035,STILL_1P_NA,41.103,45953703,512,STILL,NA,1,P03,LAB01,2,0,0,0,0,0
20260910_105035,STILL_1P_NA,41.192,46042517,513,STILL,NA,1,P03,LAB01,0,1,2480,4891,8,360
20260910_105035,STILL_1P_NA,41.192,46042517,513,STILL,NA,1,P03,LAB01,1,0,0,0,0,0
20260910_105035,STILL_1P_NA,41.192,46042517,513,STILL,NA,1,P03,LAB01,2,0,0,0,0,0
20260910_105035,STILL_1P_NA,41.281,46131786,514,STILL,NA,1,P03,LAB01,0,1,2479,4893,8,360
20260910_105035,STILL_1P_NA,41.281,46131786,514,STILL,NA,1,P03,LAB01,1,0,0,0,0,0
20260910_105035,STILL_1P_NA,41.281,46131786,514,STILL,NA,1,P03,LAB01,2,0,0,0,0,0
20260910_105035,STILL_1P_NA,41.370,46220734,515,STILL,NA,1,P03,LAB01,0,1,2473,4897,8,360
20260910_105035,STILL_1P_NA,41.370,46220734,515,STILL,NA,1,P03,LAB01,1,0,0,0,0,0
20260910_105035,STILL_1P_NA,41.370,46220734,515,STILL,NA,1,P03,LAB01,2,0,0,0,0,0
20260910_105035,STILL_1P_NA,41.459,46309812,516,STILL,NA,1,P03,LAB01,0,1,2466,4901,8,360
20260910_105035,STILL_1P_NA,41.459,46309812,516,STILL,NA,1,P03,LAB01,1,0,0,0,0,0
20260910_105035,STILL_1P_NA,41.459,46309812,516,STILL,NA,1,P03,LAB01,2,0,0,0,0,0
20260910_105035,STILL_1P_NA,41.548,46398575,517,STILL,NA,1,P03,LAB01,0,1,2502,4890,0,360
20260910_105035,STILL_1P_NA,41.548,46398575,517,STILL,NA,1,P03,LAB01,1,0,0,0,0,0
20260910_105035,STILL_1P_NA,41.548,46398575,517,STILL,NA,1,P03,LAB01,2,0,0,0,0,0
20260910_105035,STILL_1P_NA,41.637,46487590,518,STILL,NA,1,P03,LAB01,0,1,2513,4888,0,360
20260910_105035,STILL_1P_NA,41.637,46487590,518,STILL,NA,1,P03,LAB01,1,0,0,0,0,0
20260910_105035,STILL_1P_NA,41.637,46487590,518,STILL,NA,1,P03,LAB01,2,0,0,0,0,0
20260910_105035,STILL_1P_NA,41.726,46576575,519,STILL,NA,1,P03,LAB01,0,1,2527,4886,0,360
20260910_105035,STILL_1P_NA,41.726,46576575,519,STILL,NA,1,P03,LAB01,1,0,0,0,0,0
20260910_105035,STILL_1P_NA,41.726,46576575,519,STILL,NA,1,P03,LAB01,2,0,0,0,0,0
20260910_105035,STILL_1P_NA,41.815,46665558,520,STILL,NA,1,P03,LAB01,0,1,2539,4886,0,360
20260910_105035,STILL_1P_NA,41.815,46665558,520,STILL,NA,1,P03,LAB01,1,0,0,0,0,0
20260910_105035,STILL_1P_NA,41.815,46665558,520,STILL,NA,1,P03,LAB01,2,0,0,0,0,0
20260910_105035,STILL_1P_NA,41.904,46754476,521,STILL,NA,1,P03,LAB01,0,1,2546,4886,0,360
20260910_105035,STILL_1P_NA,41.904,46754476,521,STILL,NA,1,P03,LAB01,1,0,0,0,0,0
20260910_105035,STILL_1P_NA,41.904,46754476,521,STILL,NA,1,P03,LAB01,2,0,0,0,0,0
20260910_105035,STILL_1P_NA,41.993,46843679,522,STILL,NA,1,P03,LAB01,0,1,2554,4886,0,360
20260910_105035,STILL_1P_NA,41.993,46843679,522,STILL,NA,1,P03,LAB01,1,0,0,0,0,0
20260910_105035,STILL_1P_NA,41.993,46843679,522,STILL,NA,1,P03,LAB01,2,0,0,0,0,0
20260910_105035,STILL_1P_NA,42.082,46932972,523,STILL,NA,1,P03,LAB01,0,1,2557,4888,-8,360
20260910_105035,STILL_1P_NA,42.082,46932972,523,STILL,NA,1,P03,LAB01,1,0,0,0,0,0
20260910_105035,STILL_1P_NA,42.082,46932972,523,STILL,NA,1,P03,LAB01,2,0,0,0,0,0
20260910_105035,STILL_1P_NA,42.171,47021706,524,STILL,NA,1,P03,LAB01,0,1,2557,4886,-8,360
20260910_105035,STILL_1P_NA,42.171,47021706,524,STILL,NA,1,P03,LAB01,1,0,0,0,0,0
20260910_105035,STILL_1P_NA,42.171,47021706,524,STILL,NA,1,P03,LAB01,2,0,0,0,0,0
20260910_105035,STILL_1P_NA,42.260,47110590,525,STILL,NA,1,P03,LAB01,0,1,2553,4884,-8,360
20260910_105035,STILL_1P_NA,42.260,47110590,525,STILL,NA,1,P03,LAB01,1,0,0,0,0,0
20260910_105035,STILL_1P_NA,42.260,47110590,525,STILL,NA,1,P03,LAB01,2,0,0,0,0,0
20260910_105035,STILL_1P_NA,42.349,47199575,526,STILL,NA,1,P03,LAB01,0,1,2556,4880,0,360
20260910_105035,STILL_1P_NA,42.349,47199575,526,STILL,NA,1,P03,LAB01,1,0,0,0,0,0
20260910_105035,STILL_1P_NA,42.349,47199575,526,STILL,NA,1,P03,LAB01,2,0,0,0,0,0
20260910_105035,STILL_1P_NA,42.438,47288524,527,STILL,NA,1,P03,LAB01,0,1,2564,4875,0,360
20260910_105035,STILL_1P_NA,42.438,47288524,527,STILL,NA,1,P03,LAB01,1,0,0,0,0,0
20260910_105035,STILL_1P_NA,42.438,47288524,527,STILL,NA,1,P03,LAB01,2,0,0,0,0,0
20260910_105035,STILL_1P_NA,42.527,47377889,528,STILL,NA,1,P03,LAB01,0,1,2573,4872,-8,360
20260910_105035,STILL_1P_NA,42.527,47377889,528,STILL,NA,1,P03,LAB01,1,0,0,0,0,0
20260910_105035,STILL_1P_NA,42.527,47377889,528,STILL,NA,1,P03,LAB01,2,0,0,0,0,0
20260910_105035,STILL_1P_NA,42.616,47466517,529,STILL,NA,1,P03,LAB01,0,1,2581,4873,0,360
20260910_105035,STILL_1P_NA,42.616,47466517,529,STILL,NA,1,P03,LAB01,1,0,0,0,0,0
20260910_105035,STILL_1P_NA,42.616,47466517,529,STILL,NA,1,P03,LAB01,2,0,0,0,0,0
20260910_105035,STILL_1P_NA,42.705,47555600,530,STILL,NA,1,P03,LAB01,0,1,2585,4875,0,360
20260910_105035,STILL_1P_NA,42.705,47555600,530,STILL,NA,1,P03,LAB01,1,0,0,0,0,0
20260910_105035,STILL_1P_NA,42.705,47555600,530,STILL,NA,1,P03,LAB01,2,0,0,0,0,0
20260910_105035,STILL_1P_NA,42.794,47644706,531,STILL,NA,1,P03,LAB01,0,1,2585,4880,0,360
20260910_105035,STILL_1P_NA,42.794,47644706,531,STILL,NA,1,P03,LAB01,1,0,0,0,0,0
20260910_105035,STILL_1P_NA,42.794,47644706,531,STILL,NA,1,P03,LAB01,2,0,0,0,0,0
20260910_105035,STILL_1P_NA,42.883,47733750,532,STILL,NA,1,P03,LAB01,0,1,2581,4885,0,360
20260910_105035,STILL_1P_NA,42.883,47733750,532,STILL,NA,1,P03,LAB01,1,0,0,0,0,0
20260910_105035,STILL_1P_NA,42.883,47733750,532,STILL,NA,1,P03,LAB01,2,0,0,0,0,0
20260910_105035,STILL_1P_NA,42.971,47822447,533,STILL,NA,1,P03,LAB01,0,1,2575,4890,0,360
20260910_105035,STILL_1P_NA,42.971,47822447,533,STILL,NA,1,P03,LAB01,1,0,0,0,0,0
20260910_105035,STILL_1P_NA,42.971,47822447,533,STILL,NA,1,P03,LAB01,2,0,0,0,0,0
20260910_105035,STILL_1P_NA,43.060,47911400,534,STILL,NA,1,P03,LAB01,0,1,2572,4892,0,360
20260910_105035,STILL_1P_NA,43.060,47911400,534,STILL,NA,1,P03,LAB01,1,0,0,0,0,0
20260910_105035,STILL_1P_NA,43.060,47911400,534,STILL,NA,1,P03,LAB01,2,0,0,0,0,0
20260910_105035,STILL_1P_NA,43.150,48000414,535,STILL,NA,1,P03,LAB01,0,1,2571,4892,0,360
20260910_105035,STILL_1P_NA,43.150,48000414,535,STILL,NA,1,P03,LAB01,1,0,0,0,0,0
20260910_105035,STILL_1P_NA,43.150,48000414,535,STILL,NA,1,P03,LAB01,2,0,0,0,0,0
20260910_105035,STILL_1P_NA,43.239,48089558,536,STILL,NA,1,P03,LAB01,0,1,2575,4892,8,360
20260910_105035,STILL_1P_NA,43.239,48089558,536,STILL,NA,1,P03,LAB01,1,0,0,0,0,0
20260910_105035,STILL_1P_NA,43.239,48089558,536,STILL,NA,1,P03,LAB01,2,0,0,0,0,0
20260910_105035,STILL_1P_NA,43.328,48178530,537,STILL,NA,1,P03,LAB01,0,1,2582,4891,8,360
20260910_105035,STILL_1P_NA,43.328,48178530,537,STILL,NA,1,P03,LAB01,1,0,0,0,0,0
20260910_105035,STILL_1P_NA,43.328,48178530,537,STILL,NA,1,P03,LAB01,2,0,0,0,0,0
20260910_105035,STILL_1P_NA,43.416,48267173,538,STILL,NA,1,P03,LAB01,0,1,2585,4893,0,360
20260910_105035,STILL_1P_NA,43.416,48267173,538,STILL,NA,1,P03,LAB01,1,0,0,0,0,0
20260910_105035,STILL_1P_NA,43.416,48267173,538,STILL,NA,1,P03,LAB01,2,0,0,0,0,0
20260910_105035,STILL_1P_NA,43.506,48356497,539,STILL,NA,1,P03,LAB01,0,1,2587,4895,0,360
20260910_105035,STILL_1P_NA,43.506,48356497,539,STILL,NA,1,P03,LAB01,1,0,0,0,0,0
20260910_105035,STILL_1P_NA,43.506,48356497,539,STILL,NA,1,P03,LAB01,2,0,0,0,0,0
20260910_105035,STILL_1P_NA,43.595,48445703,540,STILL,NA,1,P03,LAB01,0,1,2584,4899,0,360
20260910_105035,STILL_1P_NA,43.595,48445703,540,STILL,NA,1,P03,LAB01,1,0,0,0,0,0
20260910_105035,STILL_1P_NA,43.595,48445703,540,STILL,NA,1,P03,LAB01,2,0,0,0,0,0
20260910_105035,STILL_1P_NA,43.684,48534563,541,STILL,NA,1,P03,LAB01,0,1,2563,4905,-8,360
20260910_105035,STILL_1P_NA,43.684,48534563,541,STILL,NA,1,P03,LAB01,1,0,0,0,0,0
20260910_105035,STILL_1P_NA,43.684,48534563,541,STILL,NA,1,P03,LAB01,2,0,0,0,0,0
20260910_105035,STILL_1P_NA,43.773,48623510,542,STILL,NA,1,P03,LAB01,0,1,2542,4911,-8,360
20260910_105035,STILL_1P_NA,43.773,48623510,542,STILL,NA,1,P03,LAB01,1,0,0,0,0,0
20260910_105035,STILL_1P_NA,43.773,48623510,542,STILL,NA,1,P03,LAB01,2,0,0,0,0,0
20260910_105035,STILL_1P_NA,43.862,48712524,543,STILL,NA,1,P03,LAB01,0,1,2520,4917,0,360
20260910_105035,STILL_1P_NA,43.862,48712524,543,STILL,NA,1,P03,LAB01,1,0,0,0,0,0
20260910_105035,STILL_1P_NA,43.862,48712524,543,STILL,NA,1,P03,LAB01,2,0,0,0,0,0
20260910_105035,STILL_1P_NA,43.950,48801326,544,STILL,NA,1,P03,LAB01,0,1,2467,4929,0,360
20260910_105035,STILL_1P_NA,43.950,48801326,544,STILL,NA,1,P03,LAB01,1,0,0,0,0,0
20260910_105035,STILL_1P_NA,43.950,48801326,544,STILL,NA,1,P03,LAB01,2,0,0,0,0,0
20260910_105035,STILL_1P_NA,44.039,48890392,545,STILL,NA,1,P03,LAB01,0,1,2468,4923,0,360
20260910_105035,STILL_1P_NA,44.039,48890392,545,STILL,NA,1,P03,LAB01,1,0,0,0,0,0
20260910_105035,STILL_1P_NA,44.039,48890392,545,STILL,NA,1,P03,LAB01,2,0,0,0,0,0
20260910_105035,STILL_1P_NA,44.129,48979570,546,STILL,NA,1,P03,LAB01,0,1,2475,4924,0,360
20260910_105035,STILL_1P_NA,44.129,48979570,546,STILL,NA,1,P03,LAB01,1,0,0,0,0,0
20260910_105035,STILL_1P_NA,44.129,48979570,546,STILL,NA,1,P03,LAB01,2,0,0,0,0,0
20260910_105035,STILL_1P_NA,44.217,49068548,547,STILL,NA,1,P03,LAB01,0,1,2510,4922,0,360
20260910_105035,STILL_1P_NA,44.217,49068548,547,STILL,NA,1,P03,LAB01,1,0,0,0,0,0
20260910_105035,STILL_1P_NA,44.217,49068548,547,STILL,NA,1,P03,LAB01,2,0,0,0,0,0
20260910_105035,STILL_1P_NA,44.306,49157247,548,STILL,NA,1,P03,LAB01,0,1,2541,4921,0,360
20260910_105035,STILL_1P_NA,44.306,49157247,548,STILL,NA,1,P03,LAB01,1,0,0,0,0,0
20260910_105035,STILL_1P_NA,44.306,49157247,548,STILL,NA,1,P03,LAB01,2,0,0,0,0,0
20260910_105035,STILL_1P_NA,44.396,49246448,549,STILL,NA,1,P03,LAB01,0,1,2569,4921,0,360
20260910_105035,STILL_1P_NA,44.396,49246448,549,STILL,NA,1,P03,LAB01,1,0,0,0,0,0
20260910_105035,STILL_1P_NA,44.396,49246448,549,STILL,NA,1,P03,LAB01,2,0,0,0,0,0
20260910_105035,STILL_1P_NA,44.484,49335274,550,STILL,NA,1,P03,LAB01,0,1,2570,4924,0,360
20260910_105035,STILL_1P_NA,44.484,49335274,550,STILL,NA,1,P03,LAB01,1,0,0,0,0,0
20260910_105035,STILL_1P_NA,44.484,49335274,550,STILL,NA,1,P03,LAB01,2,0,0,0,0,0
20260910_105035,STILL_1P_NA,44.573,49424379,551,STILL,NA,1,P03,LAB01,0,1,2566,4923,0,360
20260910_105035,STILL_1P_NA,44.573,49424379,551,STILL,NA,1,P03,LAB01,1,0,0,0,0,0
20260910_105035,STILL_1P_NA,44.573,49424379,551,STILL,NA,1,P03,LAB01,2,0,0,0,0,0
20260910_105035,STILL_1P_NA,44.663,49513365,552,STILL,NA,1,P03,LAB01,0,1,2564,4921,0,360
20260910_105035,STILL_1P_NA,44.663,49513365,552,STILL,NA,1,P03,LAB01,1,0,0,0,0,0
20260910_105035,STILL_1P_NA,44.663,49513365,552,STILL,NA,1,P03,LAB01,2,0,0,0,0,0
20260910_105035,STILL_1P_NA,44.751,49602096,553,STILL,NA,1,P03,LAB01,0,1,2563,4918,0,360
20260910_105035,STILL_1P_NA,44.751,49602096,553,STILL,NA,1,P03,LAB01,1,0,0,0,0,0
20260910_105035,STILL_1P_NA,44.751,49602096,553,STILL,NA,1,P03,LAB01,2,0,0,0,0,0
20260910_105035,STILL_1P_NA,44.840,49691329,554,STILL,NA,1,P03,LAB01,0,1,2559,4914,8,360
20260910_105035,STILL_1P_NA,44.840,49691329,554,STILL,NA,1,P03,LAB01,1,0,0,0,0,0
20260910_105035,STILL_1P_NA,44.840,49691329,554,STILL,NA,1,P03,LAB01,2,0,0,0,0,0
20260910_105035,STILL_1P_NA,44.930,49780407,555,STILL,NA,1,P03,LAB01,0,1,2551,4913,8,360
20260910_105035,STILL_1P_NA,44.930,49780407,555,STILL,NA,1,P03,LAB01,1,0,0,0,0,0
20260910_105035,STILL_1P_NA,44.930,49780407,555,STILL,NA,1,P03,LAB01,2,0,0,0,0,0
20260910_105035,STILL_1P_NA,45.019,49869483,556,STILL,NA,1,P03,LAB01,0,1,2533,4915,8,360
20260910_105035,STILL_1P_NA,45.019,49869483,556,STILL,NA,1,P03,LAB01,1,0,0,0,0,0
20260910_105035,STILL_1P_NA,45.019,49869483,556,STILL,NA,1,P03,LAB01,2,0,0,0,0,0
20260910_105035,STILL_1P_NA,45.108,49958347,557,STILL,NA,1,P03,LAB01,0,1,2507,4924,8,360
20260910_105035,STILL_1P_NA,45.108,49958347,557,STILL,NA,1,P03,LAB01,1,0,0,0,0,0
20260910_105035,STILL_1P_NA,45.108,49958347,557,STILL,NA,1,P03,LAB01,2,0,0,0,0,0
20260910_105035,STILL_1P_NA,45.197,50047387,558,STILL,NA,1,P03,LAB01,0,1,2433,4953,16,360
20260910_105035,STILL_1P_NA,45.197,50047387,558,STILL,NA,1,P03,LAB01,1,0,0,0,0,0
20260910_105035,STILL_1P_NA,45.197,50047387,558,STILL,NA,1,P03,LAB01,2,0,0,0,0,0
20260910_105035,STILL_1P_NA,45.285,50136206,559,STILL,NA,1,P03,LAB01,0,1,2428,4954,8,360
20260910_105035,STILL_1P_NA,45.285,50136206,559,STILL,NA,1,P03,LAB01,1,0,0,0,0,0
20260910_105035,STILL_1P_NA,45.285,50136206,559,STILL,NA,1,P03,LAB01,2,0,0,0,0,0
20260910_105035,STILL_1P_NA,45.374,50225058,560,STILL,NA,1,P03,LAB01,0,1,2446,4951,16,360
20260910_105035,STILL_1P_NA,45.374,50225058,560,STILL,NA,1,P03,LAB01,1,0,0,0,0,0
20260910_105035,STILL_1P_NA,45.374,50225058,560,STILL,NA,1,P03,LAB01,2,0,0,0,0,0
20260910_105035,STILL_1P_NA,45.463,50314340,561,STILL,NA,1,P03,LAB01,0,1,2455,4953,8,360
20260910_105035,STILL_1P_NA,45.463,50314340,561,STILL,NA,1,P03,LAB01,1,0,0,0,0,0
20260910_105035,STILL_1P_NA,45.463,50314340,561,STILL,NA,1,P03,LAB01,2,0,0,0,0,0
20260910_105035,STILL_1P_NA,45.553,50403407,562,STILL,NA,1,P03,LAB01,0,1,2478,4960,16,360
20260910_105035,STILL_1P_NA,45.553,50403407,562,STILL,NA,1,P03,LAB01,1,0,0,0,0,0
20260910_105035,STILL_1P_NA,45.553,50403407,562,STILL,NA,1,P03,LAB01,2,0,0,0,0,0
20260910_105035,STILL_1P_NA,45.641,50492329,563,STILL,NA,1,P03,LAB01,0,1,2504,4969,8,360
20260910_105035,STILL_1P_NA,45.641,50492329,563,STILL,NA,1,P03,LAB01,1,0,0,0,0,0
20260910_105035,STILL_1P_NA,45.641,50492329,563,STILL,NA,1,P03,LAB01,2,0,0,0,0,0
20260910_105035,STILL_1P_NA,45.730,50580999,564,STILL,NA,1,P03,LAB01,0,1,2535,4978,8,360
20260910_105035,STILL_1P_NA,45.730,50580999,564,STILL,NA,1,P03,LAB01,1,0,0,0,0,0
20260910_105035,STILL_1P_NA,45.730,50580999,564,STILL,NA,1,P03,LAB01,2,0,0,0,0,0
20260910_105035,STILL_1P_NA,45.819,50670237,565,STILL,NA,1,P03,LAB01,0,1,2567,4972,0,360
20260910_105035,STILL_1P_NA,45.819,50670237,565,STILL,NA,1,P03,LAB01,1,0,0,0,0,0
20260910_105035,STILL_1P_NA,45.819,50670237,565,STILL,NA,1,P03,LAB01,2,0,0,0,0,0
20260910_105035,STILL_1P_NA,45.909,50759428,566,STILL,NA,1,P03,LAB01,0,1,2585,4965,0,360
20260910_105035,STILL_1P_NA,45.909,50759428,566,STILL,NA,1,P03,LAB01,1,0,0,0,0,0
20260910_105035,STILL_1P_NA,45.909,50759428,566,STILL,NA,1,P03,LAB01,2,0,0,0,0,0
20260910_105035,STILL_1P_NA,45.997,50848350,567,STILL,NA,1,P03,LAB01,0,1,2569,4966,-16,360
20260910_105035,STILL_1P_NA,45.997,50848350,567,STILL,NA,1,P03,LAB01,1,0,0,0,0,0
20260910_105035,STILL_1P_NA,45.997,50848350,567,STILL,NA,1,P03,LAB01,2,0,0,0,0,0
20260910_105035,STILL_1P_NA,46.086,50937106,568,STILL,NA,1,P03,LAB01,0,1,2564,4966,-16,360
20260910_105035,STILL_1P_NA,46.086,50937106,568,STILL,NA,1,P03,LAB01,1,0,0,0,0,0
20260910_105035,STILL_1P_NA,46.086,50937106,568,STILL,NA,1,P03,LAB01,2,0,0,0,0,0
20260910_105035,STILL_1P_NA,46.175,51026096,569,STILL,NA,1,P03,LAB01,0,1,2560,4965,8,360
20260910_105035,STILL_1P_NA,46.175,51026096,569,STILL,NA,1,P03,LAB01,1,0,0,0,0,0
20260910_105035,STILL_1P_NA,46.175,51026096,569,STILL,NA,1,P03,LAB01,2,0,0,0,0,0
20260910_105035,STILL_1P_NA,46.264,51115076,570,STILL,NA,1,P03,LAB01,0,1,2562,4964,8,360
20260910_105035,STILL_1P_NA,46.264,51115076,570,STILL,NA,1,P03,LAB01,1,0,0,0,0,0
20260910_105035,STILL_1P_NA,46.264,51115076,570,STILL,NA,1,P03,LAB01,2,0,0,0,0,0
20260910_105035,STILL_1P_NA,46.353,51204122,571,STILL,NA,1,P03,LAB01,0,1,2570,4962,-8,360
20260910_105035,STILL_1P_NA,46.353,51204122,571,STILL,NA,1,P03,LAB01,1,0,0,0,0,0
20260910_105035,STILL_1P_NA,46.353,51204122,571,STILL,NA,1,P03,LAB01,2,0,0,0,0,0
20260910_105035,STILL_1P_NA,46.442,51293162,572,STILL,NA,1,P03,LAB01,0,1,2584,4952,-8,360
20260910_105035,STILL_1P_NA,46.442,51293162,572,STILL,NA,1,P03,LAB01,1,0,0,0,0,0
20260910_105035,STILL_1P_NA,46.442,51293162,572,STILL,NA,1,P03,LAB01,2,0,0,0,0,0
20260910_105035,STILL_1P_NA,46.531,51382117,573,STILL,NA,1,P03,LAB01,0,1,2599,4942,-8,360
20260910_105035,STILL_1P_NA,46.531,51382117,573,STILL,NA,1,P03,LAB01,1,0,0,0,0,0
20260910_105035,STILL_1P_NA,46.531,51382117,573,STILL,NA,1,P03,LAB01,2,0,0,0,0,0
20260910_105035,STILL_1P_NA,46.620,51471158,574,STILL,NA,1,P03,LAB01,0,1,2647,4912,-8,360
20260910_105035,STILL_1P_NA,46.620,51471158,574,STILL,NA,1,P03,LAB01,1,0,0,0,0,0
20260910_105035,STILL_1P_NA,46.620,51471158,574,STILL,NA,1,P03,LAB01,2,0,0,0,0,0
20260910_105035,STILL_1P_NA,46.709,51560025,575,STILL,NA,1,P03,LAB01,0,1,2690,4885,-8,360
20260910_105035,STILL_1P_NA,46.709,51560025,575,STILL,NA,1,P03,LAB01,1,0,0,0,0,0
20260910_105035,STILL_1P_NA,46.709,51560025,575,STILL,NA,1,P03,LAB01,2,0,0,0,0,0
20260910_105035,STILL_1P_NA,46.798,51649096,576,STILL,NA,1,P03,LAB01,0,1,2704,4876,-8,360
20260910_105035,STILL_1P_NA,46.798,51649096,576,STILL,NA,1,P03,LAB01,1,0,0,0,0,0
20260910_105035,STILL_1P_NA,46.798,51649096,576,STILL,NA,1,P03,LAB01,2,0,0,0,0,0
20260910_105035,STILL_1P_NA,46.887,51737803,577,STILL,NA,1,P03,LAB01,0,1,2717,4867,-8,360
20260910_105035,STILL_1P_NA,46.887,51737803,577,STILL,NA,1,P03,LAB01,1,0,0,0,0,0
20260910_105035,STILL_1P_NA,46.887,51737803,577,STILL,NA,1,P03,LAB01,2,0,0,0,0,0
20260910_105035,STILL_1P_NA,46.976,51827185,578,STILL,NA,1,P03,LAB01,0,1,2724,4859,-8,360
20260910_105035,STILL_1P_NA,46.976,51827185,578,STILL,NA,1,P03,LAB01,1,0,0,0,0,0
20260910_105035,STILL_1P_NA,46.976,51827185,578,STILL,NA,1,P03,LAB01,2,0,0,0,0,0
20260910_105035,STILL_1P_NA,47.065,51916199,579,STILL,NA,1,P03,LAB01,0,1,2731,4854,0,360
20260910_105035,STILL_1P_NA,47.065,51916199,579,STILL,NA,1,P03,LAB01,1,0,0,0,0,0
20260910_105035,STILL_1P_NA,47.065,51916199,579,STILL,NA,1,P03,LAB01,2,0,0,0,0,0
20260910_105035,STILL_1P_NA,47.154,52005090,580,STILL,NA,1,P03,LAB01,0,1,2741,4850,8,360
20260910_105035,STILL_1P_NA,47.154,52005090,580,STILL,NA,1,P03,LAB01,1,0,0,0,0,0
20260910_105035,STILL_1P_NA,47.154,52005090,580,STILL,NA,1,P03,LAB01,2,0,0,0,0,0
20260910_105035,STILL_1P_NA,47.243,52094069,581,STILL,NA,1,P03,LAB01,0,1,2752,4846,8,360
20260910_105035,STILL_1P_NA,47.243,52094069,581,STILL,NA,1,P03,LAB01,1,0,0,0,0,0
20260910_105035,STILL_1P_NA,47.243,52094069,581,STILL,NA,1,P03,LAB01,2,0,0,0,0,0
20260910_105035,STILL_1P_NA,47.332,52182904,582,STILL,NA,1,P03,LAB01,0,1,2762,4842,8,360
20260910_105035,STILL_1P_NA,47.332,52182904,582,STILL,NA,1,P03,LAB01,1,0,0,0,0,0
20260910_105035,STILL_1P_NA,47.332,52182904,582,STILL,NA,1,P03,LAB01,2,0,0,0,0,0
20260910_105035,STILL_1P_NA,47.421,52272030,583,STILL,NA,1,P03,LAB01,0,1,2766,4840,0,360
20260910_105035,STILL_1P_NA,47.421,52272030,583,STILL,NA,1,P03,LAB01,1,0,0,0,0,0
20260910_105035,STILL_1P_NA,47.421,52272030,583,STILL,NA,1,P03,LAB01,2,0,0,0,0,0
20260910_105035,STILL_1P_NA,47.510,52361076,584,STILL,NA,1,P03,LAB01,0,1,2771,4843,0,360
20260910_105035,STILL_1P_NA,47.510,52361076,584,STILL,NA,1,P03,LAB01,1,0,0,0,0,0
20260910_105035,STILL_1P_NA,47.510,52361076,584,STILL,NA,1,P03,LAB01,2,0,0,0,0,0
20260910_105035,STILL_1P_NA,47.599,52450149,585,STILL,NA,1,P03,LAB01,0,1,2775,4843,0,360
20260910_105035,STILL_1P_NA,47.599,52450149,585,STILL,NA,1,P03,LAB01,1,0,0,0,0,0
20260910_105035,STILL_1P_NA,47.599,52450149,585,STILL,NA,1,P03,LAB01,2,0,0,0,0,0
20260910_105035,STILL_1P_NA,47.688,52538957,586,STILL,NA,1,P03,LAB01,0,1,2775,4847,8,360
20260910_105035,STILL_1P_NA,47.688,52538957,586,STILL,NA,1,P03,LAB01,1,0,0,0,0,0
20260910_105035,STILL_1P_NA,47.688,52538957,586,STILL,NA,1,P03,LAB01,2,0,0,0,0,0
20260910_105035,STILL_1P_NA,47.777,52627972,587,STILL,NA,1,P03,LAB01,0,1,2773,4853,8,360
20260910_105035,STILL_1P_NA,47.777,52627972,587,STILL,NA,1,P03,LAB01,1,0,0,0,0,0
20260910_105035,STILL_1P_NA,47.777,52627972,587,STILL,NA,1,P03,LAB01,2,0,0,0,0,0
20260910_105035,STILL_1P_NA,47.866,52716889,588,STILL,NA,1,P03,LAB01,0,1,2776,4859,0,360
20260910_105035,STILL_1P_NA,47.866,52716889,588,STILL,NA,1,P03,LAB01,1,0,0,0,0,0
20260910_105035,STILL_1P_NA,47.866,52716889,588,STILL,NA,1,P03,LAB01,2,0,0,0,0,0
20260910_105035,STILL_1P_NA,47.955,52805936,589,STILL,NA,1,P03,LAB01,0,1,2786,4858,-8,360
20260910_105035,STILL_1P_NA,47.955,52805936,589,STILL,NA,1,P03,LAB01,1,0,0,0,0,0
20260910_105035,STILL_1P_NA,47.955,52805936,589,STILL,NA,1,P03,LAB01,2,0,0,0,0,0
20260910_105035,STILL_1P_NA,48.044,52894916,590,STILL,NA,1,P03,LAB01,0,1,2793,4859,0,360
20260910_105035,STILL_1P_NA,48.044,52894916,590,STILL,NA,1,P03,LAB01,1,0,0,0,0,0
20260910_105035,STILL_1P_NA,48.044,52894916,590,STILL,NA,1,P03,LAB01,2,0,0,0,0,0
20260910_105035,STILL_1P_NA,48.133,52983931,591,STILL,NA,1,P03,LAB01,0,1,2801,4858,0,360
20260910_105035,STILL_1P_NA,48.133,52983931,591,STILL,NA,1,P03,LAB01,1,0,0,0,0,0
20260910_105035,STILL_1P_NA,48.133,52983931,591,STILL,NA,1,P03,LAB01,2,0,0,0,0,0
20260910_105035,STILL_1P_NA,48.222,53072976,592,STILL,NA,1,P03,LAB01,0,1,2801,4858,0,360
20260910_105035,STILL_1P_NA,48.222,53072976,592,STILL,NA,1,P03,LAB01,1,0,0,0,0,0
20260910_105035,STILL_1P_NA,48.222,53072976,592,STILL,NA,1,P03,LAB01,2,0,0,0,0,0
20260910_105035,STILL_1P_NA,48.311,53162049,593,STILL,NA,1,P03,LAB01,0,1,2798,4860,0,360
20260910_105035,STILL_1P_NA,48.311,53162049,593,STILL,NA,1,P03,LAB01,1,0,0,0,0,0
20260910_105035,STILL_1P_NA,48.311,53162049,593,STILL,NA,1,P03,LAB01,2,0,0,0,0,0
20260910_105035,STILL_1P_NA,48.400,53251028,594,STILL,NA,1,P03,LAB01,0,1,2796,4863,0,360
20260910_105035,STILL_1P_NA,48.400,53251028,594,STILL,NA,1,P03,LAB01,1,0,0,0,0,0
20260910_105035,STILL_1P_NA,48.400,53251028,594,STILL,NA,1,P03,LAB01,2,0,0,0,0,0
20260910_105035,STILL_1P_NA,48.489,53339860,595,STILL,NA,1,P03,LAB01,0,1,2797,4863,0,360
20260910_105035,STILL_1P_NA,48.489,53339860,595,STILL,NA,1,P03,LAB01,1,0,0,0,0,0
20260910_105035,STILL_1P_NA,48.489,53339860,595,STILL,NA,1,P03,LAB01,2,0,0,0,0,0
20260910_105035,STILL_1P_NA,48.578,53428909,596,STILL,NA,1,P03,LAB01,0,1,2796,4864,0,360
20260910_105035,STILL_1P_NA,48.578,53428909,596,STILL,NA,1,P03,LAB01,1,0,0,0,0,0
20260910_105035,STILL_1P_NA,48.578,53428909,596,STILL,NA,1,P03,LAB01,2,0,0,0,0,0
20260910_105035,STILL_1P_NA,48.667,53518132,597,STILL,NA,1,P03,LAB01,0,1,2793,4865,0,360
20260910_105035,STILL_1P_NA,48.667,53518132,597,STILL,NA,1,P03,LAB01,1,0,0,0,0,0
20260910_105035,STILL_1P_NA,48.667,53518132,597,STILL,NA,1,P03,LAB01,2,0,0,0,0,0
20260910_105035,STILL_1P_NA,48.756,53607023,598,STILL,NA,1,P03,LAB01,0,1,2789,4865,0,360
20260910_105035,STILL_1P_NA,48.756,53607023,598,STILL,NA,1,P03,LAB01,1,0,0,0,0,0
20260910_105035,STILL_1P_NA,48.756,53607023,598,STILL,NA,1,P03,LAB01,2,0,0,0,0,0
20260910_105035,STILL_1P_NA,48.845,53695976,599,STILL,NA,1,P03,LAB01,0,1,2782,4868,0,360
20260910_105035,STILL_1P_NA,48.845,53695976,599,STILL,NA,1,P03,LAB01,1,0,0,0,0,0
20260910_105035,STILL_1P_NA,48.845,53695976,599,STILL,NA,1,P03,LAB01,2,0,0,0,0,0
20260910_105035,STILL_1P_NA,48.934,53784585,600,STILL,NA,1,P03,LAB01,0,1,2777,4868,0,360
20260910_105035,STILL_1P_NA,48.934,53784585,600,STILL,NA,1,P03,LAB01,1,0,0,0,0,0
20260910_105035,STILL_1P_NA,48.934,53784585,600,STILL,NA,1,P03,LAB01,2,0,0,0,0,0
20260910_105035,STILL_1P_NA,49.023,53873972,601,STILL,NA,1,P03,LAB01,0,1,2769,4873,0,360
20260910_105035,STILL_1P_NA,49.023,53873972,601,STILL,NA,1,P03,LAB01,1,0,0,0,0,0
20260910_105035,STILL_1P_NA,49.023,53873972,601,STILL,NA,1,P03,LAB01,2,0,0,0,0,0
20260910_105035,STILL_1P_NA,49.112,53962833,602,STILL,NA,1,P03,LAB01,0,1,2751,4883,0,360
20260910_105035,STILL_1P_NA,49.112,53962833,602,STILL,NA,1,P03,LAB01,1,0,0,0,0,0
20260910_105035,STILL_1P_NA,49.112,53962833,602,STILL,NA,1,P03,LAB01,2,0,0,0,0,0
20260910_105035,STILL_1P_NA,49.201,54051812,603,STILL,NA,1,P03,LAB01,0,1,2735,4891,0,360
20260910_105035,STILL_1P_NA,49.201,54051812,603,STILL,NA,1,P03,LAB01,1,0,0,0,0,0
20260910_105035,STILL_1P_NA,49.201,54051812,603,STILL,NA,1,P03,LAB01,2,0,0,0,0,0
20260910_105035,STILL_1P_NA,49.290,54140703,604,STILL,NA,1,P03,LAB01,0,1,2704,4915,0,360
20260910_105035,STILL_1P_NA,49.290,54140703,604,STILL,NA,1,P03,LAB01,1,0,0,0,0,0
20260910_105035,STILL_1P_NA,49.290,54140703,604,STILL,NA,1,P03,LAB01,2,0,0,0,0,0
20260910_105035,STILL_1P_NA,49.379,54229653,605,STILL,NA,1,P03,LAB01,0,1,2667,4943,0,360
20260910_105035,STILL_1P_NA,49.379,54229653,605,STILL,NA,1,P03,LAB01,1,0,0,0,0,0
20260910_105035,STILL_1P_NA,49.379,54229653,605,STILL,NA,1,P03,LAB01,2,0,0,0,0,0
20260910_105035,STILL_1P_NA,49.468,54318948,606,STILL,NA,1,P03,LAB01,0,1,2623,4973,0,360
20260910_105035,STILL_1P_NA,49.468,54318948,606,STILL,NA,1,P03,LAB01,1,0,0,0,0,0
20260910_105035,STILL_1P_NA,49.468,54318948,606,STILL,NA,1,P03,LAB01,2,0,0,0,0,0
20260910_105035,STILL_1P_NA,49.557,54407558,607,STILL,NA,1,P03,LAB01,0,1,2577,5005,0,360
20260910_105035,STILL_1P_NA,49.557,54407558,607,STILL,NA,1,P03,LAB01,1,0,0,0,0,0
20260910_105035,STILL_1P_NA,49.557,54407558,607,STILL,NA,1,P03,LAB01,2,0,0,0,0,0
20260910_105035,STILL_1P_NA,49.646,54496570,608,STILL,NA,1,P03,LAB01,0,1,2535,5034,0,360
20260910_105035,STILL_1P_NA,49.646,54496570,608,STILL,NA,1,P03,LAB01,1,0,0,0,0,0
20260910_105035,STILL_1P_NA,49.646,54496570,608,STILL,NA,1,P03,LAB01,2,0,0,0,0,0
20260910_105035,STILL_1P_NA,49.734,54585455,609,STILL,NA,1,P03,LAB01,0,1,2497,5061,0,360
20260910_105035,STILL_1P_NA,49.734,54585455,609,STILL,NA,1,P03,LAB01,1,0,0,0,0,0
20260910_105035,STILL_1P_NA,49.734,54585455,609,STILL,NA,1,P03,LAB01,2,0,0,0,0,0
20260910_105035,STILL_1P_NA,49.823,54674563,610,STILL,NA,1,P03,LAB01,0,1,2463,5084,0,360
20260910_105035,STILL_1P_NA,49.823,54674563,610,STILL,NA,1,P03,LAB01,1,0,0,0,0,0
20260910_105035,STILL_1P_NA,49.823,54674563,610,STILL,NA,1,P03,LAB01,2,0,0,0,0,0
20260910_105035,STILL_1P_NA,49.913,54763641,611,STILL,NA,1,P03,LAB01,0,1,2419,5108,0,360
20260910_105035,STILL_1P_NA,49.913,54763641,611,STILL,NA,1,P03,LAB01,1,0,0,0,0,0
20260910_105035,STILL_1P_NA,49.913,54763641,611,STILL,NA,1,P03,LAB01,2,0,0,0,0,0
20260910_105035,STILL_1P_NA,50.002,54852839,612,STILL,NA,1,P03,LAB01,0,1,2376,5129,0,360
20260910_105035,STILL_1P_NA,50.002,54852839,612,STILL,NA,1,P03,LAB01,1,0,0,0,0,0
20260910_105035,STILL_1P_NA,50.002,54852839,612,STILL,NA,1,P03,LAB01,2,0,0,0,0,0
20260910_105035,STILL_1P_NA,50.091,54941889,613,STILL,NA,1,P03,LAB01,0,1,2347,5146,0,360
20260910_105035,STILL_1P_NA,50.091,54941889,613,STILL,NA,1,P03,LAB01,1,0,0,0,0,0
20260910_105035,STILL_1P_NA,50.091,54941889,613,STILL,NA,1,P03,LAB01,2,0,0,0,0,0
20260910_105035,STILL_1P_NA,50.180,55030653,614,STILL,NA,1,P03,LAB01,0,1,2339,5151,0,360
20260910_105035,STILL_1P_NA,50.180,55030653,614,STILL,NA,1,P03,LAB01,1,0,0,0,0,0
20260910_105035,STILL_1P_NA,50.180,55030653,614,STILL,NA,1,P03,LAB01,2,0,0,0,0,0
20260910_105035,STILL_1P_NA,50.268,55119667,615,STILL,NA,1,P03,LAB01,0,1,2354,5154,0,360
20260910_105035,STILL_1P_NA,50.268,55119667,615,STILL,NA,1,P03,LAB01,1,0,0,0,0,0
20260910_105035,STILL_1P_NA,50.268,55119667,615,STILL,NA,1,P03,LAB01,2,0,0,0,0,0
20260910_105035,STILL_1P_NA,50.358,55208745,616,STILL,NA,1,P03,LAB01,0,1,2370,5152,0,360
20260910_105035,STILL_1P_NA,50.358,55208745,616,STILL,NA,1,P03,LAB01,1,0,0,0,0,0
20260910_105035,STILL_1P_NA,50.358,55208745,616,STILL,NA,1,P03,LAB01,2,0,0,0,0,0
20260910_105035,STILL_1P_NA,50.448,55297469,617,STILL,NA,1,P03,LAB01,0,1,2390,5149,0,360
20260910_105035,STILL_1P_NA,50.448,55297469,617,STILL,NA,1,P03,LAB01,1,0,0,0,0,0
20260910_105035,STILL_1P_NA,50.448,55297469,617,STILL,NA,1,P03,LAB01,2,0,0,0,0,0
20260910_105035,STILL_1P_NA,50.536,55386674,618,STILL,NA,1,P03,LAB01,0,1,2403,5141,0,360
20260910_105035,STILL_1P_NA,50.536,55386674,618,STILL,NA,1,P03,LAB01,1,0,0,0,0,0
20260910_105035,STILL_1P_NA,50.536,55386674,618,STILL,NA,1,P03,LAB01,2,0,0,0,0,0
20260910_105035,STILL_1P_NA,50.625,55475685,619,STILL,NA,1,P03,LAB01,0,1,2413,5132,0,360
20260910_105035,STILL_1P_NA,50.625,55475685,619,STILL,NA,1,P03,LAB01,1,0,0,0,0,0
20260910_105035,STILL_1P_NA,50.625,55475685,619,STILL,NA,1,P03,LAB01,2,0,0,0,0,0
20260910_105035,STILL_1P_NA,50.714,55564548,620,STILL,NA,1,P03,LAB01,0,1,2428,5121,0,360
20260910_105035,STILL_1P_NA,50.714,55564548,620,STILL,NA,1,P03,LAB01,1,0,0,0,0,0
20260910_105035,STILL_1P_NA,50.714,55564548,620,STILL,NA,1,P03,LAB01,2,0,0,0,0,0
20260910_105035,STILL_1P_NA,50.802,55653590,621,STILL,NA,1,P03,LAB01,0,1,2444,5110,0,360
20260910_105035,STILL_1P_NA,50.802,55653590,621,STILL,NA,1,P03,LAB01,1,0,0,0,0,0
20260910_105035,STILL_1P_NA,50.802,55653590,621,STILL,NA,1,P03,LAB01,2,0,0,0,0,0
20260910_105035,STILL_1P_NA,50.891,55742667,622,STILL,NA,1,P03,LAB01,0,1,2460,5100,0,360
20260910_105035,STILL_1P_NA,50.891,55742667,622,STILL,NA,1,P03,LAB01,1,0,0,0,0,0
20260910_105035,STILL_1P_NA,50.891,55742667,622,STILL,NA,1,P03,LAB01,2,0,0,0,0,0
20260910_105035,STILL_1P_NA,50.980,55831558,623,STILL,NA,1,P03,LAB01,0,1,2471,5093,0,360
20260910_105035,STILL_1P_NA,50.980,55831558,623,STILL,NA,1,P03,LAB01,1,0,0,0,0,0
20260910_105035,STILL_1P_NA,50.980,55831558,623,STILL,NA,1,P03,LAB01,2,0,0,0,0,0
20260910_105035,STILL_1P_NA,51.070,55920757,624,STILL,NA,1,P03,LAB01,0,1,2475,5092,0,360
20260910_105035,STILL_1P_NA,51.070,55920757,624,STILL,NA,1,P03,LAB01,1,0,0,0,0,0
20260910_105035,STILL_1P_NA,51.070,55920757,624,STILL,NA,1,P03,LAB01,2,0,0,0,0,0
20260910_105035,STILL_1P_NA,51.159,56009585,625,STILL,NA,1,P03,LAB01,0,1,2475,5091,0,360
20260910_105035,STILL_1P_NA,51.159,56009585,625,STILL,NA,1,P03,LAB01,1,0,0,0,0,0
20260910_105035,STILL_1P_NA,51.159,56009585,625,STILL,NA,1,P03,LAB01,2,0,0,0,0,0
20260910_105035,STILL_1P_NA,51.247,56098659,626,STILL,NA,1,P03,LAB01,0,1,2469,5093,0,360
20260910_105035,STILL_1P_NA,51.247,56098659,626,STILL,NA,1,P03,LAB01,1,0,0,0,0,0
20260910_105035,STILL_1P_NA,51.247,56098659,626,STILL,NA,1,P03,LAB01,2,0,0,0,0,0
20260910_105035,STILL_1P_NA,51.336,56187612,627,STILL,NA,1,P03,LAB01,0,1,2439,5105,0,360
20260910_105035,STILL_1P_NA,51.336,56187612,627,STILL,NA,1,P03,LAB01,1,0,0,0,0,0
20260910_105035,STILL_1P_NA,51.336,56187612,627,STILL,NA,1,P03,LAB01,2,0,0,0,0,0
20260910_105035,STILL_1P_NA,51.425,56276496,628,STILL,NA,1,P03,LAB01,0,1,2428,5113,0,360
20260910_105035,STILL_1P_NA,51.425,56276496,628,STILL,NA,1,P03,LAB01,1,0,0,0,0,0
20260910_105035,STILL_1P_NA,51.425,56276496,628,STILL,NA,1,P03,LAB01,2,0,0,0,0,0
20260910_105035,STILL_1P_NA,51.515,56365667,629,STILL,NA,1,P03,LAB01,0,1,2434,5109,0,360
20260910_105035,STILL_1P_NA,51.515,56365667,629,STILL,NA,1,P03,LAB01,1,0,0,0,0,0
20260910_105035,STILL_1P_NA,51.515,56365667,629,STILL,NA,1,P03,LAB01,2,0,0,0,0,0
20260910_105035,STILL_1P_NA,51.604,56454524,630,STILL,NA,1,P03,LAB01,0,1,2442,5103,0,360
20260910_105035,STILL_1P_NA,51.604,56454524,630,STILL,NA,1,P03,LAB01,1,0,0,0,0,0
20260910_105035,STILL_1P_NA,51.604,56454524,630,STILL,NA,1,P03,LAB01,2,0,0,0,0,0
20260910_105035,STILL_1P_NA,51.692,56543540,631,STILL,NA,1,P03,LAB01,0,1,2456,5093,0,360
20260910_105035,STILL_1P_NA,51.692,56543540,631,STILL,NA,1,P03,LAB01,1,0,0,0,0,0
20260910_105035,STILL_1P_NA,51.692,56543540,631,STILL,NA,1,P03,LAB01,2,0,0,0,0,0
20260910_105035,STILL_1P_NA,51.781,56632393,632,STILL,NA,1,P03,LAB01,0,1,2476,5082,0,360
20260910_105035,STILL_1P_NA,51.781,56632393,632,STILL,NA,1,P03,LAB01,1,0,0,0,0,0
20260910_105035,STILL_1P_NA,51.781,56632393,632,STILL,NA,1,P03,LAB01,2,0,0,0,0,0
20260910_105035,STILL_1P_NA,51.871,56721531,633,STILL,NA,1,P03,LAB01,0,1,2492,5072,0,360
20260910_105035,STILL_1P_NA,51.871,56721531,633,STILL,NA,1,P03,LAB01,1,0,0,0,0,0
20260910_105035,STILL_1P_NA,51.871,56721531,633,STILL,NA,1,P03,LAB01,2,0,0,0,0,0
20260910_105035,STILL_1P_NA,51.960,56810483,634,STILL,NA,1,P03,LAB01,0,1,2507,5063,0,360
20260910_105035,STILL_1P_NA,51.960,56810483,634,STILL,NA,1,P03,LAB01,1,0,0,0,0,0
20260910_105035,STILL_1P_NA,51.960,56810483,634,STILL,NA,1,P03,LAB01,2,0,0,0,0,0
20260910_105035,STILL_1P_NA,52.048,56899311,635,STILL,NA,1,P03,LAB01,0,1,2494,5071,0,360
20260910_105035,STILL_1P_NA,52.048,56899311,635,STILL,NA,1,P03,LAB01,1,0,0,0,0,0
20260910_105035,STILL_1P_NA,52.048,56899311,635,STILL,NA,1,P03,LAB01,2,0,0,0,0,0
20260910_105035,STILL_1P_NA,52.137,56988540,636,STILL,NA,1,P03,LAB01,0,1,2477,5084,0,360
20260910_105035,STILL_1P_NA,52.137,56988540,636,STILL,NA,1,P03,LAB01,1,0,0,0,0,0
20260910_105035,STILL_1P_NA,52.137,56988540,636,STILL,NA,1,P03,LAB01,2,0,0,0,0,0
20260910_105035,STILL_1P_NA,52.226,57077365,637,STILL,NA,1,P03,LAB01,0,1,2464,5091,0,360
20260910_105035,STILL_1P_NA,52.226,57077365,637,STILL,NA,1,P03,LAB01,1,0,0,0,0,0
20260910_105035,STILL_1P_NA,52.226,57077365,637,STILL,NA,1,P03,LAB01,2,0,0,0,0,0
20260910_105035,STILL_1P_NA,52.315,57166631,638,STILL,NA,1,P03,LAB01,0,1,2457,5092,0,360
20260910_105035,STILL_1P_NA,52.315,57166631,638,STILL,NA,1,P03,LAB01,1,0,0,0,0,0
20260910_105035,STILL_1P_NA,52.315,57166631,638,STILL,NA,1,P03,LAB01,2,0,0,0,0,0
20260910_105035,STILL_1P_NA,52.404,57255490,639,STILL,NA,1,P03,LAB01,0,1,2450,5092,0,360
20260910_105035,STILL_1P_NA,52.404,57255490,639,STILL,NA,1,P03,LAB01,1,0,0,0,0,0
20260910_105035,STILL_1P_NA,52.404,57255490,639,STILL,NA,1,P03,LAB01,2,0,0,0,0,0
20260910_105035,STILL_1P_NA,52.494,57344631,640,STILL,NA,1,P03,LAB01,0,1,2446,5094,0,360
20260910_105035,STILL_1P_NA,52.494,57344631,640,STILL,NA,1,P03,LAB01,1,0,0,0,0,0
20260910_105035,STILL_1P_NA,52.494,57344631,640,STILL,NA,1,P03,LAB01,2,0,0,0,0,0
20260910_105035,STILL_1P_NA,52.582,57433421,641,STILL,NA,1,P03,LAB01,0,1,2448,5094,0,360
20260910_105035,STILL_1P_NA,52.582,57433421,641,STILL,NA,1,P03,LAB01,1,0,0,0,0,0
20260910_105035,STILL_1P_NA,52.582,57433421,641,STILL,NA,1,P03,LAB01,2,0,0,0,0,0
20260910_105035,STILL_1P_NA,52.672,57522658,642,STILL,NA,1,P03,LAB01,0,1,2480,5077,0,360
20260910_105035,STILL_1P_NA,52.672,57522658,642,STILL,NA,1,P03,LAB01,1,0,0,0,0,0
20260910_105035,STILL_1P_NA,52.672,57522658,642,STILL,NA,1,P03,LAB01,2,0,0,0,0,0
20260910_105035,STILL_1P_NA,52.760,57611329,643,STILL,NA,1,P03,LAB01,0,1,2550,5041,0,360
20260910_105035,STILL_1P_NA,52.760,57611329,643,STILL,NA,1,P03,LAB01,1,0,0,0,0,0
20260910_105035,STILL_1P_NA,52.760,57611329,643,STILL,NA,1,P03,LAB01,2,0,0,0,0,0
20260910_105035,STILL_1P_NA,52.850,57700590,644,STILL,NA,1,P03,LAB01,0,1,2594,5013,0,360
20260910_105035,STILL_1P_NA,52.850,57700590,644,STILL,NA,1,P03,LAB01,1,0,0,0,0,0
20260910_105035,STILL_1P_NA,52.850,57700590,644,STILL,NA,1,P03,LAB01,2,0,0,0,0,0
20260910_105035,STILL_1P_NA,52.938,57789356,645,STILL,NA,1,P03,LAB01,0,1,2639,4983,0,360
20260910_105035,STILL_1P_NA,52.938,57789356,645,STILL,NA,1,P03,LAB01,1,0,0,0,0,0
20260910_105035,STILL_1P_NA,52.938,57789356,645,STILL,NA,1,P03,LAB01,2,0,0,0,0,0
20260910_105035,STILL_1P_NA,53.028,57878617,646,STILL,NA,1,P03,LAB01,0,1,2674,4965,0,360
20260910_105035,STILL_1P_NA,53.028,57878617,646,STILL,NA,1,P03,LAB01,1,0,0,0,0,0
20260910_105035,STILL_1P_NA,53.028,57878617,646,STILL,NA,1,P03,LAB01,2,0,0,0,0,0
20260910_105035,STILL_1P_NA,53.116,57967469,647,STILL,NA,1,P03,LAB01,0,1,2706,4949,0,360
20260910_105035,STILL_1P_NA,53.116,57967469,647,STILL,NA,1,P03,LAB01,1,0,0,0,0,0
20260910_105035,STILL_1P_NA,53.116,57967469,647,STILL,NA,1,P03,LAB01,2,0,0,0,0,0
20260910_105035,STILL_1P_NA,53.205,58056393,648,STILL,NA,1,P03,LAB01,0,1,2717,4952,8,360
20260910_105035,STILL_1P_NA,53.205,58056393,648,STILL,NA,1,P03,LAB01,1,0,0,0,0,0
20260910_105035,STILL_1P_NA,53.205,58056393,648,STILL,NA,1,P03,LAB01,2,0,0,0,0,0
20260910_105035,STILL_1P_NA,53.294,58145531,649,STILL,NA,1,P03,LAB01,0,1,2699,4955,0,360
20260910_105035,STILL_1P_NA,53.294,58145531,649,STILL,NA,1,P03,LAB01,1,0,0,0,0,0
20260910_105035,STILL_1P_NA,53.294,58145531,649,STILL,NA,1,P03,LAB01,2,0,0,0,0,0
20260910_105035,STILL_1P_NA,53.383,58234237,650,STILL,NA,1,P03,LAB01,0,1,2675,4952,0,360
20260910_105035,STILL_1P_NA,53.383,58234237,650,STILL,NA,1,P03,LAB01,1,0,0,0,0,0
20260910_105035,STILL_1P_NA,53.383,58234237,650,STILL,NA,1,P03,LAB01,2,0,0,0,0,0
20260910_105035,STILL_1P_NA,53.473,58323524,651,STILL,NA,1,P03,LAB01,0,1,2662,4954,0,360
20260910_105035,STILL_1P_NA,53.473,58323524,651,STILL,NA,1,P03,LAB01,1,0,0,0,0,0
20260910_105035,STILL_1P_NA,53.473,58323524,651,STILL,NA,1,P03,LAB01,2,0,0,0,0,0
20260910_105035,STILL_1P_NA,53.562,58412640,652,STILL,NA,1,P03,LAB01,0,1,2646,4958,0,360
20260910_105035,STILL_1P_NA,53.562,58412640,652,STILL,NA,1,P03,LAB01,1,0,0,0,0,0
20260910_105035,STILL_1P_NA,53.562,58412640,652,STILL,NA,1,P03,LAB01,2,0,0,0,0,0
20260910_105035,STILL_1P_NA,53.651,58501524,653,STILL,NA,1,P03,LAB01,0,1,2636,4959,0,360
20260910_105035,STILL_1P_NA,53.651,58501524,653,STILL,NA,1,P03,LAB01,1,0,0,0,0,0
20260910_105035,STILL_1P_NA,53.651,58501524,653,STILL,NA,1,P03,LAB01,2,0,0,0,0,0
20260910_105035,STILL_1P_NA,53.740,58590349,654,STILL,NA,1,P03,LAB01,0,1,2637,4958,0,360
20260910_105035,STILL_1P_NA,53.740,58590349,654,STILL,NA,1,P03,LAB01,1,0,0,0,0,0
20260910_105035,STILL_1P_NA,53.740,58590349,654,STILL,NA,1,P03,LAB01,2,0,0,0,0,0
20260910_105035,STILL_1P_NA,53.828,58679392,655,STILL,NA,1,P03,LAB01,0,1,2642,4955,0,360
20260910_105035,STILL_1P_NA,53.828,58679392,655,STILL,NA,1,P03,LAB01,1,0,0,0,0,0
20260910_105035,STILL_1P_NA,53.828,58679392,655,STILL,NA,1,P03,LAB01,2,0,0,0,0,0
20260910_105035,STILL_1P_NA,53.917,58768350,656,STILL,NA,1,P03,LAB01,0,1,2661,4949,0,360
20260910_105035,STILL_1P_NA,53.917,58768350,656,STILL,NA,1,P03,LAB01,1,0,0,0,0,0
20260910_105035,STILL_1P_NA,53.917,58768350,656,STILL,NA,1,P03,LAB01,2,0,0,0,0,0
20260910_105035,STILL_1P_NA,54.006,58857270,657,STILL,NA,1,P03,LAB01,0,1,2676,4946,0,360
20260910_105035,STILL_1P_NA,54.006,58857270,657,STILL,NA,1,P03,LAB01,1,0,0,0,0,0
20260910_105035,STILL_1P_NA,54.006,58857270,657,STILL,NA,1,P03,LAB01,2,0,0,0,0,0
20260910_105035,STILL_1P_NA,54.095,58946347,658,STILL,NA,1,P03,LAB01,0,1,2693,4944,0,360
20260910_105035,STILL_1P_NA,54.095,58946347,658,STILL,NA,1,P03,LAB01,1,0,0,0,0,0
20260910_105035,STILL_1P_NA,54.095,58946347,658,STILL,NA,1,P03,LAB01,2,0,0,0,0,0
20260910_105035,STILL_1P_NA,54.185,59035510,659,STILL,NA,1,P03,LAB01,0,1,2666,4965,0,360
20260910_105035,STILL_1P_NA,54.185,59035510,659,STILL,NA,1,P03,LAB01,1,0,0,0,0,0
20260910_105035,STILL_1P_NA,54.185,59035510,659,STILL,NA,1,P03,LAB01,2,0,0,0,0,0
20260910_105035,STILL_1P_NA,54.273,59124462,660,STILL,NA,1,P03,LAB01,0,1,2652,4978,0,360
20260910_105035,STILL_1P_NA,54.273,59124462,660,STILL,NA,1,P03,LAB01,1,0,0,0,0,0
20260910_105035,STILL_1P_NA,54.273,59124462,660,STILL,NA,1,P03,LAB01,2,0,0,0,0,0
20260910_105035,STILL_1P_NA,54.362,59213290,661,STILL,NA,1,P03,LAB01,0,1,2633,4994,0,360
20260910_105035,STILL_1P_NA,54.362,59213290,661,STILL,NA,1,P03,LAB01,1,0,0,0,0,0
20260910_105035,STILL_1P_NA,54.362,59213290,661,STILL,NA,1,P03,LAB01,2,0,0,0,0,0
20260910_105035,STILL_1P_NA,54.451,59302340,662,STILL,NA,1,P03,LAB01,0,1,2620,5004,0,360
20260910_105035,STILL_1P_NA,54.451,59302340,662,STILL,NA,1,P03,LAB01,1,0,0,0,0,0
20260910_105035,STILL_1P_NA,54.451,59302340,662,STILL,NA,1,P03,LAB01,2,0,0,0,0,0
20260910_105035,STILL_1P_NA,54.541,59391349,663,STILL,NA,1,P03,LAB01,0,1,2616,5002,0,360
20260910_105035,STILL_1P_NA,54.541,59391349,663,STILL,NA,1,P03,LAB01,1,0,0,0,0,0
20260910_105035,STILL_1P_NA,54.541,59391349,663,STILL,NA,1,P03,LAB01,2,0,0,0,0,0
20260910_105035,STILL_1P_NA,54.629,59480393,664,STILL,NA,1,P03,LAB01,0,1,2614,5000,0,360
20260910_105035,STILL_1P_NA,54.629,59480393,664,STILL,NA,1,P03,LAB01,1,0,0,0,0,0
20260910_105035,STILL_1P_NA,54.629,59480393,664,STILL,NA,1,P03,LAB01,2,0,0,0,0,0
20260910_105035,STILL_1P_NA,54.718,59569152,665,STILL,NA,1,P03,LAB01,0,1,2616,4995,0,360
20260910_105035,STILL_1P_NA,54.718,59569152,665,STILL,NA,1,P03,LAB01,1,0,0,0,0,0
20260910_105035,STILL_1P_NA,54.718,59569152,665,STILL,NA,1,P03,LAB01,2,0,0,0,0,0
20260910_105035,STILL_1P_NA,54.807,59657957,666,STILL,NA,1,P03,LAB01,0,1,2618,4990,0,360
20260910_105035,STILL_1P_NA,54.807,59657957,666,STILL,NA,1,P03,LAB01,1,0,0,0,0,0
20260910_105035,STILL_1P_NA,54.807,59657957,666,STILL,NA,1,P03,LAB01,2,0,0,0,0,0
20260910_105035,STILL_1P_NA,54.896,59747372,667,STILL,NA,1,P03,LAB01,0,1,2625,4986,0,360
20260910_105035,STILL_1P_NA,54.896,59747372,667,STILL,NA,1,P03,LAB01,1,0,0,0,0,0
20260910_105035,STILL_1P_NA,54.896,59747372,667,STILL,NA,1,P03,LAB01,2,0,0,0,0,0
20260910_105035,STILL_1P_NA,54.985,59836190,668,STILL,NA,1,P03,LAB01,0,1,2634,4983,0,360
20260910_105035,STILL_1P_NA,54.985,59836190,668,STILL,NA,1,P03,LAB01,1,0,0,0,0,0
20260910_105035,STILL_1P_NA,54.985,59836190,668,STILL,NA,1,P03,LAB01,2,0,0,0,0,0
20260910_105035,STILL_1P_NA,55.074,59924904,669,STILL,NA,1,P03,LAB01,0,1,2643,4981,0,360
20260910_105035,STILL_1P_NA,55.074,59924904,669,STILL,NA,1,P03,LAB01,1,0,0,0,0,0
20260910_105035,STILL_1P_NA,55.074,59924904,669,STILL,NA,1,P03,LAB01,2,0,0,0,0,0
20260910_105035,STILL_1P_NA,55.163,60014096,670,STILL,NA,1,P03,LAB01,0,1,2651,4978,0,360
20260910_105035,STILL_1P_NA,55.163,60014096,670,STILL,NA,1,P03,LAB01,1,0,0,0,0,0
20260910_105035,STILL_1P_NA,55.163,60014096,670,STILL,NA,1,P03,LAB01,2,0,0,0,0,0
20260910_105035,STILL_1P_NA,55.252,60102866,671,STILL,NA,1,P03,LAB01,0,1,2659,4975,0,360
20260910_105035,STILL_1P_NA,55.252,60102866,671,STILL,NA,1,P03,LAB01,1,0,0,0,0,0
20260910_105035,STILL_1P_NA,55.252,60102866,671,STILL,NA,1,P03,LAB01,2,0,0,0,0,0
20260910_105035,STILL_1P_NA,55.341,60191910,672,STILL,NA,1,P03,LAB01,0,1,2667,4973,0,360
20260910_105035,STILL_1P_NA,55.341,60191910,672,STILL,NA,1,P03,LAB01,1,0,0,0,0,0
20260910_105035,STILL_1P_NA,55.341,60191910,672,STILL,NA,1,P03,LAB01,2,0,0,0,0,0
20260910_105035,STILL_1P_NA,55.430,60281162,673,STILL,NA,1,P03,LAB01,0,1,2669,4971,0,360
20260910_105035,STILL_1P_NA,55.430,60281162,673,STILL,NA,1,P03,LAB01,1,0,0,0,0,0
20260910_105035,STILL_1P_NA,55.430,60281162,673,STILL,NA,1,P03,LAB01,2,0,0,0,0,0
20260910_105035,STILL_1P_NA,55.519,60370090,674,STILL,NA,1,P03,LAB01,0,1,2670,4970,0,360
20260910_105035,STILL_1P_NA,55.519,60370090,674,STILL,NA,1,P03,LAB01,1,0,0,0,0,0
20260910_105035,STILL_1P_NA,55.519,60370090,674,STILL,NA,1,P03,LAB01,2,0,0,0,0,0
20260910_105035,STILL_1P_NA,55.608,60458889,675,STILL,NA,1,P03,LAB01,0,1,2670,4969,0,360
20260910_105035,STILL_1P_NA,55.608,60458889,675,STILL,NA,1,P03,LAB01,1,0,0,0,0,0
20260910_105035,STILL_1P_NA,55.608,60458889,675,STILL,NA,1,P03,LAB01,2,0,0,0,0,0
20260910_105035,STILL_1P_NA,55.697,60548079,676,STILL,NA,1,P03,LAB01,0,1,2671,4968,0,360
20260910_105035,STILL_1P_NA,55.697,60548079,676,STILL,NA,1,P03,LAB01,1,0,0,0,0,0
20260910_105035,STILL_1P_NA,55.697,60548079,676,STILL,NA,1,P03,LAB01,2,0,0,0,0,0
20260910_105035,STILL_1P_NA,55.786,60636916,677,STILL,NA,1,P03,LAB01,0,1,2671,4966,0,360
20260910_105035,STILL_1P_NA,55.786,60636916,677,STILL,NA,1,P03,LAB01,1,0,0,0,0,0
20260910_105035,STILL_1P_NA,55.786,60636916,677,STILL,NA,1,P03,LAB01,2,0,0,0,0,0
20260910_105035,STILL_1P_NA,55.875,60725776,678,STILL,NA,1,P03,LAB01,0,1,2671,4965,0,360
20260910_105035,STILL_1P_NA,55.875,60725776,678,STILL,NA,1,P03,LAB01,1,0,0,0,0,0
20260910_105035,STILL_1P_NA,55.875,60725776,678,STILL,NA,1,P03,LAB01,2,0,0,0,0,0
20260910_105035,STILL_1P_NA,55.964,60815058,679,STILL,NA,1,P03,LAB01,0,1,2672,4964,0,360
20260910_105035,STILL_1P_NA,55.964,60815058,679,STILL,NA,1,P03,LAB01,1,0,0,0,0,0
20260910_105035,STILL_1P_NA,55.964,60815058,679,STILL,NA,1,P03,LAB01,2,0,0,0,0,0
20260910_105035,STILL_1P_NA,56.053,60904107,680,STILL,NA,1,P03,LAB01,0,1,2672,4963,0,360
20260910_105035,STILL_1P_NA,56.053,60904107,680,STILL,NA,1,P03,LAB01,1,0,0,0,0,0
20260910_105035,STILL_1P_NA,56.053,60904107,680,STILL,NA,1,P03,LAB01,2,0,0,0,0,0
20260910_105035,STILL_1P_NA,56.142,60993028,681,STILL,NA,1,P03,LAB01,0,1,2676,4957,0,360
20260910_105035,STILL_1P_NA,56.142,60993028,681,STILL,NA,1,P03,LAB01,1,0,0,0,0,0
20260910_105035,STILL_1P_NA,56.142,60993028,681,STILL,NA,1,P03,LAB01,2,0,0,0,0,0
20260910_105035,STILL_1P_NA,56.232,61082199,682,STILL,NA,1,P03,LAB01,0,1,2678,4952,0,360
20260910_105035,STILL_1P_NA,56.232,61082199,682,STILL,NA,1,P03,LAB01,1,0,0,0,0,0
20260910_105035,STILL_1P_NA,56.232,61082199,682,STILL,NA,1,P03,LAB01,2,0,0,0,0,0
20260910_105035,STILL_1P_NA,56.320,61171117,683,STILL,NA,1,P03,LAB01,0,1,2672,4951,0,360
20260910_105035,STILL_1P_NA,56.320,61171117,683,STILL,NA,1,P03,LAB01,1,0,0,0,0,0
20260910_105035,STILL_1P_NA,56.320,61171117,683,STILL,NA,1,P03,LAB01,2,0,0,0,0,0
20260910_105035,STILL_1P_NA,56.409,61260190,684,STILL,NA,1,P03,LAB01,0,1,2659,4951,0,360
20260910_105035,STILL_1P_NA,56.409,61260190,684,STILL,NA,1,P03,LAB01,1,0,0,0,0,0
20260910_105035,STILL_1P_NA,56.409,61260190,684,STILL,NA,1,P03,LAB01,2,0,0,0,0,0
20260910_105035,STILL_1P_NA,56.498,61348904,685,STILL,NA,1,P03,LAB01,0,1,2642,4951,0,360
20260910_105035,STILL_1P_NA,56.498,61348904,685,STILL,NA,1,P03,LAB01,1,0,0,0,0,0
20260910_105035,STILL_1P_NA,56.498,61348904,685,STILL,NA,1,P03,LAB01,2,0,0,0,0,0
20260910_105035,STILL_1P_NA,56.587,61437945,686,STILL,NA,1,P03,LAB01,0,1,2626,4952,0,360
20260910_105035,STILL_1P_NA,56.587,61437945,686,STILL,NA,1,P03,LAB01,1,0,0,0,0,0
20260910_105035,STILL_1P_NA,56.587,61437945,686,STILL,NA,1,P03,LAB01,2,0,0,0,0,0
20260910_105035,STILL_1P_NA,56.676,61526893,687,STILL,NA,1,P03,LAB01,0,1,2610,4953,0,360
20260910_105035,STILL_1P_NA,56.676,61526893,687,STILL,NA,1,P03,LAB01,1,0,0,0,0,0
20260910_105035,STILL_1P_NA,56.676,61526893,687,STILL,NA,1,P03,LAB01,2,0,0,0,0,0
20260910_105035,STILL_1P_NA,56.765,61615844,688,STILL,NA,1,P03,LAB01,0,1,2595,4954,0,360
20260910_105035,STILL_1P_NA,56.765,61615844,688,STILL,NA,1,P03,LAB01,1,0,0,0,0,0
20260910_105035,STILL_1P_NA,56.765,61615844,688,STILL,NA,1,P03,LAB01,2,0,0,0,0,0
20260910_105035,STILL_1P_NA,56.854,61705020,689,STILL,NA,1,P03,LAB01,0,1,2585,4952,0,360
20260910_105035,STILL_1P_NA,56.854,61705020,689,STILL,NA,1,P03,LAB01,1,0,0,0,0,0
20260910_105035,STILL_1P_NA,56.854,61705020,689,STILL,NA,1,P03,LAB01,2,0,0,0,0,0
20260910_105035,STILL_1P_NA,56.943,61793910,690,STILL,NA,1,P03,LAB01,0,1,2576,4949,0,360
20260910_105035,STILL_1P_NA,56.943,61793910,690,STILL,NA,1,P03,LAB01,1,0,0,0,0,0
20260910_105035,STILL_1P_NA,56.943,61793910,690,STILL,NA,1,P03,LAB01,2,0,0,0,0,0
20260910_105035,STILL_1P_NA,57.032,61882984,691,STILL,NA,1,P03,LAB01,0,1,2574,4949,0,360
20260910_105035,STILL_1P_NA,57.032,61882984,691,STILL,NA,1,P03,LAB01,1,0,0,0,0,0
20260910_105035,STILL_1P_NA,57.032,61882984,691,STILL,NA,1,P03,LAB01,2,0,0,0,0,0
20260910_105035,STILL_1P_NA,57.121,61972025,692,STILL,NA,1,P03,LAB01,0,1,2574,4950,0,360
20260910_105035,STILL_1P_NA,57.121,61972025,692,STILL,NA,1,P03,LAB01,1,0,0,0,0,0
20260910_105035,STILL_1P_NA,57.121,61972025,692,STILL,NA,1,P03,LAB01,2,0,0,0,0,0
20260910_105035,STILL_1P_NA,57.210,62061132,693,STILL,NA,1,P03,LAB01,0,1,2568,4954,0,360
20260910_105035,STILL_1P_NA,57.210,62061132,693,STILL,NA,1,P03,LAB01,1,0,0,0,0,0
20260910_105035,STILL_1P_NA,57.210,62061132,693,STILL,NA,1,P03,LAB01,2,0,0,0,0,0
20260910_105035,STILL_1P_NA,57.299,62149803,694,STILL,NA,1,P03,LAB01,0,1,2567,4960,0,360
20260910_105035,STILL_1P_NA,57.299,62149803,694,STILL,NA,1,P03,LAB01,1,0,0,0,0,0
20260910_105035,STILL_1P_NA,57.299,62149803,694,STILL,NA,1,P03,LAB01,2,0,0,0,0,0
20260910_105035,STILL_1P_NA,57.388,62239031,695,STILL,NA,1,P03,LAB01,0,1,2565,4969,0,360
20260910_105035,STILL_1P_NA,57.388,62239031,695,STILL,NA,1,P03,LAB01,1,0,0,0,0,0
20260910_105035,STILL_1P_NA,57.388,62239031,695,STILL,NA,1,P03,LAB01,2,0,0,0,0,0
20260910_105035,STILL_1P_NA,57.477,62327866,696,STILL,NA,1,P03,LAB01,0,1,2564,4977,0,360
20260910_105035,STILL_1P_NA,57.477,62327866,696,STILL,NA,1,P03,LAB01,1,0,0,0,0,0
20260910_105035,STILL_1P_NA,57.477,62327866,696,STILL,NA,1,P03,LAB01,2,0,0,0,0,0
20260910_105035,STILL_1P_NA,57.566,62417052,697,STILL,NA,1,P03,LAB01,0,1,2563,4985,0,360
20260910_105035,STILL_1P_NA,57.566,62417052,697,STILL,NA,1,P03,LAB01,1,0,0,0,0,0
20260910_105035,STILL_1P_NA,57.566,62417052,697,STILL,NA,1,P03,LAB01,2,0,0,0,0,0
20260910_105035,STILL_1P_NA,57.655,62505984,698,STILL,NA,1,P03,LAB01,0,1,2562,4992,0,360
20260910_105035,STILL_1P_NA,57.655,62505984,698,STILL,NA,1,P03,LAB01,1,0,0,0,0,0
20260910_105035,STILL_1P_NA,57.655,62505984,698,STILL,NA,1,P03,LAB01,2,0,0,0,0,0
20260910_105035,STILL_1P_NA,57.744,62594812,699,STILL,NA,1,P03,LAB01,0,1,2568,4995,0,360
20260910_105035,STILL_1P_NA,57.744,62594812,699,STILL,NA,1,P03,LAB01,1,0,0,0,0,0
20260910_105035,STILL_1P_NA,57.744,62594812,699,STILL,NA,1,P03,LAB01,2,0,0,0,0,0
20260910_105035,STILL_1P_NA,57.833,62684158,700,STILL,NA,1,P03,LAB01,0,1,2580,4991,0,360
20260910_105035,STILL_1P_NA,57.833,62684158,700,STILL,NA,1,P03,LAB01,1,0,0,0,0,0
20260910_105035,STILL_1P_NA,57.833,62684158,700,STILL,NA,1,P03,LAB01,2,0,0,0,0,0
20260910_105035,STILL_1P_NA,57.922,62773025,701,STILL,NA,1,P03,LAB01,0,1,2592,4986,0,360
20260910_105035,STILL_1P_NA,57.922,62773025,701,STILL,NA,1,P03,LAB01,1,0,0,0,0,0
20260910_105035,STILL_1P_NA,57.922,62773025,701,STILL,NA,1,P03,LAB01,2,0,0,0,0,0
20260910_105035,STILL_1P_NA,58.011,62862004,702,STILL,NA,1,P03,LAB01,0,1,2579,4998,0,360
20260910_105035,STILL_1P_NA,58.011,62862004,702,STILL,NA,1,P03,LAB01,1,0,0,0,0,0
20260910_105035,STILL_1P_NA,58.011,62862004,702,STILL,NA,1,P03,LAB01,2,0,0,0,0,0
20260910_105035,STILL_1P_NA,58.100,62951135,703,STILL,NA,1,P03,LAB01,0,1,2568,5003,0,360
20260910_105035,STILL_1P_NA,58.100,62951135,703,STILL,NA,1,P03,LAB01,1,0,0,0,0,0
20260910_105035,STILL_1P_NA,58.100,62951135,703,STILL,NA,1,P03,LAB01,2,0,0,0,0,0
20260910_105035,STILL_1P_NA,58.189,63040085,704,STILL,NA,1,P03,LAB01,0,1,2547,5007,0,360
20260910_105035,STILL_1P_NA,58.189,63040085,704,STILL,NA,1,P03,LAB01,1,0,0,0,0,0
20260910_105035,STILL_1P_NA,58.189,63040085,704,STILL,NA,1,P03,LAB01,2,0,0,0,0,0
20260910_105035,STILL_1P_NA,58.278,63128984,705,STILL,NA,1,P03,LAB01,0,1,2489,5018,0,360
20260910_105035,STILL_1P_NA,58.278,63128984,705,STILL,NA,1,P03,LAB01,1,0,0,0,0,0
20260910_105035,STILL_1P_NA,58.278,63128984,705,STILL,NA,1,P03,LAB01,2,0,0,0,0,0
20260910_105035,STILL_1P_NA,58.367,63217999,706,STILL,NA,1,P03,LAB01,0,1,2483,5021,0,360
20260910_105035,STILL_1P_NA,58.367,63217999,706,STILL,NA,1,P03,LAB01,1,0,0,0,0,0
20260910_105035,STILL_1P_NA,58.367,63217999,706,STILL,NA,1,P03,LAB01,2,0,0,0,0,0
20260910_105035,STILL_1P_NA,58.456,63307031,707,STILL,NA,1,P03,LAB01,0,1,2487,5021,0,360
20260910_105035,STILL_1P_NA,58.456,63307031,707,STILL,NA,1,P03,LAB01,1,0,0,0,0,0
20260910_105035,STILL_1P_NA,58.456,63307031,707,STILL,NA,1,P03,LAB01,2,0,0,0,0,0
20260910_105035,STILL_1P_NA,58.545,63395872,708,STILL,NA,1,P03,LAB01,0,1,2491,5021,0,360
20260910_105035,STILL_1P_NA,58.545,63395872,708,STILL,NA,1,P03,LAB01,1,0,0,0,0,0
20260910_105035,STILL_1P_NA,58.545,63395872,708,STILL,NA,1,P03,LAB01,2,0,0,0,0,0
20260910_105035,STILL_1P_NA,58.634,63484854,709,STILL,NA,1,P03,LAB01,0,1,2494,5022,0,360
20260910_105035,STILL_1P_NA,58.634,63484854,709,STILL,NA,1,P03,LAB01,1,0,0,0,0,0
20260910_105035,STILL_1P_NA,58.634,63484854,709,STILL,NA,1,P03,LAB01,2,0,0,0,0,0
20260910_105035,STILL_1P_NA,58.723,63573892,710,STILL,NA,1,P03,LAB01,0,1,2497,5022,0,360
20260910_105035,STILL_1P_NA,58.723,63573892,710,STILL,NA,1,P03,LAB01,1,0,0,0,0,0
20260910_105035,STILL_1P_NA,58.723,63573892,710,STILL,NA,1,P03,LAB01,2,0,0,0,0,0
20260910_105035,STILL_1P_NA,58.812,63663058,711,STILL,NA,1,P03,LAB01,0,1,2501,5023,0,360
20260910_105035,STILL_1P_NA,58.812,63663058,711,STILL,NA,1,P03,LAB01,1,0,0,0,0,0
20260910_105035,STILL_1P_NA,58.812,63663058,711,STILL,NA,1,P03,LAB01,2,0,0,0,0,0
20260910_105035,STILL_1P_NA,58.901,63752042,712,STILL,NA,1,P03,LAB01,0,1,2505,5024,0,360
20260910_105035,STILL_1P_NA,58.901,63752042,712,STILL,NA,1,P03,LAB01,1,0,0,0,0,0
20260910_105035,STILL_1P_NA,58.901,63752042,712,STILL,NA,1,P03,LAB01,2,0,0,0,0,0
20260910_105035,STILL_1P_NA,58.990,63841052,713,STILL,NA,1,P03,LAB01,0,1,2504,5028,0,360
20260910_105035,STILL_1P_NA,58.990,63841052,713,STILL,NA,1,P03,LAB01,1,0,0,0,0,0
20260910_105035,STILL_1P_NA,58.990,63841052,713,STILL,NA,1,P03,LAB01,2,0,0,0,0,0
20260910_105035,STILL_1P_NA,59.079,63930013,714,STILL,NA,1,P03,LAB01,0,1,2496,5035,0,360
20260910_105035,STILL_1P_NA,59.079,63930013,714,STILL,NA,1,P03,LAB01,1,0,0,0,0,0
20260910_105035,STILL_1P_NA,59.079,63930013,714,STILL,NA,1,P03,LAB01,2,0,0,0,0,0
20260910_105035,STILL_1P_NA,59.168,64018936,715,STILL,NA,1,P03,LAB01,0,1,2488,5040,0,360
20260910_105035,STILL_1P_NA,59.168,64018936,715,STILL,NA,1,P03,LAB01,1,0,0,0,0,0
20260910_105035,STILL_1P_NA,59.168,64018936,715,STILL,NA,1,P03,LAB01,2,0,0,0,0,0
20260910_105035,STILL_1P_NA,59.257,64107827,716,STILL,NA,1,P03,LAB01,0,1,2478,5046,0,360
20260910_105035,STILL_1P_NA,59.257,64107827,716,STILL,NA,1,P03,LAB01,1,0,0,0,0,0
20260910_105035,STILL_1P_NA,59.257,64107827,716,STILL,NA,1,P03,LAB01,2,0,0,0,0,0
20260910_105035,STILL_1P_NA,59.346,64196744,717,STILL,NA,1,P03,LAB01,0,1,2469,5052,0,360
20260910_105035,STILL_1P_NA,59.346,64196744,717,STILL,NA,1,P03,LAB01,1,0,0,0,0,0
20260910_105035,STILL_1P_NA,59.346,64196744,717,STILL,NA,1,P03,LAB01,2,0,0,0,0,0
20260910_105035,STILL_1P_NA,59.434,64285603,718,STILL,NA,1,P03,LAB01,0,1,2460,5058,0,360
20260910_105035,STILL_1P_NA,59.434,64285603,718,STILL,NA,1,P03,LAB01,1,0,0,0,0,0
20260910_105035,STILL_1P_NA,59.434,64285603,718,STILL,NA,1,P03,LAB01,2,0,0,0,0,0
20260910_105035,STILL_1P_NA,59.523,64374771,719,STILL,NA,1,P03,LAB01,0,1,2454,5065,0,360
20260910_105035,STILL_1P_NA,59.523,64374771,719,STILL,NA,1,P03,LAB01,1,0,0,0,0,0
20260910_105035,STILL_1P_NA,59.523,64374771,719,STILL,NA,1,P03,LAB01,2,0,0,0,0,0
20260910_105035,STILL_1P_NA,59.612,64463563,720,STILL,NA,1,P03,LAB01,0,1,2450,5071,0,360
20260910_105035,STILL_1P_NA,59.612,64463563,720,STILL,NA,1,P03,LAB01,1,0,0,0,0,0
20260910_105035,STILL_1P_NA,59.612,64463563,720,STILL,NA,1,P03,LAB01,2,0,0,0,0,0
20260910_105035,STILL_1P_NA,59.702,64553040,721,STILL,NA,1,P03,LAB01,0,1,2449,5074,8,360
20260910_105035,STILL_1P_NA,59.702,64553040,721,STILL,NA,1,P03,LAB01,1,0,0,0,0,0
20260910_105035,STILL_1P_NA,59.702,64553040,721,STILL,NA,1,P03,LAB01,2,0,0,0,0,0
20260910_105035,STILL_1P_NA,59.791,64641777,722,STILL,NA,1,P03,LAB01,0,1,2451,5071,8,360
20260910_105035,STILL_1P_NA,59.791,64641777,722,STILL,NA,1,P03,LAB01,1,0,0,0,0,0
20260910_105035,STILL_1P_NA,59.791,64641777,722,STILL,NA,1,P03,LAB01,2,0,0,0,0,0
20260910_105035,STILL_1P_NA,59.880,64730603,723,STILL,NA,1,P03,LAB01,0,1,2454,5064,8,360
20260910_105035,STILL_1P_NA,59.880,64730603,723,STILL,NA,1,P03,LAB01,1,0,0,0,0,0
20260910_105035,STILL_1P_NA,59.880,64730603,723,STILL,NA,1,P03,LAB01,2,0,0,0,0,0
20260910_105035,STILL_1P_NA,59.969,64819839,724,STILL,NA,1,P03,LAB01,0,1,2462,5058,0,360
20260910_105035,STILL_1P_NA,59.969,64819839,724,STILL,NA,1,P03,LAB01,1,0,0,0,0,0
20260910_105035,STILL_1P_NA,59.969,64819839,724,STILL,NA,1,P03,LAB01,2,0,0,0,0,0
20260910_105035,STILL_1P_NA,60.058,64908730,725,STILL,NA,1,P03,LAB01,0,1,2467,5054,0,360
20260910_105035,STILL_1P_NA,60.058,64908730,725,STILL,NA,1,P03,LAB01,1,0,0,0,0,0
20260910_105035,STILL_1P_NA,60.058,64908730,725,STILL,NA,1,P03,LAB01,2,0,0,0,0,0
