session_id,scenario,pc_time_s,esp_time_us,frame_id,activity,direction,people_count,participants,environment,target_slot,valid,x_mm,y_mm,speed_cm_s,resolution_mm
20260910_100810,STILL_1P_NA1,0.001,1928683,17,STILL,NA1,1,P01,LAB01,0,1,-981,2166,0,360
20260910_100810,STILL_1P_NA1,0.001,1928683,17,STILL,NA1,1,P01,LAB01,1,0,0,0,0,0
20260910_100810,STILL_1P_NA1,0.001,1928683,17,STILL,NA1,1,P01,LAB01,2,0,0,0,0,0
20260910_100810,STILL_1P_NA1,0.002,2017795,18,STILL,NA1,1,P01,LAB01,0,1,-980,2169,0,360
20260910_100810,STILL_1P_NA1,0.002,2017795,18,STILL,NA1,1,P01,LAB01,1,0,0,0,0,0
20260910_100810,STILL_1P_NA1,0.002,2017795,18,STILL,NA1,1,P01,LAB01,2,0,0,0,0,0
20260910_100810,STILL_1P_NA1,0.003,2106683,19,STILL,NA1,1,P01,LAB01,0,1,-979,2172,0,360
20260910_100810,STILL_1P_NA1,0.003,2106683,19,STILL,NA1,1,P01,LAB01,1,0,0,0,0,0
20260910_100810,STILL_1P_NA1,0.003,2106683,19,STILL,NA1,1,P01,LAB01,2,0,0,0,0,0
20260910_100810,STILL_1P_NA1,0.004,2195664,20,STILL,NA1,1,P01,LAB01,0,1,-978,2174,0,360
20260910_100810,STILL_1P_NA1,0.004,2195664,20,STILL,NA1,1,P01,LAB01,1,0,0,0,0,0
20260910_100810,STILL_1P_NA1,0.004,2195664,20,STILL,NA1,1,P01,LAB01,2,0,0,0,0,0
20260910_100810,STILL_1P_NA1,0.005,2284644,21,STILL,NA1,1,P01,LAB01,0,1,-978,2178,0,360
20260910_100810,STILL_1P_NA1,0.005,2284644,21,STILL,NA1,1,P01,LAB01,1,0,0,0,0,0
20260910_100810,STILL_1P_NA1,0.005,2284644,21,STILL,NA1,1,P01,LAB01,2,0,0,0,0,0
20260910_100810,STILL_1P_NA1,0.006,2373694,22,STILL,NA1,1,P01,LAB01,0,1,-978,2183,0,360
20260910_100810,STILL_1P_NA1,0.006,2373694,22,STILL,NA1,1,P01,LAB01,1,0,0,0,0,0
20260910_100810,STILL_1P_NA1,0.006,2373694,22,STILL,NA1,1,P01,LAB01,2,0,0,0,0,0
20260910_100810,STILL_1P_NA1,0.008,2462545,23,STILL,NA1,1,P01,LAB01,0,1,-977,2187,0,360
20260910_100810,STILL_1P_NA1,0.008,2462545,23,STILL,NA1,1,P01,LAB01,1,0,0,0,0,0
20260910_100810,STILL_1P_NA1,0.008,2462545,23,STILL,NA1,1,P01,LAB01,2,0,0,0,0,0
20260910_100810,STILL_1P_NA1,0.009,2551370,24,STILL,NA1,1,P01,LAB01,0,1,-977,2191,0,360
20260910_100810,STILL_1P_NA1,0.009,2551370,24,STILL,NA1,1,P01,LAB01,1,0,0,0,0,0
20260910_100810,STILL_1P_NA1,0.009,2551370,24,STILL,NA1,1,P01,LAB01,2,0,0,0,0,0
20260910_100810,STILL_1P_NA1,0.010,2640418,25,STILL,NA1,1,P01,LAB01,0,1,-975,2190,0,360
20260910_100810,STILL_1P_NA1,0.010,2640418,25,STILL,NA1,1,P01,LAB01,1,0,0,0,0,0
20260910_100810,STILL_1P_NA1,0.010,2640418,25,STILL,NA1,1,P01,LAB01,2,0,0,0,0,0
20260910_100810,STILL_1P_NA1,0.012,2729344,26,STILL,NA1,1,P01,LAB01,0,1,-970,2187,0,360
20260910_100810,STILL_1P_NA1,0.012,2729344,26,STILL,NA1,1,P01,LAB01,1,0,0,0,0,0
20260910_100810,STILL_1P_NA1,0.012,2729344,26,STILL,NA1,1,P01,LAB01,2,0,0,0,0,0
20260910_100810,STILL_1P_NA1,0.013,2819261,27,STILL,NA1,1,P01,LAB01,0,1,-964,2183,0,360
20260910_100810,STILL_1P_NA1,0.013,2819261,27,STILL,NA1,1,P01,LAB01,1,0,0,0,0,0
20260910_100810,STILL_1P_NA1,0.013,2819261,27,STILL,NA1,1,P01,LAB01,2,0,0,0,0,0
20260910_100810,STILL_1P_NA1,0.014,2907774,28,STILL,NA1,1,P01,LAB01,0,1,-957,2177,0,360
20260910_100810,STILL_1P_NA1,0.014,2907774,28,STILL,NA1,1,P01,LAB01,1,0,0,0,0,0
20260910_100810,STILL_1P_NA1,0.014,2907774,28,STILL,NA1,1,P01,LAB01,2,0,0,0,0,0
20260910_100810,STILL_1P_NA1,0.015,2996727,29,STILL,NA1,1,P01,LAB01,0,1,-950,2174,0,360
20260910_100810,STILL_1P_NA1,0.015,2996727,29,STILL,NA1,1,P01,LAB01,1,0,0,0,0,0
20260910_100810,STILL_1P_NA1,0.015,2996727,29,STILL,NA1,1,P01,LAB01,2,0,0,0,0,0
20260910_100810,STILL_1P_NA1,0.016,3085954,30,STILL,NA1,1,P01,LAB01,0,1,-943,2170,0,360
20260910_100810,STILL_1P_NA1,0.016,3085954,30,STILL,NA1,1,P01,LAB01,1,0,0,0,0,0
20260910_100810,STILL_1P_NA1,0.016,3085954,30,STILL,NA1,1,P01,LAB01,2,0,0,0,0,0
20260910_100810,STILL_1P_NA1,0.017,3174568,31,STILL,NA1,1,P01,LAB01,0,1,-937,2167,0,360
20260910_100810,STILL_1P_NA1,0.017,3174568,31,STILL,NA1,1,P01,LAB01,1,0,0,0,0,0
20260910_100810,STILL_1P_NA1,0.017,3174568,31,STILL,NA1,1,P01,LAB01,2,0,0,0,0,0
20260910_100810,STILL_1P_NA1,0.017,3263480,32,STILL,NA1,1,P01,LAB01,0,1,-931,2164,0,360
20260910_100810,STILL_1P_NA1,0.017,3263480,32,STILL,NA1,1,P01,LAB01,1,0,0,0,0,0
20260910_100810,STILL_1P_NA1,0.017,3263480,32,STILL,NA1,1,P01,LAB01,2,0,0,0,0,0
20260910_100810,STILL_1P_NA1,0.018,3352432,33,STILL,NA1,1,P01,LAB01,0,1,-925,2161,0,360
20260910_100810,STILL_1P_NA1,0.018,3352432,33,STILL,NA1,1,P01,LAB01,1,0,0,0,0,0
20260910_100810,STILL_1P_NA1,0.018,3352432,33,STILL,NA1,1,P01,LAB01,2,0,0,0,0,0
20260910_100810,STILL_1P_NA1,0.019,3441796,34,STILL,NA1,1,P01,LAB01,0,1,-920,2158,0,360
20260910_100810,STILL_1P_NA1,0.019,3441796,34,STILL,NA1,1,P01,LAB01,1,0,0,0,0,0
20260910_100810,STILL_1P_NA1,0.019,3441796,34,STILL,NA1,1,P01,LAB01,2,0,0,0,0,0
20260910_100810,STILL_1P_NA1,0.020,3530555,35,STILL,NA1,1,P01,LAB01,0,1,-914,2155,0,360
20260910_100810,STILL_1P_NA1,0.020,3530555,35,STILL,NA1,1,P01,LAB01,1,0,0,0,0,0
20260910_100810,STILL_1P_NA1,0.020,3530555,35,STILL,NA1,1,P01,LAB01,2,0,0,0,0,0
20260910_100810,STILL_1P_NA1,0.021,3619156,36,STILL,NA1,1,P01,LAB01,0,1,-909,2152,0,360
20260910_100810,STILL_1P_NA1,0.021,3619156,36,STILL,NA1,1,P01,LAB01,1,0,0,0,0,0
20260910_100810,STILL_1P_NA1,0.021,3619156,36,STILL,NA1,1,P01,LAB01,2,0,0,0,0,0
20260910_100810,STILL_1P_NA1,0.022,3708425,37,STILL,NA1,1,P01,LAB01,0,1,-903,2145,-8,360
20260910_100810,STILL_1P_NA1,0.022,3708425,37,STILL,NA1,1,P01,LAB01,1,0,0,0,0,0
20260910_100810,STILL_1P_NA1,0.022,3708425,37,STILL,NA1,1,P01,LAB01,2,0,0,0,0,0
20260910_100810,STILL_1P_NA1,0.022,3797467,38,STILL,NA1,1,P01,LAB01,0,1,-891,2119,0,360
20260910_100810,STILL_1P_NA1,0.022,3797467,38,STILL,NA1,1,P01,LAB01,1,0,0,0,0,0
20260910_100810,STILL_1P_NA1,0.022,3797467,38,STILL,NA1,1,P01,LAB01,2,0,0,0,0,0
20260910_100810,STILL_1P_NA1,0.023,3886768,39,STILL,NA1,1,P01,LAB01,0,1,-878,2089,0,360
20260910_100810,STILL_1P_NA1,0.023,3886768,39,STILL,NA1,1,P01,LAB01,1,0,0,0,0,0
20260910_100810,STILL_1P_NA1,0.023,3886768,39,STILL,NA1,1,P01,LAB01,2,0,0,0,0,0
20260910_100810,STILL_1P_NA1,0.025,3975683,40,STILL,NA1,1,P01,LAB01,0,1,-862,2057,0,360
20260910_100810,STILL_1P_NA1,0.025,3975683,40,STILL,NA1,1,P01,LAB01,1,0,0,0,0,0
20260910_100810,STILL_1P_NA1,0.025,3975683,40,STILL,NA1,1,P01,LAB01,2,0,0,0,0,0
20260910_100810,STILL_1P_NA1,0.026,4064701,41,STILL,NA1,1,P01,LAB01,0,1,-824,1974,-8,360
20260910_100810,STILL_1P_NA1,0.026,4064701,41,STILL,NA1,1,P01,LAB01,1,0,0,0,0,0
20260910_100810,STILL_1P_NA1,0.026,4064701,41,STILL,NA1,1,P01,LAB01,2,0,0,0,0,0
20260910_100810,STILL_1P_NA1,0.027,4153459,42,STILL,NA1,1,P01,LAB01,0,1,-816,1950,0,360
20260910_100810,STILL_1P_NA1,0.027,4153459,42,STILL,NA1,1,P01,LAB01,1,0,0,0,0,0
20260910_100810,STILL_1P_NA1,0.027,4153459,42,STILL,NA1,1,P01,LAB01,2,0,0,0,0,0
20260910_100810,STILL_1P_NA1,0.027,4242445,43,STILL,NA1,1,P01,LAB01,0,1,-811,1928,0,360
20260910_100810,STILL_1P_NA1,0.027,4242445,43,STILL,NA1,1,P01,LAB01,1,0,0,0,0,0
20260910_100810,STILL_1P_NA1,0.027,4242445,43,STILL,NA1,1,P01,LAB01,2,0,0,0,0,0
20260910_100810,STILL_1P_NA1,0.028,4331241,44,STILL,NA1,1,P01,LAB01,0,1,-807,1912,0,360
20260910_100810,STILL_1P_NA1,0.028,4331241,44,STILL,NA1,1,P01,LAB01,1,0,0,0,0,0
20260910_100810,STILL_1P_NA1,0.028,4331241,44,STILL,NA1,1,P01,LAB01,2,0,0,0,0,0
20260910_100810,STILL_1P_NA1,0.029,4420467,45,STILL,NA1,1,P01,LAB01,0,1,-815,1916,0,360
20260910_100810,STILL_1P_NA1,0.029,4420467,45,STILL,NA1,1,P01,LAB01,1,0,0,0,0,0
20260910_100810,STILL_1P_NA1,0.029,4420467,45,STILL,NA1,1,P01,LAB01,2,0,0,0,0,0
20260910_100810,STILL_1P_NA1,0.030,4509132,46,STILL,NA1,1,P01,LAB01,0,1,-823,1925,0,360
20260910_100810,STILL_1P_NA1,0.030,4509132,46,STILL,NA1,1,P01,LAB01,1,0,0,0,0,0
20260910_100810,STILL_1P_NA1,0.030,4509132,46,STILL,NA1,1,P01,LAB01,2,0,0,0,0,0
20260910_100810,STILL_1P_NA1,0.031,4598404,47,STILL,NA1,1,P01,LAB01,0,1,-831,1937,0,360
20260910_100810,STILL_1P_NA1,0.031,4598404,47,STILL,NA1,1,P01,LAB01,1,0,0,0,0,0
20260910_100810,STILL_1P_NA1,0.031,4598404,47,STILL,NA1,1,P01,LAB01,2,0,0,0,0,0
20260910_100810,STILL_1P_NA1,0.033,4687327,48,STILL,NA1,1,P01,LAB01,0,1,-856,1976,0,360
20260910_100810,STILL_1P_NA1,0.033,4687327,48,STILL,NA1,1,P01,LAB01,1,0,0,0,0,0
20260910_100810,STILL_1P_NA1,0.033,4687327,48,STILL,NA1,1,P01,LAB01,2,0,0,0,0,0
20260910_100810,STILL_1P_NA1,0.034,4776432,49,STILL,NA1,1,P01,LAB01,0,1,-884,2021,0,360
20260910_100810,STILL_1P_NA1,0.034,4776432,49,STILL,NA1,1,P01,LAB01,1,0,0,0,0,0
20260910_100810,STILL_1P_NA1,0.034,4776432,49,STILL,NA1,1,P01,LAB01,2,0,0,0,0,0
20260910_100810,STILL_1P_NA1,0.034,4865187,50,STILL,NA1,1,P01,LAB01,0,1,-896,2042,0,360
20260910_100810,STILL_1P_NA1,0.034,4865187,50,STILL,NA1,1,P01,LAB01,1,0,0,0,0,0
20260910_100810,STILL_1P_NA1,0.034,4865187,50,STILL,NA1,1,P01,LAB01,2,0,0,0,0,0
20260910_100810,STILL_1P_NA1,0.105,4954459,51,STILL,NA1,1,P01,LAB01,0,1,-897,2047,0,360
20260910_100810,STILL_1P_NA1,0.105,4954459,51,STILL,NA1,1,P01,LAB01,1,0,0,0,0,0
20260910_100810,STILL_1P_NA1,0.105,4954459,51,STILL,NA1,1,P01,LAB01,2,0,0,0,0,0
20260910_100810,STILL_1P_NA1,0.194,5043501,52,STILL,NA1,1,P01,LAB01,0,1,-894,2055,0,360
20260910_100810,STILL_1P_NA1,0.194,5043501,52,STILL,NA1,1,P01,LAB01,1,0,0,0,0,0
20260910_100810,STILL_1P_NA1,0.194,5043501,52,STILL,NA1,1,P01,LAB01,2,0,0,0,0,0
20260910_100810,STILL_1P_NA1,0.283,5132551,53,STILL,NA1,1,P01,LAB01,0,1,-889,2063,0,360
20260910_100810,STILL_1P_NA1,0.283,5132551,53,STILL,NA1,1,P01,LAB01,1,0,0,0,0,0
20260910_100810,STILL_1P_NA1,0.283,5132551,53,STILL,NA1,1,P01,LAB01,2,0,0,0,0,0
20260910_100810,STILL_1P_NA1,0.372,5221347,54,STILL,NA1,1,P01,LAB01,0,1,-885,2070,0,360
20260910_100810,STILL_1P_NA1,0.372,5221347,54,STILL,NA1,1,P01,LAB01,1,0,0,0,0,0
20260910_100810,STILL_1P_NA1,0.372,5221347,54,STILL,NA1,1,P01,LAB01,2,0,0,0,0,0
20260910_100810,STILL_1P_NA1,0.461,5310354,55,STILL,NA1,1,P01,LAB01,0,1,-885,2075,0,360
20260910_100810,STILL_1P_NA1,0.461,5310354,55,STILL,NA1,1,P01,LAB01,1,0,0,0,0,0
20260910_100810,STILL_1P_NA1,0.461,5310354,55,STILL,NA1,1,P01,LAB01,2,0,0,0,0,0
20260910_100810,STILL_1P_NA1,0.550,5399049,56,STILL,NA1,1,P01,LAB01,0,1,-886,2079,0,360
20260910_100810,STILL_1P_NA1,0.550,5399049,56,STILL,NA1,1,P01,LAB01,1,0,0,0,0,0
20260910_100810,STILL_1P_NA1,0.550,5399049,56,STILL,NA1,1,P01,LAB01,2,0,0,0,0,0
20260910_100810,STILL_1P_NA1,0.640,5488731,57,STILL,NA1,1,P01,LAB01,0,1,-887,2081,0,360
20260910_100810,STILL_1P_NA1,0.640,5488731,57,STILL,NA1,1,P01,LAB01,1,0,0,0,0,0
20260910_100810,STILL_1P_NA1,0.640,5488731,57,STILL,NA1,1,P01,LAB01,2,0,0,0,0,0
20260910_100810,STILL_1P_NA1,0.728,5577460,58,STILL,NA1,1,P01,LAB01,0,1,-888,2081,0,360
20260910_100810,STILL_1P_NA1,0.728,5577460,58,STILL,NA1,1,P01,LAB01,1,0,0,0,0,0
20260910_100810,STILL_1P_NA1,0.728,5577460,58,STILL,NA1,1,P01,LAB01,2,0,0,0,0,0
20260910_100810,STILL_1P_NA1,0.817,5666287,59,STILL,NA1,1,P01,LAB01,0,1,-887,2077,0,360
20260910_100810,STILL_1P_NA1,0.817,5666287,59,STILL,NA1,1,P01,LAB01,1,0,0,0,0,0
20260910_100810,STILL_1P_NA1,0.817,5666287,59,STILL,NA1,1,P01,LAB01,2,0,0,0,0,0
20260910_100810,STILL_1P_NA1,0.906,5755203,60,STILL,NA1,1,P01,LAB01,0,1,-885,2079,0,360
20260910_100810,STILL_1P_NA1,0.906,5755203,60,STILL,NA1,1,P01,LAB01,1,0,0,0,0,0
20260910_100810,STILL_1P_NA1,0.906,5755203,60,STILL,NA1,1,P01,LAB01,2,0,0,0,0,0
20260910_100810,STILL_1P_NA1,0.995,5844404,61,STILL,NA1,1,P01,LAB01,0,1,-884,2083,0,360
20260910_100810,STILL_1P_NA1,0.995,5844404,61,STILL,NA1,1,P01,LAB01,1,0,0,0,0,0
20260910_100810,STILL_1P_NA1,0.995,5844404,61,STILL,NA1,1,P01,LAB01,2,0,0,0,0,0
20260910_100810,STILL_1P_NA1,1.084,5933170,62,STILL,NA1,1,P01,LAB01,0,1,-885,2088,0,360
20260910_100810,STILL_1P_NA1,1.084,5933170,62,STILL,NA1,1,P01,LAB01,1,0,0,0,0,0
20260910_100810,STILL_1P_NA1,1.084,5933170,62,STILL,NA1,1,P01,LAB01,2,0,0,0,0,0
20260910_100810,STILL_1P_NA1,1.173,6022341,63,STILL,NA1,1,P01,LAB01,0,1,-887,2092,0,360
20260910_100810,STILL_1P_NA1,1.173,6022341,63,STILL,NA1,1,P01,LAB01,1,0,0,0,0,0
20260910_100810,STILL_1P_NA1,1.173,6022341,63,STILL,NA1,1,P01,LAB01,2,0,0,0,0,0
20260910_100810,STILL_1P_NA1,1.262,6111267,64,STILL,NA1,1,P01,LAB01,0,1,-892,2098,0,360
20260910_100810,STILL_1P_NA1,1.262,6111267,64,STILL,NA1,1,P01,LAB01,1,0,0,0,0,0
20260910_100810,STILL_1P_NA1,1.262,6111267,64,STILL,NA1,1,P01,LAB01,2,0,0,0,0,0
20260910_100810,STILL_1P_NA1,1.351,6200176,65,STILL,NA1,1,P01,LAB01,0,1,-899,2105,0,360
20260910_100810,STILL_1P_NA1,1.351,6200176,65,STILL,NA1,1,P01,LAB01,1,0,0,0,0,0
20260910_100810,STILL_1P_NA1,1.351,6200176,65,STILL,NA1,1,P01,LAB01,2,0,0,0,0,0
20260910_100810,STILL_1P_NA1,1.440,6289010,66,STILL,NA1,1,P01,LAB01,0,1,-907,2111,0,360
20260910_100810,STILL_1P_NA1,1.440,6289010,66,STILL,NA1,1,P01,LAB01,1,0,0,0,0,0
20260910_100810,STILL_1P_NA1,1.440,6289010,66,STILL,NA1,1,P01,LAB01,2,0,0,0,0,0
20260910_100810,STILL_1P_NA1,1.529,6378271,67,STILL,NA1,1,P01,LAB01,0,1,-913,2118,0,360
20260910_100810,STILL_1P_NA1,1.529,6378271,67,STILL,NA1,1,P01,LAB01,1,0,0,0,0,0
20260910_100810,STILL_1P_NA1,1.529,6378271,67,STILL,NA1,1,P01,LAB01,2,0,0,0,0,0
20260910_100810,STILL_1P_NA1,1.618,6467182,68,STILL,NA1,1,P01,LAB01,0,1,-919,2118,0,360
20260910_100810,STILL_1P_NA1,1.618,6467182,68,STILL,NA1,1,P01,LAB01,1,0,0,0,0,0
20260910_100810,STILL_1P_NA1,1.618,6467182,68,STILL,NA1,1,P01,LAB01,2,0,0,0,0,0
20260910_100810,STILL_1P_NA1,1.707,6556132,69,STILL,NA1,1,P01,LAB01,0,1,-924,2115,0,360
20260910_100810,STILL_1P_NA1,1.707,6556132,69,STILL,NA1,1,P01,LAB01,1,0,0,0,0,0
20260910_100810,STILL_1P_NA1,1.707,6556132,69,STILL,NA1,1,P01,LAB01,2,0,0,0,0,0
20260910_100810,STILL_1P_NA1,1.796,6644943,70,STILL,NA1,1,P01,LAB01,0,1,-928,2113,0,360
20260910_100810,STILL_1P_NA1,1.796,6644943,70,STILL,NA1,1,P01,LAB01,1,0,0,0,0,0
20260910_100810,STILL_1P_NA1,1.796,6644943,70,STILL,NA1,1,P01,LAB01,2,0,0,0,0,0
20260910_100810,STILL_1P_NA1,1.885,6734327,71,STILL,NA1,1,P01,LAB01,0,1,-934,2115,0,360
20260910_100810,STILL_1P_NA1,1.885,6734327,71,STILL,NA1,1,P01,LAB01,1,0,0,0,0,0
20260910_100810,STILL_1P_NA1,1.885,6734327,71,STILL,NA1,1,P01,LAB01,2,0,0,0,0,0
20260910_100810,STILL_1P_NA1,1.974,6823088,72,STILL,NA1,1,P01,LAB01,0,1,-938,2122,0,360
20260910_100810,STILL_1P_NA1,1.974,6823088,72,STILL,NA1,1,P01,LAB01,1,0,0,0,0,0
20260910_100810,STILL_1P_NA1,1.974,6823088,72,STILL,NA1,1,P01,LAB01,2,0,0,0,0,0
20260910_100810,STILL_1P_NA1,2.063,6912188,73,STILL,NA1,1,P01,LAB01,0,1,-942,2131,0,360
20260910_100810,STILL_1P_NA1,2.063,6912188,73,STILL,NA1,1,P01,LAB01,1,0,0,0,0,0
20260910_100810,STILL_1P_NA1,2.063,6912188,73,STILL,NA1,1,P01,LAB01,2,0,0,0,0,0
20260910_100810,STILL_1P_NA1,2.152,7001023,74,STILL,NA1,1,P01,LAB01,0,1,-945,2139,0,360
20260910_100810,STILL_1P_NA1,2.152,7001023,74,STILL,NA1,1,P01,LAB01,1,0,0,0,0,0
20260910_100810,STILL_1P_NA1,2.152,7001023,74,STILL,NA1,1,P01,LAB01,2,0,0,0,0,0
20260910_100810,STILL_1P_NA1,2.241,7089887,75,STILL,NA1,1,P01,LAB01,0,1,-948,2148,0,360
20260910_100810,STILL_1P_NA1,2.241,7089887,75,STILL,NA1,1,P01,LAB01,1,0,0,0,0,0
20260910_100810,STILL_1P_NA1,2.241,7089887,75,STILL,NA1,1,P01,LAB01,2,0,0,0,0,0
20260910_100810,STILL_1P_NA1,2.330,7178963,76,STILL,NA1,1,P01,LAB01,0,1,-951,2156,0,360
20260910_100810,STILL_1P_NA1,2.330,7178963,76,STILL,NA1,1,P01,LAB01,1,0,0,0,0,0
20260910_100810,STILL_1P_NA1,2.330,7178963,76,STILL,NA1,1,P01,LAB01,2,0,0,0,0,0
20260910_100810,STILL_1P_NA1,2.419,7268119,77,STILL,NA1,1,P01,LAB01,0,1,-954,2164,0,360
20260910_100810,STILL_1P_NA1,2.419,7268119,77,STILL,NA1,1,P01,LAB01,1,0,0,0,0,0
20260910_100810,STILL_1P_NA1,2.419,7268119,77,STILL,NA1,1,P01,LAB01,2,0,0,0,0,0
20260910_100810,STILL_1P_NA1,2.508,7356801,78,STILL,NA1,1,P01,LAB01,0,1,-957,2171,0,360
20260910_100810,STILL_1P_NA1,2.508,7356801,78,STILL,NA1,1,P01,LAB01,1,0,0,0,0,0
20260910_100810,STILL_1P_NA1,2.508,7356801,78,STILL,NA1,1,P01,LAB01,2,0,0,0,0,0
20260910_100810,STILL_1P_NA1,2.597,7446217,79,STILL,NA1,1,P01,LAB01,0,1,-960,2179,0,360
20260910_100810,STILL_1P_NA1,2.597,7446217,79,STILL,NA1,1,P01,LAB01,1,0,0,0,0,0
20260910_100810,STILL_1P_NA1,2.597,7446217,79,STILL,NA1,1,P01,LAB01,2,0,0,0,0,0
20260910_100810,STILL_1P_NA1,2.686,7534831,80,STILL,NA1,1,P01,LAB01,0,1,-957,2187,0,360
20260910_100810,STILL_1P_NA1,2.686,7534831,80,STILL,NA1,1,P01,LAB01,1,0,0,0,0,0
20260910_100810,STILL_1P_NA1,2.686,7534831,80,STILL,NA1,1,P01,LAB01,2,0,0,0,0,0
20260910_100810,STILL_1P_NA1,2.775,7624077,81,STILL,NA1,1,P01,LAB01,0,1,-952,2195,0,360
20260910_100810,STILL_1P_NA1,2.775,7624077,81,STILL,NA1,1,P01,LAB01,1,0,0,0,0,0
20260910_100810,STILL_1P_NA1,2.775,7624077,81,STILL,NA1,1,P01,LAB01,2,0,0,0,0,0
20260910_100810,STILL_1P_NA1,2.864,7712824,82,STILL,NA1,1,P01,LAB01,0,1,-949,2201,0,360
20260910_100810,STILL_1P_NA1,2.864,7712824,82,STILL,NA1,1,P01,LAB01,1,0,0,0,0,0
20260910_100810,STILL_1P_NA1,2.864,7712824,82,STILL,NA1,1,P01,LAB01,2,0,0,0,0,0
20260910_100810,STILL_1P_NA1,2.953,7802077,83,STILL,NA1,1,P01,LAB01,0,1,-947,2206,0,360
20260910_100810,STILL_1P_NA1,2.953,7802077,83,STILL,NA1,1,P01,LAB01,1,0,0,0,0,0
20260910_100810,STILL_1P_NA1,2.953,7802077,83,STILL,NA1,1,P01,LAB01,2,0,0,0,0,0
20260910_100810,STILL_1P_NA1,3.042,7891119,84,STILL,NA1,1,P01,LAB01,0,1,-944,2211,0,360
20260910_100810,STILL_1P_NA1,3.042,7891119,84,STILL,NA1,1,P01,LAB01,1,0,0,0,0,0
20260910_100810,STILL_1P_NA1,3.042,7891119,84,STILL,NA1,1,P01,LAB01,2,0,0,0,0,0
20260910_100810,STILL_1P_NA1,3.131,7979890,85,STILL,NA1,1,P01,LAB01,0,1,-941,2215,0,360
20260910_100810,STILL_1P_NA1,3.131,7979890,85,STILL,NA1,1,P01,LAB01,1,0,0,0,0,0
20260910_100810,STILL_1P_NA1,3.131,7979890,85,STILL,NA1,1,P01,LAB01,2,0,0,0,0,0
20260910_100810,STILL_1P_NA1,3.220,8068880,86,STILL,NA1,1,P01,LAB01,0,1,-942,2218,0,360
20260910_100810,STILL_1P_NA1,3.220,8068880,86,STILL,NA1,1,P01,LAB01,1,0,0,0,0,0
20260910_100810,STILL_1P_NA1,3.220,8068880,86,STILL,NA1,1,P01,LAB01,2,0,0,0,0,0
20260910_100810,STILL_1P_NA1,3.309,8158017,87,STILL,NA1,1,P01,LAB01,0,1,-944,2219,0,360
20260910_100810,STILL_1P_NA1,3.309,8158017,87,STILL,NA1,1,P01,LAB01,1,0,0,0,0,0
20260910_100810,STILL_1P_NA1,3.309,8158017,87,STILL,NA1,1,P01,LAB01,2,0,0,0,0,0
20260910_100810,STILL_1P_NA1,3.398,8246907,88,STILL,NA1,1,P01,LAB01,0,1,-948,2220,0,360
20260910_100810,STILL_1P_NA1,3.398,8246907,88,STILL,NA1,1,P01,LAB01,1,0,0,0,0,0
20260910_100810,STILL_1P_NA1,3.398,8246907,88,STILL,NA1,1,P01,LAB01,2,0,0,0,0,0
20260910_100810,STILL_1P_NA1,3.487,8336159,89,STILL,NA1,1,P01,LAB01,0,1,-951,2221,0,360
20260910_100810,STILL_1P_NA1,3.487,8336159,89,STILL,NA1,1,P01,LAB01,1,0,0,0,0,0
20260910_100810,STILL_1P_NA1,3.487,8336159,89,STILL,NA1,1,P01,LAB01,2,0,0,0,0,0
20260910_100810,STILL_1P_NA1,3.576,8424960,90,STILL,NA1,1,P01,LAB01,0,1,-954,2221,0,360
20260910_100810,STILL_1P_NA1,3.576,8424960,90,STILL,NA1,1,P01,LAB01,1,0,0,0,0,0
20260910_100810,STILL_1P_NA1,3.576,8424960,90,STILL,NA1,1,P01,LAB01,2,0,0,0,0,0
20260910_100810,STILL_1P_NA1,3.665,8514188,91,STILL,NA1,1,P01,LAB01,0,1,-957,2221,0,360
20260910_100810,STILL_1P_NA1,3.665,8514188,91,STILL,NA1,1,P01,LAB01,1,0,0,0,0,0
20260910_100810,STILL_1P_NA1,3.665,8514188,91,STILL,NA1,1,P01,LAB01,2,0,0,0,0,0
20260910_100810,STILL_1P_NA1,3.754,8602923,92,STILL,NA1,1,P01,LAB01,0,1,-960,2221,0,360
20260910_100810,STILL_1P_NA1,3.754,8602923,92,STILL,NA1,1,P01,LAB01,1,0,0,0,0,0
20260910_100810,STILL_1P_NA1,3.754,8602923,92,STILL,NA1,1,P01,LAB01,2,0,0,0,0,0
20260910_100810,STILL_1P_NA1,3.843,8692223,93,STILL,NA1,1,P01,LAB01,0,1,-962,2220,0,360
20260910_100810,STILL_1P_NA1,3.843,8692223,93,STILL,NA1,1,P01,LAB01,1,0,0,0,0,0
20260910_100810,STILL_1P_NA1,3.843,8692223,93,STILL,NA1,1,P01,LAB01,2,0,0,0,0,0
20260910_100810,STILL_1P_NA1,3.932,8781100,94,STILL,NA1,1,P01,LAB01,0,1,-962,2218,0,360
20260910_100810,STILL_1P_NA1,3.932,8781100,94,STILL,NA1,1,P01,LAB01,1,0,0,0,0,0
20260910_100810,STILL_1P_NA1,3.932,8781100,94,STILL,NA1,1,P01,LAB01,2,0,0,0,0,0
20260910_100810,STILL_1P_NA1,4.021,8870026,95,STILL,NA1,1,P01,LAB01,0,1,-965,2214,8,360
20260910_100810,STILL_1P_NA1,4.021,8870026,95,STILL,NA1,1,P01,LAB01,1,0,0,0,0,0
20260910_100810,STILL_1P_NA1,4.021,8870026,95,STILL,NA1,1,P01,LAB01,2,0,0,0,0,0
20260910_100810,STILL_1P_NA1,4.110,8959017,96,STILL,NA1,1,P01,LAB01,0,1,-965,2213,0,360
20260910_100810,STILL_1P_NA1,4.110,8959017,96,STILL,NA1,1,P01,LAB01,1,0,0,0,0,0
20260910_100810,STILL_1P_NA1,4.110,8959017,96,STILL,NA1,1,P01,LAB01,2,0,0,0,0,0
20260910_100810,STILL_1P_NA1,4.199,9047747,97,STILL,NA1,1,P01,LAB01,0,1,-962,2213,0,360
20260910_100810,STILL_1P_NA1,4.199,9047747,97,STILL,NA1,1,P01,LAB01,1,0,0,0,0,0
20260910_100810,STILL_1P_NA1,4.199,9047747,97,STILL,NA1,1,P01,LAB01,2,0,0,0,0,0
20260910_100810,STILL_1P_NA1,4.288,9136946,98,STILL,NA1,1,P01,LAB01,0,1,-959,2215,0,360
20260910_100810,STILL_1P_NA1,4.288,9136946,98,STILL,NA1,1,P01,LAB01,1,0,0,0,0,0
20260910_100810,STILL_1P_NA1,4.288,9136946,98,STILL,NA1,1,P01,LAB01,2,0,0,0,0,0
20260910_100810,STILL_1P_NA1,4.377,9225836,99,STILL,NA1,1,P01,LAB01,0,1,-951,2219,0,360
20260910_100810,STILL_1P_NA1,4.377,9225836,99,STILL,NA1,1,P01,LAB01,1,0,0,0,0,0
20260910_100810,STILL_1P_NA1,4.377,9225836,99,STILL,NA1,1,P01,LAB01,2,0,0,0,0,0
20260910_100810,STILL_1P_NA1,4.466,9314943,100,STILL,NA1,1,P01,LAB01,0,1,-944,2222,0,360
20260910_100810,STILL_1P_NA1,4.466,9314943,100,STILL,NA1,1,P01,LAB01,1,0,0,0,0,0
20260910_100810,STILL_1P_NA1,4.466,9314943,100,STILL,NA1,1,P01,LAB01,2,0,0,0,0,0
20260910_100810,STILL_1P_NA1,4.555,9403801,101,STILL,NA1,1,P01,LAB01,0,1,-941,2223,0,360
20260910_100810,STILL_1P_NA1,4.555,9403801,101,STILL,NA1,1,P01,LAB01,1,0,0,0,0,0
20260910_100810,STILL_1P_NA1,4.555,9403801,101,STILL,NA1,1,P01,LAB01,2,0,0,0,0,0
20260910_100810,STILL_1P_NA1,4.644,9492906,102,STILL,NA1,1,P01,LAB01,0,1,-935,2223,0,360
20260910_100810,STILL_1P_NA1,4.644,9492906,102,STILL,NA1,1,P01,LAB01,1,0,0,0,0,0
20260910_100810,STILL_1P_NA1,4.644,9492906,102,STILL,NA1,1,P01,LAB01,2,0,0,0,0,0
20260910_100810,STILL_1P_NA1,4.733,9581671,103,STILL,NA1,1,P01,LAB01,0,1,-932,2223,0,360
20260910_100810,STILL_1P_NA1,4.733,9581671,103,STILL,NA1,1,P01,LAB01,1,0,0,0,0,0
20260910_100810,STILL_1P_NA1,4.733,9581671,103,STILL,NA1,1,P01,LAB01,2,0,0,0,0,0
20260910_100810,STILL_1P_NA1,4.822,9670869,104,STILL,NA1,1,P01,LAB01,0,1,-934,2222,0,360
20260910_100810,STILL_1P_NA1,4.822,9670869,104,STILL,NA1,1,P01,LAB01,1,0,0,0,0,0
20260910_100810,STILL_1P_NA1,4.822,9670869,104,STILL,NA1,1,P01,LAB01,2,0,0,0,0,0
20260910_100810,STILL_1P_NA1,4.911,9759918,105,STILL,NA1,1,P01,LAB01,0,1,-935,2220,0,360
20260910_100810,STILL_1P_NA1,4.911,9759918,105,STILL,NA1,1,P01,LAB01,1,0,0,0,0,0
20260910_100810,STILL_1P_NA1,4.911,9759918,105,STILL,NA1,1,P01,LAB01,2,0,0,0,0,0
20260910_100810,STILL_1P_NA1,5.000,9849141,106,STILL,NA1,1,P01,LAB01,0,1,-937,2217,0,360
20260910_100810,STILL_1P_NA1,5.000,9849141,106,STILL,NA1,1,P01,LAB01,1,0,0,0,0,0
20260910_100810,STILL_1P_NA1,5.000,9849141,106,STILL,NA1,1,P01,LAB01,2,0,0,0,0,0
20260910_100810,STILL_1P_NA1,5.088,9937727,107,STILL,NA1,1,P01,LAB01,0,1,-941,2215,0,360
20260910_100810,STILL_1P_NA1,5.088,9937727,107,STILL,NA1,1,P01,LAB01,1,0,0,0,0,0
20260910_100810,STILL_1P_NA1,5.088,9937727,107,STILL,NA1,1,P01,LAB01,2,0,0,0,0,0
20260910_100810,STILL_1P_NA1,5.178,10026831,108,STILL,NA1,1,P01,LAB01,0,1,-944,2215,0,360
20260910_100810,STILL_1P_NA1,5.178,10026831,108,STILL,NA1,1,P01,LAB01,1,0,0,0,0,0
20260910_100810,STILL_1P_NA1,5.178,10026831,108,STILL,NA1,1,P01,LAB01,2,0,0,0,0,0
20260910_100810,STILL_1P_NA1,5.267,10115907,109,STILL,NA1,1,P01,LAB01,0,1,-949,2214,0,360
20260910_100810,STILL_1P_NA1,5.267,10115907,109,STILL,NA1,1,P01,LAB01,1,0,0,0,0,0
20260910_100810,STILL_1P_NA1,5.267,10115907,109,STILL,NA1,1,P01,LAB01,2,0,0,0,0,0
20260910_100810,STILL_1P_NA1,5.356,10204890,110,STILL,NA1,1,P01,LAB01,0,1,-951,2215,0,360
20260910_100810,STILL_1P_NA1,5.356,10204890,110,STILL,NA1,1,P01,LAB01,1,0,0,0,0,0
20260910_100810,STILL_1P_NA1,5.356,10204890,110,STILL,NA1,1,P01,LAB01,2,0,0,0,0,0
20260910_100810,STILL_1P_NA1,5.445,10293907,111,STILL,NA1,1,P01,LAB01,0,1,-955,2215,0,360
20260910_100810,STILL_1P_NA1,5.445,10293907,111,STILL,NA1,1,P01,LAB01,1,0,0,0,0,0
20260910_100810,STILL_1P_NA1,5.445,10293907,111,STILL,NA1,1,P01,LAB01,2,0,0,0,0,0
20260910_100810,STILL_1P_NA1,5.534,10382824,112,STILL,NA1,1,P01,LAB01,0,1,-957,2217,0,360
20260910_100810,STILL_1P_NA1,5.534,10382824,112,STILL,NA1,1,P01,LAB01,1,0,0,0,0,0
20260910_100810,STILL_1P_NA1,5.534,10382824,112,STILL,NA1,1,P01,LAB01,2,0,0,0,0,0
20260910_100810,STILL_1P_NA1,5.623,10471711,113,STILL,NA1,1,P01,LAB01,0,1,-960,2222,0,360
20260910_100810,STILL_1P_NA1,5.623,10471711,113,STILL,NA1,1,P01,LAB01,1,0,0,0,0,0
20260910_100810,STILL_1P_NA1,5.623,10471711,113,STILL,NA1,1,P01,LAB01,2,0,0,0,0,0
20260910_100810,STILL_1P_NA1,5.712,10560851,114,STILL,NA1,1,P01,LAB01,0,1,-963,2227,0,360
20260910_100810,STILL_1P_NA1,5.712,10560851,114,STILL,NA1,1,P01,LAB01,1,0,0,0,0,0
20260910_100810,STILL_1P_NA1,5.712,10560851,114,STILL,NA1,1,P01,LAB01,2,0,0,0,0,0
20260910_100810,STILL_1P_NA1,5.801,10649836,115,STILL,NA1,1,P01,LAB01,0,1,-962,2231,0,360
20260910_100810,STILL_1P_NA1,5.801,10649836,115,STILL,NA1,1,P01,LAB01,1,0,0,0,0,0
20260910_100810,STILL_1P_NA1,5.801,10649836,115,STILL,NA1,1,P01,LAB01,2,0,0,0,0,0
20260910_100810,STILL_1P_NA1,5.890,10739028,116,STILL,NA1,1,P01,LAB01,0,1,-963,2232,0,360
20260910_100810,STILL_1P_NA1,5.890,10739028,116,STILL,NA1,1,P01,LAB01,1,0,0,0,0,0
20260910_100810,STILL_1P_NA1,5.890,10739028,116,STILL,NA1,1,P01,LAB01,2,0,0,0,0,0
20260910_100810,STILL_1P_NA1,5.979,10827831,117,STILL,NA1,1,P01,LAB01,0,1,-965,2231,0,360
20260910_100810,STILL_1P_NA1,5.979,10827831,117,STILL,NA1,1,P01,LAB01,1,0,0,0,0,0
20260910_100810,STILL_1P_NA1,5.979,10827831,117,STILL,NA1,1,P01,LAB01,2,0,0,0,0,0
20260910_100810,STILL_1P_NA1,6.068,10916880,118,STILL,NA1,1,P01,LAB01,0,1,-965,2230,0,360
20260910_100810,STILL_1P_NA1,6.068,10916880,118,STILL,NA1,1,P01,LAB01,1,0,0,0,0,0
20260910_100810,STILL_1P_NA1,6.068,10916880,118,STILL,NA1,1,P01,LAB01,2,0,0,0,0,0
20260910_100810,STILL_1P_NA1,6.157,11005759,119,STILL,NA1,1,P01,LAB01,0,1,-964,2229,0,360
20260910_100810,STILL_1P_NA1,6.157,11005759,119,STILL,NA1,1,P01,LAB01,1,0,0,0,0,0
20260910_100810,STILL_1P_NA1,6.157,11005759,119,STILL,NA1,1,P01,LAB01,2,0,0,0,0,0
20260910_100810,STILL_1P_NA1,6.246,11094683,120,STILL,NA1,1,P01,LAB01,0,1,-964,2230,0,360
20260910_100810,STILL_1P_NA1,6.246,11094683,120,STILL,NA1,1,P01,LAB01,1,0,0,0,0,0
20260910_100810,STILL_1P_NA1,6.246,11094683,120,STILL,NA1,1,P01,LAB01,2,0,0,0,0,0
20260910_100810,STILL_1P_NA1,6.335,11183851,121,STILL,NA1,1,P01,LAB01,0,1,-968,2230,0,360
20260910_100810,STILL_1P_NA1,6.335,11183851,121,STILL,NA1,1,P01,LAB01,1,0,0,0,0,0
20260910_100810,STILL_1P_NA1,6.335,11183851,121,STILL,NA1,1,P01,LAB01,2,0,0,0,0,0
20260910_100810,STILL_1P_NA1,6.424,11272901,122,STILL,NA1,1,P01,LAB01,0,1,-972,2227,0,360
20260910_100810,STILL_1P_NA1,6.424,11272901,122,STILL,NA1,1,P01,LAB01,1,0,0,0,0,0
20260910_100810,STILL_1P_NA1,6.424,11272901,122,STILL,NA1,1,P01,LAB01,2,0,0,0,0,0
20260910_100810,STILL_1P_NA1,6.513,11361815,123,STILL,NA1,1,P01,LAB01,0,1,-975,2226,-8,360
20260910_100810,STILL_1P_NA1,6.513,11361815,123,STILL,NA1,1,P01,LAB01,1,0,0,0,0,0
20260910_100810,STILL_1P_NA1,6.513,11361815,123,STILL,NA1,1,P01,LAB01,2,0,0,0,0,0
20260910_100810,STILL_1P_NA1,6.602,11450863,124,STILL,NA1,1,P01,LAB01,0,1,-981,2230,-8,360
20260910_100810,STILL_1P_NA1,6.602,11450863,124,STILL,NA1,1,P01,LAB01,1,0,0,0,0,0
20260910_100810,STILL_1P_NA1,6.602,11450863,124,STILL,NA1,1,P01,LAB01,2,0,0,0,0,0
20260910_100810,STILL_1P_NA1,6.690,11539694,125,STILL,NA1,1,P01,LAB01,0,1,-988,2235,-8,360
20260910_100810,STILL_1P_NA1,6.690,11539694,125,STILL,NA1,1,P01,LAB01,1,0,0,0,0,0
20260910_100810,STILL_1P_NA1,6.690,11539694,125,STILL,NA1,1,P01,LAB01,2,0,0,0,0,0
20260910_100810,STILL_1P_NA1,6.780,11628609,126,STILL,NA1,1,P01,LAB01,0,1,-994,2240,-8,360
20260910_100810,STILL_1P_NA1,6.780,11628609,126,STILL,NA1,1,P01,LAB01,1,0,0,0,0,0
20260910_100810,STILL_1P_NA1,6.780,11628609,126,STILL,NA1,1,P01,LAB01,2,0,0,0,0,0
20260910_100810,STILL_1P_NA1,6.869,11717720,127,STILL,NA1,1,P01,LAB01,0,1,-1003,2240,0,360
20260910_100810,STILL_1P_NA1,6.869,11717720,127,STILL,NA1,1,P01,LAB01,1,0,0,0,0,0
20260910_100810,STILL_1P_NA1,6.869,11717720,127,STILL,NA1,1,P01,LAB01,2,0,0,0,0,0
20260910_100810,STILL_1P_NA1,6.957,11806445,128,STILL,NA1,1,P01,LAB01,0,1,-1013,2238,0,360
20260910_100810,STILL_1P_NA1,6.957,11806445,128,STILL,NA1,1,P01,LAB01,1,0,0,0,0,0
20260910_100810,STILL_1P_NA1,6.957,11806445,128,STILL,NA1,1,P01,LAB01,2,0,0,0,0,0
20260910_100810,STILL_1P_NA1,7.047,11895747,129,STILL,NA1,1,P01,LAB01,0,1,-1021,2237,-8,360
20260910_100810,STILL_1P_NA1,7.047,11895747,129,STILL,NA1,1,P01,LAB01,1,0,0,0,0,0
20260910_100810,STILL_1P_NA1,7.047,11895747,129,STILL,NA1,1,P01,LAB01,2,0,0,0,0,0
20260910_100810,STILL_1P_NA1,7.136,11984727,130,STILL,NA1,1,P01,LAB01,0,1,-1027,2236,-8,360
20260910_100810,STILL_1P_NA1,7.136,11984727,130,STILL,NA1,1,P01,LAB01,1,0,0,0,0,0
20260910_100810,STILL_1P_NA1,7.136,11984727,130,STILL,NA1,1,P01,LAB01,2,0,0,0,0,0
20260910_100810,STILL_1P_NA1,7.224,12073452,131,STILL,NA1,1,P01,LAB01,0,1,-1032,2235,-8,360
20260910_100810,STILL_1P_NA1,7.224,12073452,131,STILL,NA1,1,P01,LAB01,1,0,0,0,0,0
20260910_100810,STILL_1P_NA1,7.224,12073452,131,STILL,NA1,1,P01,LAB01,2,0,0,0,0,0
20260910_100810,STILL_1P_NA1,7.313,12162314,132,STILL,NA1,1,P01,LAB01,0,1,-1036,2234,-8,360
20260910_100810,STILL_1P_NA1,7.313,12162314,132,STILL,NA1,1,P01,LAB01,1,0,0,0,0,0
20260910_100810,STILL_1P_NA1,7.313,12162314,132,STILL,NA1,1,P01,LAB01,2,0,0,0,0,0
20260910_100810,STILL_1P_NA1,7.402,12251452,133,STILL,NA1,1,P01,LAB01,0,1,-1040,2233,-8,360
20260910_100810,STILL_1P_NA1,7.402,12251452,133,STILL,NA1,1,P01,LAB01,1,0,0,0,0,0
20260910_100810,STILL_1P_NA1,7.402,12251452,133,STILL,NA1,1,P01,LAB01,2,0,0,0,0,0
20260910_100810,STILL_1P_NA1,7.491,12340314,134,STILL,NA1,1,P01,LAB01,0,1,-1044,2233,-8,360
20260910_100810,STILL_1P_NA1,7.491,12340314,134,STILL,NA1,1,P01,LAB01,1,0,0,0,0,0
20260910_100810,STILL_1P_NA1,7.491,12340314,134,STILL,NA1,1,P01,LAB01,2,0,0,0,0,0
20260910_100810,STILL_1P_NA1,7.580,12429445,135,STILL,NA1,1,P01,LAB01,0,1,-1048,2232,-8,360
20260910_100810,STILL_1P_NA1,7.580,12429445,135,STILL,NA1,1,P01,LAB01,1,0,0,0,0,0
20260910_100810,STILL_1P_NA1,7.580,12429445,135,STILL,NA1,1,P01,LAB01,2,0,0,0,0,0
20260910_100810,STILL_1P_NA1,7.669,12518308,136,STILL,NA1,1,P01,LAB01,0,1,-1045,2232,0,360
20260910_100810,STILL_1P_NA1,7.669,12518308,136,STILL,NA1,1,P01,LAB01,1,0,0,0,0,0
20260910_100810,STILL_1P_NA1,7.669,12518308,136,STILL,NA1,1,P01,LAB01,2,0,0,0,0,0
20260910_100810,STILL_1P_NA1,7.758,12607636,137,STILL,NA1,1,P01,LAB01,0,1,-1043,2229,-8,360
20260910_100810,STILL_1P_NA1,7.758,12607636,137,STILL,NA1,1,P01,LAB01,1,0,0,0,0,0
20260910_100810,STILL_1P_NA1,7.758,12607636,137,STILL,NA1,1,P01,LAB01,2,0,0,0,0,0
20260910_100810,STILL_1P_NA1,7.848,12696836,138,STILL,NA1,1,P01,LAB01,0,1,-1043,2226,0,360
20260910_100810,STILL_1P_NA1,7.848,12696836,138,STILL,NA1,1,P01,LAB01,1,0,0,0,0,0
20260910_100810,STILL_1P_NA1,7.848,12696836,138,STILL,NA1,1,P01,LAB01,2,0,0,0,0,0
20260910_100810,STILL_1P_NA1,7.936,12785600,139,STILL,NA1,1,P01,LAB01,0,1,-1045,2223,0,360
20260910_100810,STILL_1P_NA1,7.936,12785600,139,STILL,NA1,1,P01,LAB01,1,0,0,0,0,0
20260910_100810,STILL_1P_NA1,7.936,12785600,139,STILL,NA1,1,P01,LAB01,2,0,0,0,0,0
20260910_100810,STILL_1P_NA1,8.025,12874390,140,STILL,NA1,1,P01,LAB01,0,1,-1046,2220,0,360
20260910_100810,STILL_1P_NA1,8.025,12874390,140,STILL,NA1,1,P01,LAB01,1,0,0,0,0,0
20260910_100810,STILL_1P_NA1,8.025,12874390,140,STILL,NA1,1,P01,LAB01,2,0,0,0,0,0
20260910_100810,STILL_1P_NA1,8.114,12963370,141,STILL,NA1,1,P01,LAB01,0,1,-1047,2217,0,360
20260910_100810,STILL_1P_NA1,8.114,12963370,141,STILL,NA1,1,P01,LAB01,1,0,0,0,0,0
20260910_100810,STILL_1P_NA1,8.114,12963370,141,STILL,NA1,1,P01,LAB01,2,0,0,0,0,0
20260910_100810,STILL_1P_NA1,8.203,13052418,142,STILL,NA1,1,P01,LAB01,0,1,-1048,2215,0,360
20260910_100810,STILL_1P_NA1,8.203,13052418,142,STILL,NA1,1,P01,LAB01,1,0,0,0,0,0
20260910_100810,STILL_1P_NA1,8.203,13052418,142,STILL,NA1,1,P01,LAB01,2,0,0,0,0,0
20260910_100810,STILL_1P_NA1,8.292,13141397,143,STILL,NA1,1,P01,LAB01,0,1,-1050,2215,0,360
20260910_100810,STILL_1P_NA1,8.292,13141397,143,STILL,NA1,1,P01,LAB01,1,0,0,0,0,0
20260910_100810,STILL_1P_NA1,8.292,13141397,143,STILL,NA1,1,P01,LAB01,2,0,0,0,0,0
20260910_100810,STILL_1P_NA1,8.381,13230473,144,STILL,NA1,1,P01,LAB01,0,1,-1052,2216,0,360
20260910_100810,STILL_1P_NA1,8.381,13230473,144,STILL,NA1,1,P01,LAB01,1,0,0,0,0,0
20260910_100810,STILL_1P_NA1,8.381,13230473,144,STILL,NA1,1,P01,LAB01,2,0,0,0,0,0
20260910_100810,STILL_1P_NA1,8.470,13319397,145,STILL,NA1,1,P01,LAB01,0,1,-1059,2215,0,360
20260910_100810,STILL_1P_NA1,8.470,13319397,145,STILL,NA1,1,P01,LAB01,1,0,0,0,0,0
20260910_100810,STILL_1P_NA1,8.470,13319397,145,STILL,NA1,1,P01,LAB01,2,0,0,0,0,0
20260910_100810,STILL_1P_NA1,8.559,13408411,146,STILL,NA1,1,P01,LAB01,0,1,-1063,2216,0,360
20260910_100810,STILL_1P_NA1,8.559,13408411,146,STILL,NA1,1,P01,LAB01,1,0,0,0,0,0
20260910_100810,STILL_1P_NA1,8.559,13408411,146,STILL,NA1,1,P01,LAB01,2,0,0,0,0,0
20260910_100810,STILL_1P_NA1,8.649,13497515,147,STILL,NA1,1,P01,LAB01,0,1,-1062,2218,0,360
20260910_100810,STILL_1P_NA1,8.649,13497515,147,STILL,NA1,1,P01,LAB01,1,0,0,0,0,0
20260910_100810,STILL_1P_NA1,8.649,13497515,147,STILL,NA1,1,P01,LAB01,2,0,0,0,0,0
20260910_100810,STILL_1P_NA1,8.738,13586842,148,STILL,NA1,1,P01,LAB01,0,1,-1055,2221,0,360
20260910_100810,STILL_1P_NA1,8.738,13586842,148,STILL,NA1,1,P01,LAB01,1,0,0,0,0,0
20260910_100810,STILL_1P_NA1,8.738,13586842,148,STILL,NA1,1,P01,LAB01,2,0,0,0,0,0
20260910_100810,STILL_1P_NA1,8.827,13675704,149,STILL,NA1,1,P01,LAB01,0,1,-1049,2224,0,360
20260910_100810,STILL_1P_NA1,8.827,13675704,149,STILL,NA1,1,P01,LAB01,1,0,0,0,0,0
20260910_100810,STILL_1P_NA1,8.827,13675704,149,STILL,NA1,1,P01,LAB01,2,0,0,0,0,0
20260910_100810,STILL_1P_NA1,8.915,13764431,150,STILL,NA1,1,P01,LAB01,0,1,-1042,2226,0,360
20260910_100810,STILL_1P_NA1,8.915,13764431,150,STILL,NA1,1,P01,LAB01,1,0,0,0,0,0
20260910_100810,STILL_1P_NA1,8.915,13764431,150,STILL,NA1,1,P01,LAB01,2,0,0,0,0,0
20260910_100810,STILL_1P_NA1,9.005,13853327,151,STILL,NA1,1,P01,LAB01,0,1,-1035,2228,0,360
20260910_100810,STILL_1P_NA1,9.005,13853327,151,STILL,NA1,1,P01,LAB01,1,0,0,0,0,0
20260910_100810,STILL_1P_NA1,9.005,13853327,151,STILL,NA1,1,P01,LAB01,2,0,0,0,0,0
20260910_100810,STILL_1P_NA1,9.093,13942049,152,STILL,NA1,1,P01,LAB01,0,1,-1028,2231,0,360
20260910_100810,STILL_1P_NA1,9.093,13942049,152,STILL,NA1,1,P01,LAB01,1,0,0,0,0,0
20260910_100810,STILL_1P_NA1,9.093,13942049,152,STILL,NA1,1,P01,LAB01,2,0,0,0,0,0
20260910_100810,STILL_1P_NA1,9.182,14031508,153,STILL,NA1,1,P01,LAB01,0,1,-1022,2233,0,360
20260910_100810,STILL_1P_NA1,9.182,14031508,153,STILL,NA1,1,P01,LAB01,1,0,0,0,0,0
20260910_100810,STILL_1P_NA1,9.182,14031508,153,STILL,NA1,1,P01,LAB01,2,0,0,0,0,0
20260910_100810,STILL_1P_NA1,9.272,14120077,154,STILL,NA1,1,P01,LAB01,0,1,-1016,2235,0,360
20260910_100810,STILL_1P_NA1,9.272,14120077,154,STILL,NA1,1,P01,LAB01,1,0,0,0,0,0
20260910_100810,STILL_1P_NA1,9.272,14120077,154,STILL,NA1,1,P01,LAB01,2,0,0,0,0,0
20260910_100810,STILL_1P_NA1,9.360,14209377,155,STILL,NA1,1,P01,LAB01,0,1,-1010,2237,0,360
20260910_100810,STILL_1P_NA1,9.360,14209377,155,STILL,NA1,1,P01,LAB01,1,0,0,0,0,0
20260910_100810,STILL_1P_NA1,9.360,14209377,155,STILL,NA1,1,P01,LAB01,2,0,0,0,0,0
20260910_100810,STILL_1P_NA1,9.449,14298390,156,STILL,NA1,1,P01,LAB01,0,1,-997,2238,0,360
20260910_100810,STILL_1P_NA1,9.449,14298390,156,STILL,NA1,1,P01,LAB01,1,0,0,0,0,0
20260910_100810,STILL_1P_NA1,9.449,14298390,156,STILL,NA1,1,P01,LAB01,2,0,0,0,0,0
20260910_100810,STILL_1P_NA1,9.538,14387529,157,STILL,NA1,1,P01,LAB01,0,1,-984,2243,0,360
20260910_100810,STILL_1P_NA1,9.538,14387529,157,STILL,NA1,1,P01,LAB01,1,0,0,0,0,0
20260910_100810,STILL_1P_NA1,9.538,14387529,157,STILL,NA1,1,P01,LAB01,2,0,0,0,0,0
20260910_100810,STILL_1P_NA1,9.627,14476234,158,STILL,NA1,1,P01,LAB01,0,1,-969,2249,0,360
20260910_100810,STILL_1P_NA1,9.627,14476234,158,STILL,NA1,1,P01,LAB01,1,0,0,0,0,0
20260910_100810,STILL_1P_NA1,9.627,14476234,158,STILL,NA1,1,P01,LAB01,2,0,0,0,0,0
20260910_100810,STILL_1P_NA1,9.716,14565397,159,STILL,NA1,1,P01,LAB01,0,1,-955,2254,0,360
20260910_100810,STILL_1P_NA1,9.716,14565397,159,STILL,NA1,1,P01,LAB01,1,0,0,0,0,0
20260910_100810,STILL_1P_NA1,9.716,14565397,159,STILL,NA1,1,P01,LAB01,2,0,0,0,0,0
20260910_100810,STILL_1P_NA1,9.805,14654010,160,STILL,NA1,1,P01,LAB01,0,1,-942,2260,0,360
20260910_100810,STILL_1P_NA1,9.805,14654010,160,STILL,NA1,1,P01,LAB01,1,0,0,0,0,0
20260910_100810,STILL_1P_NA1,9.805,14654010,160,STILL,NA1,1,P01,LAB01,2,0,0,0,0,0
20260910_100810,STILL_1P_NA1,9.894,14743141,161,STILL,NA1,1,P01,LAB01,0,1,-928,2265,0,360
20260910_100810,STILL_1P_NA1,9.894,14743141,161,STILL,NA1,1,P01,LAB01,1,0,0,0,0,0
20260910_100810,STILL_1P_NA1,9.894,14743141,161,STILL,NA1,1,P01,LAB01,2,0,0,0,0,0
20260910_100810,STILL_1P_NA1,9.983,14832287,162,STILL,NA1,1,P01,LAB01,0,1,-923,2269,0,360
20260910_100810,STILL_1P_NA1,9.983,14832287,162,STILL,NA1,1,P01,LAB01,1,0,0,0,0,0
20260910_100810,STILL_1P_NA1,9.983,14832287,162,STILL,NA1,1,P01,LAB01,2,0,0,0,0,0
20260910_100810,STILL_1P_NA1,10.072,14921362,163,STILL,NA1,1,P01,LAB01,0,1,-922,2272,0,360
20260910_100810,STILL_1P_NA1,10.072,14921362,163,STILL,NA1,1,P01,LAB01,1,0,0,0,0,0
20260910_100810,STILL_1P_NA1,10.072,14921362,163,STILL,NA1,1,P01,LAB01,2,0,0,0,0,0
20260910_100810,STILL_1P_NA1,10.161,15010251,164,STILL,NA1,1,P01,LAB01,0,1,-922,2274,0,360
20260910_100810,STILL_1P_NA1,10.161,15010251,164,STILL,NA1,1,P01,LAB01,1,0,0,0,0,0
20260910_100810,STILL_1P_NA1,10.161,15010251,164,STILL,NA1,1,P01,LAB01,2,0,0,0,0,0
20260910_100810,STILL_1P_NA1,10.250,15099479,165,STILL,NA1,1,P01,LAB01,0,1,-922,2277,0,360
20260910_100810,STILL_1P_NA1,10.250,15099479,165,STILL,NA1,1,P01,LAB01,1,0,0,0,0,0
20260910_100810,STILL_1P_NA1,10.250,15099479,165,STILL,NA1,1,P01,LAB01,2,0,0,0,0,0
20260910_100810,STILL_1P_NA1,10.339,15188344,166,STILL,NA1,1,P01,LAB01,0,1,-924,2278,0,360
20260910_100810,STILL_1P_NA1,10.339,15188344,166,STILL,NA1,1,P01,LAB01,1,0,0,0,0,0
20260910_100810,STILL_1P_NA1,10.339,15188344,166,STILL,NA1,1,P01,LAB01,2,0,0,0,0,0
20260910_100810,STILL_1P_NA1,10.429,15277609,167,STILL,NA1,1,P01,LAB01,0,1,-922,2278,0,360
20260910_100810,STILL_1P_NA1,10.429,15277609,167,STILL,NA1,1,P01,LAB01,1,0,0,0,0,0
20260910_100810,STILL_1P_NA1,10.429,15277609,167,STILL,NA1,1,P01,LAB01,2,0,0,0,0,0
20260910_100810,STILL_1P_NA1,10.517,15366203,168,STILL,NA1,1,P01,LAB01,0,1,-916,2281,0,360
20260910_100810,STILL_1P_NA1,10.517,15366203,168,STILL,NA1,1,P01,LAB01,1,0,0,0,0,0
20260910_100810,STILL_1P_NA1,10.517,15366203,168,STILL,NA1,1,P01,LAB01,2,0,0,0,0,0
20260910_100810,STILL_1P_NA1,10.606,15455287,169,STILL,NA1,1,P01,LAB01,0,1,-911,2284,0,360
20260910_100810,STILL_1P_NA1,10.606,15455287,169,STILL,NA1,1,P01,LAB01,1,0,0,0,0,0
20260910_100810,STILL_1P_NA1,10.606,15455287,169,STILL,NA1,1,P01,LAB01,2,0,0,0,0,0
20260910_100810,STILL_1P_NA1,10.695,15544241,170,STILL,NA1,1,P01,LAB01,0,1,-905,2282,0,360
20260910_100810,STILL_1P_NA1,10.695,15544241,170,STILL,NA1,1,P01,LAB01,1,0,0,0,0,0
20260910_100810,STILL_1P_NA1,10.695,15544241,170,STILL,NA1,1,P01,LAB01,2,0,0,0,0,0
20260910_100810,STILL_1P_NA1,10.784,15633467,171,STILL,NA1,1,P01,LAB01,0,1,-896,2279,0,360
20260910_100810,STILL_1P_NA1,10.784,15633467,171,STILL,NA1,1,P01,LAB01,1,0,0,0,0,0
20260910_100810,STILL_1P_NA1,10.784,15633467,171,STILL,NA1,1,P01,LAB01,2,0,0,0,0,0
20260910_100810,STILL_1P_NA1,10.873,15722073,172,STILL,NA1,1,P01,LAB01,0,1,-884,2274,0,360
20260910_100810,STILL_1P_NA1,10.873,15722073,172,STILL,NA1,1,P01,LAB01,1,0,0,0,0,0
20260910_100810,STILL_1P_NA1,10.873,15722073,172,STILL,NA1,1,P01,LAB01,2,0,0,0,0,0
20260910_100810,STILL_1P_NA1,10.962,15811083,173,STILL,NA1,1,P01,LAB01,0,1,-873,2270,0,360
20260910_100810,STILL_1P_NA1,10.962,15811083,173,STILL,NA1,1,P01,LAB01,1,0,0,0,0,0
20260910_100810,STILL_1P_NA1,10.962,15811083,173,STILL,NA1,1,P01,LAB01,2,0,0,0,0,0
20260910_100810,STILL_1P_NA1,11.051,15900073,174,STILL,NA1,1,P01,LAB01,0,1,-866,2267,0,360
20260910_100810,STILL_1P_NA1,11.051,15900073,174,STILL,NA1,1,P01,LAB01,1,0,0,0,0,0
20260910_100810,STILL_1P_NA1,11.051,15900073,174,STILL,NA1,1,P01,LAB01,2,0,0,0,0,0
20260910_100810,STILL_1P_NA1,11.140,15989459,175,STILL,NA1,1,P01,LAB01,0,1,-862,2263,0,360
20260910_100810,STILL_1P_NA1,11.140,15989459,175,STILL,NA1,1,P01,LAB01,1,0,0,0,0,0
20260910_100810,STILL_1P_NA1,11.140,15989459,175,STILL,NA1,1,P01,LAB01,2,0,0,0,0,0
20260910_100810,STILL_1P_NA1,11.229,16078261,176,STILL,NA1,1,P01,LAB01,0,1,-860,2260,0,360
20260910_100810,STILL_1P_NA1,11.229,16078261,176,STILL,NA1,1,P01,LAB01,1,0,0,0,0,0
20260910_100810,STILL_1P_NA1,11.229,16078261,176,STILL,NA1,1,P01,LAB01,2,0,0,0,0,0
20260910_100810,STILL_1P_NA1,11.318,16167335,177,STILL,NA1,1,P01,LAB01,0,1,-858,2257,0,360
20260910_100810,STILL_1P_NA1,11.318,16167335,177,STILL,NA1,1,P01,LAB01,1,0,0,0,0,0
20260910_100810,STILL_1P_NA1,11.318,16167335,177,STILL,NA1,1,P01,LAB01,2,0,0,0,0,0
20260910_100810,STILL_1P_NA1,11.407,16256028,178,STILL,NA1,1,P01,LAB01,0,1,-860,2251,0,360
20260910_100810,STILL_1P_NA1,11.407,16256028,178,STILL,NA1,1,P01,LAB01,1,0,0,0,0,0
20260910_100810,STILL_1P_NA1,11.407,16256028,178,STILL,NA1,1,P01,LAB01,2,0,0,0,0,0
20260910_100810,STILL_1P_NA1,11.496,16345197,179,STILL,NA1,1,P01,LAB01,0,1,-863,2245,0,360
20260910_100810,STILL_1P_NA1,11.496,16345197,179,STILL,NA1,1,P01,LAB01,1,0,0,0,0,0
20260910_100810,STILL_1P_NA1,11.496,16345197,179,STILL,NA1,1,P01,LAB01,2,0,0,0,0,0
20260910_100810,STILL_1P_NA1,11.585,16434026,180,STILL,NA1,1,P01,LAB01,0,1,-864,2241,0,360
20260910_100810,STILL_1P_NA1,11.585,16434026,180,STILL,NA1,1,P01,LAB01,1,0,0,0,0,0
20260910_100810,STILL_1P_NA1,11.585,16434026,180,STILL,NA1,1,P01,LAB01,2,0,0,0,0,0
20260910_100810,STILL_1P_NA1,11.674,16523384,181,STILL,NA1,1,P01,LAB01,0,1,-864,2236,0,360
20260910_100810,STILL_1P_NA1,11.674,16523384,181,STILL,NA1,1,P01,LAB01,1,0,0,0,0,0
20260910_100810,STILL_1P_NA1,11.674,16523384,181,STILL,NA1,1,P01,LAB01,2,0,0,0,0,0
20260910_100810,STILL_1P_NA1,11.763,16612283,182,STILL,NA1,1,P01,LAB01,0,1,-864,2230,0,360
20260910_100810,STILL_1P_NA1,11.763,16612283,182,STILL,NA1,1,P01,LAB01,1,0,0,0,0,0
20260910_100810,STILL_1P_NA1,11.763,16612283,182,STILL,NA1,1,P01,LAB01,2,0,0,0,0,0
20260910_100810,STILL_1P_NA1,11.852,16701294,183,STILL,NA1,1,P01,LAB01,0,1,-864,2222,0,360
20260910_100810,STILL_1P_NA1,11.852,16701294,183,STILL,NA1,1,P01,LAB01,1,0,0,0,0,0
20260910_100810,STILL_1P_NA1,11.852,16701294,183,STILL,NA1,1,P01,LAB01,2,0,0,0,0,0
20260910_100810,STILL_1P_NA1,11.941,16790362,184,STILL,NA1,1,P01,LAB01,0,1,-864,2216,0,360
20260910_100810,STILL_1P_NA1,11.941,16790362,184,STILL,NA1,1,P01,LAB01,1,0,0,0,0,0
20260910_100810,STILL_1P_NA1,11.941,16790362,184,STILL,NA1,1,P01,LAB01,2,0,0,0,0,0
20260910_100810,STILL_1P_NA1,12.030,16879287,185,STILL,NA1,1,P01,LAB01,0,1,-861,2214,0,360
20260910_100810,STILL_1P_NA1,12.030,16879287,185,STILL,NA1,1,P01,LAB01,1,0,0,0,0,0
20260910_100810,STILL_1P_NA1,12.030,16879287,185,STILL,NA1,1,P01,LAB01,2,0,0,0,0,0
20260910_100810,STILL_1P_NA1,12.119,16968104,186,STILL,NA1,1,P01,LAB01,0,1,-860,2214,0,360
20260910_100810,STILL_1P_NA1,12.119,16968104,186,STILL,NA1,1,P01,LAB01,1,0,0,0,0,0
20260910_100810,STILL_1P_NA1,12.119,16968104,186,STILL,NA1,1,P01,LAB01,2,0,0,0,0,0
20260910_100810,STILL_1P_NA1,12.208,17057287,187,STILL,NA1,1,P01,LAB01,0,1,-860,2215,0,360
20260910_100810,STILL_1P_NA1,12.208,17057287,187,STILL,NA1,1,P01,LAB01,1,0,0,0,0,0
20260910_100810,STILL_1P_NA1,12.208,17057287,187,STILL,NA1,1,P01,LAB01,2,0,0,0,0,0
20260910_100810,STILL_1P_NA1,12.297,17146104,188,STILL,NA1,1,P01,LAB01,0,1,-859,2215,0,360
20260910_100810,STILL_1P_NA1,12.297,17146104,188,STILL,NA1,1,P01,LAB01,1,0,0,0,0,0
20260910_100810,STILL_1P_NA1,12.297,17146104,188,STILL,NA1,1,P01,LAB01,2,0,0,0,0,0
20260910_100810,STILL_1P_NA1,12.386,17235182,189,STILL,NA1,1,P01,LAB01,0,1,-863,2216,0,360
20260910_100810,STILL_1P_NA1,12.386,17235182,189,STILL,NA1,1,P01,LAB01,1,0,0,0,0,0
20260910_100810,STILL_1P_NA1,12.386,17235182,189,STILL,NA1,1,P01,LAB01,2,0,0,0,0,0
20260910_100810,STILL_1P_NA1,12.475,17323954,190,STILL,NA1,1,P01,LAB01,0,1,-869,2218,0,360
20260910_100810,STILL_1P_NA1,12.475,17323954,190,STILL,NA1,1,P01,LAB01,1,0,0,0,0,0
20260910_100810,STILL_1P_NA1,12.475,17323954,190,STILL,NA1,1,P01,LAB01,2,0,0,0,0,0
20260910_100810,STILL_1P_NA1,12.564,17412996,191,STILL,NA1,1,P01,LAB01,0,1,-872,2218,0,360
20260910_100810,STILL_1P_NA1,12.564,17412996,191,STILL,NA1,1,P01,LAB01,1,0,0,0,0,0
20260910_100810,STILL_1P_NA1,12.564,17412996,191,STILL,NA1,1,P01,LAB01,2,0,0,0,0,0
20260910_100810,STILL_1P_NA1,12.653,17502093,192,STILL,NA1,1,P01,LAB01,0,1,-873,2217,0,360
20260910_100810,STILL_1P_NA1,12.653,17502093,192,STILL,NA1,1,P01,LAB01,1,0,0,0,0,0
20260910_100810,STILL_1P_NA1,12.653,17502093,192,STILL,NA1,1,P01,LAB01,2,0,0,0,0,0
20260910_100810,STILL_1P_NA1,12.742,17591023,193,STILL,NA1,1,P01,LAB01,0,1,-875,2216,0,360
20260910_100810,STILL_1P_NA1,12.742,17591023,193,STILL,NA1,1,P01,LAB01,1,0,0,0,0,0
20260910_100810,STILL_1P_NA1,12.742,17591023,193,STILL,NA1,1,P01,LAB01,2,0,0,0,0,0
20260910_100810,STILL_1P_NA1,12.831,17679943,194,STILL,NA1,1,P01,LAB01,0,1,-876,2215,0,360
20260910_100810,STILL_1P_NA1,12.831,17679943,194,STILL,NA1,1,P01,LAB01,1,0,0,0,0,0
20260910_100810,STILL_1P_NA1,12.831,17679943,194,STILL,NA1,1,P01,LAB01,2,0,0,0,0,0
20260910_100810,STILL_1P_NA1,12.920,17768954,195,STILL,NA1,1,P01,LAB01,0,1,-872,2214,0,360
20260910_100810,STILL_1P_NA1,12.920,17768954,195,STILL,NA1,1,P01,LAB01,1,0,0,0,0,0
20260910_100810,STILL_1P_NA1,12.920,17768954,195,STILL,NA1,1,P01,LAB01,2,0,0,0,0,0
20260910_100810,STILL_1P_NA1,13.009,17858088,196,STILL,NA1,1,P01,LAB01,0,1,-865,2212,0,360
20260910_100810,STILL_1P_NA1,13.009,17858088,196,STILL,NA1,1,P01,LAB01,1,0,0,0,0,0
20260910_100810,STILL_1P_NA1,13.009,17858088,196,STILL,NA1,1,P01,LAB01,2,0,0,0,0,0
20260910_100810,STILL_1P_NA1,13.098,17946890,197,STILL,NA1,1,P01,LAB01,0,1,-865,2212,0,360
20260910_100810,STILL_1P_NA1,13.098,17946890,197,STILL,NA1,1,P01,LAB01,1,0,0,0,0,0
20260910_100810,STILL_1P_NA1,13.098,17946890,197,STILL,NA1,1,P01,LAB01,2,0,0,0,0,0
20260910_100810,STILL_1P_NA1,13.187,18035842,198,STILL,NA1,1,P01,LAB01,0,1,-866,2211,0,360
20260910_100810,STILL_1P_NA1,13.187,18035842,198,STILL,NA1,1,P01,LAB01,1,0,0,0,0,0
20260910_100810,STILL_1P_NA1,13.187,18035842,198,STILL,NA1,1,P01,LAB01,2,0,0,0,0,0
20260910_100810,STILL_1P_NA1,13.276,18125010,199,STILL,NA1,1,P01,LAB01,0,1,-871,2211,0,360
20260910_100810,STILL_1P_NA1,13.276,18125010,199,STILL,NA1,1,P01,LAB01,1,0,0,0,0,0
20260910_100810,STILL_1P_NA1,13.276,18125010,199,STILL,NA1,1,P01,LAB01,2,0,0,0,0,0
20260910_100810,STILL_1P_NA1,13.365,18213996,200,STILL,NA1,1,P01,LAB01,0,1,-878,2213,0,360
20260910_100810,STILL_1P_NA1,13.365,18213996,200,STILL,NA1,1,P01,LAB01,1,0,0,0,0,0
20260910_100810,STILL_1P_NA1,13.365,18213996,200,STILL,NA1,1,P01,LAB01,2,0,0,0,0,0
20260910_100810,STILL_1P_NA1,13.453,18302665,201,STILL,NA1,1,P01,LAB01,0,1,-884,2214,0,360
20260910_100810,STILL_1P_NA1,13.453,18302665,201,STILL,NA1,1,P01,LAB01,1,0,0,0,0,0
20260910_100810,STILL_1P_NA1,13.453,18302665,201,STILL,NA1,1,P01,LAB01,2,0,0,0,0,0
20260910_100810,STILL_1P_NA1,13.543,18391836,202,STILL,NA1,1,P01,LAB01,0,1,-890,2215,0,360
20260910_100810,STILL_1P_NA1,13.543,18391836,202,STILL,NA1,1,P01,LAB01,1,0,0,0,0,0
20260910_100810,STILL_1P_NA1,13.543,18391836,202,STILL,NA1,1,P01,LAB01,2,0,0,0,0,0
20260910_100810,STILL_1P_NA1,13.632,18480694,203,STILL,NA1,1,P01,LAB01,0,1,-896,2216,0,360
20260910_100810,STILL_1P_NA1,13.632,18480694,203,STILL,NA1,1,P01,LAB01,1,0,0,0,0,0
20260910_100810,STILL_1P_NA1,13.632,18480694,203,STILL,NA1,1,P01,LAB01,2,0,0,0,0,0
20260910_100810,STILL_1P_NA1,13.721,18569703,204,STILL,NA1,1,P01,LAB01,0,1,-902,2217,0,360
20260910_100810,STILL_1P_NA1,13.721,18569703,204,STILL,NA1,1,P01,LAB01,1,0,0,0,0,0
20260910_100810,STILL_1P_NA1,13.721,18569703,204,STILL,NA1,1,P01,LAB01,2,0,0,0,0,0
20260910_100810,STILL_1P_NA1,13.810,18659150,205,STILL,NA1,1,P01,LAB01,0,1,-903,2222,0,360
20260910_100810,STILL_1P_NA1,13.810,18659150,205,STILL,NA1,1,P01,LAB01,1,0,0,0,0,0
20260910_100810,STILL_1P_NA1,13.810,18659150,205,STILL,NA1,1,P01,LAB01,2,0,0,0,0,0
20260910_100810,STILL_1P_NA1,13.899,18748017,206,STILL,NA1,1,P01,LAB01,0,1,-906,2225,0,360
20260910_100810,STILL_1P_NA1,13.899,18748017,206,STILL,NA1,1,P01,LAB01,1,0,0,0,0,0
20260910_100810,STILL_1P_NA1,13.899,18748017,206,STILL,NA1,1,P01,LAB01,2,0,0,0,0,0
20260910_100810,STILL_1P_NA1,13.988,18836933,207,STILL,NA1,1,P01,LAB01,0,1,-910,2227,0,360
20260910_100810,STILL_1P_NA1,13.988,18836933,207,STILL,NA1,1,P01,LAB01,1,0,0,0,0,0
20260910_100810,STILL_1P_NA1,13.988,18836933,207,STILL,NA1,1,P01,LAB01,2,0,0,0,0,0
20260910_100810,STILL_1P_NA1,14.077,18926066,208,STILL,NA1,1,P01,LAB01,0,1,-910,2230,0,360
20260910_100810,STILL_1P_NA1,14.077,18926066,208,STILL,NA1,1,P01,LAB01,1,0,0,0,0,0
20260910_100810,STILL_1P_NA1,14.077,18926066,208,STILL,NA1,1,P01,LAB01,2,0,0,0,0,0
20260910_100810,STILL_1P_NA1,14.166,19015141,209,STILL,NA1,1,P01,LAB01,0,1,-912,2231,0,360
20260910_100810,STILL_1P_NA1,14.166,19015141,209,STILL,NA1,1,P01,LAB01,1,0,0,0,0,0
20260910_100810,STILL_1P_NA1,14.166,19015141,209,STILL,NA1,1,P01,LAB01,2,0,0,0,0,0
20260910_100810,STILL_1P_NA1,14.255,19103727,210,STILL,NA1,1,P01,LAB01,0,1,-911,2230,0,360
20260910_100810,STILL_1P_NA1,14.255,19103727,210,STILL,NA1,1,P01,LAB01,1,0,0,0,0,0
20260910_100810,STILL_1P_NA1,14.255,19103727,210,STILL,NA1,1,P01,LAB01,2,0,0,0,0,0
20260910_100810,STILL_1P_NA1,14.344,19193132,211,STILL,NA1,1,P01,LAB01,0,1,-908,2229,0,360
20260910_100810,STILL_1P_NA1,14.344,19193132,211,STILL,NA1,1,P01,LAB01,1,0,0,0,0,0
20260910_100810,STILL_1P_NA1,14.344,19193132,211,STILL,NA1,1,P01,LAB01,2,0,0,0,0,0
20260910_100810,STILL_1P_NA1,14.433,19282056,212,STILL,NA1,1,P01,LAB01,0,1,-908,2228,0,360
20260910_100810,STILL_1P_NA1,14.433,19282056,212,STILL,NA1,1,P01,LAB01,1,0,0,0,0,0
20260910_100810,STILL_1P_NA1,14.433,19282056,212,STILL,NA1,1,P01,LAB01,2,0,0,0,0,0
20260910_100810,STILL_1P_NA1,14.522,19370890,213,STILL,NA1,1,P01,LAB01,0,1,-910,2226,0,360
20260910_100810,STILL_1P_NA1,14.522,19370890,213,STILL,NA1,1,P01,LAB01,1,0,0,0,0,0
20260910_100810,STILL_1P_NA1,14.522,19370890,213,STILL,NA1,1,P01,LAB01,2,0,0,0,0,0
20260910_100810,STILL_1P_NA1,14.611,19459933,214,STILL,NA1,1,P01,LAB01,0,1,-914,2225,0,360
20260910_100810,STILL_1P_NA1,14.611,19459933,214,STILL,NA1,1,P01,LAB01,1,0,0,0,0,0
20260910_100810,STILL_1P_NA1,14.611,19459933,214,STILL,NA1,1,P01,LAB01,2,0,0,0,0,0
20260910_100810,STILL_1P_NA1,14.700,19548984,215,STILL,NA1,1,P01,LAB01,0,1,-916,2226,0,360
20260910_100810,STILL_1P_NA1,14.700,19548984,215,STILL,NA1,1,P01,LAB01,1,0,0,0,0,0
20260910_100810,STILL_1P_NA1,14.700,19548984,215,STILL,NA1,1,P01,LAB01,2,0,0,0,0,0
20260910_100810,STILL_1P_NA1,14.789,19638023,216,STILL,NA1,1,P01,LAB01,0,1,-919,2226,0,360
20260910_100810,STILL_1P_NA1,14.789,19638023,216,STILL,NA1,1,P01,LAB01,1,0,0,0,0,0
20260910_100810,STILL_1P_NA1,14.789,19638023,216,STILL,NA1,1,P01,LAB01,2,0,0,0,0,0
20260910_100810,STILL_1P_NA1,14.878,19727028,217,STILL,NA1,1,P01,LAB01,0,1,-924,2227,0,360
20260910_100810,STILL_1P_NA1,14.878,19727028,217,STILL,NA1,1,P01,LAB01,1,0,0,0,0,0
20260910_100810,STILL_1P_NA1,14.878,19727028,217,STILL,NA1,1,P01,LAB01,2,0,0,0,0,0
20260910_100810,STILL_1P_NA1,14.966,19815863,218,STILL,NA1,1,P01,LAB01,0,1,-929,2227,0,360
20260910_100810,STILL_1P_NA1,14.966,19815863,218,STILL,NA1,1,P01,LAB01,1,0,0,0,0,0
20260910_100810,STILL_1P_NA1,14.966,19815863,218,STILL,NA1,1,P01,LAB01,2,0,0,0,0,0
20260910_100810,STILL_1P_NA1,15.056,19904842,219,STILL,NA1,1,P01,LAB01,0,1,-935,2226,0,360
20260910_100810,STILL_1P_NA1,15.056,19904842,219,STILL,NA1,1,P01,LAB01,1,0,0,0,0,0
20260910_100810,STILL_1P_NA1,15.056,19904842,219,STILL,NA1,1,P01,LAB01,2,0,0,0,0,0
20260910_100810,STILL_1P_NA1,15.144,19993645,220,STILL,NA1,1,P01,LAB01,0,1,-938,2224,0,360
20260910_100810,STILL_1P_NA1,15.144,19993645,220,STILL,NA1,1,P01,LAB01,1,0,0,0,0,0
20260910_100810,STILL_1P_NA1,15.144,19993645,220,STILL,NA1,1,P01,LAB01,2,0,0,0,0,0
20260910_100810,STILL_1P_NA1,15.234,20082869,221,STILL,NA1,1,P01,LAB01,0,1,-939,2221,0,360
20260910_100810,STILL_1P_NA1,15.234,20082869,221,STILL,NA1,1,P01,LAB01,1,0,0,0,0,0
20260910_100810,STILL_1P_NA1,15.234,20082869,221,STILL,NA1,1,P01,LAB01,2,0,0,0,0,0
20260910_100810,STILL_1P_NA1,15.322,20171824,222,STILL,NA1,1,P01,LAB01,0,1,-938,2218,0,360
20260910_100810,STILL_1P_NA1,15.322,20171824,222,STILL,NA1,1,P01,LAB01,1,0,0,0,0,0
20260910_100810,STILL_1P_NA1,15.322,20171824,222,STILL,NA1,1,P01,LAB01,2,0,0,0,0,0
20260910_100810,STILL_1P_NA1,15.412,20260810,223,STILL,NA1,1,P01,LAB01,0,1,-937,2215,0,360
20260910_100810,STILL_1P_NA1,15.412,20260810,223,STILL,NA1,1,P01,LAB01,1,0,0,0,0,0
20260910_100810,STILL_1P_NA1,15.412,20260810,223,STILL,NA1,1,P01,LAB01,2,0,0,0,0,0
20260910_100810,STILL_1P_NA1,15.500,20349698,224,STILL,NA1,1,P01,LAB01,0,1,-937,2213,0,360
20260910_100810,STILL_1P_NA1,15.500,20349698,224,STILL,NA1,1,P01,LAB01,1,0,0,0,0,0
20260910_100810,STILL_1P_NA1,15.500,20349698,224,STILL,NA1,1,P01,LAB01,2,0,0,0,0,0
20260910_100810,STILL_1P_NA1,15.589,20438677,225,STILL,NA1,1,P01,LAB01,0,1,-936,2210,0,360
20260910_100810,STILL_1P_NA1,15.589,20438677,225,STILL,NA1,1,P01,LAB01,1,0,0,0,0,0
20260910_100810,STILL_1P_NA1,15.589,20438677,225,STILL,NA1,1,P01,LAB01,2,0,0,0,0,0
20260910_100810,STILL_1P_NA1,15.678,20527754,226,STILL,NA1,1,P01,LAB01,0,1,-936,2207,0,360
20260910_100810,STILL_1P_NA1,15.678,20527754,226,STILL,NA1,1,P01,LAB01,1,0,0,0,0,0
20260910_100810,STILL_1P_NA1,15.678,20527754,226,STILL,NA1,1,P01,LAB01,2,0,0,0,0,0
20260910_100810,STILL_1P_NA1,15.768,20616863,227,STILL,NA1,1,P01,LAB01,0,1,-932,2203,0,360
20260910_100810,STILL_1P_NA1,15.768,20616863,227,STILL,NA1,1,P01,LAB01,1,0,0,0,0,0
20260910_100810,STILL_1P_NA1,15.768,20616863,227,STILL,NA1,1,P01,LAB01,2,0,0,0,0,0
20260910_100810,STILL_1P_NA1,15.857,20705683,228,STILL,NA1,1,P01,LAB01,0,1,-928,2197,0,360
20260910_100810,STILL_1P_NA1,15.857,20705683,228,STILL,NA1,1,P01,LAB01,1,0,0,0,0,0
20260910_100810,STILL_1P_NA1,15.857,20705683,228,STILL,NA1,1,P01,LAB01,2,0,0,0,0,0
20260910_100810,STILL_1P_NA1,15.946,20794797,229,STILL,NA1,1,P01,LAB01,0,1,-924,2192,0,360
20260910_100810,STILL_1P_NA1,15.946,20794797,229,STILL,NA1,1,P01,LAB01,1,0,0,0,0,0
20260910_100810,STILL_1P_NA1,15.946,20794797,229,STILL,NA1,1,P01,LAB01,2,0,0,0,0,0
20260910_100810,STILL_1P_NA1,16.035,20883810,230,STILL,NA1,1,P01,LAB01,0,1,-925,2191,-8,360
20260910_100810,STILL_1P_NA1,16.035,20883810,230,STILL,NA1,1,P01,LAB01,1,0,0,0,0,0
20260910_100810,STILL_1P_NA1,16.035,20883810,230,STILL,NA1,1,P01,LAB01,2,0,0,0,0,0
20260910_100810,STILL_1P_NA1,16.123,20972787,231,STILL,NA1,1,P01,LAB01,0,1,-927,2190,-8,360
20260910_100810,STILL_1P_NA1,16.123,20972787,231,STILL,NA1,1,P01,LAB01,1,0,0,0,0,0
20260910_100810,STILL_1P_NA1,16.123,20972787,231,STILL,NA1,1,P01,LAB01,2,0,0,0,0,0
20260910_100810,STILL_1P_NA1,16.212,21061425,232,STILL,NA1,1,P01,LAB01,0,1,-929,2190,-8,360
20260910_100810,STILL_1P_NA1,16.212,21061425,232,STILL,NA1,1,P01,LAB01,1,0,0,0,0,0
20260910_100810,STILL_1P_NA1,16.212,21061425,232,STILL,NA1,1,P01,LAB01,2,0,0,0,0,0
20260910_100810,STILL_1P_NA1,16.302,21150727,233,STILL,NA1,1,P01,LAB01,0,1,-935,2189,0,360
20260910_100810,STILL_1P_NA1,16.302,21150727,233,STILL,NA1,1,P01,LAB01,1,0,0,0,0,0
20260910_100810,STILL_1P_NA1,16.302,21150727,233,STILL,NA1,1,P01,LAB01,2,0,0,0,0,0
20260910_100810,STILL_1P_NA1,16.391,21239955,234,STILL,NA1,1,P01,LAB01,0,1,-945,2189,0,360
20260910_100810,STILL_1P_NA1,16.391,21239955,234,STILL,NA1,1,P01,LAB01,1,0,0,0,0,0
20260910_100810,STILL_1P_NA1,16.391,21239955,234,STILL,NA1,1,P01,LAB01,2,0,0,0,0,0
20260910_100810,STILL_1P_NA1,16.479,21328656,235,STILL,NA1,1,P01,LAB01,0,1,-957,2190,0,360
20260910_100810,STILL_1P_NA1,16.479,21328656,235,STILL,NA1,1,P01,LAB01,1,0,0,0,0,0
20260910_100810,STILL_1P_NA1,16.479,21328656,235,STILL,NA1,1,P01,LAB01,2,0,0,0,0,0
20260910_100810,STILL_1P_NA1,16.568,21417644,236,STILL,NA1,1,P01,LAB01,0,1,-964,2190,0,360
20260910_100810,STILL_1P_NA1,16.568,21417644,236,STILL,NA1,1,P01,LAB01,1,0,0,0,0,0
20260910_100810,STILL_1P_NA1,16.568,21417644,236,STILL,NA1,1,P01,LAB01,2,0,0,0,0,0
20260910_100810,STILL_1P_NA1,16.657,21506597,237,STILL,NA1,1,P01,LAB01,0,1,-969,2190,0,360
20260910_100810,STILL_1P_NA1,16.657,21506597,237,STILL,NA1,1,P01,LAB01,1,0,0,0,0,0
20260910_100810,STILL_1P_NA1,16.657,21506597,237,STILL,NA1,1,P01,LAB01,2,0,0,0,0,0
20260910_100810,STILL_1P_NA1,16.746,21595671,238,STILL,NA1,1,P01,LAB01,0,1,-967,2190,0,360
20260910_100810,STILL_1P_NA1,16.746,21595671,238,STILL,NA1,1,P01,LAB01,1,0,0,0,0,0
20260910_100810,STILL_1P_NA1,16.746,21595671,238,STILL,NA1,1,P01,LAB01,2,0,0,0,0,0
20260910_100810,STILL_1P_NA1,16.835,21684650,239,STILL,NA1,1,P01,LAB01,0,1,-962,2189,0,360
20260910_100810,STILL_1P_NA1,16.835,21684650,239,STILL,NA1,1,P01,LAB01,1,0,0,0,0,0
20260910_100810,STILL_1P_NA1,16.835,21684650,239,STILL,NA1,1,P01,LAB01,2,0,0,0,0,0
20260910_100810,STILL_1P_NA1,16.924,21773727,240,STILL,NA1,1,P01,LAB01,0,1,-952,2190,0,360
20260910_100810,STILL_1P_NA1,16.924,21773727,240,STILL,NA1,1,P01,LAB01,1,0,0,0,0,0
20260910_100810,STILL_1P_NA1,16.924,21773727,240,STILL,NA1,1,P01,LAB01,2,0,0,0,0,0
20260910_100810,STILL_1P_NA1,17.013,21862618,241,STILL,NA1,1,P01,LAB01,0,1,-945,2192,0,360
20260910_100810,STILL_1P_NA1,17.013,21862618,241,STILL,NA1,1,P01,LAB01,1,0,0,0,0,0
20260910_100810,STILL_1P_NA1,17.013,21862618,241,STILL,NA1,1,P01,LAB01,2,0,0,0,0,0
20260910_100810,STILL_1P_NA1,17.102,21951223,242,STILL,NA1,1,P01,LAB01,0,1,-937,2194,0,360
20260910_100810,STILL_1P_NA1,17.102,21951223,242,STILL,NA1,1,P01,LAB01,1,0,0,0,0,0
20260910_100810,STILL_1P_NA1,17.102,21951223,242,STILL,NA1,1,P01,LAB01,2,0,0,0,0,0
20260910_100810,STILL_1P_NA1,17.191,22040418,243,STILL,NA1,1,P01,LAB01,0,1,-930,2197,0,360
20260910_100810,STILL_1P_NA1,17.191,22040418,243,STILL,NA1,1,P01,LAB01,1,0,0,0,0,0
20260910_100810,STILL_1P_NA1,17.191,22040418,243,STILL,NA1,1,P01,LAB01,2,0,0,0,0,0
20260910_100810,STILL_1P_NA1,17.280,22129404,244,STILL,NA1,1,P01,LAB01,0,1,-924,2196,0,360
20260910_100810,STILL_1P_NA1,17.280,22129404,244,STILL,NA1,1,P01,LAB01,1,0,0,0,0,0
20260910_100810,STILL_1P_NA1,17.280,22129404,244,STILL,NA1,1,P01,LAB01,2,0,0,0,0,0
20260910_100810,STILL_1P_NA1,17.369,22218638,245,STILL,NA1,1,P01,LAB01,0,1,-917,2195,0,360
20260910_100810,STILL_1P_NA1,17.369,22218638,245,STILL,NA1,1,P01,LAB01,1,0,0,0,0,0
20260910_100810,STILL_1P_NA1,17.369,22218638,245,STILL,NA1,1,P01,LAB01,2,0,0,0,0,0
20260910_100810,STILL_1P_NA1,17.458,22307369,246,STILL,NA1,1,P01,LAB01,0,1,-911,2193,0,360
20260910_100810,STILL_1P_NA1,17.458,22307369,246,STILL,NA1,1,P01,LAB01,1,0,0,0,0,0
20260910_100810,STILL_1P_NA1,17.458,22307369,246,STILL,NA1,1,P01,LAB01,2,0,0,0,0,0
20260910_100810,STILL_1P_NA1,17.547,22396508,247,STILL,NA1,1,P01,LAB01,0,1,-906,2191,0,360
20260910_100810,STILL_1P_NA1,17.547,22396508,247,STILL,NA1,1,P01,LAB01,1,0,0,0,0,0
20260910_100810,STILL_1P_NA1,17.547,22396508,247,STILL,NA1,1,P01,LAB01,2,0,0,0,0,0
20260910_100810,STILL_1P_NA1,17.636,22485486,248,STILL,NA1,1,P01,LAB01,0,1,-905,2191,0,360
20260910_100810,STILL_1P_NA1,17.636,22485486,248,STILL,NA1,1,P01,LAB01,1,0,0,0,0,0
20260910_100810,STILL_1P_NA1,17.636,22485486,248,STILL,NA1,1,P01,LAB01,2,0,0,0,0,0
20260910_100810,STILL_1P_NA1,17.725,22574665,249,STILL,NA1,1,P01,LAB01,0,1,-907,2190,0,360
20260910_100810,STILL_1P_NA1,17.725,22574665,249,STILL,NA1,1,P01,LAB01,1,0,0,0,0,0
20260910_100810,STILL_1P_NA1,17.725,22574665,249,STILL,NA1,1,P01,LAB01,2,0,0,0,0,0
20260910_100810,STILL_1P_NA1,17.814,22663514,250,STILL,NA1,1,P01,LAB01,0,1,-906,2192,0,360
20260910_100810,STILL_1P_NA1,17.814,22663514,250,STILL,NA1,1,P01,LAB01,1,0,0,0,0,0
20260910_100810,STILL_1P_NA1,17.814,22663514,250,STILL,NA1,1,P01,LAB01,2,0,0,0,0,0
20260910_100810,STILL_1P_NA1,17.903,22752467,251,STILL,NA1,1,P01,LAB01,0,1,-905,2192,0,360
20260910_100810,STILL_1P_NA1,17.903,22752467,251,STILL,NA1,1,P01,LAB01,1,0,0,0,0,0
20260910_100810,STILL_1P_NA1,17.903,22752467,251,STILL,NA1,1,P01,LAB01,2,0,0,0,0,0
20260910_100810,STILL_1P_NA1,17.993,22841795,252,STILL,NA1,1,P01,LAB01,0,1,-906,2189,0,360
20260910_100810,STILL_1P_NA1,17.993,22841795,252,STILL,NA1,1,P01,LAB01,1,0,0,0,0,0
20260910_100810,STILL_1P_NA1,17.993,22841795,252,STILL,NA1,1,P01,LAB01,2,0,0,0,0,0
20260910_100810,STILL_1P_NA1,18.081,22930460,253,STILL,NA1,1,P01,LAB01,0,1,-908,2188,0,360
20260910_100810,STILL_1P_NA1,18.081,22930460,253,STILL,NA1,1,P01,LAB01,1,0,0,0,0,0
20260910_100810,STILL_1P_NA1,18.081,22930460,253,STILL,NA1,1,P01,LAB01,2,0,0,0,0,0
20260910_100810,STILL_1P_NA1,18.170,23019573,254,STILL,NA1,1,P01,LAB01,0,1,-910,2189,0,360
20260910_100810,STILL_1P_NA1,18.170,23019573,254,STILL,NA1,1,P01,LAB01,1,0,0,0,0,0
20260910_100810,STILL_1P_NA1,18.170,23019573,254,STILL,NA1,1,P01,LAB01,2,0,0,0,0,0
20260910_100810,STILL_1P_NA1,18.259,23108425,255,STILL,NA1,1,P01,LAB01,0,1,-914,2191,0,360
20260910_100810,STILL_1P_NA1,18.259,23108425,255,STILL,NA1,1,P01,LAB01,1,0,0,0,0,0
20260910_100810,STILL_1P_NA1,18.259,23108425,255,STILL,NA1,1,P01,LAB01,2,0,0,0,0,0
20260910_100810,STILL_1P_NA1,18.348,23197501,256,STILL,NA1,1,P01,LAB01,0,1,-917,2192,0,360
20260910_100810,STILL_1P_NA1,18.348,23197501,256,STILL,NA1,1,P01,LAB01,1,0,0,0,0,0
20260910_100810,STILL_1P_NA1,18.348,23197501,256,STILL,NA1,1,P01,LAB01,2,0,0,0,0,0
20260910_100810,STILL_1P_NA1,18.437,23286362,257,STILL,NA1,1,P01,LAB01,0,1,-921,2194,0,360
20260910_100810,STILL_1P_NA1,18.437,23286362,257,STILL,NA1,1,P01,LAB01,1,0,0,0,0,0
20260910_100810,STILL_1P_NA1,18.437,23286362,257,STILL,NA1,1,P01,LAB01,2,0,0,0,0,0
20260910_100810,STILL_1P_NA1,18.526,23375223,258,STILL,NA1,1,P01,LAB01,0,1,-918,2193,-8,360
20260910_100810,STILL_1P_NA1,18.526,23375223,258,STILL,NA1,1,P01,LAB01,1,0,0,0,0,0
20260910_100810,STILL_1P_NA1,18.526,23375223,258,STILL,NA1,1,P01,LAB01,2,0,0,0,0,0
20260910_100810,STILL_1P_NA1,18.615,23464582,259,STILL,NA1,1,P01,LAB01,0,1,-916,2194,-8,360
20260910_100810,STILL_1P_NA1,18.615,23464582,259,STILL,NA1,1,P01,LAB01,1,0,0,0,0,0
20260910_100810,STILL_1P_NA1,18.615,23464582,259,STILL,NA1,1,P01,LAB01,2,0,0,0,0,0
20260910_100810,STILL_1P_NA1,18.704,23553561,260,STILL,NA1,1,P01,LAB01,0,1,-919,2194,-8,360
20260910_100810,STILL_1P_NA1,18.704,23553561,260,STILL,NA1,1,P01,LAB01,1,0,0,0,0,0
20260910_100810,STILL_1P_NA1,18.704,23553561,260,STILL,NA1,1,P01,LAB01,2,0,0,0,0,0
20260910_100810,STILL_1P_NA1,18.793,23642294,261,STILL,NA1,1,P01,LAB01,0,1,-922,2193,-8,360
20260910_100810,STILL_1P_NA1,18.793,23642294,261,STILL,NA1,1,P01,LAB01,1,0,0,0,0,0
20260910_100810,STILL_1P_NA1,18.793,23642294,261,STILL,NA1,1,P01,LAB01,2,0,0,0,0,0
20260910_100810,STILL_1P_NA1,18.882,23731397,262,STILL,NA1,1,P01,LAB01,0,1,-926,2193,-8,360
20260910_100810,STILL_1P_NA1,18.882,23731397,262,STILL,NA1,1,P01,LAB01,1,0,0,0,0,0
20260910_100810,STILL_1P_NA1,18.882,23731397,262,STILL,NA1,1,P01,LAB01,2,0,0,0,0,0
20260910_100810,STILL_1P_NA1,18.971,23820353,263,STILL,NA1,1,P01,LAB01,0,1,-929,2193,-8,360
20260910_100810,STILL_1P_NA1,18.971,23820353,263,STILL,NA1,1,P01,LAB01,1,0,0,0,0,0
20260910_100810,STILL_1P_NA1,18.971,23820353,263,STILL,NA1,1,P01,LAB01,2,0,0,0,0,0
20260910_100810,STILL_1P_NA1,19.060,23909170,264,STILL,NA1,1,P01,LAB01,0,1,-932,2192,-8,360
20260910_100810,STILL_1P_NA1,19.060,23909170,264,STILL,NA1,1,P01,LAB01,1,0,0,0,0,0
20260910_100810,STILL_1P_NA1,19.060,23909170,264,STILL,NA1,1,P01,LAB01,2,0,0,0,0,0
20260910_100810,STILL_1P_NA1,19.149,23998287,265,STILL,NA1,1,P01,LAB01,0,1,-933,2196,0,360
20260910_100810,STILL_1P_NA1,19.149,23998287,265,STILL,NA1,1,P01,LAB01,1,0,0,0,0,0
20260910_100810,STILL_1P_NA1,19.149,23998287,265,STILL,NA1,1,P01,LAB01,2,0,0,0,0,0
20260910_100810,STILL_1P_NA1,19.238,24087515,266,STILL,NA1,1,P01,LAB01,0,1,-934,2199,0,360
20260910_100810,STILL_1P_NA1,19.238,24087515,266,STILL,NA1,1,P01,LAB01,1,0,0,0,0,0
20260910_100810,STILL_1P_NA1,19.238,24087515,266,STILL,NA1,1,P01,LAB01,2,0,0,0,0,0
20260910_100810,STILL_1P_NA1,19.327,24176432,267,STILL,NA1,1,P01,LAB01,0,1,-934,2201,0,360
20260910_100810,STILL_1P_NA1,19.327,24176432,267,STILL,NA1,1,P01,LAB01,1,0,0,0,0,0
20260910_100810,STILL_1P_NA1,19.327,24176432,267,STILL,NA1,1,P01,LAB01,2,0,0,0,0,0
20260910_100810,STILL_1P_NA1,19.416,24265545,268,STILL,NA1,1,P01,LAB01,0,1,-936,2201,0,360
20260910_100810,STILL_1P_NA1,19.416,24265545,268,STILL,NA1,1,P01,LAB01,1,0,0,0,0,0
20260910_100810,STILL_1P_NA1,19.416,24265545,268,STILL,NA1,1,P01,LAB01,2,0,0,0,0,0
20260910_100810,STILL_1P_NA1,19.505,24354397,269,STILL,NA1,1,P01,LAB01,0,1,-940,2201,0,360
20260910_100810,STILL_1P_NA1,19.505,24354397,269,STILL,NA1,1,P01,LAB01,1,0,0,0,0,0
20260910_100810,STILL_1P_NA1,19.505,24354397,269,STILL,NA1,1,P01,LAB01,2,0,0,0,0,0
20260910_100810,STILL_1P_NA1,19.594,24443384,270,STILL,NA1,1,P01,LAB01,0,1,-946,2200,0,360
20260910_100810,STILL_1P_NA1,19.594,24443384,270,STILL,NA1,1,P01,LAB01,1,0,0,0,0,0
20260910_100810,STILL_1P_NA1,19.594,24443384,270,STILL,NA1,1,P01,LAB01,2,0,0,0,0,0
20260910_100810,STILL_1P_NA1,19.683,24532309,271,STILL,NA1,1,P01,LAB01,0,1,-952,2202,0,360
20260910_100810,STILL_1P_NA1,19.683,24532309,271,STILL,NA1,1,P01,LAB01,1,0,0,0,0,0
20260910_100810,STILL_1P_NA1,19.683,24532309,271,STILL,NA1,1,P01,LAB01,2,0,0,0,0,0
20260910_100810,STILL_1P_NA1,19.772,24621188,272,STILL,NA1,1,P01,LAB01,0,1,-958,2204,0,360
20260910_100810,STILL_1P_NA1,19.772,24621188,272,STILL,NA1,1,P01,LAB01,1,0,0,0,0,0
20260910_100810,STILL_1P_NA1,19.772,24621188,272,STILL,NA1,1,P01,LAB01,2,0,0,0,0,0
20260910_100810,STILL_1P_NA1,19.861,24710298,273,STILL,NA1,1,P01,LAB01,0,1,-960,2202,0,360
20260910_100810,STILL_1P_NA1,19.861,24710298,273,STILL,NA1,1,P01,LAB01,1,0,0,0,0,0
20260910_100810,STILL_1P_NA1,19.861,24710298,273,STILL,NA1,1,P01,LAB01,2,0,0,0,0,0
20260910_100810,STILL_1P_NA1,19.950,24799403,274,STILL,NA1,1,P01,LAB01,0,1,-957,2198,-8,360
20260910_100810,STILL_1P_NA1,19.950,24799403,274,STILL,NA1,1,P01,LAB01,1,0,0,0,0,0
20260910_100810,STILL_1P_NA1,19.950,24799403,274,STILL,NA1,1,P01,LAB01,2,0,0,0,0,0
20260910_100810,STILL_1P_NA1,20.039,24888390,275,STILL,NA1,1,P01,LAB01,0,1,-952,2194,0,360
20260910_100810,STILL_1P_NA1,20.039,24888390,275,STILL,NA1,1,P01,LAB01,1,0,0,0,0,0
20260910_100810,STILL_1P_NA1,20.039,24888390,275,STILL,NA1,1,P01,LAB01,2,0,0,0,0,0
20260910_100810,STILL_1P_NA1,20.128,24977494,276,STILL,NA1,1,P01,LAB01,0,1,-948,2193,0,360
20260910_100810,STILL_1P_NA1,20.128,24977494,276,STILL,NA1,1,P01,LAB01,1,0,0,0,0,0
20260910_100810,STILL_1P_NA1,20.128,24977494,276,STILL,NA1,1,P01,LAB01,2,0,0,0,0,0
20260910_100810,STILL_1P_NA1,20.217,25066545,277,STILL,NA1,1,P01,LAB01,0,1,-945,2193,0,360
20260910_100810,STILL_1P_NA1,20.217,25066545,277,STILL,NA1,1,P01,LAB01,1,0,0,0,0,0
20260910_100810,STILL_1P_NA1,20.217,25066545,277,STILL,NA1,1,P01,LAB01,2,0,0,0,0,0
20260910_100810,STILL_1P_NA1,20.306,25155487,278,STILL,NA1,1,P01,LAB01,0,1,-944,2194,0,360
20260910_100810,STILL_1P_NA1,20.306,25155487,278,STILL,NA1,1,P01,LAB01,1,0,0,0,0,0
20260910_100810,STILL_1P_NA1,20.306,25155487,278,STILL,NA1,1,P01,LAB01,2,0,0,0,0,0
20260910_100810,STILL_1P_NA1,20.395,25244501,279,STILL,NA1,1,P01,LAB01,0,1,-946,2196,0,360
20260910_100810,STILL_1P_NA1,20.395,25244501,279,STILL,NA1,1,P01,LAB01,1,0,0,0,0,0
20260910_100810,STILL_1P_NA1,20.395,25244501,279,STILL,NA1,1,P01,LAB01,2,0,0,0,0,0
20260910_100810,STILL_1P_NA1,20.484,25333170,280,STILL,NA1,1,P01,LAB01,0,1,-954,2196,0,360
20260910_100810,STILL_1P_NA1,20.484,25333170,280,STILL,NA1,1,P01,LAB01,1,0,0,0,0,0
20260910_100810,STILL_1P_NA1,20.484,25333170,280,STILL,NA1,1,P01,LAB01,2,0,0,0,0,0
20260910_100810,STILL_1P_NA1,20.573,25422223,281,STILL,NA1,1,P01,LAB01,0,1,-959,2196,0,360
20260910_100810,STILL_1P_NA1,20.573,25422223,281,STILL,NA1,1,P01,LAB01,1,0,0,0,0,0
20260910_100810,STILL_1P_NA1,20.573,25422223,281,STILL,NA1,1,P01,LAB01,2,0,0,0,0,0
20260910_100810,STILL_1P_NA1,20.662,25511390,282,STILL,NA1,1,P01,LAB01,0,1,-965,2195,0,360
20260910_100810,STILL_1P_NA1,20.662,25511390,282,STILL,NA1,1,P01,LAB01,1,0,0,0,0,0
20260910_100810,STILL_1P_NA1,20.662,25511390,282,STILL,NA1,1,P01,LAB01,2,0,0,0,0,0
20260910_100810,STILL_1P_NA1,20.751,25600251,283,STILL,NA1,1,P01,LAB01,0,1,-971,2195,0,360
20260910_100810,STILL_1P_NA1,20.751,25600251,283,STILL,NA1,1,P01,LAB01,1,0,0,0,0,0
20260910_100810,STILL_1P_NA1,20.751,25600251,283,STILL,NA1,1,P01,LAB01,2,0,0,0,0,0
20260910_100810,STILL_1P_NA1,20.840,25689100,284,STILL,NA1,1,P01,LAB01,0,1,-977,2194,0,360
20260910_100810,STILL_1P_NA1,20.840,25689100,284,STILL,NA1,1,P01,LAB01,1,0,0,0,0,0
20260910_100810,STILL_1P_NA1,20.840,25689100,284,STILL,NA1,1,P01,LAB01,2,0,0,0,0,0
20260910_100810,STILL_1P_NA1,20.929,25778244,285,STILL,NA1,1,P01,LAB01,0,1,-983,2193,0,360
20260910_100810,STILL_1P_NA1,20.929,25778244,285,STILL,NA1,1,P01,LAB01,1,0,0,0,0,0
20260910_100810,STILL_1P_NA1,20.929,25778244,285,STILL,NA1,1,P01,LAB01,2,0,0,0,0,0
20260910_100810,STILL_1P_NA1,21.018,25867234,286,STILL,NA1,1,P01,LAB01,0,1,-988,2193,0,360
20260910_100810,STILL_1P_NA1,21.018,25867234,286,STILL,NA1,1,P01,LAB01,1,0,0,0,0,0
20260910_100810,STILL_1P_NA1,21.018,25867234,286,STILL,NA1,1,P01,LAB01,2,0,0,0,0,0
20260910_100810,STILL_1P_NA1,21.107,25956176,287,STILL,NA1,1,P01,LAB01,0,1,-993,2192,0,360
20260910_100810,STILL_1P_NA1,21.107,25956176,287,STILL,NA1,1,P01,LAB01,1,0,0,0,0,0
20260910_100810,STILL_1P_NA1,21.107,25956176,287,STILL,NA1,1,P01,LAB01,2,0,0,0,0,0
20260910_100810,STILL_1P_NA1,21.196,26045261,288,STILL,NA1,1,P01,LAB01,0,1,-998,2191,0,360
20260910_100810,STILL_1P_NA1,21.196,26045261,288,STILL,NA1,1,P01,LAB01,1,0,0,0,0,0
20260910_100810,STILL_1P_NA1,21.196,26045261,288,STILL,NA1,1,P01,LAB01,2,0,0,0,0,0
20260910_100810,STILL_1P_NA1,21.284,26133677,289,STILL,NA1,1,P01,LAB01,0,1,-1003,2191,0,360
20260910_100810,STILL_1P_NA1,21.284,26133677,289,STILL,NA1,1,P01,LAB01,1,0,0,0,0,0
20260910_100810,STILL_1P_NA1,21.284,26133677,289,STILL,NA1,1,P01,LAB01,2,0,0,0,0,0
20260910_100810,STILL_1P_NA1,21.374,26223182,290,STILL,NA1,1,P01,LAB01,0,1,-1008,2190,0,360
20260910_100810,STILL_1P_NA1,21.374,26223182,290,STILL,NA1,1,P01,LAB01,1,0,0,0,0,0
20260910_100810,STILL_1P_NA1,21.374,26223182,290,STILL,NA1,1,P01,LAB01,2,0,0,0,0,0
20260910_100810,STILL_1P_NA1,21.463,26312040,291,STILL,NA1,1,P01,LAB01,0,1,-1013,2190,0,360
20260910_100810,STILL_1P_NA1,21.463,26312040,291,STILL,NA1,1,P01,LAB01,1,0,0,0,0,0
20260910_100810,STILL_1P_NA1,21.463,26312040,291,STILL,NA1,1,P01,LAB01,2,0,0,0,0,0
20260910_100810,STILL_1P_NA1,21.552,26401088,292,STILL,NA1,1,P01,LAB01,0,1,-1017,2189,0,360
20260910_100810,STILL_1P_NA1,21.552,26401088,292,STILL,NA1,1,P01,LAB01,1,0,0,0,0,0
20260910_100810,STILL_1P_NA1,21.552,26401088,292,STILL,NA1,1,P01,LAB01,2,0,0,0,0,0
20260910_100810,STILL_1P_NA1,21.640,26489981,293,STILL,NA1,1,P01,LAB01,0,1,-1021,2189,0,360
20260910_100810,STILL_1P_NA1,21.640,26489981,293,STILL,NA1,1,P01,LAB01,1,0,0,0,0,0
20260910_100810,STILL_1P_NA1,21.640,26489981,293,STILL,NA1,1,P01,LAB01,2,0,0,0,0,0
20260910_100810,STILL_1P_NA1,21.730,26579114,294,STILL,NA1,1,P01,LAB01,0,1,-1025,2188,0,360
20260910_100810,STILL_1P_NA1,21.730,26579114,294,STILL,NA1,1,P01,LAB01,1,0,0,0,0,0
20260910_100810,STILL_1P_NA1,21.730,26579114,294,STILL,NA1,1,P01,LAB01,2,0,0,0,0,0
20260910_100810,STILL_1P_NA1,21.819,26668028,295,STILL,NA1,1,P01,LAB01,0,1,-1029,2188,0,360
20260910_100810,STILL_1P_NA1,21.819,26668028,295,STILL,NA1,1,P01,LAB01,1,0,0,0,0,0
20260910_100810,STILL_1P_NA1,21.819,26668028,295,STILL,NA1,1,P01,LAB01,2,0,0,0,0,0
20260910_100810,STILL_1P_NA1,21.908,26757044,296,STILL,NA1,1,P01,LAB01,0,1,-1033,2187,0,360
20260910_100810,STILL_1P_NA1,21.908,26757044,296,STILL,NA1,1,P01,LAB01,1,0,0,0,0,0
20260910_100810,STILL_1P_NA1,21.908,26757044,296,STILL,NA1,1,P01,LAB01,2,0,0,0,0,0
20260910_100810,STILL_1P_NA1,21.997,26845880,297,STILL,NA1,1,P01,LAB01,0,1,-1033,2187,0,360
20260910_100810,STILL_1P_NA1,21.997,26845880,297,STILL,NA1,1,P01,LAB01,1,0,0,0,0,0
20260910_100810,STILL_1P_NA1,21.997,26845880,297,STILL,NA1,1,P01,LAB01,2,0,0,0,0,0
20260910_100810,STILL_1P_NA1,22.085,26935013,298,STILL,NA1,1,P01,LAB01,0,1,-1032,2188,0,360
20260910_100810,STILL_1P_NA1,22.085,26935013,298,STILL,NA1,1,P01,LAB01,1,0,0,0,0,0
20260910_100810,STILL_1P_NA1,22.085,26935013,298,STILL,NA1,1,P01,LAB01,2,0,0,0,0,0
20260910_100810,STILL_1P_NA1,22.175,27023969,299,STILL,NA1,1,P01,LAB01,0,1,-1028,2189,0,360
20260910_100810,STILL_1P_NA1,22.175,27023969,299,STILL,NA1,1,P01,LAB01,1,0,0,0,0,0
20260910_100810,STILL_1P_NA1,22.175,27023969,299,STILL,NA1,1,P01,LAB01,2,0,0,0,0,0
20260910_100810,STILL_1P_NA1,22.264,27113017,300,STILL,NA1,1,P01,LAB01,0,1,-1022,2192,0,360
20260910_100810,STILL_1P_NA1,22.264,27113017,300,STILL,NA1,1,P01,LAB01,1,0,0,0,0,0
20260910_100810,STILL_1P_NA1,22.264,27113017,300,STILL,NA1,1,P01,LAB01,2,0,0,0,0,0
20260910_100810,STILL_1P_NA1,22.353,27201836,301,STILL,NA1,1,P01,LAB01,0,1,-1016,2194,0,360
20260910_100810,STILL_1P_NA1,22.353,27201836,301,STILL,NA1,1,P01,LAB01,1,0,0,0,0,0
20260910_100810,STILL_1P_NA1,22.353,27201836,301,STILL,NA1,1,P01,LAB01,2,0,0,0,0,0
20260910_100810,STILL_1P_NA1,22.442,27291028,302,STILL,NA1,1,P01,LAB01,0,1,-1010,2196,0,360
20260910_100810,STILL_1P_NA1,22.442,27291028,302,STILL,NA1,1,P01,LAB01,1,0,0,0,0,0
20260910_100810,STILL_1P_NA1,22.442,27291028,302,STILL,NA1,1,P01,LAB01,2,0,0,0,0,0
20260910_100810,STILL_1P_NA1,22.530,27379801,303,STILL,NA1,1,P01,LAB01,0,1,-1004,2198,0,360
20260910_100810,STILL_1P_NA1,22.530,27379801,303,STILL,NA1,1,P01,LAB01,1,0,0,0,0,0
20260910_100810,STILL_1P_NA1,22.530,27379801,303,STILL,NA1,1,P01,LAB01,2,0,0,0,0,0
20260910_100810,STILL_1P_NA1,22.620,27469028,304,STILL,NA1,1,P01,LAB01,0,1,-1005,2198,8,360
20260910_100810,STILL_1P_NA1,22.620,27469028,304,STILL,NA1,1,P01,LAB01,1,0,0,0,0,0
20260910_100810,STILL_1P_NA1,22.620,27469028,304,STILL,NA1,1,P01,LAB01,2,0,0,0,0,0
20260910_100810,STILL_1P_NA1,22.709,27558073,305,STILL,NA1,1,P01,LAB01,0,1,-1005,2200,0,360
20260910_100810,STILL_1P_NA1,22.709,27558073,305,STILL,NA1,1,P01,LAB01,1,0,0,0,0,0
20260910_100810,STILL_1P_NA1,22.709,27558073,305,STILL,NA1,1,P01,LAB01,2,0,0,0,0,0
20260910_100810,STILL_1P_NA1,22.798,27647182,306,STILL,NA1,1,P01,LAB01,0,1,-1004,2200,0,360
20260910_100810,STILL_1P_NA1,22.798,27647182,306,STILL,NA1,1,P01,LAB01,1,0,0,0,0,0
20260910_100810,STILL_1P_NA1,22.798,27647182,306,STILL,NA1,1,P01,LAB01,2,0,0,0,0,0
20260910_100810,STILL_1P_NA1,22.887,27736017,307,STILL,NA1,1,P01,LAB01,0,1,-1004,2200,0,360
20260910_100810,STILL_1P_NA1,22.887,27736017,307,STILL,NA1,1,P01,LAB01,1,0,0,0,0,0
20260910_100810,STILL_1P_NA1,22.887,27736017,307,STILL,NA1,1,P01,LAB01,2,0,0,0,0,0
20260910_100810,STILL_1P_NA1,22.976,27825049,308,STILL,NA1,1,P01,LAB01,0,1,-1002,2201,0,360
20260910_100810,STILL_1P_NA1,22.976,27825049,308,STILL,NA1,1,P01,LAB01,1,0,0,0,0,0
20260910_100810,STILL_1P_NA1,22.976,27825049,308,STILL,NA1,1,P01,LAB01,2,0,0,0,0,0
20260910_100810,STILL_1P_NA1,23.065,27914066,309,STILL,NA1,1,P01,LAB01,0,1,-1000,2201,0,360
20260910_100810,STILL_1P_NA1,23.065,27914066,309,STILL,NA1,1,P01,LAB01,1,0,0,0,0,0
20260910_100810,STILL_1P_NA1,23.065,27914066,309,STILL,NA1,1,P01,LAB01,2,0,0,0,0,0
20260910_100810,STILL_1P_NA1,23.154,28003114,310,STILL,NA1,1,P01,LAB01,0,1,-999,2202,0,360
20260910_100810,STILL_1P_NA1,23.154,28003114,310,STILL,NA1,1,P01,LAB01,1,0,0,0,0,0
20260910_100810,STILL_1P_NA1,23.154,28003114,310,STILL,NA1,1,P01,LAB01,2,0,0,0,0,0
20260910_100810,STILL_1P_NA1,23.243,28092156,311,STILL,NA1,1,P01,LAB01,0,1,-998,2202,0,360
20260910_100810,STILL_1P_NA1,23.243,28092156,311,STILL,NA1,1,P01,LAB01,1,0,0,0,0,0
20260910_100810,STILL_1P_NA1,23.243,28092156,311,STILL,NA1,1,P01,LAB01,2,0,0,0,0,0
20260910_100810,STILL_1P_NA1,23.332,28181141,312,STILL,NA1,1,P01,LAB01,0,1,-997,2202,0,360
20260910_100810,STILL_1P_NA1,23.332,28181141,312,STILL,NA1,1,P01,LAB01,1,0,0,0,0,0
20260910_100810,STILL_1P_NA1,23.332,28181141,312,STILL,NA1,1,P01,LAB01,2,0,0,0,0,0
20260910_100810,STILL_1P_NA1,23.421,28270119,313,STILL,NA1,1,P01,LAB01,0,1,-997,2201,0,360
20260910_100810,STILL_1P_NA1,23.421,28270119,313,STILL,NA1,1,P01,LAB01,1,0,0,0,0,0
20260910_100810,STILL_1P_NA1,23.421,28270119,313,STILL,NA1,1,P01,LAB01,2,0,0,0,0,0
20260910_100810,STILL_1P_NA1,23.510,28359132,314,STILL,NA1,1,P01,LAB01,0,1,-998,2200,0,360
20260910_100810,STILL_1P_NA1,23.510,28359132,314,STILL,NA1,1,P01,LAB01,1,0,0,0,0,0
20260910_100810,STILL_1P_NA1,23.510,28359132,314,STILL,NA1,1,P01,LAB01,2,0,0,0,0,0
20260910_100810,STILL_1P_NA1,23.599,28447943,315,STILL,NA1,1,P01,LAB01,0,1,-998,2200,0,360
20260910_100810,STILL_1P_NA1,23.599,28447943,315,STILL,NA1,1,P01,LAB01,1,0,0,0,0,0
20260910_100810,STILL_1P_NA1,23.599,28447943,315,STILL,NA1,1,P01,LAB01,2,0,0,0,0,0
20260910_100810,STILL_1P_NA1,23.688,28537129,316,STILL,NA1,1,P01,LAB01,0,1,-999,2200,0,360
20260910_100810,STILL_1P_NA1,23.688,28537129,316,STILL,NA1,1,P01,LAB01,1,0,0,0,0,0
20260910_100810,STILL_1P_NA1,23.688,28537129,316,STILL,NA1,1,P01,LAB01,2,0,0,0,0,0
20260910_100810,STILL_1P_NA1,23.777,28626114,317,STILL,NA1,1,P01,LAB01,0,1,-1001,2200,0,360
20260910_100810,STILL_1P_NA1,23.777,28626114,317,STILL,NA1,1,P01,LAB01,1,0,0,0,0,0
20260910_100810,STILL_1P_NA1,23.777,28626114,317,STILL,NA1,1,P01,LAB01,2,0,0,0,0,0
20260910_100810,STILL_1P_NA1,23.866,28715156,318,STILL,NA1,1,P01,LAB01,0,1,-1004,2200,0,360
20260910_100810,STILL_1P_NA1,23.866,28715156,318,STILL,NA1,1,P01,LAB01,1,0,0,0,0,0
20260910_100810,STILL_1P_NA1,23.866,28715156,318,STILL,NA1,1,P01,LAB01,2,0,0,0,0,0
20260910_100810,STILL_1P_NA1,23.955,28804077,319,STILL,NA1,1,P01,LAB01,0,1,-1009,2199,0,360
20260910_100810,STILL_1P_NA1,23.955,28804077,319,STILL,NA1,1,P01,LAB01,1,0,0,0,0,0
20260910_100810,STILL_1P_NA1,23.955,28804077,319,STILL,NA1,1,P01,LAB01,2,0,0,0,0,0
20260910_100810,STILL_1P_NA1,24.043,28892973,320,STILL,NA1,1,P01,LAB01,0,1,-1015,2199,0,360
20260910_100810,STILL_1P_NA1,24.043,28892973,320,STILL,NA1,1,P01,LAB01,1,0,0,0,0,0
20260910_100810,STILL_1P_NA1,24.043,28892973,320,STILL,NA1,1,P01,LAB01,2,0,0,0,0,0
20260910_100810,STILL_1P_NA1,24.133,28982013,321,STILL,NA1,1,P01,LAB01,0,1,-1021,2199,0,360
20260910_100810,STILL_1P_NA1,24.133,28982013,321,STILL,NA1,1,P01,LAB01,1,0,0,0,0,0
20260910_100810,STILL_1P_NA1,24.133,28982013,321,STILL,NA1,1,P01,LAB01,2,0,0,0,0,0
20260910_100810,STILL_1P_NA1,24.222,29071056,322,STILL,NA1,1,P01,LAB01,0,1,-1027,2197,0,360
20260910_100810,STILL_1P_NA1,24.222,29071056,322,STILL,NA1,1,P01,LAB01,1,0,0,0,0,0
20260910_100810,STILL_1P_NA1,24.222,29071056,322,STILL,NA1,1,P01,LAB01,2,0,0,0,0,0
20260910_100810,STILL_1P_NA1,24.310,29160037,323,STILL,NA1,1,P01,LAB01,0,1,-1029,2194,0,360
20260910_100810,STILL_1P_NA1,24.310,29160037,323,STILL,NA1,1,P01,LAB01,1,0,0,0,0,0
20260910_100810,STILL_1P_NA1,24.310,29160037,323,STILL,NA1,1,P01,LAB01,2,0,0,0,0,0
20260910_100810,STILL_1P_NA1,24.399,29248907,324,STILL,NA1,1,P01,LAB01,0,1,-1031,2191,0,360
20260910_100810,STILL_1P_NA1,24.399,29248907,324,STILL,NA1,1,P01,LAB01,1,0,0,0,0,0
20260910_100810,STILL_1P_NA1,24.399,29248907,324,STILL,NA1,1,P01,LAB01,2,0,0,0,0,0
20260910_100810,STILL_1P_NA1,24.489,29337825,325,STILL,NA1,1,P01,LAB01,0,1,-1028,2192,0,360
20260910_100810,STILL_1P_NA1,24.489,29337825,325,STILL,NA1,1,P01,LAB01,1,0,0,0,0,0
20260910_100810,STILL_1P_NA1,24.489,29337825,325,STILL,NA1,1,P01,LAB01,2,0,0,0,0,0
20260910_100810,STILL_1P_NA1,24.577,29426774,326,STILL,NA1,1,P01,LAB01,0,1,-1025,2195,0,360
20260910_100810,STILL_1P_NA1,24.577,29426774,326,STILL,NA1,1,P01,LAB01,1,0,0,0,0,0
20260910_100810,STILL_1P_NA1,24.577,29426774,326,STILL,NA1,1,P01,LAB01,2,0,0,0,0,0
20260910_100810,STILL_1P_NA1,24.667,29515787,327,STILL,NA1,1,P01,LAB01,0,1,-1023,2196,0,360
20260910_100810,STILL_1P_NA1,24.667,29515787,327,STILL,NA1,1,P01,LAB01,1,0,0,0,0,0
20260910_100810,STILL_1P_NA1,24.667,29515787,327,STILL,NA1,1,P01,LAB01,2,0,0,0,0,0
20260910_100810,STILL_1P_NA1,24.756,29605046,328,STILL,NA1,1,P01,LAB01,0,1,-1020,2195,0,360
20260910_100810,STILL_1P_NA1,24.756,29605046,328,STILL,NA1,1,P01,LAB01,1,0,0,0,0,0
20260910_100810,STILL_1P_NA1,24.756,29605046,328,STILL,NA1,1,P01,LAB01,2,0,0,0,0,0
20260910_100810,STILL_1P_NA1,24.845,29693907,329,STILL,NA1,1,P01,LAB01,0,1,-1020,2196,0,360
20260910_100810,STILL_1P_NA1,24.845,29693907,329,STILL,NA1,1,P01,LAB01,1,0,0,0,0,0
20260910_100810,STILL_1P_NA1,24.845,29693907,329,STILL,NA1,1,P01,LAB01,2,0,0,0,0,0
20260910_100810,STILL_1P_NA1,24.934,29782954,330,STILL,NA1,1,P01,LAB01,0,1,-1020,2196,0,360
20260910_100810,STILL_1P_NA1,24.934,29782954,330,STILL,NA1,1,P01,LAB01,1,0,0,0,0,0
20260910_100810,STILL_1P_NA1,24.934,29782954,330,STILL,NA1,1,P01,LAB01,2,0,0,0,0,0
20260910_100810,STILL_1P_NA1,25.022,29871683,331,STILL,NA1,1,P01,LAB01,0,1,-1020,2197,0,360
20260910_100810,STILL_1P_NA1,25.022,29871683,331,STILL,NA1,1,P01,LAB01,1,0,0,0,0,0
20260910_100810,STILL_1P_NA1,25.022,29871683,331,STILL,NA1,1,P01,LAB01,2,0,0,0,0,0
20260910_100810,STILL_1P_NA1,25.112,29960981,332,STILL,NA1,1,P01,LAB01,0,1,-1019,2198,0,360
20260910_100810,STILL_1P_NA1,25.112,29960981,332,STILL,NA1,1,P01,LAB01,1,0,0,0,0,0
20260910_100810,STILL_1P_NA1,25.112,29960981,332,STILL,NA1,1,P01,LAB01,2,0,0,0,0,0
20260910_100810,STILL_1P_NA1,25.201,30049960,333,STILL,NA1,1,P01,LAB01,0,1,-1014,2198,-8,360
20260910_100810,STILL_1P_NA1,25.201,30049960,333,STILL,NA1,1,P01,LAB01,1,0,0,0,0,0
20260910_100810,STILL_1P_NA1,25.201,30049960,333,STILL,NA1,1,P01,LAB01,2,0,0,0,0,0
20260910_100810,STILL_1P_NA1,25.290,30139028,334,STILL,NA1,1,P01,LAB01,0,1,-1009,2198,0,360
20260910_100810,STILL_1P_NA1,25.290,30139028,334,STILL,NA1,1,P01,LAB01,1,0,0,0,0,0
20260910_100810,STILL_1P_NA1,25.290,30139028,334,STILL,NA1,1,P01,LAB01,2,0,0,0,0,0
20260910_100810,STILL_1P_NA1,25.378,30228023,335,STILL,NA1,1,P01,LAB01,0,1,-1003,2197,0,360
20260910_100810,STILL_1P_NA1,25.378,30228023,335,STILL,NA1,1,P01,LAB01,1,0,0,0,0,0
20260910_100810,STILL_1P_NA1,25.378,30228023,335,STILL,NA1,1,P01,LAB01,2,0,0,0,0,0
20260910_100810,STILL_1P_NA1,25.468,30317055,336,STILL,NA1,1,P01,LAB01,0,1,-1001,2194,0,360
20260910_100810,STILL_1P_NA1,25.468,30317055,336,STILL,NA1,1,P01,LAB01,1,0,0,0,0,0
20260910_100810,STILL_1P_NA1,25.468,30317055,336,STILL,NA1,1,P01,LAB01,2,0,0,0,0,0
20260910_100810,STILL_1P_NA1,25.556,30405987,337,STILL,NA1,1,P01,LAB01,0,1,-995,2192,8,360
20260910_100810,STILL_1P_NA1,25.556,30405987,337,STILL,NA1,1,P01,LAB01,1,0,0,0,0,0
20260910_100810,STILL_1P_NA1,25.556,30405987,337,STILL,NA1,1,P01,LAB01,2,0,0,0,0,0
20260910_100810,STILL_1P_NA1,25.646,30495001,338,STILL,NA1,1,P01,LAB01,0,1,-994,2192,0,360
20260910_100810,STILL_1P_NA1,25.646,30495001,338,STILL,NA1,1,P01,LAB01,1,0,0,0,0,0
20260910_100810,STILL_1P_NA1,25.646,30495001,338,STILL,NA1,1,P01,LAB01,2,0,0,0,0,0
20260910_100810,STILL_1P_NA1,25.735,30583858,339,STILL,NA1,1,P01,LAB01,0,1,-995,2192,0,360
20260910_100810,STILL_1P_NA1,25.735,30583858,339,STILL,NA1,1,P01,LAB01,1,0,0,0,0,0
20260910_100810,STILL_1P_NA1,25.735,30583858,339,STILL,NA1,1,P01,LAB01,2,0,0,0,0,0
20260910_100810,STILL_1P_NA1,25.824,30672836,340,STILL,NA1,1,P01,LAB01,0,1,-998,2193,0,360
20260910_100810,STILL_1P_NA1,25.824,30672836,340,STILL,NA1,1,P01,LAB01,1,0,0,0,0,0
20260910_100810,STILL_1P_NA1,25.824,30672836,340,STILL,NA1,1,P01,LAB01,2,0,0,0,0,0
20260910_100810,STILL_1P_NA1,25.912,30761824,341,STILL,NA1,1,P01,LAB01,0,1,-1002,2194,0,360
20260910_100810,STILL_1P_NA1,25.912,30761824,341,STILL,NA1,1,P01,LAB01,1,0,0,0,0,0
20260910_100810,STILL_1P_NA1,25.912,30761824,341,STILL,NA1,1,P01,LAB01,2,0,0,0,0,0
20260910_100810,STILL_1P_NA1,26.001,30850522,342,STILL,NA1,1,P01,LAB01,0,1,-1005,2196,0,360
20260910_100810,STILL_1P_NA1,26.001,30850522,342,STILL,NA1,1,P01,LAB01,1,0,0,0,0,0
20260910_100810,STILL_1P_NA1,26.001,30850522,342,STILL,NA1,1,P01,LAB01,2,0,0,0,0,0
20260910_100810,STILL_1P_NA1,26.090,30939787,343,STILL,NA1,1,P01,LAB01,0,1,-1008,2197,0,360
20260910_100810,STILL_1P_NA1,26.090,30939787,343,STILL,NA1,1,P01,LAB01,1,0,0,0,0,0
20260910_100810,STILL_1P_NA1,26.090,30939787,343,STILL,NA1,1,P01,LAB01,2,0,0,0,0,0
20260910_100810,STILL_1P_NA1,26.179,31028487,344,STILL,NA1,1,P01,LAB01,0,1,-1011,2199,0,360
20260910_100810,STILL_1P_NA1,26.179,31028487,344,STILL,NA1,1,P01,LAB01,1,0,0,0,0,0
20260910_100810,STILL_1P_NA1,26.179,31028487,344,STILL,NA1,1,P01,LAB01,2,0,0,0,0,0
20260910_100810,STILL_1P_NA1,26.269,31117842,345,STILL,NA1,1,P01,LAB01,0,1,-1008,2200,0,360
20260910_100810,STILL_1P_NA1,26.269,31117842,345,STILL,NA1,1,P01,LAB01,1,0,0,0,0,0
20260910_100810,STILL_1P_NA1,26.269,31117842,345,STILL,NA1,1,P01,LAB01,2,0,0,0,0,0
20260910_100810,STILL_1P_NA1,26.357,31206515,346,STILL,NA1,1,P01,LAB01,0,1,-1004,2201,0,360
20260910_100810,STILL_1P_NA1,26.357,31206515,346,STILL,NA1,1,P01,LAB01,1,0,0,0,0,0
20260910_100810,STILL_1P_NA1,26.357,31206515,346,STILL,NA1,1,P01,LAB01,2,0,0,0,0,0
20260910_100810,STILL_1P_NA1,26.446,31295907,347,STILL,NA1,1,P01,LAB01,0,1,-1003,2201,0,360
20260910_100810,STILL_1P_NA1,26.446,31295907,347,STILL,NA1,1,P01,LAB01,1,0,0,0,0,0
20260910_100810,STILL_1P_NA1,26.446,31295907,347,STILL,NA1,1,P01,LAB01,2,0,0,0,0,0
20260910_100810,STILL_1P_NA1,26.536,31384918,348,STILL,NA1,1,P01,LAB01,0,1,-1005,2203,0,360
20260910_100810,STILL_1P_NA1,26.536,31384918,348,STILL,NA1,1,P01,LAB01,1,0,0,0,0,0
20260910_100810,STILL_1P_NA1,26.536,31384918,348,STILL,NA1,1,P01,LAB01,2,0,0,0,0,0
20260910_100810,STILL_1P_NA1,26.624,31473710,349,STILL,NA1,1,P01,LAB01,0,1,-1010,2206,0,360
20260910_100810,STILL_1P_NA1,26.624,31473710,349,STILL,NA1,1,P01,LAB01,1,0,0,0,0,0
20260910_100810,STILL_1P_NA1,26.624,31473710,349,STILL,NA1,1,P01,LAB01,2,0,0,0,0,0
20260910_100810,STILL_1P_NA1,26.713,31562638,350,STILL,NA1,1,P01,LAB01,0,1,-1018,2211,0,360
20260910_100810,STILL_1P_NA1,26.713,31562638,350,STILL,NA1,1,P01,LAB01,1,0,0,0,0,0
20260910_100810,STILL_1P_NA1,26.713,31562638,350,STILL,NA1,1,P01,LAB01,2,0,0,0,0,0
20260910_100810,STILL_1P_NA1,26.802,31651711,351,STILL,NA1,1,P01,LAB01,0,1,-1024,2210,0,360
20260910_100810,STILL_1P_NA1,26.802,31651711,351,STILL,NA1,1,P01,LAB01,1,0,0,0,0,0
20260910_100810,STILL_1P_NA1,26.802,31651711,351,STILL,NA1,1,P01,LAB01,2,0,0,0,0,0
20260910_100810,STILL_1P_NA1,26.892,31740880,352,STILL,NA1,1,P01,LAB01,0,1,-1026,2210,0,360
20260910_100810,STILL_1P_NA1,26.892,31740880,352,STILL,NA1,1,P01,LAB01,1,0,0,0,0,0
20260910_100810,STILL_1P_NA1,26.892,31740880,352,STILL,NA1,1,P01,LAB01,2,0,0,0,0,0
20260910_100810,STILL_1P_NA1,26.980,31829863,353,STILL,NA1,1,P01,LAB01,0,1,-1020,2211,0,360
20260910_100810,STILL_1P_NA1,26.980,31829863,353,STILL,NA1,1,P01,LAB01,1,0,0,0,0,0
20260910_100810,STILL_1P_NA1,26.980,31829863,353,STILL,NA1,1,P01,LAB01,2,0,0,0,0,0
20260910_100810,STILL_1P_NA1,27.069,31918656,354,STILL,NA1,1,P01,LAB01,0,1,-1015,2211,-8,360
20260910_100810,STILL_1P_NA1,27.069,31918656,354,STILL,NA1,1,P01,LAB01,1,0,0,0,0,0
20260910_100810,STILL_1P_NA1,27.069,31918656,354,STILL,NA1,1,P01,LAB01,2,0,0,0,0,0
20260910_100810,STILL_1P_NA1,27.158,32007701,355,STILL,NA1,1,P01,LAB01,0,1,-1008,2211,-8,360
20260910_100810,STILL_1P_NA1,27.158,32007701,355,STILL,NA1,1,P01,LAB01,1,0,0,0,0,0
20260910_100810,STILL_1P_NA1,27.158,32007701,355,STILL,NA1,1,P01,LAB01,2,0,0,0,0,0
20260910_100810,STILL_1P_NA1,27.247,32096282,356,STILL,NA1,1,P01,LAB01,0,1,-1003,2205,0,360
20260910_100810,STILL_1P_NA1,27.247,32096282,356,STILL,NA1,1,P01,LAB01,1,0,0,0,0,0
20260910_100810,STILL_1P_NA1,27.247,32096282,356,STILL,NA1,1,P01,LAB01,2,0,0,0,0,0
20260910_100810,STILL_1P_NA1,27.336,32185573,357,STILL,NA1,1,P01,LAB01,0,1,-998,2199,0,360
20260910_100810,STILL_1P_NA1,27.336,32185573,357,STILL,NA1,1,P01,LAB01,1,0,0,0,0,0
20260910_100810,STILL_1P_NA1,27.336,32185573,357,STILL,NA1,1,P01,LAB01,2,0,0,0,0,0
20260910_100810,STILL_1P_NA1,27.426,32275203,358,STILL,NA1,1,P01,LAB01,0,1,-994,2196,0,360
20260910_100810,STILL_1P_NA1,27.426,32275203,358,STILL,NA1,1,P01,LAB01,1,0,0,0,0,0
20260910_100810,STILL_1P_NA1,27.426,32275203,358,STILL,NA1,1,P01,LAB01,2,0,0,0,0,0
20260910_100810,STILL_1P_NA1,27.515,32363815,359,STILL,NA1,1,P01,LAB01,0,1,-995,2194,0,360
20260910_100810,STILL_1P_NA1,27.515,32363815,359,STILL,NA1,1,P01,LAB01,1,0,0,0,0,0
20260910_100810,STILL_1P_NA1,27.515,32363815,359,STILL,NA1,1,P01,LAB01,2,0,0,0,0,0
20260910_100810,STILL_1P_NA1,27.603,32452644,360,STILL,NA1,1,P01,LAB01,0,1,-1000,2194,0,360
20260910_100810,STILL_1P_NA1,27.603,32452644,360,STILL,NA1,1,P01,LAB01,1,0,0,0,0,0
20260910_100810,STILL_1P_NA1,27.603,32452644,360,STILL,NA1,1,P01,LAB01,2,0,0,0,0,0
20260910_100810,STILL_1P_NA1,27.692,32541720,361,STILL,NA1,1,P01,LAB01,0,1,-1009,2194,0,360
20260910_100810,STILL_1P_NA1,27.692,32541720,361,STILL,NA1,1,P01,LAB01,1,0,0,0,0,0
20260910_100810,STILL_1P_NA1,27.692,32541720,361,STILL,NA1,1,P01,LAB01,2,0,0,0,0,0
20260910_100810,STILL_1P_NA1,27.781,32630582,362,STILL,NA1,1,P01,LAB01,0,1,-1018,2193,0,360
20260910_100810,STILL_1P_NA1,27.781,32630582,362,STILL,NA1,1,P01,LAB01,1,0,0,0,0,0
20260910_100810,STILL_1P_NA1,27.781,32630582,362,STILL,NA1,1,P01,LAB01,2,0,0,0,0,0
20260910_100810,STILL_1P_NA1,27.870,32719747,363,STILL,NA1,1,P01,LAB01,0,1,-1026,2193,0,360
20260910_100810,STILL_1P_NA1,27.870,32719747,363,STILL,NA1,1,P01,LAB01,1,0,0,0,0,0
20260910_100810,STILL_1P_NA1,27.870,32719747,363,STILL,NA1,1,P01,LAB01,2,0,0,0,0,0
20260910_100810,STILL_1P_NA1,27.959,32808600,364,STILL,NA1,1,P01,LAB01,0,1,-1034,2191,0,360
20260910_100810,STILL_1P_NA1,27.959,32808600,364,STILL,NA1,1,P01,LAB01,1,0,0,0,0,0
20260910_100810,STILL_1P_NA1,27.959,32808600,364,STILL,NA1,1,P01,LAB01,2,0,0,0,0,0
20260910_100810,STILL_1P_NA1,28.048,32897869,365,STILL,NA1,1,P01,LAB01,0,1,-1039,2188,0,360
20260910_100810,STILL_1P_NA1,28.048,32897869,365,STILL,NA1,1,P01,LAB01,1,0,0,0,0,0
20260910_100810,STILL_1P_NA1,28.048,32897869,365,STILL,NA1,1,P01,LAB01,2,0,0,0,0,0
20260910_100810,STILL_1P_NA1,28.138,32986600,366,STILL,NA1,1,P01,LAB01,0,1,-1043,2185,0,360
20260910_100810,STILL_1P_NA1,28.138,32986600,366,STILL,NA1,1,P01,LAB01,1,0,0,0,0,0
20260910_100810,STILL_1P_NA1,28.138,32986600,366,STILL,NA1,1,P01,LAB01,2,0,0,0,0,0
20260910_100810,STILL_1P_NA1,28.226,33075677,367,STILL,NA1,1,P01,LAB01,0,1,-1046,2182,0,360
20260910_100810,STILL_1P_NA1,28.226,33075677,367,STILL,NA1,1,P01,LAB01,1,0,0,0,0,0
20260910_100810,STILL_1P_NA1,28.226,33075677,367,STILL,NA1,1,P01,LAB01,2,0,0,0,0,0
20260910_100810,STILL_1P_NA1,28.315,33164656,368,STILL,NA1,1,P01,LAB01,0,1,-1049,2178,0,360
20260910_100810,STILL_1P_NA1,28.315,33164656,368,STILL,NA1,1,P01,LAB01,1,0,0,0,0,0
20260910_100810,STILL_1P_NA1,28.315,33164656,368,STILL,NA1,1,P01,LAB01,2,0,0,0,0,0
20260910_100810,STILL_1P_NA1,28.404,33253327,369,STILL,NA1,1,P01,LAB01,0,1,-1050,2173,0,360
20260910_100810,STILL_1P_NA1,28.404,33253327,369,STILL,NA1,1,P01,LAB01,1,0,0,0,0,0
20260910_100810,STILL_1P_NA1,28.404,33253327,369,STILL,NA1,1,P01,LAB01,2,0,0,0,0,0
20260910_100810,STILL_1P_NA1,28.494,33342597,370,STILL,NA1,1,P01,LAB01,0,1,-1049,2168,0,360
20260910_100810,STILL_1P_NA1,28.494,33342597,370,STILL,NA1,1,P01,LAB01,1,0,0,0,0,0
20260910_100810,STILL_1P_NA1,28.494,33342597,370,STILL,NA1,1,P01,LAB01,2,0,0,0,0,0
20260910_100810,STILL_1P_NA1,28.582,33431445,371,STILL,NA1,1,P01,LAB01,0,1,-1049,2163,0,360
20260910_100810,STILL_1P_NA1,28.582,33431445,371,STILL,NA1,1,P01,LAB01,1,0,0,0,0,0
20260910_100810,STILL_1P_NA1,28.582,33431445,371,STILL,NA1,1,P01,LAB01,2,0,0,0,0,0
20260910_100810,STILL_1P_NA1,28.671,33520432,372,STILL,NA1,1,P01,LAB01,0,1,-1049,2158,0,360
20260910_100810,STILL_1P_NA1,28.671,33520432,372,STILL,NA1,1,P01,LAB01,1,0,0,0,0,0
20260910_100810,STILL_1P_NA1,28.671,33520432,372,STILL,NA1,1,P01,LAB01,2,0,0,0,0,0
20260910_100810,STILL_1P_NA1,28.760,33609288,373,STILL,NA1,1,P01,LAB01,0,1,-1048,2153,0,360
20260910_100810,STILL_1P_NA1,28.760,33609288,373,STILL,NA1,1,P01,LAB01,1,0,0,0,0,0
20260910_100810,STILL_1P_NA1,28.760,33609288,373,STILL,NA1,1,P01,LAB01,2,0,0,0,0,0
20260910_100810,STILL_1P_NA1,28.849,33698390,374,STILL,NA1,1,P01,LAB01,0,1,-1048,2148,0,360
20260910_100810,STILL_1P_NA1,28.849,33698390,374,STILL,NA1,1,P01,LAB01,1,0,0,0,0,0
20260910_100810,STILL_1P_NA1,28.849,33698390,374,STILL,NA1,1,P01,LAB01,2,0,0,0,0,0
20260910_100810,STILL_1P_NA1,28.938,33787600,375,STILL,NA1,1,P01,LAB01,0,1,-1052,2145,0,360
20260910_100810,STILL_1P_NA1,28.938,33787600,375,STILL,NA1,1,P01,LAB01,1,0,0,0,0,0
20260910_100810,STILL_1P_NA1,28.938,33787600,375,STILL,NA1,1,P01,LAB01,2,0,0,0,0,0
20260910_100810,STILL_1P_NA1,29.027,33876677,376,STILL,NA1,1,P01,LAB01,0,1,-1056,2144,0,360
20260910_100810,STILL_1P_NA1,29.027,33876677,376,STILL,NA1,1,P01,LAB01,1,0,0,0,0,0
20260910_100810,STILL_1P_NA1,29.027,33876677,376,STILL,NA1,1,P01,LAB01,2,0,0,0,0,0
20260910_100810,STILL_1P_NA1,29.116,33965467,377,STILL,NA1,1,P01,LAB01,0,1,-1059,2144,0,360
20260910_100810,STILL_1P_NA1,29.116,33965467,377,STILL,NA1,1,P01,LAB01,1,0,0,0,0,0
20260910_100810,STILL_1P_NA1,29.116,33965467,377,STILL,NA1,1,P01,LAB01,2,0,0,0,0,0
20260910_100810,STILL_1P_NA1,29.205,34054545,378,STILL,NA1,1,P01,LAB01,0,1,-1061,2144,0,360
20260910_100810,STILL_1P_NA1,29.205,34054545,378,STILL,NA1,1,P01,LAB01,1,0,0,0,0,0
20260910_100810,STILL_1P_NA1,29.205,34054545,378,STILL,NA1,1,P01,LAB01,2,0,0,0,0,0
20260910_100810,STILL_1P_NA1,29.294,34143624,379,STILL,NA1,1,P01,LAB01,0,1,-1064,2144,0,360
20260910_100810,STILL_1P_NA1,29.294,34143624,379,STILL,NA1,1,P01,LAB01,1,0,0,0,0,0
20260910_100810,STILL_1P_NA1,29.294,34143624,379,STILL,NA1,1,P01,LAB01,2,0,0,0,0,0
20260910_100810,STILL_1P_NA1,29.383,34232324,380,STILL,NA1,1,P01,LAB01,0,1,-1066,2143,0,360
20260910_100810,STILL_1P_NA1,29.383,34232324,380,STILL,NA1,1,P01,LAB01,1,0,0,0,0,0
20260910_100810,STILL_1P_NA1,29.383,34232324,380,STILL,NA1,1,P01,LAB01,2,0,0,0,0,0
20260910_100810,STILL_1P_NA1,29.472,34321650,381,STILL,NA1,1,P01,LAB01,0,1,-1068,2140,0,360
20260910_100810,STILL_1P_NA1,29.472,34321650,381,STILL,NA1,1,P01,LAB01,1,0,0,0,0,0
20260910_100810,STILL_1P_NA1,29.472,34321650,381,STILL,NA1,1,P01,LAB01,2,0,0,0,0,0
20260910_100810,STILL_1P_NA1,29.561,34410411,382,STILL,NA1,1,P01,LAB01,0,1,-1069,2140,0,360
20260910_100810,STILL_1P_NA1,29.561,34410411,382,STILL,NA1,1,P01,LAB01,1,0,0,0,0,0
20260910_100810,STILL_1P_NA1,29.561,34410411,382,STILL,NA1,1,P01,LAB01,2,0,0,0,0,0
20260910_100810,STILL_1P_NA1,29.650,34499515,383,STILL,NA1,1,P01,LAB01,0,1,-1069,2139,0,360
20260910_100810,STILL_1P_NA1,29.650,34499515,383,STILL,NA1,1,P01,LAB01,1,0,0,0,0,0
20260910_100810,STILL_1P_NA1,29.650,34499515,383,STILL,NA1,1,P01,LAB01,2,0,0,0,0,0
20260910_100810,STILL_1P_NA1,29.739,34588403,384,STILL,NA1,1,P01,LAB01,0,1,-1070,2139,0,360
20260910_100810,STILL_1P_NA1,29.739,34588403,384,STILL,NA1,1,P01,LAB01,1,0,0,0,0,0
20260910_100810,STILL_1P_NA1,29.739,34588403,384,STILL,NA1,1,P01,LAB01,2,0,0,0,0,0
20260910_100810,STILL_1P_NA1,29.828,34677479,385,STILL,NA1,1,P01,LAB01,0,1,-1070,2140,0,360
20260910_100810,STILL_1P_NA1,29.828,34677479,385,STILL,NA1,1,P01,LAB01,1,0,0,0,0,0
20260910_100810,STILL_1P_NA1,29.828,34677479,385,STILL,NA1,1,P01,LAB01,2,0,0,0,0,0
20260910_100810,STILL_1P_NA1,29.917,34766432,386,STILL,NA1,1,P01,LAB01,0,1,-1071,2142,0,360
20260910_100810,STILL_1P_NA1,29.917,34766432,386,STILL,NA1,1,P01,LAB01,1,0,0,0,0,0
20260910_100810,STILL_1P_NA1,29.917,34766432,386,STILL,NA1,1,P01,LAB01,2,0,0,0,0,0
20260910_100810,STILL_1P_NA1,30.006,34855508,387,STILL,NA1,1,P01,LAB01,0,1,-1071,2143,0,360
20260910_100810,STILL_1P_NA1,30.006,34855508,387,STILL,NA1,1,P01,LAB01,1,0,0,0,0,0
20260910_100810,STILL_1P_NA1,30.006,34855508,387,STILL,NA1,1,P01,LAB01,2,0,0,0,0,0
20260910_100810,STILL_1P_NA1,30.095,34944309,388,STILL,NA1,1,P01,LAB01,0,1,-1072,2144,0,360
20260910_100810,STILL_1P_NA1,30.095,34944309,388,STILL,NA1,1,P01,LAB01,1,0,0,0,0,0
20260910_100810,STILL_1P_NA1,30.095,34944309,388,STILL,NA1,1,P01,LAB01,2,0,0,0,0,0
20260910_100810,STILL_1P_NA1,30.184,35033287,389,STILL,NA1,1,P01,LAB01,0,1,-1072,2146,0,360
20260910_100810,STILL_1P_NA1,30.184,35033287,389,STILL,NA1,1,P01,LAB01,1,0,0,0,0,0
20260910_100810,STILL_1P_NA1,30.184,35033287,389,STILL,NA1,1,P01,LAB01,2,0,0,0,0,0
20260910_100810,STILL_1P_NA1,30.273,35122299,390,STILL,NA1,1,P01,LAB01,0,1,-1072,2149,0,360
20260910_100810,STILL_1P_NA1,30.273,35122299,390,STILL,NA1,1,P01,LAB01,1,0,0,0,0,0
20260910_100810,STILL_1P_NA1,30.273,35122299,390,STILL,NA1,1,P01,LAB01,2,0,0,0,0,0
20260910_100810,STILL_1P_NA1,30.362,35211501,391,STILL,NA1,1,P01,LAB01,0,1,-1072,2153,0,360
20260910_100810,STILL_1P_NA1,30.362,35211501,391,STILL,NA1,1,P01,LAB01,1,0,0,0,0,0
20260910_100810,STILL_1P_NA1,30.362,35211501,391,STILL,NA1,1,P01,LAB01,2,0,0,0,0,0
20260910_100810,STILL_1P_NA1,30.451,35300480,392,STILL,NA1,1,P01,LAB01,0,1,-1074,2157,0,360
20260910_100810,STILL_1P_NA1,30.451,35300480,392,STILL,NA1,1,P01,LAB01,1,0,0,0,0,0
20260910_100810,STILL_1P_NA1,30.451,35300480,392,STILL,NA1,1,P01,LAB01,2,0,0,0,0,0
20260910_100810,STILL_1P_NA1,30.540,35389494,393,STILL,NA1,1,P01,LAB01,0,1,-1075,2161,0,360
20260910_100810,STILL_1P_NA1,30.540,35389494,393,STILL,NA1,1,P01,LAB01,1,0,0,0,0,0
20260910_100810,STILL_1P_NA1,30.540,35389494,393,STILL,NA1,1,P01,LAB01,2,0,0,0,0,0
20260910_100810,STILL_1P_NA1,30.629,35478196,394,STILL,NA1,1,P01,LAB01,0,1,-1078,2166,0,360
20260910_100810,STILL_1P_NA1,30.629,35478196,394,STILL,NA1,1,P01,LAB01,1,0,0,0,0,0
20260910_100810,STILL_1P_NA1,30.629,35478196,394,STILL,NA1,1,P01,LAB01,2,0,0,0,0,0
20260910_100810,STILL_1P_NA1,30.717,35567049,395,STILL,NA1,1,P01,LAB01,0,1,-1080,2171,0,360
20260910_100810,STILL_1P_NA1,30.717,35567049,395,STILL,NA1,1,P01,LAB01,1,0,0,0,0,0
20260910_100810,STILL_1P_NA1,30.717,35567049,395,STILL,NA1,1,P01,LAB01,2,0,0,0,0,0
20260910_100810,STILL_1P_NA1,30.807,35656261,396,STILL,NA1,1,P01,LAB01,0,1,-1082,2176,0,360
20260910_100810,STILL_1P_NA1,30.807,35656261,396,STILL,NA1,1,P01,LAB01,1,0,0,0,0,0
20260910_100810,STILL_1P_NA1,30.807,35656261,396,STILL,NA1,1,P01,LAB01,2,0,0,0,0,0
20260910_100810,STILL_1P_NA1,30.895,35745046,397,STILL,NA1,1,P01,LAB01,0,1,-1085,2180,0,360
20260910_100810,STILL_1P_NA1,30.895,35745046,397,STILL,NA1,1,P01,LAB01,1,0,0,0,0,0
20260910_100810,STILL_1P_NA1,30.895,35745046,397,STILL,NA1,1,P01,LAB01,2,0,0,0,0,0
20260910_100810,STILL_1P_NA1,30.985,35834119,398,STILL,NA1,1,P01,LAB01,0,1,-1087,2184,0,360
20260910_100810,STILL_1P_NA1,30.985,35834119,398,STILL,NA1,1,P01,LAB01,1,0,0,0,0,0
20260910_100810,STILL_1P_NA1,30.985,35834119,398,STILL,NA1,1,P01,LAB01,2,0,0,0,0,0
20260910_100810,STILL_1P_NA1,31.074,35923023,399,STILL,NA1,1,P01,LAB01,0,1,-1089,2188,0,360
20260910_100810,STILL_1P_NA1,31.074,35923023,399,STILL,NA1,1,P01,LAB01,1,0,0,0,0,0
20260910_100810,STILL_1P_NA1,31.074,35923023,399,STILL,NA1,1,P01,LAB01,2,0,0,0,0,0
20260910_100810,STILL_1P_NA1,31.163,36012283,400,STILL,NA1,1,P01,LAB01,0,1,-1086,2192,0,360
20260910_100810,STILL_1P_NA1,31.163,36012283,400,STILL,NA1,1,P01,LAB01,1,0,0,0,0,0
20260910_100810,STILL_1P_NA1,31.163,36012283,400,STILL,NA1,1,P01,LAB01,2,0,0,0,0,0
20260910_100810,STILL_1P_NA1,31.252,36101384,401,STILL,NA1,1,P01,LAB01,0,1,-1082,2195,0,360
20260910_100810,STILL_1P_NA1,31.252,36101384,401,STILL,NA1,1,P01,LAB01,1,0,0,0,0,0
20260910_100810,STILL_1P_NA1,31.252,36101384,401,STILL,NA1,1,P01,LAB01,2,0,0,0,0,0
20260910_100810,STILL_1P_NA1,31.341,36190283,402,STILL,NA1,1,P01,LAB01,0,1,-1077,2197,0,360
20260910_100810,STILL_1P_NA1,31.341,36190283,402,STILL,NA1,1,P01,LAB01,1,0,0,0,0,0
20260910_100810,STILL_1P_NA1,31.341,36190283,402,STILL,NA1,1,P01,LAB01,2,0,0,0,0,0
20260910_100810,STILL_1P_NA1,31.430,36279384,403,STILL,NA1,1,P01,LAB01,0,1,-1071,2199,0,360
20260910_100810,STILL_1P_NA1,31.430,36279384,403,STILL,NA1,1,P01,LAB01,1,0,0,0,0,0
20260910_100810,STILL_1P_NA1,31.430,36279384,403,STILL,NA1,1,P01,LAB01,2,0,0,0,0,0
20260910_100810,STILL_1P_NA1,31.519,36368460,404,STILL,NA1,1,P01,LAB01,0,1,-1063,2201,0,360
20260910_100810,STILL_1P_NA1,31.519,36368460,404,STILL,NA1,1,P01,LAB01,1,0,0,0,0,0
20260910_100810,STILL_1P_NA1,31.519,36368460,404,STILL,NA1,1,P01,LAB01,2,0,0,0,0,0
20260910_100810,STILL_1P_NA1,31.608,36457129,405,STILL,NA1,1,P01,LAB01,0,1,-1057,2202,0,360
20260910_100810,STILL_1P_NA1,31.608,36457129,405,STILL,NA1,1,P01,LAB01,1,0,0,0,0,0
20260910_100810,STILL_1P_NA1,31.608,36457129,405,STILL,NA1,1,P01,LAB01,2,0,0,0,0,0
20260910_100810,STILL_1P_NA1,31.697,36546203,406,STILL,NA1,1,P01,LAB01,0,1,-1052,2203,0,360
20260910_100810,STILL_1P_NA1,31.697,36546203,406,STILL,NA1,1,P01,LAB01,1,0,0,0,0,0
20260910_100810,STILL_1P_NA1,31.697,36546203,406,STILL,NA1,1,P01,LAB01,2,0,0,0,0,0
20260910_100810,STILL_1P_NA1,31.786,36635156,407,STILL,NA1,1,P01,LAB01,0,1,-1047,2204,0,360
20260910_100810,STILL_1P_NA1,31.786,36635156,407,STILL,NA1,1,P01,LAB01,1,0,0,0,0,0
20260910_100810,STILL_1P_NA1,31.786,36635156,407,STILL,NA1,1,P01,LAB01,2,0,0,0,0,0
20260910_100810,STILL_1P_NA1,31.874,36724013,408,STILL,NA1,1,P01,LAB01,0,1,-1043,2205,0,360
20260910_100810,STILL_1P_NA1,31.874,36724013,408,STILL,NA1,1,P01,LAB01,1,0,0,0,0,0
20260910_100810,STILL_1P_NA1,31.874,36724013,408,STILL,NA1,1,P01,LAB01,2,0,0,0,0,0
20260910_100810,STILL_1P_NA1,31.963,36813150,409,STILL,NA1,1,P01,LAB01,0,1,-1039,2205,0,360
20260910_100810,STILL_1P_NA1,31.963,36813150,409,STILL,NA1,1,P01,LAB01,1,0,0,0,0,0
20260910_100810,STILL_1P_NA1,31.963,36813150,409,STILL,NA1,1,P01,LAB01,2,0,0,0,0,0
20260910_100810,STILL_1P_NA1,32.053,36902066,410,STILL,NA1,1,P01,LAB01,0,1,-1034,2206,0,360
20260910_100810,STILL_1P_NA1,32.053,36902066,410,STILL,NA1,1,P01,LAB01,1,0,0,0,0,0
20260910_100810,STILL_1P_NA1,32.053,36902066,410,STILL,NA1,1,P01,LAB01,2,0,0,0,0,0
20260910_100810,STILL_1P_NA1,32.142,36991049,411,STILL,NA1,1,P01,LAB01,0,1,-1037,2206,0,360
20260910_100810,STILL_1P_NA1,32.142,36991049,411,STILL,NA1,1,P01,LAB01,1,0,0,0,0,0
20260910_100810,STILL_1P_NA1,32.142,36991049,411,STILL,NA1,1,P01,LAB01,2,0,0,0,0,0
20260910_100810,STILL_1P_NA1,32.230,37080261,412,STILL,NA1,1,P01,LAB01,0,1,-1041,2206,0,360
20260910_100810,STILL_1P_NA1,32.230,37080261,412,STILL,NA1,1,P01,LAB01,1,0,0,0,0,0
20260910_100810,STILL_1P_NA1,32.230,37080261,412,STILL,NA1,1,P01,LAB01,2,0,0,0,0,0
20260910_100810,STILL_1P_NA1,32.320,37169203,413,STILL,NA1,1,P01,LAB01,0,1,-1046,2203,0,360
20260910_100810,STILL_1P_NA1,32.320,37169203,413,STILL,NA1,1,P01,LAB01,1,0,0,0,0,0
20260910_100810,STILL_1P_NA1,32.320,37169203,413,STILL,NA1,1,P01,LAB01,2,0,0,0,0,0
20260910_100810,STILL_1P_NA1,32.409,37258156,414,STILL,NA1,1,P01,LAB01,0,1,-1054,2200,0,360
20260910_100810,STILL_1P_NA1,32.409,37258156,414,STILL,NA1,1,P01,LAB01,1,0,0,0,0,0
20260910_100810,STILL_1P_NA1,32.409,37258156,414,STILL,NA1,1,P01,LAB01,2,0,0,0,0,0
20260910_100810,STILL_1P_NA1,32.498,37347073,415,STILL,NA1,1,P01,LAB01,0,1,-1059,2198,0,360
20260910_100810,STILL_1P_NA1,32.498,37347073,415,STILL,NA1,1,P01,LAB01,1,0,0,0,0,0
20260910_100810,STILL_1P_NA1,32.498,37347073,415,STILL,NA1,1,P01,LAB01,2,0,0,0,0,0
20260910_100810,STILL_1P_NA1,32.587,37436217,416,STILL,NA1,1,P01,LAB01,0,1,-1063,2196,0,360
20260910_100810,STILL_1P_NA1,32.587,37436217,416,STILL,NA1,1,P01,LAB01,1,0,0,0,0,0
20260910_100810,STILL_1P_NA1,32.587,37436217,416,STILL,NA1,1,P01,LAB01,2,0,0,0,0,0
20260910_100810,STILL_1P_NA1,32.676,37525159,417,STILL,NA1,1,P01,LAB01,0,1,-1065,2195,0,360
20260910_100810,STILL_1P_NA1,32.676,37525159,417,STILL,NA1,1,P01,LAB01,1,0,0,0,0,0
20260910_100810,STILL_1P_NA1,32.676,37525159,417,STILL,NA1,1,P01,LAB01,2,0,0,0,0,0
20260910_100810,STILL_1P_NA1,32.765,37614244,418,STILL,NA1,1,P01,LAB01,0,1,-1067,2195,0,360
20260910_100810,STILL_1P_NA1,32.765,37614244,418,STILL,NA1,1,P01,LAB01,1,0,0,0,0,0
20260910_100810,STILL_1P_NA1,32.765,37614244,418,STILL,NA1,1,P01,LAB01,2,0,0,0,0,0
20260910_100810,STILL_1P_NA1,32.854,37703232,419,STILL,NA1,1,P01,LAB01,0,1,-1066,2194,0,360
20260910_100810,STILL_1P_NA1,32.854,37703232,419,STILL,NA1,1,P01,LAB01,1,0,0,0,0,0
20260910_100810,STILL_1P_NA1,32.854,37703232,419,STILL,NA1,1,P01,LAB01,2,0,0,0,0,0
20260910_100810,STILL_1P_NA1,32.943,37792244,420,STILL,NA1,1,P01,LAB01,0,1,-1065,2194,0,360
20260910_100810,STILL_1P_NA1,32.943,37792244,420,STILL,NA1,1,P01,LAB01,1,0,0,0,0,0
20260910_100810,STILL_1P_NA1,32.943,37792244,420,STILL,NA1,1,P01,LAB01,2,0,0,0,0,0
20260910_100810,STILL_1P_NA1,33.032,37881223,421,STILL,NA1,1,P01,LAB01,0,1,-1064,2192,0,360
20260910_100810,STILL_1P_NA1,33.032,37881223,421,STILL,NA1,1,P01,LAB01,1,0,0,0,0,0
20260910_100810,STILL_1P_NA1,33.032,37881223,421,STILL,NA1,1,P01,LAB01,2,0,0,0,0,0
20260910_100810,STILL_1P_NA1,33.121,37970203,422,STILL,NA1,1,P01,LAB01,0,1,-1061,2191,0,360
20260910_100810,STILL_1P_NA1,33.121,37970203,422,STILL,NA1,1,P01,LAB01,1,0,0,0,0,0
20260910_100810,STILL_1P_NA1,33.121,37970203,422,STILL,NA1,1,P01,LAB01,2,0,0,0,0,0
20260910_100810,STILL_1P_NA1,33.210,38059000,423,STILL,NA1,1,P01,LAB01,0,1,-1053,2192,0,360
20260910_100810,STILL_1P_NA1,33.210,38059000,423,STILL,NA1,1,P01,LAB01,1,0,0,0,0,0
20260910_100810,STILL_1P_NA1,33.210,38059000,423,STILL,NA1,1,P01,LAB01,2,0,0,0,0,0
20260910_100810,STILL_1P_NA1,33.299,38148100,424,STILL,NA1,1,P01,LAB01,0,1,-1044,2196,0,360
20260910_100810,STILL_1P_NA1,33.299,38148100,424,STILL,NA1,1,P01,LAB01,1,0,0,0,0,0
20260910_100810,STILL_1P_NA1,33.299,38148100,424,STILL,NA1,1,P01,LAB01,2,0,0,0,0,0
20260910_100810,STILL_1P_NA1,33.387,38236969,425,STILL,NA1,1,P01,LAB01,0,1,-1036,2201,0,360
20260910_100810,STILL_1P_NA1,33.387,38236969,425,STILL,NA1,1,P01,LAB01,1,0,0,0,0,0
20260910_100810,STILL_1P_NA1,33.387,38236969,425,STILL,NA1,1,P01,LAB01,2,0,0,0,0,0
20260910_100810,STILL_1P_NA1,33.477,38326159,426,STILL,NA1,1,P01,LAB01,0,1,-1030,2205,0,360
20260910_100810,STILL_1P_NA1,33.477,38326159,426,STILL,NA1,1,P01,LAB01,1,0,0,0,0,0
20260910_100810,STILL_1P_NA1,33.477,38326159,426,STILL,NA1,1,P01,LAB01,2,0,0,0,0,0
20260910_100810,STILL_1P_NA1,33.565,38415049,427,STILL,NA1,1,P01,LAB01,0,1,-1026,2208,0,360
20260910_100810,STILL_1P_NA1,33.565,38415049,427,STILL,NA1,1,P01,LAB01,1,0,0,0,0,0
20260910_100810,STILL_1P_NA1,33.565,38415049,427,STILL,NA1,1,P01,LAB01,2,0,0,0,0,0
20260910_100810,STILL_1P_NA1,33.654,38504093,428,STILL,NA1,1,P01,LAB01,0,1,-1022,2209,0,360
20260910_100810,STILL_1P_NA1,33.654,38504093,428,STILL,NA1,1,P01,LAB01,1,0,0,0,0,0
20260910_100810,STILL_1P_NA1,33.654,38504093,428,STILL,NA1,1,P01,LAB01,2,0,0,0,0,0
20260910_100810,STILL_1P_NA1,33.743,38593046,429,STILL,NA1,1,P01,LAB01,0,1,-1014,2211,0,360
20260910_100810,STILL_1P_NA1,33.743,38593046,429,STILL,NA1,1,P01,LAB01,1,0,0,0,0,0
20260910_100810,STILL_1P_NA1,33.743,38593046,429,STILL,NA1,1,P01,LAB01,2,0,0,0,0,0
20260910_100810,STILL_1P_NA1,33.832,38681943,430,STILL,NA1,1,P01,LAB01,0,1,-1004,2212,0,360
20260910_100810,STILL_1P_NA1,33.832,38681943,430,STILL,NA1,1,P01,LAB01,1,0,0,0,0,0
20260910_100810,STILL_1P_NA1,33.832,38681943,430,STILL,NA1,1,P01,LAB01,2,0,0,0,0,0
20260910_100810,STILL_1P_NA1,33.921,38770954,431,STILL,NA1,1,P01,LAB01,0,1,-996,2213,0,360
20260910_100810,STILL_1P_NA1,33.921,38770954,431,STILL,NA1,1,P01,LAB01,1,0,0,0,0,0
20260910_100810,STILL_1P_NA1,33.921,38770954,431,STILL,NA1,1,P01,LAB01,2,0,0,0,0,0
20260910_100810,STILL_1P_NA1,34.010,38859783,432,STILL,NA1,1,P01,LAB01,0,1,-987,2215,0,360
20260910_100810,STILL_1P_NA1,34.010,38859783,432,STILL,NA1,1,P01,LAB01,1,0,0,0,0,0
20260910_100810,STILL_1P_NA1,34.010,38859783,432,STILL,NA1,1,P01,LAB01,2,0,0,0,0,0
20260910_100810,STILL_1P_NA1,34.099,38948918,433,STILL,NA1,1,P01,LAB01,0,1,-984,2215,0,360
20260910_100810,STILL_1P_NA1,34.099,38948918,433,STILL,NA1,1,P01,LAB01,1,0,0,0,0,0
20260910_100810,STILL_1P_NA1,34.099,38948918,433,STILL,NA1,1,P01,LAB01,2,0,0,0,0,0
20260910_100810,STILL_1P_NA1,34.189,39038026,434,STILL,NA1,1,P01,LAB01,0,1,-985,2217,0,360
20260910_100810,STILL_1P_NA1,34.189,39038026,434,STILL,NA1,1,P01,LAB01,1,0,0,0,0,0
20260910_100810,STILL_1P_NA1,34.189,39038026,434,STILL,NA1,1,P01,LAB01,2,0,0,0,0,0
20260910_100810,STILL_1P_NA1,34.277,39126945,435,STILL,NA1,1,P01,LAB01,0,1,-986,2216,0,360
20260910_100810,STILL_1P_NA1,34.277,39126945,435,STILL,NA1,1,P01,LAB01,1,0,0,0,0,0
20260910_100810,STILL_1P_NA1,34.277,39126945,435,STILL,NA1,1,P01,LAB01,2,0,0,0,0,0
20260910_100810,STILL_1P_NA1,34.367,39216176,436,STILL,NA1,1,P01,LAB01,0,1,-989,2211,8,360
20260910_100810,STILL_1P_NA1,34.367,39216176,436,STILL,NA1,1,P01,LAB01,1,0,0,0,0,0
20260910_100810,STILL_1P_NA1,34.367,39216176,436,STILL,NA1,1,P01,LAB01,2,0,0,0,0,0
20260910_100810,STILL_1P_NA1,34.455,39305010,437,STILL,NA1,1,P01,LAB01,0,1,-991,2208,0,360
20260910_100810,STILL_1P_NA1,34.455,39305010,437,STILL,NA1,1,P01,LAB01,1,0,0,0,0,0
20260910_100810,STILL_1P_NA1,34.455,39305010,437,STILL,NA1,1,P01,LAB01,2,0,0,0,0,0
20260910_100810,STILL_1P_NA1,34.544,39394073,438,STILL,NA1,1,P01,LAB01,0,1,-991,2209,0,360
20260910_100810,STILL_1P_NA1,34.544,39394073,438,STILL,NA1,1,P01,LAB01,1,0,0,0,0,0
20260910_100810,STILL_1P_NA1,34.544,39394073,438,STILL,NA1,1,P01,LAB01,2,0,0,0,0,0
20260910_100810,STILL_1P_NA1,34.633,39483088,439,STILL,NA1,1,P01,LAB01,0,1,-990,2210,0,360
20260910_100810,STILL_1P_NA1,34.633,39483088,439,STILL,NA1,1,P01,LAB01,1,0,0,0,0,0
20260910_100810,STILL_1P_NA1,34.633,39483088,439,STILL,NA1,1,P01,LAB01,2,0,0,0,0,0
20260910_100810,STILL_1P_NA1,34.723,39572073,440,STILL,NA1,1,P01,LAB01,0,1,-993,2210,0,360
20260910_100810,STILL_1P_NA1,34.723,39572073,440,STILL,NA1,1,P01,LAB01,1,0,0,0,0,0
20260910_100810,STILL_1P_NA1,34.723,39572073,440,STILL,NA1,1,P01,LAB01,2,0,0,0,0,0
20260910_100810,STILL_1P_NA1,34.811,39661088,441,STILL,NA1,1,P01,LAB01,0,1,-994,2211,0,360
20260910_100810,STILL_1P_NA1,34.811,39661088,441,STILL,NA1,1,P01,LAB01,1,0,0,0,0,0
20260910_100810,STILL_1P_NA1,34.811,39661088,441,STILL,NA1,1,P01,LAB01,2,0,0,0,0,0
20260910_100810,STILL_1P_NA1,34.900,39749918,442,STILL,NA1,1,P01,LAB01,0,1,-991,2211,-8,360
20260910_100810,STILL_1P_NA1,34.900,39749918,442,STILL,NA1,1,P01,LAB01,1,0,0,0,0,0
20260910_100810,STILL_1P_NA1,34.900,39749918,442,STILL,NA1,1,P01,LAB01,2,0,0,0,0,0
20260910_100810,STILL_1P_NA1,34.989,39838774,443,STILL,NA1,1,P01,LAB01,0,1,-986,2210,-8,360
20260910_100810,STILL_1P_NA1,34.989,39838774,443,STILL,NA1,1,P01,LAB01,1,0,0,0,0,0
20260910_100810,STILL_1P_NA1,34.989,39838774,443,STILL,NA1,1,P01,LAB01,2,0,0,0,0,0
20260910_100810,STILL_1P_NA1,35.079,39928066,444,STILL,NA1,1,P01,LAB01,0,1,-983,2210,0,360
20260910_100810,STILL_1P_NA1,35.079,39928066,444,STILL,NA1,1,P01,LAB01,1,0,0,0,0,0
20260910_100810,STILL_1P_NA1,35.079,39928066,444,STILL,NA1,1,P01,LAB01,2,0,0,0,0,0
20260910_100810,STILL_1P_NA1,35.167,40016991,445,STILL,NA1,1,P01,LAB01,0,1,-977,2209,0,360
20260910_100810,STILL_1P_NA1,35.167,40016991,445,STILL,NA1,1,P01,LAB01,1,0,0,0,0,0
20260910_100810,STILL_1P_NA1,35.167,40016991,445,STILL,NA1,1,P01,LAB01,2,0,0,0,0,0
20260910_100810,STILL_1P_NA1,35.256,40105943,446,STILL,NA1,1,P01,LAB01,0,1,-971,2208,0,360
20260910_100810,STILL_1P_NA1,35.256,40105943,446,STILL,NA1,1,P01,LAB01,1,0,0,0,0,0
20260910_100810,STILL_1P_NA1,35.256,40105943,446,STILL,NA1,1,P01,LAB01,2,0,0,0,0,0
20260910_100810,STILL_1P_NA1,35.345,40194677,447,STILL,NA1,1,P01,LAB01,0,1,-965,2208,0,360
20260910_100810,STILL_1P_NA1,35.345,40194677,447,STILL,NA1,1,P01,LAB01,1,0,0,0,0,0
20260910_100810,STILL_1P_NA1,35.345,40194677,447,STILL,NA1,1,P01,LAB01,2,0,0,0,0,0
20260910_100810,STILL_1P_NA1,35.434,40283783,448,STILL,NA1,1,P01,LAB01,0,1,-960,2207,0,360
20260910_100810,STILL_1P_NA1,35.434,40283783,448,STILL,NA1,1,P01,LAB01,1,0,0,0,0,0
20260910_100810,STILL_1P_NA1,35.434,40283783,448,STILL,NA1,1,P01,LAB01,2,0,0,0,0,0
20260910_100810,STILL_1P_NA1,35.523,40373037,449,STILL,NA1,1,P01,LAB01,0,1,-949,2203,0,360
20260910_100810,STILL_1P_NA1,35.523,40373037,449,STILL,NA1,1,P01,LAB01,1,0,0,0,0,0
20260910_100810,STILL_1P_NA1,35.523,40373037,449,STILL,NA1,1,P01,LAB01,2,0,0,0,0,0
20260910_100810,STILL_1P_NA1,35.612,40461774,450,STILL,NA1,1,P01,LAB01,0,1,-937,2198,0,360
20260910_100810,STILL_1P_NA1,35.612,40461774,450,STILL,NA1,1,P01,LAB01,1,0,0,0,0,0
20260910_100810,STILL_1P_NA1,35.612,40461774,450,STILL,NA1,1,P01,LAB01,2,0,0,0,0,0
20260910_100810,STILL_1P_NA1,35.701,40550759,451,STILL,NA1,1,P01,LAB01,0,1,-925,2194,0,360
20260910_100810,STILL_1P_NA1,35.701,40550759,451,STILL,NA1,1,P01,LAB01,1,0,0,0,0,0
20260910_100810,STILL_1P_NA1,35.701,40550759,451,STILL,NA1,1,P01,LAB01,2,0,0,0,0,0
20260910_100810,STILL_1P_NA1,35.789,40639338,452,STILL,NA1,1,P01,LAB01,0,1,-914,2189,0,360
20260910_100810,STILL_1P_NA1,35.789,40639338,452,STILL,NA1,1,P01,LAB01,1,0,0,0,0,0
20260910_100810,STILL_1P_NA1,35.789,40639338,452,STILL,NA1,1,P01,LAB01,2,0,0,0,0,0
20260910_100810,STILL_1P_NA1,35.879,40728787,453,STILL,NA1,1,P01,LAB01,0,1,-903,2185,0,360
20260910_100810,STILL_1P_NA1,35.879,40728787,453,STILL,NA1,1,P01,LAB01,1,0,0,0,0,0
20260910_100810,STILL_1P_NA1,35.879,40728787,453,STILL,NA1,1,P01,LAB01,2,0,0,0,0,0
20260910_100810,STILL_1P_NA1,35.968,40817831,454,STILL,NA1,1,P01,LAB01,0,1,-892,2180,0,360
20260910_100810,STILL_1P_NA1,35.968,40817831,454,STILL,NA1,1,P01,LAB01,1,0,0,0,0,0
20260910_100810,STILL_1P_NA1,35.968,40817831,454,STILL,NA1,1,P01,LAB01,2,0,0,0,0,0
20260910_100810,STILL_1P_NA1,36.057,40906694,455,STILL,NA1,1,P01,LAB01,0,1,-882,2176,0,360
20260910_100810,STILL_1P_NA1,36.057,40906694,455,STILL,NA1,1,P01,LAB01,1,0,0,0,0,0
20260910_100810,STILL_1P_NA1,36.057,40906694,455,STILL,NA1,1,P01,LAB01,2,0,0,0,0,0
20260910_100810,STILL_1P_NA1,36.146,40995671,456,STILL,NA1,1,P01,LAB01,0,1,-872,2172,0,360
20260910_100810,STILL_1P_NA1,36.146,40995671,456,STILL,NA1,1,P01,LAB01,1,0,0,0,0,0
20260910_100810,STILL_1P_NA1,36.146,40995671,456,STILL,NA1,1,P01,LAB01,2,0,0,0,0,0
20260910_100810,STILL_1P_NA1,36.235,41084720,457,STILL,NA1,1,P01,LAB01,0,1,-863,2169,0,360
20260910_100810,STILL_1P_NA1,36.235,41084720,457,STILL,NA1,1,P01,LAB01,1,0,0,0,0,0
20260910_100810,STILL_1P_NA1,36.235,41084720,457,STILL,NA1,1,P01,LAB01,2,0,0,0,0,0
20260910_100810,STILL_1P_NA1,36.324,41173887,458,STILL,NA1,1,P01,LAB01,0,1,-856,2167,0,360
20260910_100810,STILL_1P_NA1,36.324,41173887,458,STILL,NA1,1,P01,LAB01,1,0,0,0,0,0
20260910_100810,STILL_1P_NA1,36.324,41173887,458,STILL,NA1,1,P01,LAB01,2,0,0,0,0,0
20260910_100810,STILL_1P_NA1,36.413,41262933,459,STILL,NA1,1,P01,LAB01,0,1,-855,2168,0,360
20260910_100810,STILL_1P_NA1,36.413,41262933,459,STILL,NA1,1,P01,LAB01,1,0,0,0,0,0
20260910_100810,STILL_1P_NA1,36.413,41262933,459,STILL,NA1,1,P01,LAB01,2,0,0,0,0,0
20260910_100810,STILL_1P_NA1,36.502,41351727,460,STILL,NA1,1,P01,LAB01,0,1,-851,2168,0,360
20260910_100810,STILL_1P_NA1,36.502,41351727,460,STILL,NA1,1,P01,LAB01,1,0,0,0,0,0
20260910_100810,STILL_1P_NA1,36.502,41351727,460,STILL,NA1,1,P01,LAB01,2,0,0,0,0,0
20260910_100810,STILL_1P_NA1,36.591,41440960,461,STILL,NA1,1,P01,LAB01,0,1,-848,2170,0,360
20260910_100810,STILL_1P_NA1,36.591,41440960,461,STILL,NA1,1,P01,LAB01,1,0,0,0,0,0
20260910_100810,STILL_1P_NA1,36.591,41440960,461,STILL,NA1,1,P01,LAB01,2,0,0,0,0,0
20260910_100810,STILL_1P_NA1,36.680,41529754,462,STILL,NA1,1,P01,LAB01,0,1,-839,2166,0,360
20260910_100810,STILL_1P_NA1,36.680,41529754,462,STILL,NA1,1,P01,LAB01,1,0,0,0,0,0
20260910_100810,STILL_1P_NA1,36.680,41529754,462,STILL,NA1,1,P01,LAB01,2,0,0,0,0,0
20260910_100810,STILL_1P_NA1,36.769,41618609,463,STILL,NA1,1,P01,LAB01,0,1,-830,2161,0,360
20260910_100810,STILL_1P_NA1,36.769,41618609,463,STILL,NA1,1,P01,LAB01,1,0,0,0,0,0
20260910_100810,STILL_1P_NA1,36.769,41618609,463,STILL,NA1,1,P01,LAB01,2,0,0,0,0,0
20260910_100810,STILL_1P_NA1,36.858,41707561,464,STILL,NA1,1,P01,LAB01,0,1,-825,2155,0,360
20260910_100810,STILL_1P_NA1,36.858,41707561,464,STILL,NA1,1,P01,LAB01,1,0,0,0,0,0
20260910_100810,STILL_1P_NA1,36.858,41707561,464,STILL,NA1,1,P01,LAB01,2,0,0,0,0,0
20260910_100810,STILL_1P_NA1,36.947,41796701,465,STILL,NA1,1,P01,LAB01,0,1,-821,2150,0,360
20260910_100810,STILL_1P_NA1,36.947,41796701,465,STILL,NA1,1,P01,LAB01,1,0,0,0,0,0
20260910_100810,STILL_1P_NA1,36.947,41796701,465,STILL,NA1,1,P01,LAB01,2,0,0,0,0,0
20260910_100810,STILL_1P_NA1,37.036,41885432,466,STILL,NA1,1,P01,LAB01,0,1,-818,2144,0,360
20260910_100810,STILL_1P_NA1,37.036,41885432,466,STILL,NA1,1,P01,LAB01,1,0,0,0,0,0
20260910_100810,STILL_1P_NA1,37.036,41885432,466,STILL,NA1,1,P01,LAB01,2,0,0,0,0,0
20260910_100810,STILL_1P_NA1,37.125,41974701,467,STILL,NA1,1,P01,LAB01,0,1,-815,2139,0,360
20260910_100810,STILL_1P_NA1,37.125,41974701,467,STILL,NA1,1,P01,LAB01,1,0,0,0,0,0
20260910_100810,STILL_1P_NA1,37.125,41974701,467,STILL,NA1,1,P01,LAB01,2,0,0,0,0,0
20260910_100810,STILL_1P_NA1,37.214,42063486,468,STILL,NA1,1,P01,LAB01,0,1,-812,2134,0,360
20260910_100810,STILL_1P_NA1,37.214,42063486,468,STILL,NA1,1,P01,LAB01,1,0,0,0,0,0
20260910_100810,STILL_1P_NA1,37.214,42063486,468,STILL,NA1,1,P01,LAB01,2,0,0,0,0,0
20260910_100810,STILL_1P_NA1,37.303,42152473,469,STILL,NA1,1,P01,LAB01,0,1,-809,2129,0,360
20260910_100810,STILL_1P_NA1,37.303,42152473,469,STILL,NA1,1,P01,LAB01,1,0,0,0,0,0
20260910_100810,STILL_1P_NA1,37.303,42152473,469,STILL,NA1,1,P01,LAB01,2,0,0,0,0,0
20260910_100810,STILL_1P_NA1,37.392,42241487,470,STILL,NA1,1,P01,LAB01,0,1,-810,2129,0,360
20260910_100810,STILL_1P_NA1,37.392,42241487,470,STILL,NA1,1,P01,LAB01,1,0,0,0,0,0
20260910_100810,STILL_1P_NA1,37.392,42241487,470,STILL,NA1,1,P01,LAB01,2,0,0,0,0,0
20260910_100810,STILL_1P_NA1,37.482,42330720,471,STILL,NA1,1,P01,LAB01,0,1,-816,2134,0,360
20260910_100810,STILL_1P_NA1,37.482,42330720,471,STILL,NA1,1,P01,LAB01,1,0,0,0,0,0
20260910_100810,STILL_1P_NA1,37.482,42330720,471,STILL,NA1,1,P01,LAB01,2,0,0,0,0,0
20260910_100810,STILL_1P_NA1,37.570,42419609,472,STILL,NA1,1,P01,LAB01,0,1,-822,2139,0,360
20260910_100810,STILL_1P_NA1,37.570,42419609,472,STILL,NA1,1,P01,LAB01,1,0,0,0,0,0
20260910_100810,STILL_1P_NA1,37.570,42419609,472,STILL,NA1,1,P01,LAB01,2,0,0,0,0,0
20260910_100810,STILL_1P_NA1,37.659,42508561,473,STILL,NA1,1,P01,LAB01,0,1,-830,2147,0,360
20260910_100810,STILL_1P_NA1,37.659,42508561,473,STILL,NA1,1,P01,LAB01,1,0,0,0,0,0
20260910_100810,STILL_1P_NA1,37.659,42508561,473,STILL,NA1,1,P01,LAB01,2,0,0,0,0,0
20260910_100810,STILL_1P_NA1,37.748,42597411,474,STILL,NA1,1,P01,LAB01,0,1,-837,2154,0,360
20260910_100810,STILL_1P_NA1,37.748,42597411,474,STILL,NA1,1,P01,LAB01,1,0,0,0,0,0
20260910_100810,STILL_1P_NA1,37.748,42597411,474,STILL,NA1,1,P01,LAB01,2,0,0,0,0,0
20260910_100810,STILL_1P_NA1,37.837,42686271,475,STILL,NA1,1,P01,LAB01,0,1,-844,2161,0,360
20260910_100810,STILL_1P_NA1,37.837,42686271,475,STILL,NA1,1,P01,LAB01,1,0,0,0,0,0
20260910_100810,STILL_1P_NA1,37.837,42686271,475,STILL,NA1,1,P01,LAB01,2,0,0,0,0,0
20260910_100810,STILL_1P_NA1,37.926,42775093,476,STILL,NA1,1,P01,LAB01,0,1,-851,2168,0,360
20260910_100810,STILL_1P_NA1,37.926,42775093,476,STILL,NA1,1,P01,LAB01,1,0,0,0,0,0
20260910_100810,STILL_1P_NA1,37.926,42775093,476,STILL,NA1,1,P01,LAB01,2,0,0,0,0,0
20260910_100810,STILL_1P_NA1,38.015,42864555,477,STILL,NA1,1,P01,LAB01,0,1,-858,2174,0,360
20260910_100810,STILL_1P_NA1,38.015,42864555,477,STILL,NA1,1,P01,LAB01,1,0,0,0,0,0
20260910_100810,STILL_1P_NA1,38.015,42864555,477,STILL,NA1,1,P01,LAB01,2,0,0,0,0,0
20260910_100810,STILL_1P_NA1,38.104,42953287,478,STILL,NA1,1,P01,LAB01,0,1,-864,2181,0,360
20260910_100810,STILL_1P_NA1,38.104,42953287,478,STILL,NA1,1,P01,LAB01,1,0,0,0,0,0
20260910_100810,STILL_1P_NA1,38.104,42953287,478,STILL,NA1,1,P01,LAB01,2,0,0,0,0,0
20260910_100810,STILL_1P_NA1,38.193,43042480,479,STILL,NA1,1,P01,LAB01,0,1,-870,2187,0,360
20260910_100810,STILL_1P_NA1,38.193,43042480,479,STILL,NA1,1,P01,LAB01,1,0,0,0,0,0
20260910_100810,STILL_1P_NA1,38.193,43042480,479,STILL,NA1,1,P01,LAB01,2,0,0,0,0,0
20260910_100810,STILL_1P_NA1,38.281,43131282,480,STILL,NA1,1,P01,LAB01,0,1,-869,2187,-8,360
20260910_100810,STILL_1P_NA1,38.281,43131282,480,STILL,NA1,1,P01,LAB01,1,0,0,0,0,0
20260910_100810,STILL_1P_NA1,38.281,43131282,480,STILL,NA1,1,P01,LAB01,2,0,0,0,0,0
20260910_100810,STILL_1P_NA1,38.371,43220671,481,STILL,NA1,1,P01,LAB01,0,1,-871,2185,-8,360
20260910_100810,STILL_1P_NA1,38.371,43220671,481,STILL,NA1,1,P01,LAB01,1,0,0,0,0,0
20260910_100810,STILL_1P_NA1,38.371,43220671,481,STILL,NA1,1,P01,LAB01,2,0,0,0,0,0
20260910_100810,STILL_1P_NA1,38.460,43309683,482,STILL,NA1,1,P01,LAB01,0,1,-867,2183,-8,360
20260910_100810,STILL_1P_NA1,38.460,43309683,482,STILL,NA1,1,P01,LAB01,1,0,0,0,0,0
20260910_100810,STILL_1P_NA1,38.460,43309683,482,STILL,NA1,1,P01,LAB01,2,0,0,0,0,0
20260910_100810,STILL_1P_NA1,38.549,43398787,483,STILL,NA1,1,P01,LAB01,0,1,-861,2182,0,360
20260910_100810,STILL_1P_NA1,38.549,43398787,483,STILL,NA1,1,P01,LAB01,1,0,0,0,0,0
20260910_100810,STILL_1P_NA1,38.549,43398787,483,STILL,NA1,1,P01,LAB01,2,0,0,0,0,0
20260910_100810,STILL_1P_NA1,38.638,43487614,484,STILL,NA1,1,P01,LAB01,0,1,-853,2181,0,360
20260910_100810,STILL_1P_NA1,38.638,43487614,484,STILL,NA1,1,P01,LAB01,1,0,0,0,0,0
20260910_100810,STILL_1P_NA1,38.638,43487614,484,STILL,NA1,1,P01,LAB01,2,0,0,0,0,0
20260910_100810,STILL_1P_NA1,38.727,43576665,485,STILL,NA1,1,P01,LAB01,0,1,-851,2181,0,360
20260910_100810,STILL_1P_NA1,38.727,43576665,485,STILL,NA1,1,P01,LAB01,1,0,0,0,0,0
20260910_100810,STILL_1P_NA1,38.727,43576665,485,STILL,NA1,1,P01,LAB01,2,0,0,0,0,0
20260910_100810,STILL_1P_NA1,38.816,43665545,486,STILL,NA1,1,P01,LAB01,0,1,-853,2180,0,360
20260910_100810,STILL_1P_NA1,38.816,43665545,486,STILL,NA1,1,P01,LAB01,1,0,0,0,0,0
20260910_100810,STILL_1P_NA1,38.816,43665545,486,STILL,NA1,1,P01,LAB01,2,0,0,0,0,0
20260910_100810,STILL_1P_NA1,38.905,43754597,487,STILL,NA1,1,P01,LAB01,0,1,-854,2180,0,360
20260910_100810,STILL_1P_NA1,38.905,43754597,487,STILL,NA1,1,P01,LAB01,1,0,0,0,0,0
20260910_100810,STILL_1P_NA1,38.905,43754597,487,STILL,NA1,1,P01,LAB01,2,0,0,0,0,0
20260910_100810,STILL_1P_NA1,38.994,43843609,488,STILL,NA1,1,P01,LAB01,0,1,-855,2180,0,360
20260910_100810,STILL_1P_NA1,38.994,43843609,488,STILL,NA1,1,P01,LAB01,1,0,0,0,0,0
20260910_100810,STILL_1P_NA1,38.994,43843609,488,STILL,NA1,1,P01,LAB01,2,0,0,0,0,0
20260910_100810,STILL_1P_NA1,39.083,43932370,489,STILL,NA1,1,P01,LAB01,0,1,-857,2179,0,360
20260910_100810,STILL_1P_NA1,39.083,43932370,489,STILL,NA1,1,P01,LAB01,1,0,0,0,0,0
20260910_100810,STILL_1P_NA1,39.083,43932370,489,STILL,NA1,1,P01,LAB01,2,0,0,0,0,0
20260910_100810,STILL_1P_NA1,39.172,44021411,490,STILL,NA1,1,P01,LAB01,0,1,-858,2179,0,360
20260910_100810,STILL_1P_NA1,39.172,44021411,490,STILL,NA1,1,P01,LAB01,1,0,0,0,0,0
20260910_100810,STILL_1P_NA1,39.172,44021411,490,STILL,NA1,1,P01,LAB01,2,0,0,0,0,0
20260910_100810,STILL_1P_NA1,39.261,44110459,491,STILL,NA1,1,P01,LAB01,0,1,-862,2183,0,360
20260910_100810,STILL_1P_NA1,39.261,44110459,491,STILL,NA1,1,P01,LAB01,1,0,0,0,0,0
20260910_100810,STILL_1P_NA1,39.261,44110459,491,STILL,NA1,1,P01,LAB01,2,0,0,0,0,0
20260910_100810,STILL_1P_NA1,39.350,44199473,492,STILL,NA1,1,P01,LAB01,0,1,-866,2188,0,360
20260910_100810,STILL_1P_NA1,39.350,44199473,492,STILL,NA1,1,P01,LAB01,1,0,0,0,0,0
20260910_100810,STILL_1P_NA1,39.350,44199473,492,STILL,NA1,1,P01,LAB01,2,0,0,0,0,0
20260910_100810,STILL_1P_NA1,39.439,44288362,493,STILL,NA1,1,P01,LAB01,0,1,-871,2192,0,360
20260910_100810,STILL_1P_NA1,39.439,44288362,493,STILL,NA1,1,P01,LAB01,1,0,0,0,0,0
20260910_100810,STILL_1P_NA1,39.439,44288362,493,STILL,NA1,1,P01,LAB01,2,0,0,0,0,0
20260910_100810,STILL_1P_NA1,39.528,44377694,494,STILL,NA1,1,P01,LAB01,0,1,-877,2195,0,360
20260910_100810,STILL_1P_NA1,39.528,44377694,494,STILL,NA1,1,P01,LAB01,1,0,0,0,0,0
20260910_100810,STILL_1P_NA1,39.528,44377694,494,STILL,NA1,1,P01,LAB01,2,0,0,0,0,0
20260910_100810,STILL_1P_NA1,39.617,44466609,495,STILL,NA1,1,P01,LAB01,0,1,-884,2197,0,360
20260910_100810,STILL_1P_NA1,39.617,44466609,495,STILL,NA1,1,P01,LAB01,1,0,0,0,0,0
20260910_100810,STILL_1P_NA1,39.617,44466609,495,STILL,NA1,1,P01,LAB01,2,0,0,0,0,0
20260910_100810,STILL_1P_NA1,39.706,44555404,496,STILL,NA1,1,P01,LAB01,0,1,-890,2200,0,360
20260910_100810,STILL_1P_NA1,39.706,44555404,496,STILL,NA1,1,P01,LAB01,1,0,0,0,0,0
20260910_100810,STILL_1P_NA1,39.706,44555404,496,STILL,NA1,1,P01,LAB01,2,0,0,0,0,0
20260910_100810,STILL_1P_NA1,39.795,44644480,497,STILL,NA1,1,P01,LAB01,0,1,-890,2202,-16,360
20260910_100810,STILL_1P_NA1,39.795,44644480,497,STILL,NA1,1,P01,LAB01,1,0,0,0,0,0
20260910_100810,STILL_1P_NA1,39.795,44644480,497,STILL,NA1,1,P01,LAB01,2,0,0,0,0,0
20260910_100810,STILL_1P_NA1,39.884,44733460,498,STILL,NA1,1,P01,LAB01,0,1,-890,2203,0,360
20260910_100810,STILL_1P_NA1,39.884,44733460,498,STILL,NA1,1,P01,LAB01,1,0,0,0,0,0
20260910_100810,STILL_1P_NA1,39.884,44733460,498,STILL,NA1,1,P01,LAB01,2,0,0,0,0,0
20260910_100810,STILL_1P_NA1,39.973,44822567,499,STILL,NA1,1,P01,LAB01,0,1,-890,2206,0,360
20260910_100810,STILL_1P_NA1,39.973,44822567,499,STILL,NA1,1,P01,LAB01,1,0,0,0,0,0
20260910_100810,STILL_1P_NA1,39.973,44822567,499,STILL,NA1,1,P01,LAB01,2,0,0,0,0,0
20260910_100810,STILL_1P_NA1,40.062,44911618,500,STILL,NA1,1,P01,LAB01,0,1,-892,2208,0,360
20260910_100810,STILL_1P_NA1,40.062,44911618,500,STILL,NA1,1,P01,LAB01,1,0,0,0,0,0
20260910_100810,STILL_1P_NA1,40.062,44911618,500,STILL,NA1,1,P01,LAB01,2,0,0,0,0,0
20260910_100810,STILL_1P_NA1,40.151,45000439,501,STILL,NA1,1,P01,LAB01,0,1,-896,2210,0,360
20260910_100810,STILL_1P_NA1,40.151,45000439,501,STILL,NA1,1,P01,LAB01,1,0,0,0,0,0
20260910_100810,STILL_1P_NA1,40.151,45000439,501,STILL,NA1,1,P01,LAB01,2,0,0,0,0,0
20260910_100810,STILL_1P_NA1,40.239,45089452,502,STILL,NA1,1,P01,LAB01,0,1,-904,2210,0,360
20260910_100810,STILL_1P_NA1,40.239,45089452,502,STILL,NA1,1,P01,LAB01,1,0,0,0,0,0
20260910_100810,STILL_1P_NA1,40.239,45089452,502,STILL,NA1,1,P01,LAB01,2,0,0,0,0,0
20260910_100810,STILL_1P_NA1,40.329,45178494,503,STILL,NA1,1,P01,LAB01,0,1,-910,2212,0,360
20260910_100810,STILL_1P_NA1,40.329,45178494,503,STILL,NA1,1,P01,LAB01,1,0,0,0,0,0
20260910_100810,STILL_1P_NA1,40.329,45178494,503,STILL,NA1,1,P01,LAB01,2,0,0,0,0,0
20260910_100810,STILL_1P_NA1,40.417,45267159,504,STILL,NA1,1,P01,LAB01,0,1,-916,2214,0,360
20260910_100810,STILL_1P_NA1,40.417,45267159,504,STILL,NA1,1,P01,LAB01,1,0,0,0,0,0
20260910_100810,STILL_1P_NA1,40.417,45267159,504,STILL,NA1,1,P01,LAB01,2,0,0,0,0,0
20260910_100810,STILL_1P_NA1,40.507,45356344,505,STILL,NA1,1,P01,LAB01,0,1,-913,2216,0,360
20260910_100810,STILL_1P_NA1,40.507,45356344,505,STILL,NA1,1,P01,LAB01,1,0,0,0,0,0
20260910_100810,STILL_1P_NA1,40.507,45356344,505,STILL,NA1,1,P01,LAB01,2,0,0,0,0,0
20260910_100810,STILL_1P_NA1,40.596,45445384,506,STILL,NA1,1,P01,LAB01,0,1,-908,2218,0,360
20260910_100810,STILL_1P_NA1,40.596,45445384,506,STILL,NA1,1,P01,LAB01,1,0,0,0,0,0
20260910_100810,STILL_1P_NA1,40.596,45445384,506,STILL,NA1,1,P01,LAB01,2,0,0,0,0,0
20260910_100810,STILL_1P_NA1,40.684,45534362,507,STILL,NA1,1,P01,LAB01,0,1,-906,2219,0,360
20260910_100810,STILL_1P_NA1,40.684,45534362,507,STILL,NA1,1,P01,LAB01,1,0,0,0,0,0
20260910_100810,STILL_1P_NA1,40.684,45534362,507,STILL,NA1,1,P01,LAB01,2,0,0,0,0,0
20260910_100810,STILL_1P_NA1,40.774,45623500,508,STILL,NA1,1,P01,LAB01,0,1,-908,2217,0,360
20260910_100810,STILL_1P_NA1,40.774,45623500,508,STILL,NA1,1,P01,LAB01,1,0,0,0,0,0
20260910_100810,STILL_1P_NA1,40.774,45623500,508,STILL,NA1,1,P01,LAB01,2,0,0,0,0,0
20260910_100810,STILL_1P_NA1,40.863,45712425,509,STILL,NA1,1,P01,LAB01,0,1,-910,2216,0,360
20260910_100810,STILL_1P_NA1,40.863,45712425,509,STILL,NA1,1,P01,LAB01,1,0,0,0,0,0
20260910_100810,STILL_1P_NA1,40.863,45712425,509,STILL,NA1,1,P01,LAB01,2,0,0,0,0,0
20260910_100810,STILL_1P_NA1,40.952,45801370,510,STILL,NA1,1,P01,LAB01,0,1,-908,2216,0,360
20260910_100810,STILL_1P_NA1,40.952,45801370,510,STILL,NA1,1,P01,LAB01,1,0,0,0,0,0
20260910_100810,STILL_1P_NA1,40.952,45801370,510,STILL,NA1,1,P01,LAB01,2,0,0,0,0,0
20260910_100810,STILL_1P_NA1,41.041,45890507,511,STILL,NA1,1,P01,LAB01,0,1,-907,2217,0,360
20260910_100810,STILL_1P_NA1,41.041,45890507,511,STILL,NA1,1,P01,LAB01,1,0,0,0,0,0
20260910_100810,STILL_1P_NA1,41.041,45890507,511,STILL,NA1,1,P01,LAB01,2,0,0,0,0,0
20260910_100810,STILL_1P_NA1,41.130,45979344,512,STILL,NA1,1,P01,LAB01,0,1,-901,2220,0,360
20260910_100810,STILL_1P_NA1,41.130,45979344,512,STILL,NA1,1,P01,LAB01,1,0,0,0,0,0
20260910_100810,STILL_1P_NA1,41.130,45979344,512,STILL,NA1,1,P01,LAB01,2,0,0,0,0,0
20260910_100810,STILL_1P_NA1,41.218,46068188,513,STILL,NA1,1,P01,LAB01,0,1,-899,2220,0,360
20260910_100810,STILL_1P_NA1,41.218,46068188,513,STILL,NA1,1,P01,LAB01,1,0,0,0,0,0
20260910_100810,STILL_1P_NA1,41.218,46068188,513,STILL,NA1,1,P01,LAB01,2,0,0,0,0,0
20260910_100810,STILL_1P_NA1,41.307,46157203,514,STILL,NA1,1,P01,LAB01,0,1,-900,2220,0,360
20260910_100810,STILL_1P_NA1,41.307,46157203,514,STILL,NA1,1,P01,LAB01,1,0,0,0,0,0
20260910_100810,STILL_1P_NA1,41.307,46157203,514,STILL,NA1,1,P01,LAB01,2,0,0,0,0,0
20260910_100810,STILL_1P_NA1,41.397,46246411,515,STILL,NA1,1,P01,LAB01,0,1,-905,2221,0,360
20260910_100810,STILL_1P_NA1,41.397,46246411,515,STILL,NA1,1,P01,LAB01,1,0,0,0,0,0
20260910_100810,STILL_1P_NA1,41.397,46246411,515,STILL,NA1,1,P01,LAB01,2,0,0,0,0,0
20260910_100810,STILL_1P_NA1,41.485,46335338,516,STILL,NA1,1,P01,LAB01,0,1,-911,2222,0,360
20260910_100810,STILL_1P_NA1,41.485,46335338,516,STILL,NA1,1,P01,LAB01,1,0,0,0,0,0
20260910_100810,STILL_1P_NA1,41.485,46335338,516,STILL,NA1,1,P01,LAB01,2,0,0,0,0,0
20260910_100810,STILL_1P_NA1,41.574,46424287,517,STILL,NA1,1,P01,LAB01,0,1,-914,2221,8,360
20260910_100810,STILL_1P_NA1,41.574,46424287,517,STILL,NA1,1,P01,LAB01,1,0,0,0,0,0
20260910_100810,STILL_1P_NA1,41.574,46424287,517,STILL,NA1,1,P01,LAB01,2,0,0,0,0,0
20260910_100810,STILL_1P_NA1,41.663,46513390,518,STILL,NA1,1,P01,LAB01,0,1,-917,2215,0,360
20260910_100810,STILL_1P_NA1,41.663,46513390,518,STILL,NA1,1,P01,LAB01,1,0,0,0,0,0
20260910_100810,STILL_1P_NA1,41.663,46513390,518,STILL,NA1,1,P01,LAB01,2,0,0,0,0,0
20260910_100810,STILL_1P_NA1,41.752,46602314,519,STILL,NA1,1,P01,LAB01,0,1,-921,2206,0,360
20260910_100810,STILL_1P_NA1,41.752,46602314,519,STILL,NA1,1,P01,LAB01,1,0,0,0,0,0
20260910_100810,STILL_1P_NA1,41.752,46602314,519,STILL,NA1,1,P01,LAB01,2,0,0,0,0,0
20260910_100810,STILL_1P_NA1,41.841,46691100,520,STILL,NA1,1,P01,LAB01,0,1,-924,2198,0,360
20260910_100810,STILL_1P_NA1,41.841,46691100,520,STILL,NA1,1,P01,LAB01,1,0,0,0,0,0
20260910_100810,STILL_1P_NA1,41.841,46691100,520,STILL,NA1,1,P01,LAB01,2,0,0,0,0,0
20260910_100810,STILL_1P_NA1,41.930,46780141,521,STILL,NA1,1,P01,LAB01,0,1,-924,2195,0,360
20260910_100810,STILL_1P_NA1,41.930,46780141,521,STILL,NA1,1,P01,LAB01,1,0,0,0,0,0
20260910_100810,STILL_1P_NA1,41.930,46780141,521,STILL,NA1,1,P01,LAB01,2,0,0,0,0,0
20260910_100810,STILL_1P_NA1,42.020,46869324,522,STILL,NA1,1,P01,LAB01,0,1,-923,2196,0,360
20260910_100810,STILL_1P_NA1,42.020,46869324,522,STILL,NA1,1,P01,LAB01,1,0,0,0,0,0
20260910_100810,STILL_1P_NA1,42.020,46869324,522,STILL,NA1,1,P01,LAB01,2,0,0,0,0,0
20260910_100810,STILL_1P_NA1,42.108,46958271,523,STILL,NA1,1,P01,LAB01,0,1,-918,2198,0,360
20260910_100810,STILL_1P_NA1,42.108,46958271,523,STILL,NA1,1,P01,LAB01,1,0,0,0,0,0
20260910_100810,STILL_1P_NA1,42.108,46958271,523,STILL,NA1,1,P01,LAB01,2,0,0,0,0,0
20260910_100810,STILL_1P_NA1,42.197,47047119,524,STILL,NA1,1,P01,LAB01,0,1,-910,2202,0,360
20260910_100810,STILL_1P_NA1,42.197,47047119,524,STILL,NA1,1,P01,LAB01,1,0,0,0,0,0
20260910_100810,STILL_1P_NA1,42.197,47047119,524,STILL,NA1,1,P01,LAB01,2,0,0,0,0,0
20260910_100810,STILL_1P_NA1,42.286,47135928,525,STILL,NA1,1,P01,LAB01,0,1,-903,2207,0,360
20260910_100810,STILL_1P_NA1,42.286,47135928,525,STILL,NA1,1,P01,LAB01,1,0,0,0,0,0
20260910_100810,STILL_1P_NA1,42.286,47135928,525,STILL,NA1,1,P01,LAB01,2,0,0,0,0,0
20260910_100810,STILL_1P_NA1,42.376,47225026,526,STILL,NA1,1,P01,LAB01,0,1,-896,2211,0,360
20260910_100810,STILL_1P_NA1,42.376,47225026,526,STILL,NA1,1,P01,LAB01,1,0,0,0,0,0
20260910_100810,STILL_1P_NA1,42.376,47225026,526,STILL,NA1,1,P01,LAB01,2,0,0,0,0,0
20260910_100810,STILL_1P_NA1,42.464,47313890,527,STILL,NA1,1,P01,LAB01,0,1,-890,2215,0,360
20260910_100810,STILL_1P_NA1,42.464,47313890,527,STILL,NA1,1,P01,LAB01,1,0,0,0,0,0
20260910_100810,STILL_1P_NA1,42.464,47313890,527,STILL,NA1,1,P01,LAB01,2,0,0,0,0,0
20260910_100810,STILL_1P_NA1,42.553,47403114,528,STILL,NA1,1,P01,LAB01,0,1,-884,2219,0,360
20260910_100810,STILL_1P_NA1,42.553,47403114,528,STILL,NA1,1,P01,LAB01,1,0,0,0,0,0
20260910_100810,STILL_1P_NA1,42.553,47403114,528,STILL,NA1,1,P01,LAB01,2,0,0,0,0,0
20260910_100810,STILL_1P_NA1,42.643,47491981,529,STILL,NA1,1,P01,LAB01,0,1,-877,2222,0,360
20260910_100810,STILL_1P_NA1,42.643,47491981,529,STILL,NA1,1,P01,LAB01,1,0,0,0,0,0
20260910_100810,STILL_1P_NA1,42.643,47491981,529,STILL,NA1,1,P01,LAB01,2,0,0,0,0,0
20260910_100810,STILL_1P_NA1,42.731,47580933,530,STILL,NA1,1,P01,LAB01,0,1,-871,2226,0,360
20260910_100810,STILL_1P_NA1,42.731,47580933,530,STILL,NA1,1,P01,LAB01,1,0,0,0,0,0
20260910_100810,STILL_1P_NA1,42.731,47580933,530,STILL,NA1,1,P01,LAB01,2,0,0,0,0,0
20260910_100810,STILL_1P_NA1,42.820,47670156,531,STILL,NA1,1,P01,LAB01,0,1,-866,2229,0,360
20260910_100810,STILL_1P_NA1,42.820,47670156,531,STILL,NA1,1,P01,LAB01,1,0,0,0,0,0
20260910_100810,STILL_1P_NA1,42.820,47670156,531,STILL,NA1,1,P01,LAB01,2,0,0,0,0,0
20260910_100810,STILL_1P_NA1,42.909,47758991,532,STILL,NA1,1,P01,LAB01,0,1,-860,2233,0,360
20260910_100810,STILL_1P_NA1,42.909,47758991,532,STILL,NA1,1,P01,LAB01,1,0,0,0,0,0
20260910_100810,STILL_1P_NA1,42.909,47758991,532,STILL,NA1,1,P01,LAB01,2,0,0,0,0,0
20260910_100810,STILL_1P_NA1,42.998,47847913,533,STILL,NA1,1,P01,LAB01,0,1,-855,2236,0,360
20260910_100810,STILL_1P_NA1,42.998,47847913,533,STILL,NA1,1,P01,LAB01,1,0,0,0,0,0
20260910_100810,STILL_1P_NA1,42.998,47847913,533,STILL,NA1,1,P01,LAB01,2,0,0,0,0,0
20260910_100810,STILL_1P_NA1,43.087,47937159,534,STILL,NA1,1,P01,LAB01,0,1,-855,2240,0,360
20260910_100810,STILL_1P_NA1,43.087,47937159,534,STILL,NA1,1,P01,LAB01,1,0,0,0,0,0
20260910_100810,STILL_1P_NA1,43.087,47937159,534,STILL,NA1,1,P01,LAB01,2,0,0,0,0,0
20260910_100810,STILL_1P_NA1,43.176,48025969,535,STILL,NA1,1,P01,LAB01,0,1,-858,2245,0,360
20260910_100810,STILL_1P_NA1,43.176,48025969,535,STILL,NA1,1,P01,LAB01,1,0,0,0,0,0
20260910_100810,STILL_1P_NA1,43.176,48025969,535,STILL,NA1,1,P01,LAB01,2,0,0,0,0,0
20260910_100810,STILL_1P_NA1,43.265,48115017,536,STILL,NA1,1,P01,LAB01,0,1,-860,2250,0,360
20260910_100810,STILL_1P_NA1,43.265,48115017,536,STILL,NA1,1,P01,LAB01,1,0,0,0,0,0
20260910_100810,STILL_1P_NA1,43.265,48115017,536,STILL,NA1,1,P01,LAB01,2,0,0,0,0,0
20260910_100810,STILL_1P_NA1,43.354,48203963,537,STILL,NA1,1,P01,LAB01,0,1,-862,2255,0,360
20260910_100810,STILL_1P_NA1,43.354,48203963,537,STILL,NA1,1,P01,LAB01,1,0,0,0,0,0
20260910_100810,STILL_1P_NA1,43.354,48203963,537,STILL,NA1,1,P01,LAB01,2,0,0,0,0,0
20260910_100810,STILL_1P_NA1,43.443,48292913,538,STILL,NA1,1,P01,LAB01,0,1,-866,2254,0,360
20260910_100810,STILL_1P_NA1,43.443,48292913,538,STILL,NA1,1,P01,LAB01,1,0,0,0,0,0
20260910_100810,STILL_1P_NA1,43.443,48292913,538,STILL,NA1,1,P01,LAB01,2,0,0,0,0,0
20260910_100810,STILL_1P_NA1,43.532,48382023,539,STILL,NA1,1,P01,LAB01,0,1,-873,2250,0,360
20260910_100810,STILL_1P_NA1,43.532,48382023,539,STILL,NA1,1,P01,LAB01,1,0,0,0,0,0
20260910_100810,STILL_1P_NA1,43.532,48382023,539,STILL,NA1,1,P01,LAB01,2,0,0,0,0,0
20260910_100810,STILL_1P_NA1,43.621,48470973,540,STILL,NA1,1,P01,LAB01,0,1,-878,2246,0,360
20260910_100810,STILL_1P_NA1,43.621,48470973,540,STILL,NA1,1,P01,LAB01,1,0,0,0,0,0
20260910_100810,STILL_1P_NA1,43.621,48470973,540,STILL,NA1,1,P01,LAB01,2,0,0,0,0,0
20260910_100810,STILL_1P_NA1,43.710,48560300,541,STILL,NA1,1,P01,LAB01,0,1,-881,2244,0,360
20260910_100810,STILL_1P_NA1,43.710,48560300,541,STILL,NA1,1,P01,LAB01,1,0,0,0,0,0
20260910_100810,STILL_1P_NA1,43.710,48560300,541,STILL,NA1,1,P01,LAB01,2,0,0,0,0,0
20260910_100810,STILL_1P_NA1,43.799,48649056,542,STILL,NA1,1,P01,LAB01,0,1,-883,2242,0,360
20260910_100810,STILL_1P_NA1,43.799,48649056,542,STILL,NA1,1,P01,LAB01,1,0,0,0,0,0
20260910_100810,STILL_1P_NA1,43.799,48649056,542,STILL,NA1,1,P01,LAB01,2,0,0,0,0,0
20260910_100810,STILL_1P_NA1,43.888,48738037,543,STILL,NA1,1,P01,LAB01,0,1,-884,2241,0,360
20260910_100810,STILL_1P_NA1,43.888,48738037,543,STILL,NA1,1,P01,LAB01,1,0,0,0,0,0
20260910_100810,STILL_1P_NA1,43.888,48738037,543,STILL,NA1,1,P01,LAB01,2,0,0,0,0,0
20260910_100810,STILL_1P_NA1,43.977,48826906,544,STILL,NA1,1,P01,LAB01,0,1,-886,2241,0,360
20260910_100810,STILL_1P_NA1,43.977,48826906,544,STILL,NA1,1,P01,LAB01,1,0,0,0,0,0
20260910_100810,STILL_1P_NA1,43.977,48826906,544,STILL,NA1,1,P01,LAB01,2,0,0,0,0,0
20260910_100810,STILL_1P_NA1,44.066,48916129,545,STILL,NA1,1,P01,LAB01,0,1,-891,2240,0,360
20260910_100810,STILL_1P_NA1,44.066,48916129,545,STILL,NA1,1,P01,LAB01,1,0,0,0,0,0
20260910_100810,STILL_1P_NA1,44.066,48916129,545,STILL,NA1,1,P01,LAB01,2,0,0,0,0,0
20260910_100810,STILL_1P_NA1,44.155,49004836,546,STILL,NA1,1,P01,LAB01,0,1,-897,2240,0,360
20260910_100810,STILL_1P_NA1,44.155,49004836,546,STILL,NA1,1,P01,LAB01,1,0,0,0,0,0
20260910_100810,STILL_1P_NA1,44.155,49004836,546,STILL,NA1,1,P01,LAB01,2,0,0,0,0,0
20260910_100810,STILL_1P_NA1,44.244,49093851,547,STILL,NA1,1,P01,LAB01,0,1,-903,2239,0,360
20260910_100810,STILL_1P_NA1,44.244,49093851,547,STILL,NA1,1,P01,LAB01,1,0,0,0,0,0
20260910_100810,STILL_1P_NA1,44.244,49093851,547,STILL,NA1,1,P01,LAB01,2,0,0,0,0,0
20260910_100810,STILL_1P_NA1,44.333,49182618,548,STILL,NA1,1,P01,LAB01,0,1,-909,2239,0,360
20260910_100810,STILL_1P_NA1,44.333,49182618,548,STILL,NA1,1,P01,LAB01,1,0,0,0,0,0
20260910_100810,STILL_1P_NA1,44.333,49182618,548,STILL,NA1,1,P01,LAB01,2,0,0,0,0,0
20260910_100810,STILL_1P_NA1,44.422,49271783,549,STILL,NA1,1,P01,LAB01,0,1,-915,2238,0,360
20260910_100810,STILL_1P_NA1,44.422,49271783,549,STILL,NA1,1,P01,LAB01,1,0,0,0,0,0
20260910_100810,STILL_1P_NA1,44.422,49271783,549,STILL,NA1,1,P01,LAB01,2,0,0,0,0,0
20260910_100810,STILL_1P_NA1,44.511,49360955,550,STILL,NA1,1,P01,LAB01,0,1,-916,2241,0,360
20260910_100810,STILL_1P_NA1,44.511,49360955,550,STILL,NA1,1,P01,LAB01,1,0,0,0,0,0
20260910_100810,STILL_1P_NA1,44.511,49360955,550,STILL,NA1,1,P01,LAB01,2,0,0,0,0,0
20260910_100810,STILL_1P_NA1,44.600,49449996,551,STILL,NA1,1,P01,LAB01,0,1,-918,2244,0,360
20260910_100810,STILL_1P_NA1,44.600,49449996,551,STILL,NA1,1,P01,LAB01,1,0,0,0,0,0
20260910_100810,STILL_1P_NA1,44.600,49449996,551,STILL,NA1,1,P01,LAB01,2,0,0,0,0,0
20260910_100810,STILL_1P_NA1,44.689,49538946,552,STILL,NA1,1,P01,LAB01,0,1,-919,2246,0,360
20260910_100810,STILL_1P_NA1,44.689,49538946,552,STILL,NA1,1,P01,LAB01,1,0,0,0,0,0
20260910_100810,STILL_1P_NA1,44.689,49538946,552,STILL,NA1,1,P01,LAB01,2,0,0,0,0,0
20260910_100810,STILL_1P_NA1,44.778,49628023,553,STILL,NA1,1,P01,LAB01,0,1,-920,2247,0,360
20260910_100810,STILL_1P_NA1,44.778,49628023,553,STILL,NA1,1,P01,LAB01,1,0,0,0,0,0
20260910_100810,STILL_1P_NA1,44.778,49628023,553,STILL,NA1,1,P01,LAB01,2,0,0,0,0,0
20260910_100810,STILL_1P_NA1,44.867,49717129,554,STILL,NA1,1,P01,LAB01,0,1,-920,2246,0,360
20260910_100810,STILL_1P_NA1,44.867,49717129,554,STILL,NA1,1,P01,LAB01,1,0,0,0,0,0
20260910_100810,STILL_1P_NA1,44.867,49717129,554,STILL,NA1,1,P01,LAB01,2,0,0,0,0,0
20260910_100810,STILL_1P_NA1,44.956,49806023,555,STILL,NA1,1,P01,LAB01,0,1,-918,2246,0,360
20260910_100810,STILL_1P_NA1,44.956,49806023,555,STILL,NA1,1,P01,LAB01,1,0,0,0,0,0
20260910_100810,STILL_1P_NA1,44.956,49806023,555,STILL,NA1,1,P01,LAB01,2,0,0,0,0,0
20260910_100810,STILL_1P_NA1,45.045,49894528,556,STILL,NA1,1,P01,LAB01,0,1,-917,2245,8,360
20260910_100810,STILL_1P_NA1,45.045,49894528,556,STILL,NA1,1,P01,LAB01,1,0,0,0,0,0
20260910_100810,STILL_1P_NA1,45.045,49894528,556,STILL,NA1,1,P01,LAB01,2,0,0,0,0,0
20260910_100810,STILL_1P_NA1,45.134,49984046,557,STILL,NA1,1,P01,LAB01,0,1,-916,2246,0,360
20260910_100810,STILL_1P_NA1,45.134,49984046,557,STILL,NA1,1,P01,LAB01,1,0,0,0,0,0
20260910_100810,STILL_1P_NA1,45.134,49984046,557,STILL,NA1,1,P01,LAB01,2,0,0,0,0,0
20260910_100810,STILL_1P_NA1,45.223,50072969,558,STILL,NA1,1,P01,LAB01,0,1,-915,2248,0,360
20260910_100810,STILL_1P_NA1,45.223,50072969,558,STILL,NA1,1,P01,LAB01,1,0,0,0,0,0
20260910_100810,STILL_1P_NA1,45.223,50072969,558,STILL,NA1,1,P01,LAB01,2,0,0,0,0,0
20260910_100810,STILL_1P_NA1,45.312,50161981,559,STILL,NA1,1,P01,LAB01,0,1,-914,2247,8,360
20260910_100810,STILL_1P_NA1,45.312,50161981,559,STILL,NA1,1,P01,LAB01,1,0,0,0,0,0
20260910_100810,STILL_1P_NA1,45.312,50161981,559,STILL,NA1,1,P01,LAB01,2,0,0,0,0,0
20260910_100810,STILL_1P_NA1,45.401,50250969,560,STILL,NA1,1,P01,LAB01,0,1,-915,2248,0,360
20260910_100810,STILL_1P_NA1,45.401,50250969,560,STILL,NA1,1,P01,LAB01,1,0,0,0,0,0
20260910_100810,STILL_1P_NA1,45.401,50250969,560,STILL,NA1,1,P01,LAB01,2,0,0,0,0,0
20260910_100810,STILL_1P_NA1,45.490,50339981,561,STILL,NA1,1,P01,LAB01,0,1,-916,2250,0,360
20260910_100810,STILL_1P_NA1,45.490,50339981,561,STILL,NA1,1,P01,LAB01,1,0,0,0,0,0
20260910_100810,STILL_1P_NA1,45.490,50339981,561,STILL,NA1,1,P01,LAB01,2,0,0,0,0,0
20260910_100810,STILL_1P_NA1,45.579,50429077,562,STILL,NA1,1,P01,LAB01,0,1,-921,2250,0,360
20260910_100810,STILL_1P_NA1,45.579,50429077,562,STILL,NA1,1,P01,LAB01,1,0,0,0,0,0
20260910_100810,STILL_1P_NA1,45.579,50429077,562,STILL,NA1,1,P01,LAB01,2,0,0,0,0,0
20260910_100810,STILL_1P_NA1,45.668,50517851,563,STILL,NA1,1,P01,LAB01,0,1,-927,2250,0,360
20260910_100810,STILL_1P_NA1,45.668,50517851,563,STILL,NA1,1,P01,LAB01,1,0,0,0,0,0
20260910_100810,STILL_1P_NA1,45.668,50517851,563,STILL,NA1,1,P01,LAB01,2,0,0,0,0,0
20260910_100810,STILL_1P_NA1,45.757,50606991,564,STILL,NA1,1,P01,LAB01,0,1,-933,2248,0,360
20260910_100810,STILL_1P_NA1,45.757,50606991,564,STILL,NA1,1,P01,LAB01,1,0,0,0,0,0
20260910_100810,STILL_1P_NA1,45.757,50606991,564,STILL,NA1,1,P01,LAB01,2,0,0,0,0,0
20260910_100810,STILL_1P_NA1,45.846,50695627,565,STILL,NA1,1,P01,LAB01,0,1,-942,2244,0,360
20260910_100810,STILL_1P_NA1,45.846,50695627,565,STILL,NA1,1,P01,LAB01,1,0,0,0,0,0
20260910_100810,STILL_1P_NA1,45.846,50695627,565,STILL,NA1,1,P01,LAB01,2,0,0,0,0,0
20260910_100810,STILL_1P_NA1,45.935,50784768,566,STILL,NA1,1,P01,LAB01,0,1,-953,2238,0,360
20260910_100810,STILL_1P_NA1,45.935,50784768,566,STILL,NA1,1,P01,LAB01,1,0,0,0,0,0
20260910_100810,STILL_1P_NA1,45.935,50784768,566,STILL,NA1,1,P01,LAB01,2,0,0,0,0,0
20260910_100810,STILL_1P_NA1,46.024,50873467,567,STILL,NA1,1,P01,LAB01,0,1,-963,2232,0,360
20260910_100810,STILL_1P_NA1,46.024,50873467,567,STILL,NA1,1,P01,LAB01,1,0,0,0,0,0
20260910_100810,STILL_1P_NA1,46.024,50873467,567,STILL,NA1,1,P01,LAB01,2,0,0,0,0,0
20260910_100810,STILL_1P_NA1,46.113,50962946,568,STILL,NA1,1,P01,LAB01,0,1,-968,2229,0,360
20260910_100810,STILL_1P_NA1,46.113,50962946,568,STILL,NA1,1,P01,LAB01,1,0,0,0,0,0
20260910_100810,STILL_1P_NA1,46.113,50962946,568,STILL,NA1,1,P01,LAB01,2,0,0,0,0,0
20260910_100810,STILL_1P_NA1,46.202,51051710,569,STILL,NA1,1,P01,LAB01,0,1,-973,2227,0,360
20260910_100810,STILL_1P_NA1,46.202,51051710,569,STILL,NA1,1,P01,LAB01,1,0,0,0,0,0
20260910_100810,STILL_1P_NA1,46.202,51051710,569,STILL,NA1,1,P01,LAB01,2,0,0,0,0,0
20260910_100810,STILL_1P_NA1,46.291,51140567,570,STILL,NA1,1,P01,LAB01,0,1,-979,2225,0,360
20260910_100810,STILL_1P_NA1,46.291,51140567,570,STILL,NA1,1,P01,LAB01,1,0,0,0,0,0
20260910_100810,STILL_1P_NA1,46.291,51140567,570,STILL,NA1,1,P01,LAB01,2,0,0,0,0,0
20260910_100810,STILL_1P_NA1,46.380,51229928,571,STILL,NA1,1,P01,LAB01,0,1,-986,2224,0,360
20260910_100810,STILL_1P_NA1,46.380,51229928,571,STILL,NA1,1,P01,LAB01,1,0,0,0,0,0
20260910_100810,STILL_1P_NA1,46.380,51229928,571,STILL,NA1,1,P01,LAB01,2,0,0,0,0,0
20260910_100810,STILL_1P_NA1,46.469,51318628,572,STILL,NA1,1,P01,LAB01,0,1,-990,2226,0,360
20260910_100810,STILL_1P_NA1,46.469,51318628,572,STILL,NA1,1,P01,LAB01,1,0,0,0,0,0
20260910_100810,STILL_1P_NA1,46.469,51318628,572,STILL,NA1,1,P01,LAB01,2,0,0,0,0,0
20260910_100810,STILL_1P_NA1,46.558,51407704,573,STILL,NA1,1,P01,LAB01,0,1,-994,2228,0,360
20260910_100810,STILL_1P_NA1,46.558,51407704,573,STILL,NA1,1,P01,LAB01,1,0,0,0,0,0
20260910_100810,STILL_1P_NA1,46.558,51407704,573,STILL,NA1,1,P01,LAB01,2,0,0,0,0,0
20260910_100810,STILL_1P_NA1,46.647,51496656,574,STILL,NA1,1,P01,LAB01,0,1,-995,2229,0,360
20260910_100810,STILL_1P_NA1,46.647,51496656,574,STILL,NA1,1,P01,LAB01,1,0,0,0,0,0
20260910_100810,STILL_1P_NA1,46.647,51496656,574,STILL,NA1,1,P01,LAB01,2,0,0,0,0,0
20260910_100810,STILL_1P_NA1,46.736,51585671,575,STILL,NA1,1,P01,LAB01,0,1,-996,2228,0,360
20260910_100810,STILL_1P_NA1,46.736,51585671,575,STILL,NA1,1,P01,LAB01,1,0,0,0,0,0
20260910_100810,STILL_1P_NA1,46.736,51585671,575,STILL,NA1,1,P01,LAB01,2,0,0,0,0,0
20260910_100810,STILL_1P_NA1,46.824,51674493,576,STILL,NA1,1,P01,LAB01,0,1,-997,2226,0,360
20260910_100810,STILL_1P_NA1,46.824,51674493,576,STILL,NA1,1,P01,LAB01,1,0,0,0,0,0
20260910_100810,STILL_1P_NA1,46.824,51674493,576,STILL,NA1,1,P01,LAB01,2,0,0,0,0,0
20260910_100810,STILL_1P_NA1,46.914,51763573,577,STILL,NA1,1,P01,LAB01,0,1,-997,2224,0,360
20260910_100810,STILL_1P_NA1,46.914,51763573,577,STILL,NA1,1,P01,LAB01,1,0,0,0,0,0
20260910_100810,STILL_1P_NA1,46.914,51763573,577,STILL,NA1,1,P01,LAB01,2,0,0,0,0,0
20260910_100810,STILL_1P_NA1,47.003,51852710,578,STILL,NA1,1,P01,LAB01,0,1,-997,2223,0,360
20260910_100810,STILL_1P_NA1,47.003,51852710,578,STILL,NA1,1,P01,LAB01,1,0,0,0,0,0
20260910_100810,STILL_1P_NA1,47.003,51852710,578,STILL,NA1,1,P01,LAB01,2,0,0,0,0,0
20260910_100810,STILL_1P_NA1,47.092,51941600,579,STILL,NA1,1,P01,LAB01,0,1,-995,2222,0,360
20260910_100810,STILL_1P_NA1,47.092,51941600,579,STILL,NA1,1,P01,LAB01,1,0,0,0,0,0
20260910_100810,STILL_1P_NA1,47.092,51941600,579,STILL,NA1,1,P01,LAB01,2,0,0,0,0,0
20260910_100810,STILL_1P_NA1,47.181,52030704,580,STILL,NA1,1,P01,LAB01,0,1,-990,2221,0,360
20260910_100810,STILL_1P_NA1,47.181,52030704,580,STILL,NA1,1,P01,LAB01,1,0,0,0,0,0
20260910_100810,STILL_1P_NA1,47.181,52030704,580,STILL,NA1,1,P01,LAB01,2,0,0,0,0,0
20260910_100810,STILL_1P_NA1,47.270,52119467,581,STILL,NA1,1,P01,LAB01,0,1,-982,2219,0,360
20260910_100810,STILL_1P_NA1,47.270,52119467,581,STILL,NA1,1,P01,LAB01,1,0,0,0,0,0
20260910_100810,STILL_1P_NA1,47.270,52119467,581,STILL,NA1,1,P01,LAB01,2,0,0,0,0,0
20260910_100810,STILL_1P_NA1,47.359,52208671,582,STILL,NA1,1,P01,LAB01,0,1,-974,2218,0,360
20260910_100810,STILL_1P_NA1,47.359,52208671,582,STILL,NA1,1,P01,LAB01,1,0,0,0,0,0
20260910_100810,STILL_1P_NA1,47.359,52208671,582,STILL,NA1,1,P01,LAB01,2,0,0,0,0,0
20260910_100810,STILL_1P_NA1,47.448,52297624,583,STILL,NA1,1,P01,LAB01,0,1,-967,2217,0,360
20260910_100810,STILL_1P_NA1,47.448,52297624,583,STILL,NA1,1,P01,LAB01,1,0,0,0,0,0
20260910_100810,STILL_1P_NA1,47.448,52297624,583,STILL,NA1,1,P01,LAB01,2,0,0,0,0,0
20260910_100810,STILL_1P_NA1,47.537,52386573,584,STILL,NA1,1,P01,LAB01,0,1,-966,2219,0,360
20260910_100810,STILL_1P_NA1,47.537,52386573,584,STILL,NA1,1,P01,LAB01,1,0,0,0,0,0
20260910_100810,STILL_1P_NA1,47.537,52386573,584,STILL,NA1,1,P01,LAB01,2,0,0,0,0,0
20260910_100810,STILL_1P_NA1,47.626,52475711,585,STILL,NA1,1,P01,LAB01,0,1,-965,2220,0,360
20260910_100810,STILL_1P_NA1,47.626,52475711,585,STILL,NA1,1,P01,LAB01,1,0,0,0,0,0
20260910_100810,STILL_1P_NA1,47.626,52475711,585,STILL,NA1,1,P01,LAB01,2,0,0,0,0,0
20260910_100810,STILL_1P_NA1,47.715,52564600,586,STILL,NA1,1,P01,LAB01,0,1,-964,2223,0,360
20260910_100810,STILL_1P_NA1,47.715,52564600,586,STILL,NA1,1,P01,LAB01,1,0,0,0,0,0
20260910_100810,STILL_1P_NA1,47.715,52564600,586,STILL,NA1,1,P01,LAB01,2,0,0,0,0,0
20260910_100810,STILL_1P_NA1,47.804,52653425,587,STILL,NA1,1,P01,LAB01,0,1,-964,2227,0,360
20260910_100810,STILL_1P_NA1,47.804,52653425,587,STILL,NA1,1,P01,LAB01,1,0,0,0,0,0
20260910_100810,STILL_1P_NA1,47.804,52653425,587,STILL,NA1,1,P01,LAB01,2,0,0,0,0,0
20260910_100810,STILL_1P_NA1,47.892,52742467,588,STILL,NA1,1,P01,LAB01,0,1,-963,2230,0,360
20260910_100810,STILL_1P_NA1,47.892,52742467,588,STILL,NA1,1,P01,LAB01,1,0,0,0,0,0
20260910_100810,STILL_1P_NA1,47.892,52742467,588,STILL,NA1,1,P01,LAB01,2,0,0,0,0,0
20260910_100810,STILL_1P_NA1,47.981,52831360,589,STILL,NA1,1,P01,LAB01,0,1,-963,2232,0,360
20260910_100810,STILL_1P_NA1,47.981,52831360,589,STILL,NA1,1,P01,LAB01,1,0,0,0,0,0
20260910_100810,STILL_1P_NA1,47.981,52831360,589,STILL,NA1,1,P01,LAB01,2,0,0,0,0,0
20260910_100810,STILL_1P_NA1,48.071,52920623,590,STILL,NA1,1,P01,LAB01,0,1,-963,2232,0,360
20260910_100810,STILL_1P_NA1,48.071,52920623,590,STILL,NA1,1,P01,LAB01,1,0,0,0,0,0
20260910_100810,STILL_1P_NA1,48.071,52920623,590,STILL,NA1,1,P01,LAB01,2,0,0,0,0,0
20260910_100810,STILL_1P_NA1,48.160,53009638,591,STILL,NA1,1,P01,LAB01,0,1,-964,2231,0,360
20260910_100810,STILL_1P_NA1,48.160,53009638,591,STILL,NA1,1,P01,LAB01,1,0,0,0,0,0
20260910_100810,STILL_1P_NA1,48.160,53009638,591,STILL,NA1,1,P01,LAB01,2,0,0,0,0,0
20260910_100810,STILL_1P_NA1,48.249,53098747,592,STILL,NA1,1,P01,LAB01,0,1,-965,2230,0,360
20260910_100810,STILL_1P_NA1,48.249,53098747,592,STILL,NA1,1,P01,LAB01,1,0,0,0,0,0
20260910_100810,STILL_1P_NA1,48.249,53098747,592,STILL,NA1,1,P01,LAB01,2,0,0,0,0,0
20260910_100810,STILL_1P_NA1,48.338,53187638,593,STILL,NA1,1,P01,LAB01,0,1,-967,2227,0,360
20260910_100810,STILL_1P_NA1,48.338,53187638,593,STILL,NA1,1,P01,LAB01,1,0,0,0,0,0
20260910_100810,STILL_1P_NA1,48.338,53187638,593,STILL,NA1,1,P01,LAB01,2,0,0,0,0,0
20260910_100810,STILL_1P_NA1,48.427,53276555,594,STILL,NA1,1,P01,LAB01,0,1,-969,2225,0,360
20260910_100810,STILL_1P_NA1,48.427,53276555,594,STILL,NA1,1,P01,LAB01,1,0,0,0,0,0
20260910_100810,STILL_1P_NA1,48.427,53276555,594,STILL,NA1,1,P01,LAB01,2,0,0,0,0,0
20260910_100810,STILL_1P_NA1,48.516,53365600,595,STILL,NA1,1,P01,LAB01,0,1,-973,2226,0,360
20260910_100810,STILL_1P_NA1,48.516,53365600,595,STILL,NA1,1,P01,LAB01,1,0,0,0,0,0
20260910_100810,STILL_1P_NA1,48.516,53365600,595,STILL,NA1,1,P01,LAB01,2,0,0,0,0,0
20260910_100810,STILL_1P_NA1,48.605,53454480,596,STILL,NA1,1,P01,LAB01,0,1,-978,2228,0,360
20260910_100810,STILL_1P_NA1,48.605,53454480,596,STILL,NA1,1,P01,LAB01,1,0,0,0,0,0
20260910_100810,STILL_1P_NA1,48.605,53454480,596,STILL,NA1,1,P01,LAB01,2,0,0,0,0,0
20260910_100810,STILL_1P_NA1,48.693,53543467,597,STILL,NA1,1,P01,LAB01,0,1,-984,2227,0,360
20260910_100810,STILL_1P_NA1,48.693,53543467,597,STILL,NA1,1,P01,LAB01,1,0,0,0,0,0
20260910_100810,STILL_1P_NA1,48.693,53543467,597,STILL,NA1,1,P01,LAB01,2,0,0,0,0,0
20260910_100810,STILL_1P_NA1,48.783,53632327,598,STILL,NA1,1,P01,LAB01,0,1,-991,2225,0,360
20260910_100810,STILL_1P_NA1,48.783,53632327,598,STILL,NA1,1,P01,LAB01,1,0,0,0,0,0
20260910_100810,STILL_1P_NA1,48.783,53632327,598,STILL,NA1,1,P01,LAB01,2,0,0,0,0,0
20260910_100810,STILL_1P_NA1,48.872,53721650,599,STILL,NA1,1,P01,LAB01,0,1,-992,2225,0,360
20260910_100810,STILL_1P_NA1,48.872,53721650,599,STILL,NA1,1,P01,LAB01,1,0,0,0,0,0
20260910_100810,STILL_1P_NA1,48.872,53721650,599,STILL,NA1,1,P01,LAB01,2,0,0,0,0,0
20260910_100810,STILL_1P_NA1,48.961,53810701,600,STILL,NA1,1,P01,LAB01,0,1,-991,2224,0,360
20260910_100810,STILL_1P_NA1,48.961,53810701,600,STILL,NA1,1,P01,LAB01,1,0,0,0,0,0
20260910_100810,STILL_1P_NA1,48.961,53810701,600,STILL,NA1,1,P01,LAB01,2,0,0,0,0,0
20260910_100810,STILL_1P_NA1,49.049,53899425,601,STILL,NA1,1,P01,LAB01,0,1,-989,2224,0,360
20260910_100810,STILL_1P_NA1,49.049,53899425,601,STILL,NA1,1,P01,LAB01,1,0,0,0,0,0
20260910_100810,STILL_1P_NA1,49.049,53899425,601,STILL,NA1,1,P01,LAB01,2,0,0,0,0,0
20260910_100810,STILL_1P_NA1,49.139,53988727,602,STILL,NA1,1,P01,LAB01,0,1,-987,2223,0,360
20260910_100810,STILL_1P_NA1,49.139,53988727,602,STILL,NA1,1,P01,LAB01,1,0,0,0,0,0
20260910_100810,STILL_1P_NA1,49.139,53988727,602,STILL,NA1,1,P01,LAB01,2,0,0,0,0,0
20260910_100810,STILL_1P_NA1,49.228,54077644,603,STILL,NA1,1,P01,LAB01,0,1,-986,2224,0,360
20260910_100810,STILL_1P_NA1,49.228,54077644,603,STILL,NA1,1,P01,LAB01,1,0,0,0,0,0
20260910_100810,STILL_1P_NA1,49.228,54077644,603,STILL,NA1,1,P01,LAB01,2,0,0,0,0,0
20260910_100810,STILL_1P_NA1,49.317,54166501,604,STILL,NA1,1,P01,LAB01,0,1,-990,2224,0,360
20260910_100810,STILL_1P_NA1,49.317,54166501,604,STILL,NA1,1,P01,LAB01,1,0,0,0,0,0
20260910_100810,STILL_1P_NA1,49.317,54166501,604,STILL,NA1,1,P01,LAB01,2,0,0,0,0,0
20260910_100810,STILL_1P_NA1,49.405,54255479,605,STILL,NA1,1,P01,LAB01,0,1,-996,2226,0,360
20260910_100810,STILL_1P_NA1,49.405,54255479,605,STILL,NA1,1,P01,LAB01,1,0,0,0,0,0
20260910_100810,STILL_1P_NA1,49.405,54255479,605,STILL,NA1,1,P01,LAB01,2,0,0,0,0,0
20260910_100810,STILL_1P_NA1,49.494,54344114,606,STILL,NA1,1,P01,LAB01,0,1,-1002,2227,0,360
20260910_100810,STILL_1P_NA1,49.494,54344114,606,STILL,NA1,1,P01,LAB01,1,0,0,0,0,0
20260910_100810,STILL_1P_NA1,49.494,54344114,606,STILL,NA1,1,P01,LAB01,2,0,0,0,0,0
20260910_100810,STILL_1P_NA1,49.584,54433573,607,STILL,NA1,1,P01,LAB01,0,1,-1005,2226,0,360
20260910_100810,STILL_1P_NA1,49.584,54433573,607,STILL,NA1,1,P01,LAB01,1,0,0,0,0,0
20260910_100810,STILL_1P_NA1,49.584,54433573,607,STILL,NA1,1,P01,LAB01,2,0,0,0,0,0
20260910_100810,STILL_1P_NA1,49.673,54522425,608,STILL,NA1,1,P01,LAB01,0,1,-1007,2224,0,360
20260910_100810,STILL_1P_NA1,49.673,54522425,608,STILL,NA1,1,P01,LAB01,1,0,0,0,0,0
20260910_100810,STILL_1P_NA1,49.673,54522425,608,STILL,NA1,1,P01,LAB01,2,0,0,0,0,0
20260910_100810,STILL_1P_NA1,49.762,54611501,609,STILL,NA1,1,P01,LAB01,0,1,-1007,2224,0,360
20260910_100810,STILL_1P_NA1,49.762,54611501,609,STILL,NA1,1,P01,LAB01,1,0,0,0,0,0
20260910_100810,STILL_1P_NA1,49.762,54611501,609,STILL,NA1,1,P01,LAB01,2,0,0,0,0,0
20260910_100810,STILL_1P_NA1,49.851,54700299,610,STILL,NA1,1,P01,LAB01,0,1,-1006,2225,0,360
20260910_100810,STILL_1P_NA1,49.851,54700299,610,STILL,NA1,1,P01,LAB01,1,0,0,0,0,0
20260910_100810,STILL_1P_NA1,49.851,54700299,610,STILL,NA1,1,P01,LAB01,2,0,0,0,0,0
20260910_100810,STILL_1P_NA1,49.939,54789223,611,STILL,NA1,1,P01,LAB01,0,1,-1006,2225,0,360
20260910_100810,STILL_1P_NA1,49.939,54789223,611,STILL,NA1,1,P01,LAB01,1,0,0,0,0,0
20260910_100810,STILL_1P_NA1,49.939,54789223,611,STILL,NA1,1,P01,LAB01,2,0,0,0,0,0
20260910_100810,STILL_1P_NA1,50.029,54878327,612,STILL,NA1,1,P01,LAB01,0,1,-1006,2226,0,360
20260910_100810,STILL_1P_NA1,50.029,54878327,612,STILL,NA1,1,P01,LAB01,1,0,0,0,0,0
20260910_100810,STILL_1P_NA1,50.029,54878327,612,STILL,NA1,1,P01,LAB01,2,0,0,0,0,0
20260910_100810,STILL_1P_NA1,50.118,54967529,613,STILL,NA1,1,P01,LAB01,0,1,-999,2226,0,360
20260910_100810,STILL_1P_NA1,50.118,54967529,613,STILL,NA1,1,P01,LAB01,1,0,0,0,0,0
20260910_100810,STILL_1P_NA1,50.118,54967529,613,STILL,NA1,1,P01,LAB01,2,0,0,0,0,0
20260910_100810,STILL_1P_NA1,50.206,55056327,614,STILL,NA1,1,P01,LAB01,0,1,-991,2227,0,360
20260910_100810,STILL_1P_NA1,50.206,55056327,614,STILL,NA1,1,P01,LAB01,1,0,0,0,0,0
20260910_100810,STILL_1P_NA1,50.206,55056327,614,STILL,NA1,1,P01,LAB01,2,0,0,0,0,0
20260910_100810,STILL_1P_NA1,50.295,55145432,615,STILL,NA1,1,P01,LAB01,0,1,-984,2229,0,360
20260910_100810,STILL_1P_NA1,50.295,55145432,615,STILL,NA1,1,P01,LAB01,1,0,0,0,0,0
20260910_100810,STILL_1P_NA1,50.295,55145432,615,STILL,NA1,1,P01,LAB01,2,0,0,0,0,0
20260910_100810,STILL_1P_NA1,50.384,55234410,616,STILL,NA1,1,P01,LAB01,0,1,-977,2232,0,360
20260910_100810,STILL_1P_NA1,50.384,55234410,616,STILL,NA1,1,P01,LAB01,1,0,0,0,0,0
20260910_100810,STILL_1P_NA1,50.384,55234410,616,STILL,NA1,1,P01,LAB01,2,0,0,0,0,0
20260910_100810,STILL_1P_NA1,50.473,55323141,617,STILL,NA1,1,P01,LAB01,0,1,-971,2236,0,360
20260910_100810,STILL_1P_NA1,50.473,55323141,617,STILL,NA1,1,P01,LAB01,1,0,0,0,0,0
20260910_100810,STILL_1P_NA1,50.473,55323141,617,STILL,NA1,1,P01,LAB01,2,0,0,0,0,0
20260910_100810,STILL_1P_NA1,50.563,55412411,618,STILL,NA1,1,P01,LAB01,0,1,-963,2239,0,360
20260910_100810,STILL_1P_NA1,50.563,55412411,618,STILL,NA1,1,P01,LAB01,1,0,0,0,0,0
20260910_100810,STILL_1P_NA1,50.563,55412411,618,STILL,NA1,1,P01,LAB01,2,0,0,0,0,0
20260910_100810,STILL_1P_NA1,50.652,55501487,619,STILL,NA1,1,P01,LAB01,0,1,-958,2241,0,360
20260910_100810,STILL_1P_NA1,50.652,55501487,619,STILL,NA1,1,P01,LAB01,1,0,0,0,0,0
20260910_100810,STILL_1P_NA1,50.652,55501487,619,STILL,NA1,1,P01,LAB01,2,0,0,0,0,0
20260910_100810,STILL_1P_NA1,50.740,55590370,620,STILL,NA1,1,P01,LAB01,0,1,-955,2244,0,360
20260910_100810,STILL_1P_NA1,50.740,55590370,620,STILL,NA1,1,P01,LAB01,1,0,0,0,0,0
20260910_100810,STILL_1P_NA1,50.740,55590370,620,STILL,NA1,1,P01,LAB01,2,0,0,0,0,0
20260910_100810,STILL_1P_NA1,50.829,55679267,621,STILL,NA1,1,P01,LAB01,0,1,-954,2247,0,360
20260910_100810,STILL_1P_NA1,50.829,55679267,621,STILL,NA1,1,P01,LAB01,1,0,0,0,0,0
20260910_100810,STILL_1P_NA1,50.829,55679267,621,STILL,NA1,1,P01,LAB01,2,0,0,0,0,0
20260910_100810,STILL_1P_NA1,50.918,55768049,622,STILL,NA1,1,P01,LAB01,0,1,-953,2249,0,360
20260910_100810,STILL_1P_NA1,50.918,55768049,622,STILL,NA1,1,P01,LAB01,1,0,0,0,0,0
20260910_100810,STILL_1P_NA1,50.918,55768049,622,STILL,NA1,1,P01,LAB01,2,0,0,0,0,0
20260910_100810,STILL_1P_NA1,51.007,55857294,623,STILL,NA1,1,P01,LAB01,0,1,-951,2252,0,360
20260910_100810,STILL_1P_NA1,51.007,55857294,623,STILL,NA1,1,P01,LAB01,1,0,0,0,0,0
20260910_100810,STILL_1P_NA1,51.007,55857294,623,STILL,NA1,1,P01,LAB01,2,0,0,0,0,0
20260910_100810,STILL_1P_NA1,51.096,55946362,624,STILL,NA1,1,P01,LAB01,0,1,-951,2253,0,360
20260910_100810,STILL_1P_NA1,51.096,55946362,624,STILL,NA1,1,P01,LAB01,1,0,0,0,0,0
20260910_100810,STILL_1P_NA1,51.096,55946362,624,STILL,NA1,1,P01,LAB01,2,0,0,0,0,0
20260910_100810,STILL_1P_NA1,51.185,56035010,625,STILL,NA1,1,P01,LAB01,0,1,-951,2252,0,360
20260910_100810,STILL_1P_NA1,51.185,56035010,625,STILL,NA1,1,P01,LAB01,1,0,0,0,0,0
20260910_100810,STILL_1P_NA1,51.185,56035010,625,STILL,NA1,1,P01,LAB01,2,0,0,0,0,0
20260910_100810,STILL_1P_NA1,51.274,56124272,626,STILL,NA1,1,P01,LAB01,0,1,-947,2249,0,360
20260910_100810,STILL_1P_NA1,51.274,56124272,626,STILL,NA1,1,P01,LAB01,1,0,0,0,0,0
20260910_100810,STILL_1P_NA1,51.274,56124272,626,STILL,NA1,1,P01,LAB01,2,0,0,0,0,0
20260910_100810,STILL_1P_NA1,51.363,56213155,627,STILL,NA1,1,P01,LAB01,0,1,-942,2244,0,360
20260910_100810,STILL_1P_NA1,51.363,56213155,627,STILL,NA1,1,P01,LAB01,1,0,0,0,0,0
20260910_100810,STILL_1P_NA1,51.363,56213155,627,STILL,NA1,1,P01,LAB01,2,0,0,0,0,0
20260910_100810,STILL_1P_NA1,51.453,56302418,628,STILL,NA1,1,P01,LAB01,0,1,-940,2238,0,360
20260910_100810,STILL_1P_NA1,51.453,56302418,628,STILL,NA1,1,P01,LAB01,1,0,0,0,0,0
20260910_100810,STILL_1P_NA1,51.453,56302418,628,STILL,NA1,1,P01,LAB01,2,0,0,0,0,0
20260910_100810,STILL_1P_NA1,51.541,56391217,629,STILL,NA1,1,P01,LAB01,0,1,-940,2233,0,360
20260910_100810,STILL_1P_NA1,51.541,56391217,629,STILL,NA1,1,P01,LAB01,1,0,0,0,0,0
20260910_100810,STILL_1P_NA1,51.541,56391217,629,STILL,NA1,1,P01,LAB01,2,0,0,0,0,0
20260910_100810,STILL_1P_NA1,51.630,56480418,630,STILL,NA1,1,P01,LAB01,0,1,-942,2230,0,360
20260910_100810,STILL_1P_NA1,51.630,56480418,630,STILL,NA1,1,P01,LAB01,1,0,0,0,0,0
20260910_100810,STILL_1P_NA1,51.630,56480418,630,STILL,NA1,1,P01,LAB01,2,0,0,0,0,0
20260910_100810,STILL_1P_NA1,51.719,56568933,631,STILL,NA1,1,P01,LAB01,0,1,-944,2227,0,360
20260910_100810,STILL_1P_NA1,51.719,56568933,631,STILL,NA1,1,P01,LAB01,1,0,0,0,0,0
20260910_100810,STILL_1P_NA1,51.719,56568933,631,STILL,NA1,1,P01,LAB01,2,0,0,0,0,0
20260910_100810,STILL_1P_NA1,51.808,56658188,632,STILL,NA1,1,P01,LAB01,0,1,-948,2224,0,360
20260910_100810,STILL_1P_NA1,51.808,56658188,632,STILL,NA1,1,P01,LAB01,1,0,0,0,0,0
20260910_100810,STILL_1P_NA1,51.808,56658188,632,STILL,NA1,1,P01,LAB01,2,0,0,0,0,0
20260910_100810,STILL_1P_NA1,51.897,56747299,633,STILL,NA1,1,P01,LAB01,0,1,-952,2222,0,360
20260910_100810,STILL_1P_NA1,51.897,56747299,633,STILL,NA1,1,P01,LAB01,1,0,0,0,0,0
20260910_100810,STILL_1P_NA1,51.897,56747299,633,STILL,NA1,1,P01,LAB01,2,0,0,0,0,0
20260910_100810,STILL_1P_NA1,51.987,56836404,634,STILL,NA1,1,P01,LAB01,0,1,-956,2220,0,360
20260910_100810,STILL_1P_NA1,51.987,56836404,634,STILL,NA1,1,P01,LAB01,1,0,0,0,0,0
20260910_100810,STILL_1P_NA1,51.987,56836404,634,STILL,NA1,1,P01,LAB01,2,0,0,0,0,0
20260910_100810,STILL_1P_NA1,52.075,56925327,635,STILL,NA1,1,P01,LAB01,0,1,-960,2220,0,360
20260910_100810,STILL_1P_NA1,52.075,56925327,635,STILL,NA1,1,P01,LAB01,1,0,0,0,0,0
20260910_100810,STILL_1P_NA1,52.075,56925327,635,STILL,NA1,1,P01,LAB01,2,0,0,0,0,0
20260910_100810,STILL_1P_NA1,52.165,57014432,636,STILL,NA1,1,P01,LAB01,0,1,-963,2221,0,360
20260910_100810,STILL_1P_NA1,52.165,57014432,636,STILL,NA1,1,P01,LAB01,1,0,0,0,0,0
20260910_100810,STILL_1P_NA1,52.165,57014432,636,STILL,NA1,1,P01,LAB01,2,0,0,0,0,0
20260910_100810,STILL_1P_NA1,52.253,57103159,637,STILL,NA1,1,P01,LAB01,0,1,-969,2222,0,360
20260910_100810,STILL_1P_NA1,52.253,57103159,637,STILL,NA1,1,P01,LAB01,1,0,0,0,0,0
20260910_100810,STILL_1P_NA1,52.253,57103159,637,STILL,NA1,1,P01,LAB01,2,0,0,0,0,0
20260910_100810,STILL_1P_NA1,52.342,57192309,638,STILL,NA1,1,P01,LAB01,0,1,-973,2224,0,360
20260910_100810,STILL_1P_NA1,52.342,57192309,638,STILL,NA1,1,P01,LAB01,1,0,0,0,0,0
20260910_100810,STILL_1P_NA1,52.342,57192309,638,STILL,NA1,1,P01,LAB01,2,0,0,0,0,0
20260910_100810,STILL_1P_NA1,52.431,57281159,639,STILL,NA1,1,P01,LAB01,0,1,-979,2225,0,360
20260910_100810,STILL_1P_NA1,52.431,57281159,639,STILL,NA1,1,P01,LAB01,1,0,0,0,0,0
20260910_100810,STILL_1P_NA1,52.431,57281159,639,STILL,NA1,1,P01,LAB01,2,0,0,0,0,0
20260910_100810,STILL_1P_NA1,52.521,57370203,640,STILL,NA1,1,P01,LAB01,0,1,-984,2226,0,360
20260910_100810,STILL_1P_NA1,52.521,57370203,640,STILL,NA1,1,P01,LAB01,1,0,0,0,0,0
20260910_100810,STILL_1P_NA1,52.521,57370203,640,STILL,NA1,1,P01,LAB01,2,0,0,0,0,0
20260910_100810,STILL_1P_NA1,52.609,57459010,641,STILL,NA1,1,P01,LAB01,0,1,-988,2226,0,360
20260910_100810,STILL_1P_NA1,52.609,57459010,641,STILL,NA1,1,P01,LAB01,1,0,0,0,0,0
20260910_100810,STILL_1P_NA1,52.609,57459010,641,STILL,NA1,1,P01,LAB01,2,0,0,0,0,0
20260910_100810,STILL_1P_NA1,52.698,57548104,642,STILL,NA1,1,P01,LAB01,0,1,-991,2224,0,360
20260910_100810,STILL_1P_NA1,52.698,57548104,642,STILL,NA1,1,P01,LAB01,1,0,0,0,0,0
20260910_100810,STILL_1P_NA1,52.698,57548104,642,STILL,NA1,1,P01,LAB01,2,0,0,0,0,0
20260910_100810,STILL_1P_NA1,52.787,57637119,643,STILL,NA1,1,P01,LAB01,0,1,-995,2221,0,360
20260910_100810,STILL_1P_NA1,52.787,57637119,643,STILL,NA1,1,P01,LAB01,1,0,0,0,0,0
20260910_100810,STILL_1P_NA1,52.787,57637119,643,STILL,NA1,1,P01,LAB01,2,0,0,0,0,0
20260910_100810,STILL_1P_NA1,52.876,57726132,644,STILL,NA1,1,P01,LAB01,0,1,-1000,2217,0,360
20260910_100810,STILL_1P_NA1,52.876,57726132,644,STILL,NA1,1,P01,LAB01,1,0,0,0,0,0
20260910_100810,STILL_1P_NA1,52.876,57726132,644,STILL,NA1,1,P01,LAB01,2,0,0,0,0,0
20260910_100810,STILL_1P_NA1,52.965,57815314,645,STILL,NA1,1,P01,LAB01,0,1,-1003,2214,0,360
20260910_100810,STILL_1P_NA1,52.965,57815314,645,STILL,NA1,1,P01,LAB01,1,0,0,0,0,0
20260910_100810,STILL_1P_NA1,52.965,57815314,645,STILL,NA1,1,P01,LAB01,2,0,0,0,0,0
20260910_100810,STILL_1P_NA1,53.054,57904159,646,STILL,NA1,1,P01,LAB01,0,1,-1006,2212,0,360
20260910_100810,STILL_1P_NA1,53.054,57904159,646,STILL,NA1,1,P01,LAB01,1,0,0,0,0,0
20260910_100810,STILL_1P_NA1,53.054,57904159,646,STILL,NA1,1,P01,LAB01,2,0,0,0,0,0
20260910_100810,STILL_1P_NA1,53.144,57993397,647,STILL,NA1,1,P01,LAB01,0,1,-1009,2212,0,360
20260910_100810,STILL_1P_NA1,53.144,57993397,647,STILL,NA1,1,P01,LAB01,1,0,0,0,0,0
20260910_100810,STILL_1P_NA1,53.144,57993397,647,STILL,NA1,1,P01,LAB01,2,0,0,0,0,0
20260910_100810,STILL_1P_NA1,53.232,58082129,648,STILL,NA1,1,P01,LAB01,0,1,-1010,2213,0,360
20260910_100810,STILL_1P_NA1,53.232,58082129,648,STILL,NA1,1,P01,LAB01,1,0,0,0,0,0
20260910_100810,STILL_1P_NA1,53.232,58082129,648,STILL,NA1,1,P01,LAB01,2,0,0,0,0,0
20260910_100810,STILL_1P_NA1,53.321,58171141,649,STILL,NA1,1,P01,LAB01,0,1,-1009,2215,0,360
20260910_100810,STILL_1P_NA1,53.321,58171141,649,STILL,NA1,1,P01,LAB01,1,0,0,0,0,0
20260910_100810,STILL_1P_NA1,53.321,58171141,649,STILL,NA1,1,P01,LAB01,2,0,0,0,0,0
20260910_100810,STILL_1P_NA1,53.410,58260223,650,STILL,NA1,1,P01,LAB01,0,1,-1007,2218,0,360
20260910_100810,STILL_1P_NA1,53.410,58260223,650,STILL,NA1,1,P01,LAB01,1,0,0,0,0,0
20260910_100810,STILL_1P_NA1,53.410,58260223,650,STILL,NA1,1,P01,LAB01,2,0,0,0,0,0
20260910_100810,STILL_1P_NA1,53.499,58348954,651,STILL,NA1,1,P01,LAB01,0,1,-1008,2218,0,360
20260910_100810,STILL_1P_NA1,53.499,58348954,651,STILL,NA1,1,P01,LAB01,1,0,0,0,0,0
20260910_100810,STILL_1P_NA1,53.499,58348954,651,STILL,NA1,1,P01,LAB01,2,0,0,0,0,0
20260910_100810,STILL_1P_NA1,53.588,58437880,652,STILL,NA1,1,P01,LAB01,0,1,-1011,2219,0,360
20260910_100810,STILL_1P_NA1,53.588,58437880,652,STILL,NA1,1,P01,LAB01,1,0,0,0,0,0
20260910_100810,STILL_1P_NA1,53.588,58437880,652,STILL,NA1,1,P01,LAB01,2,0,0,0,0,0
20260910_100810,STILL_1P_NA1,53.677,58527196,653,STILL,NA1,1,P01,LAB01,0,1,-1013,2218,0,360
20260910_100810,STILL_1P_NA1,53.677,58527196,653,STILL,NA1,1,P01,LAB01,1,0,0,0,0,0
20260910_100810,STILL_1P_NA1,53.677,58527196,653,STILL,NA1,1,P01,LAB01,2,0,0,0,0,0
20260910_100810,STILL_1P_NA1,53.766,58616176,654,STILL,NA1,1,P01,LAB01,0,1,-1012,2218,0,360
20260910_100810,STILL_1P_NA1,53.766,58616176,654,STILL,NA1,1,P01,LAB01,1,0,0,0,0,0
20260910_100810,STILL_1P_NA1,53.766,58616176,654,STILL,NA1,1,P01,LAB01,2,0,0,0,0,0
20260910_100810,STILL_1P_NA1,53.855,58705159,655,STILL,NA1,1,P01,LAB01,0,1,-1006,2217,0,360
20260910_100810,STILL_1P_NA1,53.855,58705159,655,STILL,NA1,1,P01,LAB01,1,0,0,0,0,0
20260910_100810,STILL_1P_NA1,53.855,58705159,655,STILL,NA1,1,P01,LAB01,2,0,0,0,0,0
20260910_100810,STILL_1P_NA1,53.944,58793836,656,STILL,NA1,1,P01,LAB01,0,1,-996,2215,8,360
20260910_100810,STILL_1P_NA1,53.944,58793836,656,STILL,NA1,1,P01,LAB01,1,0,0,0,0,0
20260910_100810,STILL_1P_NA1,53.944,58793836,656,STILL,NA1,1,P01,LAB01,2,0,0,0,0,0
20260910_100810,STILL_1P_NA1,54.033,58883093,657,STILL,NA1,1,P01,LAB01,0,1,-984,2212,8,360
20260910_100810,STILL_1P_NA1,54.033,58883093,657,STILL,NA1,1,P01,LAB01,1,0,0,0,0,0
20260910_100810,STILL_1P_NA1,54.033,58883093,657,STILL,NA1,1,P01,LAB01,2,0,0,0,0,0
20260910_100810,STILL_1P_NA1,54.122,58972132,658,STILL,NA1,1,P01,LAB01,0,1,-972,2210,8,360
20260910_100810,STILL_1P_NA1,54.122,58972132,658,STILL,NA1,1,P01,LAB01,1,0,0,0,0,0
20260910_100810,STILL_1P_NA1,54.122,58972132,658,STILL,NA1,1,P01,LAB01,2,0,0,0,0,0
20260910_100810,STILL_1P_NA1,54.211,59061026,659,STILL,NA1,1,P01,LAB01,0,1,-961,2207,8,360
20260910_100810,STILL_1P_NA1,54.211,59061026,659,STILL,NA1,1,P01,LAB01,1,0,0,0,0,0
20260910_100810,STILL_1P_NA1,54.211,59061026,659,STILL,NA1,1,P01,LAB01,2,0,0,0,0,0
20260910_100810,STILL_1P_NA1,54.300,59150073,660,STILL,NA1,1,P01,LAB01,0,1,-951,2207,0,360
20260910_100810,STILL_1P_NA1,54.300,59150073,660,STILL,NA1,1,P01,LAB01,1,0,0,0,0,0
20260910_100810,STILL_1P_NA1,54.300,59150073,660,STILL,NA1,1,P01,LAB01,2,0,0,0,0,0
20260910_100810,STILL_1P_NA1,54.389,59239114,661,STILL,NA1,1,P01,LAB01,0,1,-942,2206,0,360
20260910_100810,STILL_1P_NA1,54.389,59239114,661,STILL,NA1,1,P01,LAB01,1,0,0,0,0,0
20260910_100810,STILL_1P_NA1,54.389,59239114,661,STILL,NA1,1,P01,LAB01,2,0,0,0,0,0
20260910_100810,STILL_1P_NA1,54.478,59328187,662,STILL,NA1,1,P01,LAB01,0,1,-936,2205,0,360
20260910_100810,STILL_1P_NA1,54.478,59328187,662,STILL,NA1,1,P01,LAB01,1,0,0,0,0,0
20260910_100810,STILL_1P_NA1,54.478,59328187,662,STILL,NA1,1,P01,LAB01,2,0,0,0,0,0
20260910_100810,STILL_1P_NA1,54.567,59416996,663,STILL,NA1,1,P01,LAB01,0,1,-934,2206,0,360
20260910_100810,STILL_1P_NA1,54.567,59416996,663,STILL,NA1,1,P01,LAB01,1,0,0,0,0,0
20260910_100810,STILL_1P_NA1,54.567,59416996,663,STILL,NA1,1,P01,LAB01,2,0,0,0,0,0
20260910_100810,STILL_1P_NA1,54.656,59506093,664,STILL,NA1,1,P01,LAB01,0,1,-935,2207,0,360
20260910_100810,STILL_1P_NA1,54.656,59506093,664,STILL,NA1,1,P01,LAB01,1,0,0,0,0,0
20260910_100810,STILL_1P_NA1,54.656,59506093,664,STILL,NA1,1,P01,LAB01,2,0,0,0,0,0
20260910_100810,STILL_1P_NA1,54.745,59595104,665,STILL,NA1,1,P01,LAB01,0,1,-942,2206,0,360
20260910_100810,STILL_1P_NA1,54.745,59595104,665,STILL,NA1,1,P01,LAB01,1,0,0,0,0,0
20260910_100810,STILL_1P_NA1,54.745,59595104,665,STILL,NA1,1,P01,LAB01,2,0,0,0,0,0
20260910_100810,STILL_1P_NA1,54.834,59683943,666,STILL,NA1,1,P01,LAB01,0,1,-953,2205,0,360
20260910_100810,STILL_1P_NA1,54.834,59683943,666,STILL,NA1,1,P01,LAB01,1,0,0,0,0,0
20260910_100810,STILL_1P_NA1,54.834,59683943,666,STILL,NA1,1,P01,LAB01,2,0,0,0,0,0
20260910_100810,STILL_1P_NA1,54.923,59772768,667,STILL,NA1,1,P01,LAB01,0,1,-964,2204,0,360
20260910_100810,STILL_1P_NA1,54.923,59772768,667,STILL,NA1,1,P01,LAB01,1,0,0,0,0,0
20260910_100810,STILL_1P_NA1,54.923,59772768,667,STILL,NA1,1,P01,LAB01,2,0,0,0,0,0
20260910_100810,STILL_1P_NA1,55.012,59861720,668,STILL,NA1,1,P01,LAB01,0,1,-974,2203,0,360
20260910_100810,STILL_1P_NA1,55.012,59861720,668,STILL,NA1,1,P01,LAB01,1,0,0,0,0,0
20260910_100810,STILL_1P_NA1,55.012,59861720,668,STILL,NA1,1,P01,LAB01,2,0,0,0,0,0
20260910_100810,STILL_1P_NA1,55.101,59951066,669,STILL,NA1,1,P01,LAB01,0,1,-984,2199,0,360
20260910_100810,STILL_1P_NA1,55.101,59951066,669,STILL,NA1,1,P01,LAB01,1,0,0,0,0,0
20260910_100810,STILL_1P_NA1,55.101,59951066,669,STILL,NA1,1,P01,LAB01,2,0,0,0,0,0
20260910_100810,STILL_1P_NA1,55.190,60039711,670,STILL,NA1,1,P01,LAB01,0,1,-995,2195,0,360
20260910_100810,STILL_1P_NA1,55.190,60039711,670,STILL,NA1,1,P01,LAB01,1,0,0,0,0,0
20260910_100810,STILL_1P_NA1,55.190,60039711,670,STILL,NA1,1,P01,LAB01,2,0,0,0,0,0
20260910_100810,STILL_1P_NA1,55.279,60128824,671,STILL,NA1,1,P01,LAB01,0,1,-1004,2191,0,360
20260910_100810,STILL_1P_NA1,55.279,60128824,671,STILL,NA1,1,P01,LAB01,1,0,0,0,0,0
20260910_100810,STILL_1P_NA1,55.279,60128824,671,STILL,NA1,1,P01,LAB01,2,0,0,0,0,0
20260910_100810,STILL_1P_NA1,55.368,60217587,672,STILL,NA1,1,P01,LAB01,0,1,-1014,2187,0,360
20260910_100810,STILL_1P_NA1,55.368,60217587,672,STILL,NA1,1,P01,LAB01,1,0,0,0,0,0
20260910_100810,STILL_1P_NA1,55.368,60217587,672,STILL,NA1,1,P01,LAB01,2,0,0,0,0,0
20260910_100810,STILL_1P_NA1,55.457,60307001,673,STILL,NA1,1,P01,LAB01,0,1,-1019,2187,0,360
20260910_100810,STILL_1P_NA1,55.457,60307001,673,STILL,NA1,1,P01,LAB01,1,0,0,0,0,0
20260910_100810,STILL_1P_NA1,55.457,60307001,673,STILL,NA1,1,P01,LAB01,2,0,0,0,0,0
20260910_100810,STILL_1P_NA1,55.546,60396013,674,STILL,NA1,1,P01,LAB01,0,1,-1022,2188,0,360
20260910_100810,STILL_1P_NA1,55.546,60396013,674,STILL,NA1,1,P01,LAB01,1,0,0,0,0,0
20260910_100810,STILL_1P_NA1,55.546,60396013,674,STILL,NA1,1,P01,LAB01,2,0,0,0,0,0
20260910_100810,STILL_1P_NA1,55.635,60484880,675,STILL,NA1,1,P01,LAB01,0,1,-1022,2189,0,360
20260910_100810,STILL_1P_NA1,55.635,60484880,675,STILL,NA1,1,P01,LAB01,1,0,0,0,0,0
20260910_100810,STILL_1P_NA1,55.635,60484880,675,STILL,NA1,1,P01,LAB01,2,0,0,0,0,0
20260910_100810,STILL_1P_NA1,55.724,60573797,676,STILL,NA1,1,P01,LAB01,0,1,-1020,2191,0,360
20260910_100810,STILL_1P_NA1,55.724,60573797,676,STILL,NA1,1,P01,LAB01,1,0,0,0,0,0
20260910_100810,STILL_1P_NA1,55.724,60573797,676,STILL,NA1,1,P01,LAB01,2,0,0,0,0,0
20260910_100810,STILL_1P_NA1,55.813,60662624,677,STILL,NA1,1,P01,LAB01,0,1,-1019,2193,0,360
20260910_100810,STILL_1P_NA1,55.813,60662624,677,STILL,NA1,1,P01,LAB01,1,0,0,0,0,0
20260910_100810,STILL_1P_NA1,55.813,60662624,677,STILL,NA1,1,P01,LAB01,2,0,0,0,0,0
20260910_100810,STILL_1P_NA1,55.902,60751824,678,STILL,NA1,1,P01,LAB01,0,1,-1022,2191,0,360
20260910_100810,STILL_1P_NA1,55.902,60751824,678,STILL,NA1,1,P01,LAB01,1,0,0,0,0,0
20260910_100810,STILL_1P_NA1,55.902,60751824,678,STILL,NA1,1,P01,LAB01,2,0,0,0,0,0
20260910_100810,STILL_1P_NA1,55.991,60840810,679,STILL,NA1,1,P01,LAB01,0,1,-1024,2188,0,360
20260910_100810,STILL_1P_NA1,55.991,60840810,679,STILL,NA1,1,P01,LAB01,1,0,0,0,0,0
20260910_100810,STILL_1P_NA1,55.991,60840810,679,STILL,NA1,1,P01,LAB01,2,0,0,0,0,0
20260910_100810,STILL_1P_NA1,56.080,60929824,680,STILL,NA1,1,P01,LAB01,0,1,-1024,2188,0,360
20260910_100810,STILL_1P_NA1,56.080,60929824,680,STILL,NA1,1,P01,LAB01,1,0,0,0,0,0
20260910_100810,STILL_1P_NA1,56.080,60929824,680,STILL,NA1,1,P01,LAB01,2,0,0,0,0,0
20260910_100810,STILL_1P_NA1,56.169,61018991,681,STILL,NA1,1,P01,LAB01,0,1,-1024,2188,0,360
20260910_100810,STILL_1P_NA1,56.169,61018991,681,STILL,NA1,1,P01,LAB01,1,0,0,0,0,0
20260910_100810,STILL_1P_NA1,56.169,61018991,681,STILL,NA1,1,P01,LAB01,2,0,0,0,0,0
20260910_100810,STILL_1P_NA1,56.258,61107720,682,STILL,NA1,1,P01,LAB01,0,1,-1023,2191,0,360
20260910_100810,STILL_1P_NA1,56.258,61107720,682,STILL,NA1,1,P01,LAB01,1,0,0,0,0,0
20260910_100810,STILL_1P_NA1,56.258,61107720,682,STILL,NA1,1,P01,LAB01,2,0,0,0,0,0
20260910_100810,STILL_1P_NA1,56.347,61196863,683,STILL,NA1,1,P01,LAB01,0,1,-1021,2196,0,360
20260910_100810,STILL_1P_NA1,56.347,61196863,683,STILL,NA1,1,P01,LAB01,1,0,0,0,0,0
20260910_100810,STILL_1P_NA1,56.347,61196863,683,STILL,NA1,1,P01,LAB01,2,0,0,0,0,0
20260910_100810,STILL_1P_NA1,56.436,61285869,684,STILL,NA1,1,P01,LAB01,0,1,-1014,2202,0,360
20260910_100810,STILL_1P_NA1,56.436,61285869,684,STILL,NA1,1,P01,LAB01,1,0,0,0,0,0
20260910_100810,STILL_1P_NA1,56.436,61285869,684,STILL,NA1,1,P01,LAB01,2,0,0,0,0,0
20260910_100810,STILL_1P_NA1,56.525,61374759,685,STILL,NA1,1,P01,LAB01,0,1,-1002,2208,0,360
20260910_100810,STILL_1P_NA1,56.525,61374759,685,STILL,NA1,1,P01,LAB01,1,0,0,0,0,0
20260910_100810,STILL_1P_NA1,56.525,61374759,685,STILL,NA1,1,P01,LAB01,2,0,0,0,0,0
20260910_100810,STILL_1P_NA1,56.613,61463459,686,STILL,NA1,1,P01,LAB01,0,1,-985,2214,0,360
20260910_100810,STILL_1P_NA1,56.613,61463459,686,STILL,NA1,1,P01,LAB01,1,0,0,0,0,0
20260910_100810,STILL_1P_NA1,56.613,61463459,686,STILL,NA1,1,P01,LAB01,2,0,0,0,0,0
20260910_100810,STILL_1P_NA1,56.703,61552600,687,STILL,NA1,1,P01,LAB01,0,1,-969,2220,0,360
20260910_100810,STILL_1P_NA1,56.703,61552600,687,STILL,NA1,1,P01,LAB01,1,0,0,0,0,0
20260910_100810,STILL_1P_NA1,56.703,61552600,687,STILL,NA1,1,P01,LAB01,2,0,0,0,0,0
20260910_100810,STILL_1P_NA1,56.792,61641555,688,STILL,NA1,1,P01,LAB01,0,1,-954,2226,0,360
20260910_100810,STILL_1P_NA1,56.792,61641555,688,STILL,NA1,1,P01,LAB01,1,0,0,0,0,0
20260910_100810,STILL_1P_NA1,56.792,61641555,688,STILL,NA1,1,P01,LAB01,2,0,0,0,0,0
20260910_100810,STILL_1P_NA1,56.881,61730600,689,STILL,NA1,1,P01,LAB01,0,1,-939,2232,0,360
20260910_100810,STILL_1P_NA1,56.881,61730600,689,STILL,NA1,1,P01,LAB01,1,0,0,0,0,0
20260910_100810,STILL_1P_NA1,56.881,61730600,689,STILL,NA1,1,P01,LAB01,2,0,0,0,0,0
20260910_100810,STILL_1P_NA1,56.969,61819618,690,STILL,NA1,1,P01,LAB01,0,1,-925,2238,0,360
20260910_100810,STILL_1P_NA1,56.969,61819618,690,STILL,NA1,1,P01,LAB01,1,0,0,0,0,0
20260910_100810,STILL_1P_NA1,56.969,61819618,690,STILL,NA1,1,P01,LAB01,2,0,0,0,0,0
20260910_100810,STILL_1P_NA1,57.058,61908529,691,STILL,NA1,1,P01,LAB01,0,1,-911,2243,0,360
20260910_100810,STILL_1P_NA1,57.058,61908529,691,STILL,NA1,1,P01,LAB01,1,0,0,0,0,0
20260910_100810,STILL_1P_NA1,57.058,61908529,691,STILL,NA1,1,P01,LAB01,2,0,0,0,0,0
20260910_100810,STILL_1P_NA1,57.147,61997609,692,STILL,NA1,1,P01,LAB01,0,1,-898,2248,0,360
20260910_100810,STILL_1P_NA1,57.147,61997609,692,STILL,NA1,1,P01,LAB01,1,0,0,0,0,0
20260910_100810,STILL_1P_NA1,57.147,61997609,692,STILL,NA1,1,P01,LAB01,2,0,0,0,0,0
20260910_100810,STILL_1P_NA1,57.237,62086720,693,STILL,NA1,1,P01,LAB01,0,1,-885,2253,0,360
20260910_100810,STILL_1P_NA1,57.237,62086720,693,STILL,NA1,1,P01,LAB01,1,0,0,0,0,0
20260910_100810,STILL_1P_NA1,57.237,62086720,693,STILL,NA1,1,P01,LAB01,2,0,0,0,0,0
20260910_100810,STILL_1P_NA1,57.326,62175759,694,STILL,NA1,1,P01,LAB01,0,1,-879,2254,-8,360
20260910_100810,STILL_1P_NA1,57.326,62175759,694,STILL,NA1,1,P01,LAB01,1,0,0,0,0,0
20260910_100810,STILL_1P_NA1,57.326,62175759,694,STILL,NA1,1,P01,LAB01,2,0,0,0,0,0
20260910_100810,STILL_1P_NA1,57.415,62264618,695,STILL,NA1,1,P01,LAB01,0,1,-876,2254,-8,360
20260910_100810,STILL_1P_NA1,57.415,62264618,695,STILL,NA1,1,P01,LAB01,1,0,0,0,0,0
20260910_100810,STILL_1P_NA1,57.415,62264618,695,STILL,NA1,1,P01,LAB01,2,0,0,0,0,0
20260910_100810,STILL_1P_NA1,57.503,62353600,696,STILL,NA1,1,P01,LAB01,0,1,-873,2254,-8,360
20260910_100810,STILL_1P_NA1,57.503,62353600,696,STILL,NA1,1,P01,LAB01,1,0,0,0,0,0
20260910_100810,STILL_1P_NA1,57.503,62353600,696,STILL,NA1,1,P01,LAB01,2,0,0,0,0,0
20260910_100810,STILL_1P_NA1,57.592,62442487,697,STILL,NA1,1,P01,LAB01,0,1,-870,2254,-8,360
20260910_100810,STILL_1P_NA1,57.592,62442487,697,STILL,NA1,1,P01,LAB01,1,0,0,0,0,0
20260910_100810,STILL_1P_NA1,57.592,62442487,697,STILL,NA1,1,P01,LAB01,2,0,0,0,0,0
20260910_100810,STILL_1P_NA1,57.682,62531597,698,STILL,NA1,1,P01,LAB01,0,1,-873,2253,0,360
20260910_100810,STILL_1P_NA1,57.682,62531597,698,STILL,NA1,1,P01,LAB01,1,0,0,0,0,0
20260910_100810,STILL_1P_NA1,57.682,62531597,698,STILL,NA1,1,P01,LAB01,2,0,0,0,0,0
20260910_100810,STILL_1P_NA1,57.771,62620732,699,STILL,NA1,1,P01,LAB01,0,1,-877,2251,0,360
20260910_100810,STILL_1P_NA1,57.771,62620732,699,STILL,NA1,1,P01,LAB01,1,0,0,0,0,0
20260910_100810,STILL_1P_NA1,57.771,62620732,699,STILL,NA1,1,P01,LAB01,2,0,0,0,0,0
20260910_100810,STILL_1P_NA1,57.860,62709623,700,STILL,NA1,1,P01,LAB01,0,1,-875,2249,0,360
20260910_100810,STILL_1P_NA1,57.860,62709623,700,STILL,NA1,1,P01,LAB01,1,0,0,0,0,0
20260910_100810,STILL_1P_NA1,57.860,62709623,700,STILL,NA1,1,P01,LAB01,2,0,0,0,0,0
20260910_100810,STILL_1P_NA1,57.949,62798759,701,STILL,NA1,1,P01,LAB01,0,1,-871,2247,0,360
20260910_100810,STILL_1P_NA1,57.949,62798759,701,STILL,NA1,1,P01,LAB01,1,0,0,0,0,0
20260910_100810,STILL_1P_NA1,57.949,62798759,701,STILL,NA1,1,P01,LAB01,2,0,0,0,0,0
20260910_100810,STILL_1P_NA1,58.038,62887747,702,STILL,NA1,1,P01,LAB01,0,1,-867,2245,0,360
20260910_100810,STILL_1P_NA1,58.038,62887747,702,STILL,NA1,1,P01,LAB01,1,0,0,0,0,0
20260910_100810,STILL_1P_NA1,58.038,62887747,702,STILL,NA1,1,P01,LAB01,2,0,0,0,0,0
20260910_100810,STILL_1P_NA1,58.127,62976411,703,STILL,NA1,1,P01,LAB01,0,1,-867,2247,0,360
20260910_100810,STILL_1P_NA1,58.127,62976411,703,STILL,NA1,1,P01,LAB01,1,0,0,0,0,0
20260910_100810,STILL_1P_NA1,58.127,62976411,703,STILL,NA1,1,P01,LAB01,2,0,0,0,0,0
20260910_100810,STILL_1P_NA1,58.216,63065774,704,STILL,NA1,1,P01,LAB01,0,1,-870,2246,0,360
20260910_100810,STILL_1P_NA1,58.216,63065774,704,STILL,NA1,1,P01,LAB01,1,0,0,0,0,0
20260910_100810,STILL_1P_NA1,58.216,63065774,704,STILL,NA1,1,P01,LAB01,2,0,0,0,0,0
20260910_100810,STILL_1P_NA1,58.305,63154851,705,STILL,NA1,1,P01,LAB01,0,1,-874,2244,0,360
20260910_100810,STILL_1P_NA1,58.305,63154851,705,STILL,NA1,1,P01,LAB01,1,0,0,0,0,0
20260910_100810,STILL_1P_NA1,58.305,63154851,705,STILL,NA1,1,P01,LAB01,2,0,0,0,0,0
20260910_100810,STILL_1P_NA1,58.394,63243677,706,STILL,NA1,1,P01,LAB01,0,1,-879,2243,0,360
20260910_100810,STILL_1P_NA1,58.394,63243677,706,STILL,NA1,1,P01,LAB01,1,0,0,0,0,0
20260910_100810,STILL_1P_NA1,58.394,63243677,706,STILL,NA1,1,P01,LAB01,2,0,0,0,0,0
20260910_100810,STILL_1P_NA1,58.482,63332561,707,STILL,NA1,1,P01,LAB01,0,1,-883,2244,0,360
20260910_100810,STILL_1P_NA1,58.482,63332561,707,STILL,NA1,1,P01,LAB01,1,0,0,0,0,0
20260910_100810,STILL_1P_NA1,58.482,63332561,707,STILL,NA1,1,P01,LAB01,2,0,0,0,0,0
20260910_100810,STILL_1P_NA1,58.571,63421573,708,STILL,NA1,1,P01,LAB01,0,1,-885,2244,0,360
20260910_100810,STILL_1P_NA1,58.571,63421573,708,STILL,NA1,1,P01,LAB01,1,0,0,0,0,0
20260910_100810,STILL_1P_NA1,58.571,63421573,708,STILL,NA1,1,P01,LAB01,2,0,0,0,0,0
20260910_100810,STILL_1P_NA1,58.662,63510494,709,STILL,NA1,1,P01,LAB01,0,1,-887,2246,0,360
20260910_100810,STILL_1P_NA1,58.662,63510494,709,STILL,NA1,1,P01,LAB01,1,0,0,0,0,0
20260910_100810,STILL_1P_NA1,58.662,63510494,709,STILL,NA1,1,P01,LAB01,2,0,0,0,0,0
20260910_100810,STILL_1P_NA1,58.750,63599600,710,STILL,NA1,1,P01,LAB01,0,1,-894,2245,-8,360
20260910_100810,STILL_1P_NA1,58.750,63599600,710,STILL,NA1,1,P01,LAB01,1,0,0,0,0,0
20260910_100810,STILL_1P_NA1,58.750,63599600,710,STILL,NA1,1,P01,LAB01,2,0,0,0,0,0
20260910_100810,STILL_1P_NA1,58.839,63688711,711,STILL,NA1,1,P01,LAB01,0,1,-899,2244,-8,360
20260910_100810,STILL_1P_NA1,58.839,63688711,711,STILL,NA1,1,P01,LAB01,1,0,0,0,0,0
20260910_100810,STILL_1P_NA1,58.839,63688711,711,STILL,NA1,1,P01,LAB01,2,0,0,0,0,0
20260910_100810,STILL_1P_NA1,58.927,63777473,712,STILL,NA1,1,P01,LAB01,0,1,-904,2242,-8,360
20260910_100810,STILL_1P_NA1,58.927,63777473,712,STILL,NA1,1,P01,LAB01,1,0,0,0,0,0
20260910_100810,STILL_1P_NA1,58.927,63777473,712,STILL,NA1,1,P01,LAB01,2,0,0,0,0,0
20260910_100810,STILL_1P_NA1,59.016,63866582,713,STILL,NA1,1,P01,LAB01,0,1,-904,2241,24,360
20260910_100810,STILL_1P_NA1,59.016,63866582,713,STILL,NA1,1,P01,LAB01,1,0,0,0,0,0
20260910_100810,STILL_1P_NA1,59.016,63866582,713,STILL,NA1,1,P01,LAB01,2,0,0,0,0,0
20260910_100810,STILL_1P_NA1,59.106,63955656,714,STILL,NA1,1,P01,LAB01,0,1,-906,2240,-8,360
20260910_100810,STILL_1P_NA1,59.106,63955656,714,STILL,NA1,1,P01,LAB01,1,0,0,0,0,0
20260910_100810,STILL_1P_NA1,59.106,63955656,714,STILL,NA1,1,P01,LAB01,2,0,0,0,0,0
20260910_100810,STILL_1P_NA1,59.195,64044768,715,STILL,NA1,1,P01,LAB01,0,1,-908,2239,8,360
20260910_100810,STILL_1P_NA1,59.195,64044768,715,STILL,NA1,1,P01,LAB01,1,0,0,0,0,0
20260910_100810,STILL_1P_NA1,59.195,64044768,715,STILL,NA1,1,P01,LAB01,2,0,0,0,0,0
20260910_100810,STILL_1P_NA1,59.283,64133176,716,STILL,NA1,1,P01,LAB01,0,1,-911,2239,8,360
20260910_100810,STILL_1P_NA1,59.283,64133176,716,STILL,NA1,1,P01,LAB01,1,0,0,0,0,0
20260910_100810,STILL_1P_NA1,59.283,64133176,716,STILL,NA1,1,P01,LAB01,2,0,0,0,0,0
20260910_100810,STILL_1P_NA1,59.372,64222508,717,STILL,NA1,1,P01,LAB01,0,1,-910,2239,0,360
20260910_100810,STILL_1P_NA1,59.372,64222508,717,STILL,NA1,1,P01,LAB01,1,0,0,0,0,0
20260910_100810,STILL_1P_NA1,59.372,64222508,717,STILL,NA1,1,P01,LAB01,2,0,0,0,0,0
20260910_100810,STILL_1P_NA1,59.461,64311309,718,STILL,NA1,1,P01,LAB01,0,1,-907,2239,0,360
20260910_100810,STILL_1P_NA1,59.461,64311309,718,STILL,NA1,1,P01,LAB01,1,0,0,0,0,0
20260910_100810,STILL_1P_NA1,59.461,64311309,718,STILL,NA1,1,P01,LAB01,2,0,0,0,0,0
20260910_100810,STILL_1P_NA1,59.551,64400638,719,STILL,NA1,1,P01,LAB01,0,1,-909,2238,0,360
20260910_100810,STILL_1P_NA1,59.551,64400638,719,STILL,NA1,1,P01,LAB01,1,0,0,0,0,0
20260910_100810,STILL_1P_NA1,59.551,64400638,719,STILL,NA1,1,P01,LAB01,2,0,0,0,0,0
20260910_100810,STILL_1P_NA1,59.640,64489618,720,STILL,NA1,1,P01,LAB01,0,1,-916,2235,0,360
20260910_100810,STILL_1P_NA1,59.640,64489618,720,STILL,NA1,1,P01,LAB01,1,0,0,0,0,0
20260910_100810,STILL_1P_NA1,59.640,64489618,720,STILL,NA1,1,P01,LAB01,2,0,0,0,0,0
20260910_100810,STILL_1P_NA1,59.728,64578694,721,STILL,NA1,1,P01,LAB01,0,1,-922,2233,0,360
20260910_100810,STILL_1P_NA1,59.728,64578694,721,STILL,NA1,1,P01,LAB01,1,0,0,0,0,0
20260910_100810,STILL_1P_NA1,59.728,64578694,721,STILL,NA1,1,P01,LAB01,2,0,0,0,0,0
20260910_100810,STILL_1P_NA1,59.817,64667360,722,STILL,NA1,1,P01,LAB01,0,1,-926,2231,0,360
20260910_100810,STILL_1P_NA1,59.817,64667360,722,STILL,NA1,1,P01,LAB01,1,0,0,0,0,0
20260910_100810,STILL_1P_NA1,59.817,64667360,722,STILL,NA1,1,P01,LAB01,2,0,0,0,0,0
20260910_100810,STILL_1P_NA1,59.906,64756467,723,STILL,NA1,1,P01,LAB01,0,1,-929,2230,0,360
20260910_100810,STILL_1P_NA1,59.906,64756467,723,STILL,NA1,1,P01,LAB01,1,0,0,0,0,0
20260910_100810,STILL_1P_NA1,59.906,64756467,723,STILL,NA1,1,P01,LAB01,2,0,0,0,0,0
20260910_100810,STILL_1P_NA1,59.995,64845638,724,STILL,NA1,1,P01,LAB01,0,1,-931,2230,0,360
20260910_100810,STILL_1P_NA1,59.995,64845638,724,STILL,NA1,1,P01,LAB01,1,0,0,0,0,0
20260910_100810,STILL_1P_NA1,59.995,64845638,724,STILL,NA1,1,P01,LAB01,2,0,0,0,0,0
20260910_100810,STILL_1P_NA1,60.084,64934650,725,STILL,NA1,1,P01,LAB01,0,1,-933,2231,0,360
20260910_100810,STILL_1P_NA1,60.084,64934650,725,STILL,NA1,1,P01,LAB01,1,0,0,0,0,0
20260910_100810,STILL_1P_NA1,60.084,64934650,725,STILL,NA1,1,P01,LAB01,2,0,0,0,0,0
