session_id,scenario,pc_time_s,esp_time_us,frame_id,activity,direction,people_count,participants,environment,target_slot,valid,x_mm,y_mm,speed_cm_s,resolution_mm
20260910_105156,STILL_1P_NA,0.003,1881508,17,STILL,NA,1,P02,LAB01,0,1,64,5029,0,360
20260910_105156,STILL_1P_NA,0.003,1881508,17,STILL,NA,1,P02,LAB01,1,0,0,0,0,0
20260910_105156,STILL_1P_NA,0.003,1881508,17,STILL,NA,1,P02,LAB01,2,0,0,0,0,0
20260910_105156,STILL_1P_NA,0.005,1970522,18,STILL,NA,1,P02,LAB01,0,1,69,5034,0,360
20260910_105156,STILL_1P_NA,0.005,1970522,18,STILL,NA,1,P02,LAB01,1,0,0,0,0,0
20260910_105156,STILL_1P_NA,0.005,1970522,18,STILL,NA,1,P02,LAB01,2,0,0,0,0,0
20260910_105156,STILL_1P_NA,0.008,2059129,19,STILL,NA,1,P02,LAB01,0,1,95,5035,8,360
20260910_105156,STILL_1P_NA,0.008,2059129,19,STILL,NA,1,P02,LAB01,1,0,0,0,0,0
20260910_105156,STILL_1P_NA,0.008,2059129,19,STILL,NA,1,P02,LAB01,2,0,0,0,0,0
20260910_105156,STILL_1P_NA,0.009,2148425,20,STILL,NA,1,P02,LAB01,0,1,105,5033,0,360
20260910_105156,STILL_1P_NA,0.009,2148425,20,STILL,NA,1,P02,LAB01,1,0,0,0,0,0
20260910_105156,STILL_1P_NA,0.009,2148425,20,STILL,NA,1,P02,LAB01,2,0,0,0,0,0
20260910_105156,STILL_1P_NA,0.010,2237028,21,STILL,NA,1,P02,LAB01,0,1,118,5029,0,360
20260910_105156,STILL_1P_NA,0.010,2237028,21,STILL,NA,1,P02,LAB01,1,0,0,0,0,0
20260910_105156,STILL_1P_NA,0.010,2237028,21,STILL,NA,1,P02,LAB01,2,0,0,0,0,0
20260910_105156,STILL_1P_NA,0.011,2326327,22,STILL,NA,1,P02,LAB01,0,1,125,5026,8,360
20260910_105156,STILL_1P_NA,0.011,2326327,22,STILL,NA,1,P02,LAB01,1,0,0,0,0,0
20260910_105156,STILL_1P_NA,0.011,2326327,22,STILL,NA,1,P02,LAB01,2,0,0,0,0,0
20260910_105156,STILL_1P_NA,0.014,2415431,23,STILL,NA,1,P02,LAB01,0,1,133,5022,0,360
20260910_105156,STILL_1P_NA,0.014,2415431,23,STILL,NA,1,P02,LAB01,1,0,0,0,0,0
20260910_105156,STILL_1P_NA,0.014,2415431,23,STILL,NA,1,P02,LAB01,2,0,0,0,0,0
20260910_105156,STILL_1P_NA,0.019,2504383,24,STILL,NA,1,P02,LAB01,0,1,141,5019,0,360
20260910_105156,STILL_1P_NA,0.019,2504383,24,STILL,NA,1,P02,LAB01,1,0,0,0,0,0
20260910_105156,STILL_1P_NA,0.019,2504383,24,STILL,NA,1,P02,LAB01,2,0,0,0,0,0
20260910_105156,STILL_1P_NA,0.023,2593345,25,STILL,NA,1,P02,LAB01,0,1,148,5015,0,360
20260910_105156,STILL_1P_NA,0.023,2593345,25,STILL,NA,1,P02,LAB01,1,0,0,0,0,0
20260910_105156,STILL_1P_NA,0.023,2593345,25,STILL,NA,1,P02,LAB01,2,0,0,0,0,0
20260910_105156,STILL_1P_NA,0.026,2682536,26,STILL,NA,1,P02,LAB01,0,1,156,5012,0,360
20260910_105156,STILL_1P_NA,0.026,2682536,26,STILL,NA,1,P02,LAB01,1,0,0,0,0,0
20260910_105156,STILL_1P_NA,0.026,2682536,26,STILL,NA,1,P02,LAB01,2,0,0,0,0,0
20260910_105156,STILL_1P_NA,0.029,2771272,27,STILL,NA,1,P02,LAB01,0,1,157,5010,0,360
20260910_105156,STILL_1P_NA,0.029,2771272,27,STILL,NA,1,P02,LAB01,1,0,0,0,0,0
20260910_105156,STILL_1P_NA,0.029,2771272,27,STILL,NA,1,P02,LAB01,2,0,0,0,0,0
20260910_105156,STILL_1P_NA,0.030,2860028,28,STILL,NA,1,P02,LAB01,0,1,150,5011,0,360
20260910_105156,STILL_1P_NA,0.030,2860028,28,STILL,NA,1,P02,LAB01,1,0,0,0,0,0
20260910_105156,STILL_1P_NA,0.030,2860028,28,STILL,NA,1,P02,LAB01,2,0,0,0,0,0
20260910_105156,STILL_1P_NA,0.031,2949268,29,STILL,NA,1,P02,LAB01,0,1,142,5011,0,360
20260910_105156,STILL_1P_NA,0.031,2949268,29,STILL,NA,1,P02,LAB01,1,0,0,0,0,0
20260910_105156,STILL_1P_NA,0.031,2949268,29,STILL,NA,1,P02,LAB01,2,0,0,0,0,0
20260910_105156,STILL_1P_NA,0.033,3038217,30,STILL,NA,1,P02,LAB01,0,1,97,5007,0,360
20260910_105156,STILL_1P_NA,0.033,3038217,30,STILL,NA,1,P02,LAB01,1,0,0,0,0,0
20260910_105156,STILL_1P_NA,0.033,3038217,30,STILL,NA,1,P02,LAB01,2,0,0,0,0,0
20260910_105156,STILL_1P_NA,0.035,3127232,31,STILL,NA,1,P02,LAB01,0,1,42,5003,0,360
20260910_105156,STILL_1P_NA,0.035,3127232,31,STILL,NA,1,P02,LAB01,1,0,0,0,0,0
20260910_105156,STILL_1P_NA,0.035,3127232,31,STILL,NA,1,P02,LAB01,2,0,0,0,0,0
20260910_105156,STILL_1P_NA,0.038,3216309,32,STILL,NA,1,P02,LAB01,0,1,4,5000,0,360
20260910_105156,STILL_1P_NA,0.038,3216309,32,STILL,NA,1,P02,LAB01,1,0,0,0,0,0
20260910_105156,STILL_1P_NA,0.038,3216309,32,STILL,NA,1,P02,LAB01,2,0,0,0,0,0
20260910_105156,STILL_1P_NA,0.039,3305261,33,STILL,NA,1,P02,LAB01,0,1,24,5000,0,360
20260910_105156,STILL_1P_NA,0.039,3305261,33,STILL,NA,1,P02,LAB01,1,0,0,0,0,0
20260910_105156,STILL_1P_NA,0.039,3305261,33,STILL,NA,1,P02,LAB01,2,0,0,0,0,0
20260910_105156,STILL_1P_NA,0.040,3394425,34,STILL,NA,1,P02,LAB01,0,1,33,4999,0,360
20260910_105156,STILL_1P_NA,0.040,3394425,34,STILL,NA,1,P02,LAB01,1,0,0,0,0,0
20260910_105156,STILL_1P_NA,0.040,3394425,34,STILL,NA,1,P02,LAB01,2,0,0,0,0,0
20260910_105156,STILL_1P_NA,0.041,3483223,35,STILL,NA,1,P02,LAB01,0,1,56,4995,0,360
20260910_105156,STILL_1P_NA,0.041,3483223,35,STILL,NA,1,P02,LAB01,1,0,0,0,0,0
20260910_105156,STILL_1P_NA,0.041,3483223,35,STILL,NA,1,P02,LAB01,2,0,0,0,0,0
20260910_105156,STILL_1P_NA,0.043,3572336,36,STILL,NA,1,P02,LAB01,0,1,79,4991,0,360
20260910_105156,STILL_1P_NA,0.043,3572336,36,STILL,NA,1,P02,LAB01,1,0,0,0,0,0
20260910_105156,STILL_1P_NA,0.043,3572336,36,STILL,NA,1,P02,LAB01,2,0,0,0,0,0
20260910_105156,STILL_1P_NA,0.045,3661183,37,STILL,NA,1,P02,LAB01,0,1,93,4989,0,360
20260910_105156,STILL_1P_NA,0.045,3661183,37,STILL,NA,1,P02,LAB01,1,0,0,0,0,0
20260910_105156,STILL_1P_NA,0.045,3661183,37,STILL,NA,1,P02,LAB01,2,0,0,0,0,0
20260910_105156,STILL_1P_NA,0.047,3750197,38,STILL,NA,1,P02,LAB01,0,1,105,4988,0,360
20260910_105156,STILL_1P_NA,0.047,3750197,38,STILL,NA,1,P02,LAB01,1,0,0,0,0,0
20260910_105156,STILL_1P_NA,0.047,3750197,38,STILL,NA,1,P02,LAB01,2,0,0,0,0,0
20260910_105156,STILL_1P_NA,0.047,3839309,39,STILL,NA,1,P02,LAB01,0,1,133,4982,0,360
20260910_105156,STILL_1P_NA,0.047,3839309,39,STILL,NA,1,P02,LAB01,1,0,0,0,0,0
20260910_105156,STILL_1P_NA,0.047,3839309,39,STILL,NA,1,P02,LAB01,2,0,0,0,0,0
20260910_105156,STILL_1P_NA,0.049,3928354,40,STILL,NA,1,P02,LAB01,0,1,186,4976,0,360
20260910_105156,STILL_1P_NA,0.049,3928354,40,STILL,NA,1,P02,LAB01,1,0,0,0,0,0
20260910_105156,STILL_1P_NA,0.049,3928354,40,STILL,NA,1,P02,LAB01,2,0,0,0,0,0
20260910_105156,STILL_1P_NA,0.050,4017177,41,STILL,NA,1,P02,LAB01,0,1,304,4961,0,360
20260910_105156,STILL_1P_NA,0.050,4017177,41,STILL,NA,1,P02,LAB01,1,0,0,0,0,0
20260910_105156,STILL_1P_NA,0.050,4017177,41,STILL,NA,1,P02,LAB01,2,0,0,0,0,0
20260910_105156,STILL_1P_NA,0.052,4106093,42,STILL,NA,1,P02,LAB01,0,1,418,4946,0,360
20260910_105156,STILL_1P_NA,0.052,4106093,42,STILL,NA,1,P02,LAB01,1,0,0,0,0,0
20260910_105156,STILL_1P_NA,0.052,4106093,42,STILL,NA,1,P02,LAB01,2,0,0,0,0,0
20260910_105156,STILL_1P_NA,0.053,4195272,43,STILL,NA,1,P02,LAB01,0,1,523,4933,0,360
20260910_105156,STILL_1P_NA,0.053,4195272,43,STILL,NA,1,P02,LAB01,1,0,0,0,0,0
20260910_105156,STILL_1P_NA,0.053,4195272,43,STILL,NA,1,P02,LAB01,2,0,0,0,0,0
20260910_105156,STILL_1P_NA,0.053,4283943,44,STILL,NA,1,P02,LAB01,0,1,618,4921,0,360
20260910_105156,STILL_1P_NA,0.053,4283943,44,STILL,NA,1,P02,LAB01,1,0,0,0,0,0
20260910_105156,STILL_1P_NA,0.053,4283943,44,STILL,NA,1,P02,LAB01,2,0,0,0,0,0
20260910_105156,STILL_1P_NA,0.054,4373044,45,STILL,NA,1,P02,LAB01,0,1,702,4910,0,360
20260910_105156,STILL_1P_NA,0.054,4373044,45,STILL,NA,1,P02,LAB01,1,0,0,0,0,0
20260910_105156,STILL_1P_NA,0.054,4373044,45,STILL,NA,1,P02,LAB01,2,0,0,0,0,0
20260910_105156,STILL_1P_NA,0.055,4461941,46,STILL,NA,1,P02,LAB01,0,1,767,4903,0,360
20260910_105156,STILL_1P_NA,0.055,4461941,46,STILL,NA,1,P02,LAB01,1,0,0,0,0,0
20260910_105156,STILL_1P_NA,0.055,4461941,46,STILL,NA,1,P02,LAB01,2,0,0,0,0,0
20260910_105156,STILL_1P_NA,0.057,4551232,47,STILL,NA,1,P02,LAB01,0,1,822,4896,0,360
20260910_105156,STILL_1P_NA,0.057,4551232,47,STILL,NA,1,P02,LAB01,1,0,0,0,0,0
20260910_105156,STILL_1P_NA,0.057,4551232,47,STILL,NA,1,P02,LAB01,2,0,0,0,0,0
20260910_105156,STILL_1P_NA,0.058,4640150,48,STILL,NA,1,P02,LAB01,0,1,857,4918,0,360
20260910_105156,STILL_1P_NA,0.058,4640150,48,STILL,NA,1,P02,LAB01,1,0,0,0,0,0
20260910_105156,STILL_1P_NA,0.058,4640150,48,STILL,NA,1,P02,LAB01,2,0,0,0,0,0
20260910_105156,STILL_1P_NA,0.059,4729445,49,STILL,NA,1,P02,LAB01,0,1,871,4933,0,360
20260910_105156,STILL_1P_NA,0.059,4729445,49,STILL,NA,1,P02,LAB01,1,0,0,0,0,0
20260910_105156,STILL_1P_NA,0.059,4729445,49,STILL,NA,1,P02,LAB01,2,0,0,0,0,0
20260910_105156,STILL_1P_NA,0.060,4818142,50,STILL,NA,1,P02,LAB01,0,1,874,4944,0,360
20260910_105156,STILL_1P_NA,0.060,4818142,50,STILL,NA,1,P02,LAB01,1,0,0,0,0,0
20260910_105156,STILL_1P_NA,0.060,4818142,50,STILL,NA,1,P02,LAB01,2,0,0,0,0,0
20260910_105156,STILL_1P_NA,0.060,4906973,51,STILL,NA,1,P02,LAB01,0,1,785,4944,-8,360
20260910_105156,STILL_1P_NA,0.060,4906973,51,STILL,NA,1,P02,LAB01,1,0,0,0,0,0
20260910_105156,STILL_1P_NA,0.060,4906973,51,STILL,NA,1,P02,LAB01,2,0,0,0,0,0
20260910_105156,STILL_1P_NA,0.147,4995618,52,STILL,NA,1,P02,LAB01,0,1,690,4941,-8,360
20260910_105156,STILL_1P_NA,0.147,4995618,52,STILL,NA,1,P02,LAB01,1,0,0,0,0,0
20260910_105156,STILL_1P_NA,0.147,4995618,52,STILL,NA,1,P02,LAB01,2,0,0,0,0,0
20260910_105156,STILL_1P_NA,0.237,5085056,53,STILL,NA,1,P02,LAB01,0,1,604,4938,-8,360
20260910_105156,STILL_1P_NA,0.237,5085056,53,STILL,NA,1,P02,LAB01,1,0,0,0,0,0
20260910_105156,STILL_1P_NA,0.237,5085056,53,STILL,NA,1,P02,LAB01,2,0,0,0,0,0
20260910_105156,STILL_1P_NA,0.325,5174038,54,STILL,NA,1,P02,LAB01,0,1,537,4946,0,360
20260910_105156,STILL_1P_NA,0.325,5174038,54,STILL,NA,1,P02,LAB01,1,0,0,0,0,0
20260910_105156,STILL_1P_NA,0.325,5174038,54,STILL,NA,1,P02,LAB01,2,0,0,0,0,0
20260910_105156,STILL_1P_NA,0.415,5262996,55,STILL,NA,1,P02,LAB01,0,1,517,4949,0,360
20260910_105156,STILL_1P_NA,0.415,5262996,55,STILL,NA,1,P02,LAB01,1,0,0,0,0,0
20260910_105156,STILL_1P_NA,0.415,5262996,55,STILL,NA,1,P02,LAB01,2,0,0,0,0,0
20260910_105156,STILL_1P_NA,0.504,5352188,56,STILL,NA,1,P02,LAB01,0,1,503,4954,0,360
20260910_105156,STILL_1P_NA,0.504,5352188,56,STILL,NA,1,P02,LAB01,1,0,0,0,0,0
20260910_105156,STILL_1P_NA,0.504,5352188,56,STILL,NA,1,P02,LAB01,2,0,0,0,0,0
20260910_105156,STILL_1P_NA,0.593,5441141,57,STILL,NA,1,P02,LAB01,0,1,490,4963,-8,360
20260910_105156,STILL_1P_NA,0.593,5441141,57,STILL,NA,1,P02,LAB01,1,0,0,0,0,0
20260910_105156,STILL_1P_NA,0.593,5441141,57,STILL,NA,1,P02,LAB01,2,0,0,0,0,0
20260910_105156,STILL_1P_NA,0.682,5530094,58,STILL,NA,1,P02,LAB01,0,1,484,4978,-8,360
20260910_105156,STILL_1P_NA,0.682,5530094,58,STILL,NA,1,P02,LAB01,1,0,0,0,0,0
20260910_105156,STILL_1P_NA,0.682,5530094,58,STILL,NA,1,P02,LAB01,2,0,0,0,0,0
20260910_105156,STILL_1P_NA,0.771,5619300,59,STILL,NA,1,P02,LAB01,0,1,480,4996,-8,360
20260910_105156,STILL_1P_NA,0.771,5619300,59,STILL,NA,1,P02,LAB01,1,0,0,0,0,0
20260910_105156,STILL_1P_NA,0.771,5619300,59,STILL,NA,1,P02,LAB01,2,0,0,0,0,0
20260910_105156,STILL_1P_NA,0.860,5708183,60,STILL,NA,1,P02,LAB01,0,1,481,5010,0,360
20260910_105156,STILL_1P_NA,0.860,5708183,60,STILL,NA,1,P02,LAB01,1,0,0,0,0,0
20260910_105156,STILL_1P_NA,0.860,5708183,60,STILL,NA,1,P02,LAB01,2,0,0,0,0,0
20260910_105156,STILL_1P_NA,0.949,5797105,61,STILL,NA,1,P02,LAB01,0,1,480,5014,0,360
20260910_105156,STILL_1P_NA,0.949,5797105,61,STILL,NA,1,P02,LAB01,1,0,0,0,0,0
20260910_105156,STILL_1P_NA,0.949,5797105,61,STILL,NA,1,P02,LAB01,2,0,0,0,0,0
20260910_105156,STILL_1P_NA,1.038,5886146,62,STILL,NA,1,P02,LAB01,0,1,483,5012,0,360
20260910_105156,STILL_1P_NA,1.038,5886146,62,STILL,NA,1,P02,LAB01,1,0,0,0,0,0
20260910_105156,STILL_1P_NA,1.038,5886146,62,STILL,NA,1,P02,LAB01,2,0,0,0,0,0
20260910_105156,STILL_1P_NA,1.127,5975197,63,STILL,NA,1,P02,LAB01,0,1,489,5006,0,360
20260910_105156,STILL_1P_NA,1.127,5975197,63,STILL,NA,1,P02,LAB01,1,0,0,0,0,0
20260910_105156,STILL_1P_NA,1.127,5975197,63,STILL,NA,1,P02,LAB01,2,0,0,0,0,0
20260910_105156,STILL_1P_NA,1.216,6064177,64,STILL,NA,1,P02,LAB01,0,1,494,5000,0,360
20260910_105156,STILL_1P_NA,1.216,6064177,64,STILL,NA,1,P02,LAB01,1,0,0,0,0,0
20260910_105156,STILL_1P_NA,1.216,6064177,64,STILL,NA,1,P02,LAB01,2,0,0,0,0,0
20260910_105156,STILL_1P_NA,1.305,6152851,65,STILL,NA,1,P02,LAB01,0,1,499,4994,0,360
20260910_105156,STILL_1P_NA,1.305,6152851,65,STILL,NA,1,P02,LAB01,1,0,0,0,0,0
20260910_105156,STILL_1P_NA,1.305,6152851,65,STILL,NA,1,P02,LAB01,2,0,0,0,0,0
20260910_105156,STILL_1P_NA,1.394,6242077,66,STILL,NA,1,P02,LAB01,0,1,509,4985,0,360
20260910_105156,STILL_1P_NA,1.394,6242077,66,STILL,NA,1,P02,LAB01,1,0,0,0,0,0
20260910_105156,STILL_1P_NA,1.394,6242077,66,STILL,NA,1,P02,LAB01,2,0,0,0,0,0
20260910_105156,STILL_1P_NA,1.483,6331314,67,STILL,NA,1,P02,LAB01,0,1,515,4978,-8,360
20260910_105156,STILL_1P_NA,1.483,6331314,67,STILL,NA,1,P02,LAB01,1,0,0,0,0,0
20260910_105156,STILL_1P_NA,1.483,6331314,67,STILL,NA,1,P02,LAB01,2,0,0,0,0,0
20260910_105156,STILL_1P_NA,1.572,6420132,68,STILL,NA,1,P02,LAB01,0,1,508,4978,0,360
20260910_105156,STILL_1P_NA,1.572,6420132,68,STILL,NA,1,P02,LAB01,1,0,0,0,0,0
20260910_105156,STILL_1P_NA,1.572,6420132,68,STILL,NA,1,P02,LAB01,2,0,0,0,0,0
20260910_105156,STILL_1P_NA,1.661,6509283,69,STILL,NA,1,P02,LAB01,0,1,502,4977,0,360
20260910_105156,STILL_1P_NA,1.661,6509283,69,STILL,NA,1,P02,LAB01,1,0,0,0,0,0
20260910_105156,STILL_1P_NA,1.661,6509283,69,STILL,NA,1,P02,LAB01,2,0,0,0,0,0
20260910_105156,STILL_1P_NA,1.749,6597982,70,STILL,NA,1,P02,LAB01,0,1,502,4975,0,360
20260910_105156,STILL_1P_NA,1.749,6597982,70,STILL,NA,1,P02,LAB01,1,0,0,0,0,0
20260910_105156,STILL_1P_NA,1.749,6597982,70,STILL,NA,1,P02,LAB01,2,0,0,0,0,0
20260910_105156,STILL_1P_NA,1.839,6687050,71,STILL,NA,1,P02,LAB01,0,1,509,4971,8,360
20260910_105156,STILL_1P_NA,1.839,6687050,71,STILL,NA,1,P02,LAB01,1,0,0,0,0,0
20260910_105156,STILL_1P_NA,1.839,6687050,71,STILL,NA,1,P02,LAB01,2,0,0,0,0,0
20260910_105156,STILL_1P_NA,1.928,6776188,72,STILL,NA,1,P02,LAB01,0,1,516,4968,0,360
20260910_105156,STILL_1P_NA,1.928,6776188,72,STILL,NA,1,P02,LAB01,1,0,0,0,0,0
20260910_105156,STILL_1P_NA,1.928,6776188,72,STILL,NA,1,P02,LAB01,2,0,0,0,0,0
20260910_105156,STILL_1P_NA,2.017,6865050,73,STILL,NA,1,P02,LAB01,0,1,530,4965,0,360
20260910_105156,STILL_1P_NA,2.017,6865050,73,STILL,NA,1,P02,LAB01,1,0,0,0,0,0
20260910_105156,STILL_1P_NA,2.017,6865050,73,STILL,NA,1,P02,LAB01,2,0,0,0,0,0
20260910_105156,STILL_1P_NA,2.106,6953887,74,STILL,NA,1,P02,LAB01,0,1,548,4961,0,360
20260910_105156,STILL_1P_NA,2.106,6953887,74,STILL,NA,1,P02,LAB01,1,0,0,0,0,0
20260910_105156,STILL_1P_NA,2.106,6953887,74,STILL,NA,1,P02,LAB01,2,0,0,0,0,0
20260910_105156,STILL_1P_NA,2.195,7043168,75,STILL,NA,1,P02,LAB01,0,1,565,4958,0,360
20260910_105156,STILL_1P_NA,2.195,7043168,75,STILL,NA,1,P02,LAB01,1,0,0,0,0,0
20260910_105156,STILL_1P_NA,2.195,7043168,75,STILL,NA,1,P02,LAB01,2,0,0,0,0,0
20260910_105156,STILL_1P_NA,2.283,7131629,76,STILL,NA,1,P02,LAB01,0,1,577,4955,0,360
20260910_105156,STILL_1P_NA,2.283,7131629,76,STILL,NA,1,P02,LAB01,1,0,0,0,0,0
20260910_105156,STILL_1P_NA,2.283,7131629,76,STILL,NA,1,P02,LAB01,2,0,0,0,0,0
20260910_105156,STILL_1P_NA,2.373,7221132,77,STILL,NA,1,P02,LAB01,0,1,567,4958,0,360
20260910_105156,STILL_1P_NA,2.373,7221132,77,STILL,NA,1,P02,LAB01,1,0,0,0,0,0
20260910_105156,STILL_1P_NA,2.373,7221132,77,STILL,NA,1,P02,LAB01,2,0,0,0,0,0
20260910_105156,STILL_1P_NA,2.461,7309783,78,STILL,NA,1,P02,LAB01,0,1,545,4959,0,360
20260910_105156,STILL_1P_NA,2.461,7309783,78,STILL,NA,1,P02,LAB01,1,0,0,0,0,0
20260910_105156,STILL_1P_NA,2.461,7309783,78,STILL,NA,1,P02,LAB01,2,0,0,0,0,0
20260910_105156,STILL_1P_NA,2.551,7399160,79,STILL,NA,1,P02,LAB01,0,1,522,4959,8,360
20260910_105156,STILL_1P_NA,2.551,7399160,79,STILL,NA,1,P02,LAB01,1,0,0,0,0,0
20260910_105156,STILL_1P_NA,2.551,7399160,79,STILL,NA,1,P02,LAB01,2,0,0,0,0,0
20260910_105156,STILL_1P_NA,2.640,7487961,80,STILL,NA,1,P02,LAB01,0,1,476,4954,0,360
20260910_105156,STILL_1P_NA,2.640,7487961,80,STILL,NA,1,P02,LAB01,1,0,0,0,0,0
20260910_105156,STILL_1P_NA,2.640,7487961,80,STILL,NA,1,P02,LAB01,2,0,0,0,0,0
20260910_105156,STILL_1P_NA,2.728,7577011,81,STILL,NA,1,P02,LAB01,0,1,473,4945,0,360
20260910_105156,STILL_1P_NA,2.728,7577011,81,STILL,NA,1,P02,LAB01,1,0,0,0,0,0
20260910_105156,STILL_1P_NA,2.728,7577011,81,STILL,NA,1,P02,LAB01,2,0,0,0,0,0
20260910_105156,STILL_1P_NA,2.818,7665837,82,STILL,NA,1,P02,LAB01,0,1,471,4945,8,360
20260910_105156,STILL_1P_NA,2.818,7665837,82,STILL,NA,1,P02,LAB01,1,0,0,0,0,0
20260910_105156,STILL_1P_NA,2.818,7665837,82,STILL,NA,1,P02,LAB01,2,0,0,0,0,0
20260910_105156,STILL_1P_NA,2.907,7755056,83,STILL,NA,1,P02,LAB01,0,1,476,4944,0,360
20260910_105156,STILL_1P_NA,2.907,7755056,83,STILL,NA,1,P02,LAB01,1,0,0,0,0,0
20260910_105156,STILL_1P_NA,2.907,7755056,83,STILL,NA,1,P02,LAB01,2,0,0,0,0,0
20260910_105156,STILL_1P_NA,2.996,7844013,84,STILL,NA,1,P02,LAB01,0,1,492,4941,0,360
20260910_105156,STILL_1P_NA,2.996,7844013,84,STILL,NA,1,P02,LAB01,1,0,0,0,0,0
20260910_105156,STILL_1P_NA,2.996,7844013,84,STILL,NA,1,P02,LAB01,2,0,0,0,0,0
20260910_105156,STILL_1P_NA,3.084,7932656,85,STILL,NA,1,P02,LAB01,0,1,513,4938,0,360
20260910_105156,STILL_1P_NA,3.084,7932656,85,STILL,NA,1,P02,LAB01,1,0,0,0,0,0
20260910_105156,STILL_1P_NA,3.084,7932656,85,STILL,NA,1,P02,LAB01,2,0,0,0,0,0
20260910_105156,STILL_1P_NA,3.173,8021769,86,STILL,NA,1,P02,LAB01,0,1,534,4936,0,360
20260910_105156,STILL_1P_NA,3.173,8021769,86,STILL,NA,1,P02,LAB01,1,0,0,0,0,0
20260910_105156,STILL_1P_NA,3.173,8021769,86,STILL,NA,1,P02,LAB01,2,0,0,0,0,0
20260910_105156,STILL_1P_NA,3.262,8110783,87,STILL,NA,1,P02,LAB01,0,1,549,4934,0,360
20260910_105156,STILL_1P_NA,3.262,8110783,87,STILL,NA,1,P02,LAB01,1,0,0,0,0,0
20260910_105156,STILL_1P_NA,3.262,8110783,87,STILL,NA,1,P02,LAB01,2,0,0,0,0,0
20260910_105156,STILL_1P_NA,3.351,8199759,88,STILL,NA,1,P02,LAB01,0,1,561,4932,0,360
20260910_105156,STILL_1P_NA,3.351,8199759,88,STILL,NA,1,P02,LAB01,1,0,0,0,0,0
20260910_105156,STILL_1P_NA,3.351,8199759,88,STILL,NA,1,P02,LAB01,2,0,0,0,0,0
20260910_105156,STILL_1P_NA,3.440,8288810,89,STILL,NA,1,P02,LAB01,0,1,574,4931,0,360
20260910_105156,STILL_1P_NA,3.440,8288810,89,STILL,NA,1,P02,LAB01,1,0,0,0,0,0
20260910_105156,STILL_1P_NA,3.440,8288810,89,STILL,NA,1,P02,LAB01,2,0,0,0,0,0
20260910_105156,STILL_1P_NA,3.529,8377754,90,STILL,NA,1,P02,LAB01,0,1,586,4929,0,360
20260910_105156,STILL_1P_NA,3.529,8377754,90,STILL,NA,1,P02,LAB01,1,0,0,0,0,0
20260910_105156,STILL_1P_NA,3.529,8377754,90,STILL,NA,1,P02,LAB01,2,0,0,0,0,0
20260910_105156,STILL_1P_NA,3.618,8466645,91,STILL,NA,1,P02,LAB01,0,1,597,4928,0,360
20260910_105156,STILL_1P_NA,3.618,8466645,91,STILL,NA,1,P02,LAB01,1,0,0,0,0,0
20260910_105156,STILL_1P_NA,3.618,8466645,91,STILL,NA,1,P02,LAB01,2,0,0,0,0,0
20260910_105156,STILL_1P_NA,3.707,8555628,92,STILL,NA,1,P02,LAB01,0,1,608,4926,0,360
20260910_105156,STILL_1P_NA,3.707,8555628,92,STILL,NA,1,P02,LAB01,1,0,0,0,0,0
20260910_105156,STILL_1P_NA,3.707,8555628,92,STILL,NA,1,P02,LAB01,2,0,0,0,0,0
20260910_105156,STILL_1P_NA,3.796,8644546,93,STILL,NA,1,P02,LAB01,0,1,619,4925,0,360
20260910_105156,STILL_1P_NA,3.796,8644546,93,STILL,NA,1,P02,LAB01,1,0,0,0,0,0
20260910_105156,STILL_1P_NA,3.796,8644546,93,STILL,NA,1,P02,LAB01,2,0,0,0,0,0
20260910_105156,STILL_1P_NA,3.885,8733624,94,STILL,NA,1,P02,LAB01,0,1,629,4924,0,360
20260910_105156,STILL_1P_NA,3.885,8733624,94,STILL,NA,1,P02,LAB01,1,0,0,0,0,0
20260910_105156,STILL_1P_NA,3.885,8733624,94,STILL,NA,1,P02,LAB01,2,0,0,0,0,0
20260910_105156,STILL_1P_NA,3.974,8822701,95,STILL,NA,1,P02,LAB01,0,1,639,4923,0,360
20260910_105156,STILL_1P_NA,3.974,8822701,95,STILL,NA,1,P02,LAB01,1,0,0,0,0,0
20260910_105156,STILL_1P_NA,3.974,8822701,95,STILL,NA,1,P02,LAB01,2,0,0,0,0,0
20260910_105156,STILL_1P_NA,4.064,8911810,96,STILL,NA,1,P02,LAB01,0,1,645,4921,0,360
20260910_105156,STILL_1P_NA,4.064,8911810,96,STILL,NA,1,P02,LAB01,1,0,0,0,0,0
20260910_105156,STILL_1P_NA,4.064,8911810,96,STILL,NA,1,P02,LAB01,2,0,0,0,0,0
20260910_105156,STILL_1P_NA,4.152,9000638,97,STILL,NA,1,P02,LAB01,0,1,646,4920,0,360
20260910_105156,STILL_1P_NA,4.152,9000638,97,STILL,NA,1,P02,LAB01,1,0,0,0,0,0
20260910_105156,STILL_1P_NA,4.152,9000638,97,STILL,NA,1,P02,LAB01,2,0,0,0,0,0
20260910_105156,STILL_1P_NA,4.241,9089991,98,STILL,NA,1,P02,LAB01,0,1,640,4921,0,360
20260910_105156,STILL_1P_NA,4.241,9089991,98,STILL,NA,1,P02,LAB01,1,0,0,0,0,0
20260910_105156,STILL_1P_NA,4.241,9089991,98,STILL,NA,1,P02,LAB01,2,0,0,0,0,0
20260910_105156,STILL_1P_NA,4.330,9178665,99,STILL,NA,1,P02,LAB01,0,1,630,4924,0,360
20260910_105156,STILL_1P_NA,4.330,9178665,99,STILL,NA,1,P02,LAB01,1,0,0,0,0,0
20260910_105156,STILL_1P_NA,4.330,9178665,99,STILL,NA,1,P02,LAB01,2,0,0,0,0,0
20260910_105156,STILL_1P_NA,4.420,9267769,100,STILL,NA,1,P02,LAB01,0,1,622,4927,0,360
20260910_105156,STILL_1P_NA,4.420,9267769,100,STILL,NA,1,P02,LAB01,1,0,0,0,0,0
20260910_105156,STILL_1P_NA,4.420,9267769,100,STILL,NA,1,P02,LAB01,2,0,0,0,0,0
20260910_105156,STILL_1P_NA,4.508,9356656,101,STILL,NA,1,P02,LAB01,0,1,619,4928,0,360
20260910_105156,STILL_1P_NA,4.508,9356656,101,STILL,NA,1,P02,LAB01,1,0,0,0,0,0
20260910_105156,STILL_1P_NA,4.508,9356656,101,STILL,NA,1,P02,LAB01,2,0,0,0,0,0
20260910_105156,STILL_1P_NA,4.598,9445890,102,STILL,NA,1,P02,LAB01,0,1,618,4930,0,360
20260910_105156,STILL_1P_NA,4.598,9445890,102,STILL,NA,1,P02,LAB01,1,0,0,0,0,0
20260910_105156,STILL_1P_NA,4.598,9445890,102,STILL,NA,1,P02,LAB01,2,0,0,0,0,0
20260910_105156,STILL_1P_NA,4.686,9534562,103,STILL,NA,1,P02,LAB01,0,1,614,4930,0,360
20260910_105156,STILL_1P_NA,4.686,9534562,103,STILL,NA,1,P02,LAB01,1,0,0,0,0,0
20260910_105156,STILL_1P_NA,4.686,9534562,103,STILL,NA,1,P02,LAB01,2,0,0,0,0,0
20260910_105156,STILL_1P_NA,4.776,9623824,104,STILL,NA,1,P02,LAB01,0,1,606,4931,0,360
20260910_105156,STILL_1P_NA,4.776,9623824,104,STILL,NA,1,P02,LAB01,1,0,0,0,0,0
20260910_105156,STILL_1P_NA,4.776,9623824,104,STILL,NA,1,P02,LAB01,2,0,0,0,0,0
20260910_105156,STILL_1P_NA,4.864,9712460,105,STILL,NA,1,P02,LAB01,0,1,593,4931,0,360
20260910_105156,STILL_1P_NA,4.864,9712460,105,STILL,NA,1,P02,LAB01,1,0,0,0,0,0
20260910_105156,STILL_1P_NA,4.864,9712460,105,STILL,NA,1,P02,LAB01,2,0,0,0,0,0
20260910_105156,STILL_1P_NA,4.953,9801754,106,STILL,NA,1,P02,LAB01,0,1,582,4931,0,360
20260910_105156,STILL_1P_NA,4.953,9801754,106,STILL,NA,1,P02,LAB01,1,0,0,0,0,0
20260910_105156,STILL_1P_NA,4.953,9801754,106,STILL,NA,1,P02,LAB01,2,0,0,0,0,0
20260910_105156,STILL_1P_NA,5.042,9890363,107,STILL,NA,1,P02,LAB01,0,1,570,4931,0,360
20260910_105156,STILL_1P_NA,5.042,9890363,107,STILL,NA,1,P02,LAB01,1,0,0,0,0,0
20260910_105156,STILL_1P_NA,5.042,9890363,107,STILL,NA,1,P02,LAB01,2,0,0,0,0,0
20260910_105156,STILL_1P_NA,5.132,9979721,108,STILL,NA,1,P02,LAB01,0,1,558,4931,0,360
20260910_105156,STILL_1P_NA,5.132,9979721,108,STILL,NA,1,P02,LAB01,1,0,0,0,0,0
20260910_105156,STILL_1P_NA,5.132,9979721,108,STILL,NA,1,P02,LAB01,2,0,0,0,0,0
20260910_105156,STILL_1P_NA,5.220,10068268,109,STILL,NA,1,P02,LAB01,0,1,546,4932,0,360
20260910_105156,STILL_1P_NA,5.220,10068268,109,STILL,NA,1,P02,LAB01,1,0,0,0,0,0
20260910_105156,STILL_1P_NA,5.220,10068268,109,STILL,NA,1,P02,LAB01,2,0,0,0,0,0
20260910_105156,STILL_1P_NA,5.309,10157597,110,STILL,NA,1,P02,LAB01,0,1,536,4932,0,360
20260910_105156,STILL_1P_NA,5.309,10157597,110,STILL,NA,1,P02,LAB01,1,0,0,0,0,0
20260910_105156,STILL_1P_NA,5.309,10157597,110,STILL,NA,1,P02,LAB01,2,0,0,0,0,0
20260910_105156,STILL_1P_NA,5.398,10246508,111,STILL,NA,1,P02,LAB01,0,1,525,4933,0,360
20260910_105156,STILL_1P_NA,5.398,10246508,111,STILL,NA,1,P02,LAB01,1,0,0,0,0,0
20260910_105156,STILL_1P_NA,5.398,10246508,111,STILL,NA,1,P02,LAB01,2,0,0,0,0,0
20260910_105156,STILL_1P_NA,5.488,10335624,112,STILL,NA,1,P02,LAB01,0,1,515,4934,0,360
20260910_105156,STILL_1P_NA,5.488,10335624,112,STILL,NA,1,P02,LAB01,1,0,0,0,0,0
20260910_105156,STILL_1P_NA,5.488,10335624,112,STILL,NA,1,P02,LAB01,2,0,0,0,0,0
20260910_105156,STILL_1P_NA,5.576,10424537,113,STILL,NA,1,P02,LAB01,0,1,510,4937,0,360
20260910_105156,STILL_1P_NA,5.576,10424537,113,STILL,NA,1,P02,LAB01,1,0,0,0,0,0
20260910_105156,STILL_1P_NA,5.576,10424537,113,STILL,NA,1,P02,LAB01,2,0,0,0,0,0
20260910_105156,STILL_1P_NA,5.665,10513774,114,STILL,NA,1,P02,LAB01,0,1,509,4938,0,360
20260910_105156,STILL_1P_NA,5.665,10513774,114,STILL,NA,1,P02,LAB01,1,0,0,0,0,0
20260910_105156,STILL_1P_NA,5.665,10513774,114,STILL,NA,1,P02,LAB01,2,0,0,0,0,0
20260910_105156,STILL_1P_NA,5.754,10602288,115,STILL,NA,1,P02,LAB01,0,1,512,4934,0,360
20260910_105156,STILL_1P_NA,5.754,10602288,115,STILL,NA,1,P02,LAB01,1,0,0,0,0,0
20260910_105156,STILL_1P_NA,5.754,10602288,115,STILL,NA,1,P02,LAB01,2,0,0,0,0,0
20260910_105156,STILL_1P_NA,5.843,10691268,116,STILL,NA,1,P02,LAB01,0,1,517,4928,0,360
20260910_105156,STILL_1P_NA,5.843,10691268,116,STILL,NA,1,P02,LAB01,1,0,0,0,0,0
20260910_105156,STILL_1P_NA,5.843,10691268,116,STILL,NA,1,P02,LAB01,2,0,0,0,0,0
20260910_105156,STILL_1P_NA,5.932,10780432,117,STILL,NA,1,P02,LAB01,0,1,523,4927,0,360
20260910_105156,STILL_1P_NA,5.932,10780432,117,STILL,NA,1,P02,LAB01,1,0,0,0,0,0
20260910_105156,STILL_1P_NA,5.932,10780432,117,STILL,NA,1,P02,LAB01,2,0,0,0,0,0
20260910_105156,STILL_1P_NA,6.021,10869546,118,STILL,NA,1,P02,LAB01,0,1,529,4929,0,360
20260910_105156,STILL_1P_NA,6.021,10869546,118,STILL,NA,1,P02,LAB01,1,0,0,0,0,0
20260910_105156,STILL_1P_NA,6.021,10869546,118,STILL,NA,1,P02,LAB01,2,0,0,0,0,0
20260910_105156,STILL_1P_NA,6.110,10958460,119,STILL,NA,1,P02,LAB01,0,1,534,4930,0,360
20260910_105156,STILL_1P_NA,6.110,10958460,119,STILL,NA,1,P02,LAB01,1,0,0,0,0,0
20260910_105156,STILL_1P_NA,6.110,10958460,119,STILL,NA,1,P02,LAB01,2,0,0,0,0,0
20260910_105156,STILL_1P_NA,6.199,11047445,120,STILL,NA,1,P02,LAB01,0,1,533,4931,0,360
20260910_105156,STILL_1P_NA,6.199,11047445,120,STILL,NA,1,P02,LAB01,1,0,0,0,0,0
20260910_105156,STILL_1P_NA,6.199,11047445,120,STILL,NA,1,P02,LAB01,2,0,0,0,0,0
20260910_105156,STILL_1P_NA,6.288,11136362,121,STILL,NA,1,P02,LAB01,0,1,528,4932,0,360
20260910_105156,STILL_1P_NA,6.288,11136362,121,STILL,NA,1,P02,LAB01,1,0,0,0,0,0
20260910_105156,STILL_1P_NA,6.288,11136362,121,STILL,NA,1,P02,LAB01,2,0,0,0,0,0
20260910_105156,STILL_1P_NA,6.377,11225628,122,STILL,NA,1,P02,LAB01,0,1,516,4935,0,360
20260910_105156,STILL_1P_NA,6.377,11225628,122,STILL,NA,1,P02,LAB01,1,0,0,0,0,0
20260910_105156,STILL_1P_NA,6.377,11225628,122,STILL,NA,1,P02,LAB01,2,0,0,0,0,0
20260910_105156,STILL_1P_NA,6.466,11314488,123,STILL,NA,1,P02,LAB01,0,1,496,4941,0,360
20260910_105156,STILL_1P_NA,6.466,11314488,123,STILL,NA,1,P02,LAB01,1,0,0,0,0,0
20260910_105156,STILL_1P_NA,6.466,11314488,123,STILL,NA,1,P02,LAB01,2,0,0,0,0,0
20260910_105156,STILL_1P_NA,6.555,11403501,124,STILL,NA,1,P02,LAB01,0,1,430,4965,0,360
20260910_105156,STILL_1P_NA,6.555,11403501,124,STILL,NA,1,P02,LAB01,1,0,0,0,0,0
20260910_105156,STILL_1P_NA,6.555,11403501,124,STILL,NA,1,P02,LAB01,2,0,0,0,0,0
20260910_105156,STILL_1P_NA,6.644,11492268,125,STILL,NA,1,P02,LAB01,0,1,381,4977,0,360
20260910_105156,STILL_1P_NA,6.644,11492268,125,STILL,NA,1,P02,LAB01,1,0,0,0,0,0
20260910_105156,STILL_1P_NA,6.644,11492268,125,STILL,NA,1,P02,LAB01,2,0,0,0,0,0
20260910_105156,STILL_1P_NA,6.733,11581494,126,STILL,NA,1,P02,LAB01,0,1,373,4979,-8,360
20260910_105156,STILL_1P_NA,6.733,11581494,126,STILL,NA,1,P02,LAB01,1,0,0,0,0,0
20260910_105156,STILL_1P_NA,6.733,11581494,126,STILL,NA,1,P02,LAB01,2,0,0,0,0,0
20260910_105156,STILL_1P_NA,6.822,11670261,127,STILL,NA,1,P02,LAB01,0,1,373,4977,-8,360
20260910_105156,STILL_1P_NA,6.822,11670261,127,STILL,NA,1,P02,LAB01,1,0,0,0,0,0
20260910_105156,STILL_1P_NA,6.822,11670261,127,STILL,NA,1,P02,LAB01,2,0,0,0,0,0
20260910_105156,STILL_1P_NA,6.911,11759556,128,STILL,NA,1,P02,LAB01,0,1,374,4975,0,360
20260910_105156,STILL_1P_NA,6.911,11759556,128,STILL,NA,1,P02,LAB01,1,0,0,0,0,0
20260910_105156,STILL_1P_NA,6.911,11759556,128,STILL,NA,1,P02,LAB01,2,0,0,0,0,0
20260910_105156,STILL_1P_NA,7.000,11848377,129,STILL,NA,1,P02,LAB01,0,1,387,4971,-8,360
20260910_105156,STILL_1P_NA,7.000,11848377,129,STILL,NA,1,P02,LAB01,1,0,0,0,0,0
20260910_105156,STILL_1P_NA,7.000,11848377,129,STILL,NA,1,P02,LAB01,2,0,0,0,0,0
20260910_105156,STILL_1P_NA,7.089,11937556,130,STILL,NA,1,P02,LAB01,0,1,413,4959,0,360
20260910_105156,STILL_1P_NA,7.089,11937556,130,STILL,NA,1,P02,LAB01,1,0,0,0,0,0
20260910_105156,STILL_1P_NA,7.089,11937556,130,STILL,NA,1,P02,LAB01,2,0,0,0,0,0
20260910_105156,STILL_1P_NA,7.178,12026377,131,STILL,NA,1,P02,LAB01,0,1,437,4972,0,360
20260910_105156,STILL_1P_NA,7.178,12026377,131,STILL,NA,1,P02,LAB01,1,0,0,0,0,0
20260910_105156,STILL_1P_NA,7.178,12026377,131,STILL,NA,1,P02,LAB01,2,0,0,0,0,0
20260910_105156,STILL_1P_NA,7.267,12115671,132,STILL,NA,1,P02,LAB01,0,1,465,4988,0,360
20260910_105156,STILL_1P_NA,7.267,12115671,132,STILL,NA,1,P02,LAB01,1,0,0,0,0,0
20260910_105156,STILL_1P_NA,7.267,12115671,132,STILL,NA,1,P02,LAB01,2,0,0,0,0,0
20260910_105156,STILL_1P_NA,7.356,12204529,133,STILL,NA,1,P02,LAB01,0,1,491,5002,0,360
20260910_105156,STILL_1P_NA,7.356,12204529,133,STILL,NA,1,P02,LAB01,1,0,0,0,0,0
20260910_105156,STILL_1P_NA,7.356,12204529,133,STILL,NA,1,P02,LAB01,2,0,0,0,0,0
20260910_105156,STILL_1P_NA,7.445,12293609,134,STILL,NA,1,P02,LAB01,0,1,499,5008,0,360
20260910_105156,STILL_1P_NA,7.445,12293609,134,STILL,NA,1,P02,LAB01,1,0,0,0,0,0
20260910_105156,STILL_1P_NA,7.445,12293609,134,STILL,NA,1,P02,LAB01,2,0,0,0,0,0
20260910_105156,STILL_1P_NA,7.534,12382370,135,STILL,NA,1,P02,LAB01,0,1,511,5002,0,360
20260910_105156,STILL_1P_NA,7.534,12382370,135,STILL,NA,1,P02,LAB01,1,0,0,0,0,0
20260910_105156,STILL_1P_NA,7.534,12382370,135,STILL,NA,1,P02,LAB01,2,0,0,0,0,0
20260910_105156,STILL_1P_NA,7.623,12471508,136,STILL,NA,1,P02,LAB01,0,1,506,4983,0,360
20260910_105156,STILL_1P_NA,7.623,12471508,136,STILL,NA,1,P02,LAB01,1,0,0,0,0,0
20260910_105156,STILL_1P_NA,7.623,12471508,136,STILL,NA,1,P02,LAB01,2,0,0,0,0,0
20260910_105156,STILL_1P_NA,7.712,12560452,137,STILL,NA,1,P02,LAB01,0,1,496,4957,0,360
20260910_105156,STILL_1P_NA,7.712,12560452,137,STILL,NA,1,P02,LAB01,1,0,0,0,0,0
20260910_105156,STILL_1P_NA,7.712,12560452,137,STILL,NA,1,P02,LAB01,2,0,0,0,0,0
20260910_105156,STILL_1P_NA,7.802,12649600,138,STILL,NA,1,P02,LAB01,0,1,495,4934,8,360
20260910_105156,STILL_1P_NA,7.802,12649600,138,STILL,NA,1,P02,LAB01,1,0,0,0,0,0
20260910_105156,STILL_1P_NA,7.802,12649600,138,STILL,NA,1,P02,LAB01,2,0,0,0,0,0
20260910_105156,STILL_1P_NA,7.890,12738453,139,STILL,NA,1,P02,LAB01,0,1,514,4923,8,360
20260910_105156,STILL_1P_NA,7.890,12738453,139,STILL,NA,1,P02,LAB01,1,0,0,0,0,0
20260910_105156,STILL_1P_NA,7.890,12738453,139,STILL,NA,1,P02,LAB01,2,0,0,0,0,0
20260910_105156,STILL_1P_NA,7.979,12827529,140,STILL,NA,1,P02,LAB01,0,1,540,4917,8,360
20260910_105156,STILL_1P_NA,7.979,12827529,140,STILL,NA,1,P02,LAB01,1,0,0,0,0,0
20260910_105156,STILL_1P_NA,7.979,12827529,140,STILL,NA,1,P02,LAB01,2,0,0,0,0,0
20260910_105156,STILL_1P_NA,8.068,12916445,141,STILL,NA,1,P02,LAB01,0,1,564,4911,8,360
20260910_105156,STILL_1P_NA,8.068,12916445,141,STILL,NA,1,P02,LAB01,1,0,0,0,0,0
20260910_105156,STILL_1P_NA,8.068,12916445,141,STILL,NA,1,P02,LAB01,2,0,0,0,0,0
20260910_105156,STILL_1P_NA,8.157,13005177,142,STILL,NA,1,P02,LAB01,0,1,585,4905,8,360
20260910_105156,STILL_1P_NA,8.157,13005177,142,STILL,NA,1,P02,LAB01,1,0,0,0,0,0
20260910_105156,STILL_1P_NA,8.157,13005177,142,STILL,NA,1,P02,LAB01,2,0,0,0,0,0
20260910_105156,STILL_1P_NA,8.246,13094127,143,STILL,NA,1,P02,LAB01,0,1,587,4907,0,360
20260910_105156,STILL_1P_NA,8.246,13094127,143,STILL,NA,1,P02,LAB01,1,0,0,0,0,0
20260910_105156,STILL_1P_NA,8.246,13094127,143,STILL,NA,1,P02,LAB01,2,0,0,0,0,0
20260910_105156,STILL_1P_NA,8.335,13183363,144,STILL,NA,1,P02,LAB01,0,1,587,4907,0,360
20260910_105156,STILL_1P_NA,8.335,13183363,144,STILL,NA,1,P02,LAB01,1,0,0,0,0,0
20260910_105156,STILL_1P_NA,8.335,13183363,144,STILL,NA,1,P02,LAB01,2,0,0,0,0,0
20260910_105156,STILL_1P_NA,8.424,13272011,145,STILL,NA,1,P02,LAB01,0,1,585,4908,0,360
20260910_105156,STILL_1P_NA,8.424,13272011,145,STILL,NA,1,P02,LAB01,1,0,0,0,0,0
20260910_105156,STILL_1P_NA,8.424,13272011,145,STILL,NA,1,P02,LAB01,2,0,0,0,0,0
20260910_105156,STILL_1P_NA,8.513,13361271,146,STILL,NA,1,P02,LAB01,0,1,577,4907,0,360
20260910_105156,STILL_1P_NA,8.513,13361271,146,STILL,NA,1,P02,LAB01,1,0,0,0,0,0
20260910_105156,STILL_1P_NA,8.513,13361271,146,STILL,NA,1,P02,LAB01,2,0,0,0,0,0
20260910_105156,STILL_1P_NA,8.602,13450466,147,STILL,NA,1,P02,LAB01,0,1,571,4905,0,360
20260910_105156,STILL_1P_NA,8.602,13450466,147,STILL,NA,1,P02,LAB01,1,0,0,0,0,0
20260910_105156,STILL_1P_NA,8.602,13450466,147,STILL,NA,1,P02,LAB01,2,0,0,0,0,0
20260910_105156,STILL_1P_NA,8.691,13539197,148,STILL,NA,1,P02,LAB01,0,1,578,4902,-8,360
20260910_105156,STILL_1P_NA,8.691,13539197,148,STILL,NA,1,P02,LAB01,1,0,0,0,0,0
20260910_105156,STILL_1P_NA,8.691,13539197,148,STILL,NA,1,P02,LAB01,2,0,0,0,0,0
20260910_105156,STILL_1P_NA,8.780,13628150,149,STILL,NA,1,P02,LAB01,0,1,587,4898,-8,360
20260910_105156,STILL_1P_NA,8.780,13628150,149,STILL,NA,1,P02,LAB01,1,0,0,0,0,0
20260910_105156,STILL_1P_NA,8.780,13628150,149,STILL,NA,1,P02,LAB01,2,0,0,0,0,0
20260910_105156,STILL_1P_NA,8.869,13717160,150,STILL,NA,1,P02,LAB01,0,1,592,4896,-8,360
20260910_105156,STILL_1P_NA,8.869,13717160,150,STILL,NA,1,P02,LAB01,1,0,0,0,0,0
20260910_105156,STILL_1P_NA,8.869,13717160,150,STILL,NA,1,P02,LAB01,2,0,0,0,0,0
20260910_105156,STILL_1P_NA,8.958,13806272,151,STILL,NA,1,P02,LAB01,0,1,574,4897,0,360
20260910_105156,STILL_1P_NA,8.958,13806272,151,STILL,NA,1,P02,LAB01,1,0,0,0,0,0
20260910_105156,STILL_1P_NA,8.958,13806272,151,STILL,NA,1,P02,LAB01,2,0,0,0,0,0
20260910_105156,STILL_1P_NA,9.047,13895067,152,STILL,NA,1,P02,LAB01,0,1,556,4899,0,360
20260910_105156,STILL_1P_NA,9.047,13895067,152,STILL,NA,1,P02,LAB01,1,0,0,0,0,0
20260910_105156,STILL_1P_NA,9.047,13895067,152,STILL,NA,1,P02,LAB01,2,0,0,0,0,0
20260910_105156,STILL_1P_NA,9.136,13984271,153,STILL,NA,1,P02,LAB01,0,1,502,4895,0,360
20260910_105156,STILL_1P_NA,9.136,13984271,153,STILL,NA,1,P02,LAB01,1,0,0,0,0,0
20260910_105156,STILL_1P_NA,9.136,13984271,153,STILL,NA,1,P02,LAB01,2,0,0,0,0,0
20260910_105156,STILL_1P_NA,9.225,14073002,154,STILL,NA,1,P02,LAB01,0,1,446,4891,0,360
20260910_105156,STILL_1P_NA,9.225,14073002,154,STILL,NA,1,P02,LAB01,1,0,0,0,0,0
20260910_105156,STILL_1P_NA,9.225,14073002,154,STILL,NA,1,P02,LAB01,2,0,0,0,0,0
20260910_105156,STILL_1P_NA,9.314,14162300,155,STILL,NA,1,P02,LAB01,0,1,412,4894,-8,360
20260910_105156,STILL_1P_NA,9.314,14162300,155,STILL,NA,1,P02,LAB01,1,0,0,0,0,0
20260910_105156,STILL_1P_NA,9.314,14162300,155,STILL,NA,1,P02,LAB01,2,0,0,0,0,0
20260910_105156,STILL_1P_NA,9.403,14251217,156,STILL,NA,1,P02,LAB01,0,1,404,4896,-8,360
20260910_105156,STILL_1P_NA,9.403,14251217,156,STILL,NA,1,P02,LAB01,1,0,0,0,0,0
20260910_105156,STILL_1P_NA,9.403,14251217,156,STILL,NA,1,P02,LAB01,2,0,0,0,0,0
20260910_105156,STILL_1P_NA,9.492,14340573,157,STILL,NA,1,P02,LAB01,0,1,396,4898,-8,360
20260910_105156,STILL_1P_NA,9.492,14340573,157,STILL,NA,1,P02,LAB01,1,0,0,0,0,0
20260910_105156,STILL_1P_NA,9.492,14340573,157,STILL,NA,1,P02,LAB01,2,0,0,0,0,0
20260910_105156,STILL_1P_NA,9.582,14429397,158,STILL,NA,1,P02,LAB01,0,1,393,4895,0,360
20260910_105156,STILL_1P_NA,9.582,14429397,158,STILL,NA,1,P02,LAB01,1,0,0,0,0,0
20260910_105156,STILL_1P_NA,9.582,14429397,158,STILL,NA,1,P02,LAB01,2,0,0,0,0,0
20260910_105156,STILL_1P_NA,9.670,14518261,159,STILL,NA,1,P02,LAB01,0,1,400,4889,0,360
20260910_105156,STILL_1P_NA,9.670,14518261,159,STILL,NA,1,P02,LAB01,1,0,0,0,0,0
20260910_105156,STILL_1P_NA,9.670,14518261,159,STILL,NA,1,P02,LAB01,2,0,0,0,0,0
20260910_105156,STILL_1P_NA,9.759,14607177,160,STILL,NA,1,P02,LAB01,0,1,410,4882,0,360
20260910_105156,STILL_1P_NA,9.759,14607177,160,STILL,NA,1,P02,LAB01,1,0,0,0,0,0
20260910_105156,STILL_1P_NA,9.759,14607177,160,STILL,NA,1,P02,LAB01,2,0,0,0,0,0
20260910_105156,STILL_1P_NA,9.848,14696156,161,STILL,NA,1,P02,LAB01,0,1,420,4875,0,360
20260910_105156,STILL_1P_NA,9.848,14696156,161,STILL,NA,1,P02,LAB01,1,0,0,0,0,0
20260910_105156,STILL_1P_NA,9.848,14696156,161,STILL,NA,1,P02,LAB01,2,0,0,0,0,0
20260910_105156,STILL_1P_NA,9.937,14784991,162,STILL,NA,1,P02,LAB01,0,1,429,4869,0,360
20260910_105156,STILL_1P_NA,9.937,14784991,162,STILL,NA,1,P02,LAB01,1,0,0,0,0,0
20260910_105156,STILL_1P_NA,9.937,14784991,162,STILL,NA,1,P02,LAB01,2,0,0,0,0,0
20260910_105156,STILL_1P_NA,10.026,14874370,163,STILL,NA,1,P02,LAB01,0,1,435,4863,8,360
20260910_105156,STILL_1P_NA,10.026,14874370,163,STILL,NA,1,P02,LAB01,1,0,0,0,0,0
20260910_105156,STILL_1P_NA,10.026,14874370,163,STILL,NA,1,P02,LAB01,2,0,0,0,0,0
20260910_105156,STILL_1P_NA,10.115,14963100,164,STILL,NA,1,P02,LAB01,0,1,445,4861,0,360
20260910_105156,STILL_1P_NA,10.115,14963100,164,STILL,NA,1,P02,LAB01,1,0,0,0,0,0
20260910_105156,STILL_1P_NA,10.115,14963100,164,STILL,NA,1,P02,LAB01,2,0,0,0,0,0
20260910_105156,STILL_1P_NA,10.204,15052345,165,STILL,NA,1,P02,LAB01,0,1,459,4859,0,360
20260910_105156,STILL_1P_NA,10.204,15052345,165,STILL,NA,1,P02,LAB01,1,0,0,0,0,0
20260910_105156,STILL_1P_NA,10.204,15052345,165,STILL,NA,1,P02,LAB01,2,0,0,0,0,0
20260910_105156,STILL_1P_NA,10.293,15141011,166,STILL,NA,1,P02,LAB01,0,1,480,4854,8,360
20260910_105156,STILL_1P_NA,10.293,15141011,166,STILL,NA,1,P02,LAB01,1,0,0,0,0,0
20260910_105156,STILL_1P_NA,10.293,15141011,166,STILL,NA,1,P02,LAB01,2,0,0,0,0,0
20260910_105156,STILL_1P_NA,10.382,15230309,167,STILL,NA,1,P02,LAB01,0,1,498,4851,-8,360
20260910_105156,STILL_1P_NA,10.382,15230309,167,STILL,NA,1,P02,LAB01,1,0,0,0,0,0
20260910_105156,STILL_1P_NA,10.382,15230309,167,STILL,NA,1,P02,LAB01,2,0,0,0,0,0
20260910_105156,STILL_1P_NA,10.471,15319094,168,STILL,NA,1,P02,LAB01,0,1,497,4852,-8,360
20260910_105156,STILL_1P_NA,10.471,15319094,168,STILL,NA,1,P02,LAB01,1,0,0,0,0,0
20260910_105156,STILL_1P_NA,10.471,15319094,168,STILL,NA,1,P02,LAB01,2,0,0,0,0,0
20260910_105156,STILL_1P_NA,10.560,15408170,169,STILL,NA,1,P02,LAB01,0,1,490,4854,0,360
20260910_105156,STILL_1P_NA,10.560,15408170,169,STILL,NA,1,P02,LAB01,1,0,0,0,0,0
20260910_105156,STILL_1P_NA,10.560,15408170,169,STILL,NA,1,P02,LAB01,2,0,0,0,0,0
20260910_105156,STILL_1P_NA,10.649,15496973,170,STILL,NA,1,P02,LAB01,0,1,478,4857,0,360
20260910_105156,STILL_1P_NA,10.649,15496973,170,STILL,NA,1,P02,LAB01,1,0,0,0,0,0
20260910_105156,STILL_1P_NA,10.649,15496973,170,STILL,NA,1,P02,LAB01,2,0,0,0,0,0
20260910_105156,STILL_1P_NA,10.738,15586132,171,STILL,NA,1,P02,LAB01,0,1,469,4858,0,360
20260910_105156,STILL_1P_NA,10.738,15586132,171,STILL,NA,1,P02,LAB01,1,0,0,0,0,0
20260910_105156,STILL_1P_NA,10.738,15586132,171,STILL,NA,1,P02,LAB01,2,0,0,0,0,0
20260910_105156,STILL_1P_NA,10.827,15675001,172,STILL,NA,1,P02,LAB01,0,1,464,4859,0,360
20260910_105156,STILL_1P_NA,10.827,15675001,172,STILL,NA,1,P02,LAB01,1,0,0,0,0,0
20260910_105156,STILL_1P_NA,10.827,15675001,172,STILL,NA,1,P02,LAB01,2,0,0,0,0,0
20260910_105156,STILL_1P_NA,10.916,15764100,173,STILL,NA,1,P02,LAB01,0,1,468,4860,0,360
20260910_105156,STILL_1P_NA,10.916,15764100,173,STILL,NA,1,P02,LAB01,1,0,0,0,0,0
20260910_105156,STILL_1P_NA,10.916,15764100,173,STILL,NA,1,P02,LAB01,2,0,0,0,0,0
20260910_105156,STILL_1P_NA,11.005,15853050,174,STILL,NA,1,P02,LAB01,0,1,476,4861,0,360
20260910_105156,STILL_1P_NA,11.005,15853050,174,STILL,NA,1,P02,LAB01,1,0,0,0,0,0
20260910_105156,STILL_1P_NA,11.005,15853050,174,STILL,NA,1,P02,LAB01,2,0,0,0,0,0
20260910_105156,STILL_1P_NA,11.094,15942223,175,STILL,NA,1,P02,LAB01,0,1,478,4861,-8,360
20260910_105156,STILL_1P_NA,11.094,15942223,175,STILL,NA,1,P02,LAB01,1,0,0,0,0,0
20260910_105156,STILL_1P_NA,11.094,15942223,175,STILL,NA,1,P02,LAB01,2,0,0,0,0,0
20260910_105156,STILL_1P_NA,11.183,16031047,176,STILL,NA,1,P02,LAB01,0,1,472,4864,0,360
20260910_105156,STILL_1P_NA,11.183,16031047,176,STILL,NA,1,P02,LAB01,1,0,0,0,0,0
20260910_105156,STILL_1P_NA,11.183,16031047,176,STILL,NA,1,P02,LAB01,2,0,0,0,0,0
20260910_105156,STILL_1P_NA,11.272,16120156,177,STILL,NA,1,P02,LAB01,0,1,462,4867,0,360
20260910_105156,STILL_1P_NA,11.272,16120156,177,STILL,NA,1,P02,LAB01,1,0,0,0,0,0
20260910_105156,STILL_1P_NA,11.272,16120156,177,STILL,NA,1,P02,LAB01,2,0,0,0,0,0
20260910_105156,STILL_1P_NA,11.360,16208769,178,STILL,NA,1,P02,LAB01,0,1,454,4865,0,360
20260910_105156,STILL_1P_NA,11.360,16208769,178,STILL,NA,1,P02,LAB01,1,0,0,0,0,0
20260910_105156,STILL_1P_NA,11.360,16208769,178,STILL,NA,1,P02,LAB01,2,0,0,0,0,0
20260910_105156,STILL_1P_NA,11.449,16298056,179,STILL,NA,1,P02,LAB01,0,1,447,4862,0,360
20260910_105156,STILL_1P_NA,11.449,16298056,179,STILL,NA,1,P02,LAB01,1,0,0,0,0,0
20260910_105156,STILL_1P_NA,11.449,16298056,179,STILL,NA,1,P02,LAB01,2,0,0,0,0,0
20260910_105156,STILL_1P_NA,11.538,16386798,180,STILL,NA,1,P02,LAB01,0,1,444,4862,0,360
20260910_105156,STILL_1P_NA,11.538,16386798,180,STILL,NA,1,P02,LAB01,1,0,0,0,0,0
20260910_105156,STILL_1P_NA,11.538,16386798,180,STILL,NA,1,P02,LAB01,2,0,0,0,0,0
20260910_105156,STILL_1P_NA,11.628,16476217,181,STILL,NA,1,P02,LAB01,0,1,440,4863,0,360
20260910_105156,STILL_1P_NA,11.628,16476217,181,STILL,NA,1,P02,LAB01,1,0,0,0,0,0
20260910_105156,STILL_1P_NA,11.628,16476217,181,STILL,NA,1,P02,LAB01,2,0,0,0,0,0
20260910_105156,STILL_1P_NA,11.716,16564887,182,STILL,NA,1,P02,LAB01,0,1,432,4865,0,360
20260910_105156,STILL_1P_NA,11.716,16564887,182,STILL,NA,1,P02,LAB01,1,0,0,0,0,0
20260910_105156,STILL_1P_NA,11.716,16564887,182,STILL,NA,1,P02,LAB01,2,0,0,0,0,0
20260910_105156,STILL_1P_NA,11.806,16654114,183,STILL,NA,1,P02,LAB01,0,1,426,4866,8,360
20260910_105156,STILL_1P_NA,11.806,16654114,183,STILL,NA,1,P02,LAB01,1,0,0,0,0,0
20260910_105156,STILL_1P_NA,11.806,16654114,183,STILL,NA,1,P02,LAB01,2,0,0,0,0,0
20260910_105156,STILL_1P_NA,11.895,16742885,184,STILL,NA,1,P02,LAB01,0,1,421,4867,0,360
20260910_105156,STILL_1P_NA,11.895,16742885,184,STILL,NA,1,P02,LAB01,1,0,0,0,0,0
20260910_105156,STILL_1P_NA,11.895,16742885,184,STILL,NA,1,P02,LAB01,2,0,0,0,0,0
20260910_105156,STILL_1P_NA,11.984,16832168,185,STILL,NA,1,P02,LAB01,0,1,415,4868,0,360
20260910_105156,STILL_1P_NA,11.984,16832168,185,STILL,NA,1,P02,LAB01,1,0,0,0,0,0
20260910_105156,STILL_1P_NA,11.984,16832168,185,STILL,NA,1,P02,LAB01,2,0,0,0,0,0
20260910_105156,STILL_1P_NA,12.073,16920940,186,STILL,NA,1,P02,LAB01,0,1,406,4869,0,360
20260910_105156,STILL_1P_NA,12.073,16920940,186,STILL,NA,1,P02,LAB01,1,0,0,0,0,0
20260910_105156,STILL_1P_NA,12.073,16920940,186,STILL,NA,1,P02,LAB01,2,0,0,0,0,0
20260910_105156,STILL_1P_NA,12.162,17010197,187,STILL,NA,1,P02,LAB01,0,1,401,4871,0,360
20260910_105156,STILL_1P_NA,12.162,17010197,187,STILL,NA,1,P02,LAB01,1,0,0,0,0,0
20260910_105156,STILL_1P_NA,12.162,17010197,187,STILL,NA,1,P02,LAB01,2,0,0,0,0,0
20260910_105156,STILL_1P_NA,12.250,17098783,188,STILL,NA,1,P02,LAB01,0,1,402,4872,0,360
20260910_105156,STILL_1P_NA,12.250,17098783,188,STILL,NA,1,P02,LAB01,1,0,0,0,0,0
20260910_105156,STILL_1P_NA,12.250,17098783,188,STILL,NA,1,P02,LAB01,2,0,0,0,0,0
20260910_105156,STILL_1P_NA,12.340,17188127,189,STILL,NA,1,P02,LAB01,0,1,405,4874,0,360
20260910_105156,STILL_1P_NA,12.340,17188127,189,STILL,NA,1,P02,LAB01,1,0,0,0,0,0
20260910_105156,STILL_1P_NA,12.340,17188127,189,STILL,NA,1,P02,LAB01,2,0,0,0,0,0
20260910_105156,STILL_1P_NA,12.428,17276683,190,STILL,NA,1,P02,LAB01,0,1,406,4875,0,360
20260910_105156,STILL_1P_NA,12.428,17276683,190,STILL,NA,1,P02,LAB01,1,0,0,0,0,0
20260910_105156,STILL_1P_NA,12.428,17276683,190,STILL,NA,1,P02,LAB01,2,0,0,0,0,0
20260910_105156,STILL_1P_NA,12.518,17366187,191,STILL,NA,1,P02,LAB01,0,1,411,4875,0,360
20260910_105156,STILL_1P_NA,12.518,17366187,191,STILL,NA,1,P02,LAB01,1,0,0,0,0,0
20260910_105156,STILL_1P_NA,12.518,17366187,191,STILL,NA,1,P02,LAB01,2,0,0,0,0,0
20260910_105156,STILL_1P_NA,12.606,17455023,192,STILL,NA,1,P02,LAB01,0,1,417,4874,0,360
20260910_105156,STILL_1P_NA,12.606,17455023,192,STILL,NA,1,P02,LAB01,1,0,0,0,0,0
20260910_105156,STILL_1P_NA,12.606,17455023,192,STILL,NA,1,P02,LAB01,2,0,0,0,0,0
20260910_105156,STILL_1P_NA,12.696,17544120,193,STILL,NA,1,P02,LAB01,0,1,423,4874,0,360
20260910_105156,STILL_1P_NA,12.696,17544120,193,STILL,NA,1,P02,LAB01,1,0,0,0,0,0
20260910_105156,STILL_1P_NA,12.696,17544120,193,STILL,NA,1,P02,LAB01,2,0,0,0,0,0
20260910_105156,STILL_1P_NA,12.785,17632928,194,STILL,NA,1,P02,LAB01,0,1,424,4874,0,360
20260910_105156,STILL_1P_NA,12.785,17632928,194,STILL,NA,1,P02,LAB01,1,0,0,0,0,0
20260910_105156,STILL_1P_NA,12.785,17632928,194,STILL,NA,1,P02,LAB01,2,0,0,0,0,0
20260910_105156,STILL_1P_NA,12.873,17721842,195,STILL,NA,1,P02,LAB01,0,1,429,4872,8,360
20260910_105156,STILL_1P_NA,12.873,17721842,195,STILL,NA,1,P02,LAB01,1,0,0,0,0,0
20260910_105156,STILL_1P_NA,12.873,17721842,195,STILL,NA,1,P02,LAB01,2,0,0,0,0,0
20260910_105156,STILL_1P_NA,12.963,17810955,196,STILL,NA,1,P02,LAB01,0,1,430,4871,8,360
20260910_105156,STILL_1P_NA,12.963,17810955,196,STILL,NA,1,P02,LAB01,1,0,0,0,0,0
20260910_105156,STILL_1P_NA,12.963,17810955,196,STILL,NA,1,P02,LAB01,2,0,0,0,0,0
20260910_105156,STILL_1P_NA,13.052,17899783,197,STILL,NA,1,P02,LAB01,0,1,435,4868,0,360
20260910_105156,STILL_1P_NA,13.052,17899783,197,STILL,NA,1,P02,LAB01,1,0,0,0,0,0
20260910_105156,STILL_1P_NA,13.052,17899783,197,STILL,NA,1,P02,LAB01,2,0,0,0,0,0
20260910_105156,STILL_1P_NA,13.141,17988982,198,STILL,NA,1,P02,LAB01,0,1,444,4864,8,360
20260910_105156,STILL_1P_NA,13.141,17988982,198,STILL,NA,1,P02,LAB01,1,0,0,0,0,0
20260910_105156,STILL_1P_NA,13.141,17988982,198,STILL,NA,1,P02,LAB01,2,0,0,0,0,0
20260910_105156,STILL_1P_NA,13.229,18077810,199,STILL,NA,1,P02,LAB01,0,1,448,4860,8,360
20260910_105156,STILL_1P_NA,13.229,18077810,199,STILL,NA,1,P02,LAB01,1,0,0,0,0,0
20260910_105156,STILL_1P_NA,13.229,18077810,199,STILL,NA,1,P02,LAB01,2,0,0,0,0,0
20260910_105156,STILL_1P_NA,13.318,18166815,200,STILL,NA,1,P02,LAB01,0,1,451,4856,8,360
20260910_105156,STILL_1P_NA,13.318,18166815,200,STILL,NA,1,P02,LAB01,1,0,0,0,0,0
20260910_105156,STILL_1P_NA,13.318,18166815,200,STILL,NA,1,P02,LAB01,2,0,0,0,0,0
20260910_105156,STILL_1P_NA,13.408,18255769,201,STILL,NA,1,P02,LAB01,0,1,449,4853,8,360
20260910_105156,STILL_1P_NA,13.408,18255769,201,STILL,NA,1,P02,LAB01,1,0,0,0,0,0
20260910_105156,STILL_1P_NA,13.408,18255769,201,STILL,NA,1,P02,LAB01,2,0,0,0,0,0
20260910_105156,STILL_1P_NA,13.496,18344842,202,STILL,NA,1,P02,LAB01,0,1,446,4850,8,360
20260910_105156,STILL_1P_NA,13.496,18344842,202,STILL,NA,1,P02,LAB01,1,0,0,0,0,0
20260910_105156,STILL_1P_NA,13.496,18344842,202,STILL,NA,1,P02,LAB01,2,0,0,0,0,0
20260910_105156,STILL_1P_NA,13.586,18433671,203,STILL,NA,1,P02,LAB01,0,1,443,4847,8,360
20260910_105156,STILL_1P_NA,13.586,18433671,203,STILL,NA,1,P02,LAB01,1,0,0,0,0,0
20260910_105156,STILL_1P_NA,13.586,18433671,203,STILL,NA,1,P02,LAB01,2,0,0,0,0,0
20260910_105156,STILL_1P_NA,13.675,18522933,204,STILL,NA,1,P02,LAB01,0,1,440,4844,8,360
20260910_105156,STILL_1P_NA,13.675,18522933,204,STILL,NA,1,P02,LAB01,1,0,0,0,0,0
20260910_105156,STILL_1P_NA,13.675,18522933,204,STILL,NA,1,P02,LAB01,2,0,0,0,0,0
20260910_105156,STILL_1P_NA,13.763,18611573,205,STILL,NA,1,P02,LAB01,0,1,438,4841,8,360
20260910_105156,STILL_1P_NA,13.763,18611573,205,STILL,NA,1,P02,LAB01,1,0,0,0,0,0
20260910_105156,STILL_1P_NA,13.763,18611573,205,STILL,NA,1,P02,LAB01,2,0,0,0,0,0
20260910_105156,STILL_1P_NA,13.852,18700588,206,STILL,NA,1,P02,LAB01,0,1,435,4838,8,360
20260910_105156,STILL_1P_NA,13.852,18700588,206,STILL,NA,1,P02,LAB01,1,0,0,0,0,0
20260910_105156,STILL_1P_NA,13.852,18700588,206,STILL,NA,1,P02,LAB01,2,0,0,0,0,0
20260910_105156,STILL_1P_NA,13.941,18789536,207,STILL,NA,1,P02,LAB01,0,1,433,4836,8,360
20260910_105156,STILL_1P_NA,13.941,18789536,207,STILL,NA,1,P02,LAB01,1,0,0,0,0,0
20260910_105156,STILL_1P_NA,13.941,18789536,207,STILL,NA,1,P02,LAB01,2,0,0,0,0,0
20260910_105156,STILL_1P_NA,14.031,18878902,208,STILL,NA,1,P02,LAB01,0,1,430,4833,8,360
20260910_105156,STILL_1P_NA,14.031,18878902,208,STILL,NA,1,P02,LAB01,1,0,0,0,0,0
20260910_105156,STILL_1P_NA,14.031,18878902,208,STILL,NA,1,P02,LAB01,2,0,0,0,0,0
20260910_105156,STILL_1P_NA,14.119,18967501,209,STILL,NA,1,P02,LAB01,0,1,425,4836,0,360
20260910_105156,STILL_1P_NA,14.119,18967501,209,STILL,NA,1,P02,LAB01,1,0,0,0,0,0
20260910_105156,STILL_1P_NA,14.119,18967501,209,STILL,NA,1,P02,LAB01,2,0,0,0,0,0
20260910_105156,STILL_1P_NA,14.208,19056704,210,STILL,NA,1,P02,LAB01,0,1,425,4840,0,360
20260910_105156,STILL_1P_NA,14.208,19056704,210,STILL,NA,1,P02,LAB01,1,0,0,0,0,0
20260910_105156,STILL_1P_NA,14.208,19056704,210,STILL,NA,1,P02,LAB01,2,0,0,0,0,0
20260910_105156,STILL_1P_NA,14.297,19145597,211,STILL,NA,1,P02,LAB01,0,1,435,4838,0,360
20260910_105156,STILL_1P_NA,14.297,19145597,211,STILL,NA,1,P02,LAB01,1,0,0,0,0,0
20260910_105156,STILL_1P_NA,14.297,19145597,211,STILL,NA,1,P02,LAB01,2,0,0,0,0,0
20260910_105156,STILL_1P_NA,14.386,19234890,212,STILL,NA,1,P02,LAB01,0,1,453,4837,0,360
20260910_105156,STILL_1P_NA,14.386,19234890,212,STILL,NA,1,P02,LAB01,1,0,0,0,0,0
20260910_105156,STILL_1P_NA,14.386,19234890,212,STILL,NA,1,P02,LAB01,2,0,0,0,0,0
20260910_105156,STILL_1P_NA,14.475,19323561,213,STILL,NA,1,P02,LAB01,0,1,501,4842,0,360
20260910_105156,STILL_1P_NA,14.475,19323561,213,STILL,NA,1,P02,LAB01,1,0,0,0,0,0
20260910_105156,STILL_1P_NA,14.475,19323561,213,STILL,NA,1,P02,LAB01,2,0,0,0,0,0
20260910_105156,STILL_1P_NA,14.564,19412824,214,STILL,NA,1,P02,LAB01,0,1,554,4850,0,360
20260910_105156,STILL_1P_NA,14.564,19412824,214,STILL,NA,1,P02,LAB01,1,0,0,0,0,0
20260910_105156,STILL_1P_NA,14.564,19412824,214,STILL,NA,1,P02,LAB01,2,0,0,0,0,0
20260910_105156,STILL_1P_NA,14.653,19501618,215,STILL,NA,1,P02,LAB01,0,1,569,4860,-8,360
20260910_105156,STILL_1P_NA,14.653,19501618,215,STILL,NA,1,P02,LAB01,1,0,0,0,0,0
20260910_105156,STILL_1P_NA,14.653,19501618,215,STILL,NA,1,P02,LAB01,2,0,0,0,0,0
20260910_105156,STILL_1P_NA,14.742,19590815,216,STILL,NA,1,P02,LAB01,0,1,568,4864,-8,360
20260910_105156,STILL_1P_NA,14.742,19590815,216,STILL,NA,1,P02,LAB01,1,0,0,0,0,0
20260910_105156,STILL_1P_NA,14.742,19590815,216,STILL,NA,1,P02,LAB01,2,0,0,0,0,0
20260910_105156,STILL_1P_NA,14.831,19679801,217,STILL,NA,1,P02,LAB01,0,1,565,4873,0,360
20260910_105156,STILL_1P_NA,14.831,19679801,217,STILL,NA,1,P02,LAB01,1,0,0,0,0,0
20260910_105156,STILL_1P_NA,14.831,19679801,217,STILL,NA,1,P02,LAB01,2,0,0,0,0,0
20260910_105156,STILL_1P_NA,14.920,19768568,218,STILL,NA,1,P02,LAB01,0,1,558,4884,0,360
20260910_105156,STILL_1P_NA,14.920,19768568,218,STILL,NA,1,P02,LAB01,1,0,0,0,0,0
20260910_105156,STILL_1P_NA,14.920,19768568,218,STILL,NA,1,P02,LAB01,2,0,0,0,0,0
20260910_105156,STILL_1P_NA,15.009,19857515,219,STILL,NA,1,P02,LAB01,0,1,552,4895,0,360
20260910_105156,STILL_1P_NA,15.009,19857515,219,STILL,NA,1,P02,LAB01,1,0,0,0,0,0
20260910_105156,STILL_1P_NA,15.009,19857515,219,STILL,NA,1,P02,LAB01,2,0,0,0,0,0
20260910_105156,STILL_1P_NA,15.099,19946810,220,STILL,NA,1,P02,LAB01,0,1,541,4903,0,360
20260910_105156,STILL_1P_NA,15.099,19946810,220,STILL,NA,1,P02,LAB01,1,0,0,0,0,0
20260910_105156,STILL_1P_NA,15.099,19946810,220,STILL,NA,1,P02,LAB01,2,0,0,0,0,0
20260910_105156,STILL_1P_NA,15.187,20035609,221,STILL,NA,1,P02,LAB01,0,1,523,4905,0,360
20260910_105156,STILL_1P_NA,15.187,20035609,221,STILL,NA,1,P02,LAB01,1,0,0,0,0,0
20260910_105156,STILL_1P_NA,15.187,20035609,221,STILL,NA,1,P02,LAB01,2,0,0,0,0,0
20260910_105156,STILL_1P_NA,15.277,20124961,222,STILL,NA,1,P02,LAB01,0,1,504,4904,0,360
20260910_105156,STILL_1P_NA,15.277,20124961,222,STILL,NA,1,P02,LAB01,1,0,0,0,0,0
20260910_105156,STILL_1P_NA,15.277,20124961,222,STILL,NA,1,P02,LAB01,2,0,0,0,0,0
20260910_105156,STILL_1P_NA,15.366,20213887,223,STILL,NA,1,P02,LAB01,0,1,460,4905,-8,360
20260910_105156,STILL_1P_NA,15.366,20213887,223,STILL,NA,1,P02,LAB01,1,0,0,0,0,0
20260910_105156,STILL_1P_NA,15.366,20213887,223,STILL,NA,1,P02,LAB01,2,0,0,0,0,0
20260910_105156,STILL_1P_NA,15.455,20302924,224,STILL,NA,1,P02,LAB01,0,1,417,4902,-8,360
20260910_105156,STILL_1P_NA,15.455,20302924,224,STILL,NA,1,P02,LAB01,1,0,0,0,0,0
20260910_105156,STILL_1P_NA,15.455,20302924,224,STILL,NA,1,P02,LAB01,2,0,0,0,0,0
20260910_105156,STILL_1P_NA,15.543,20391721,225,STILL,NA,1,P02,LAB01,0,1,367,4911,-8,360
20260910_105156,STILL_1P_NA,15.543,20391721,225,STILL,NA,1,P02,LAB01,1,0,0,0,0,0
20260910_105156,STILL_1P_NA,15.543,20391721,225,STILL,NA,1,P02,LAB01,2,0,0,0,0,0
20260910_105156,STILL_1P_NA,15.632,20480795,226,STILL,NA,1,P02,LAB01,0,1,334,4916,0,360
20260910_105156,STILL_1P_NA,15.632,20480795,226,STILL,NA,1,P02,LAB01,1,0,0,0,0,0
20260910_105156,STILL_1P_NA,15.632,20480795,226,STILL,NA,1,P02,LAB01,2,0,0,0,0,0
20260910_105156,STILL_1P_NA,15.721,20569529,227,STILL,NA,1,P02,LAB01,0,1,319,4904,0,360
20260910_105156,STILL_1P_NA,15.721,20569529,227,STILL,NA,1,P02,LAB01,1,0,0,0,0,0
20260910_105156,STILL_1P_NA,15.721,20569529,227,STILL,NA,1,P02,LAB01,2,0,0,0,0,0
20260910_105156,STILL_1P_NA,15.810,20658798,228,STILL,NA,1,P02,LAB01,0,1,313,4899,0,360
20260910_105156,STILL_1P_NA,15.810,20658798,228,STILL,NA,1,P02,LAB01,1,0,0,0,0,0
20260910_105156,STILL_1P_NA,15.810,20658798,228,STILL,NA,1,P02,LAB01,2,0,0,0,0,0
20260910_105156,STILL_1P_NA,15.899,20747370,229,STILL,NA,1,P02,LAB01,0,1,307,4893,0,360
20260910_105156,STILL_1P_NA,15.899,20747370,229,STILL,NA,1,P02,LAB01,1,0,0,0,0,0
20260910_105156,STILL_1P_NA,15.899,20747370,229,STILL,NA,1,P02,LAB01,2,0,0,0,0,0
20260910_105156,STILL_1P_NA,15.988,20836701,230,STILL,NA,1,P02,LAB01,0,1,297,4896,0,360
20260910_105156,STILL_1P_NA,15.988,20836701,230,STILL,NA,1,P02,LAB01,1,0,0,0,0,0
20260910_105156,STILL_1P_NA,15.988,20836701,230,STILL,NA,1,P02,LAB01,2,0,0,0,0,0
20260910_105156,STILL_1P_NA,16.077,20925204,231,STILL,NA,1,P02,LAB01,0,1,285,4901,0,360
20260910_105156,STILL_1P_NA,16.077,20925204,231,STILL,NA,1,P02,LAB01,1,0,0,0,0,0
20260910_105156,STILL_1P_NA,16.077,20925204,231,STILL,NA,1,P02,LAB01,2,0,0,0,0,0
20260910_105156,STILL_1P_NA,16.166,21014694,232,STILL,NA,1,P02,LAB01,0,1,274,4907,0,360
20260910_105156,STILL_1P_NA,16.166,21014694,232,STILL,NA,1,P02,LAB01,1,0,0,0,0,0
20260910_105156,STILL_1P_NA,16.166,21014694,232,STILL,NA,1,P02,LAB01,2,0,0,0,0,0
20260910_105156,STILL_1P_NA,16.255,21103677,233,STILL,NA,1,P02,LAB01,0,1,267,4910,8,360
20260910_105156,STILL_1P_NA,16.255,21103677,233,STILL,NA,1,P02,LAB01,1,0,0,0,0,0
20260910_105156,STILL_1P_NA,16.255,21103677,233,STILL,NA,1,P02,LAB01,2,0,0,0,0,0
20260910_105156,STILL_1P_NA,16.344,21192815,234,STILL,NA,1,P02,LAB01,0,1,256,4910,8,360
20260910_105156,STILL_1P_NA,16.344,21192815,234,STILL,NA,1,P02,LAB01,1,0,0,0,0,0
20260910_105156,STILL_1P_NA,16.344,21192815,234,STILL,NA,1,P02,LAB01,2,0,0,0,0,0
20260910_105156,STILL_1P_NA,16.433,21281609,235,STILL,NA,1,P02,LAB01,0,1,245,4910,8,360
20260910_105156,STILL_1P_NA,16.433,21281609,235,STILL,NA,1,P02,LAB01,1,0,0,0,0,0
20260910_105156,STILL_1P_NA,16.433,21281609,235,STILL,NA,1,P02,LAB01,2,0,0,0,0,0
20260910_105156,STILL_1P_NA,16.522,21370588,236,STILL,NA,1,P02,LAB01,0,1,235,4909,8,360
20260910_105156,STILL_1P_NA,16.522,21370588,236,STILL,NA,1,P02,LAB01,1,0,0,0,0,0
20260910_105156,STILL_1P_NA,16.522,21370588,236,STILL,NA,1,P02,LAB01,2,0,0,0,0,0
20260910_105156,STILL_1P_NA,16.611,21459445,237,STILL,NA,1,P02,LAB01,0,1,224,4908,8,360
20260910_105156,STILL_1P_NA,16.611,21459445,237,STILL,NA,1,P02,LAB01,1,0,0,0,0,0
20260910_105156,STILL_1P_NA,16.611,21459445,237,STILL,NA,1,P02,LAB01,2,0,0,0,0,0
20260910_105156,STILL_1P_NA,16.700,21548244,238,STILL,NA,1,P02,LAB01,0,1,215,4908,8,360
20260910_105156,STILL_1P_NA,16.700,21548244,238,STILL,NA,1,P02,LAB01,1,0,0,0,0,0
20260910_105156,STILL_1P_NA,16.700,21548244,238,STILL,NA,1,P02,LAB01,2,0,0,0,0,0
20260910_105156,STILL_1P_NA,16.789,21637261,239,STILL,NA,1,P02,LAB01,0,1,205,4907,8,360
20260910_105156,STILL_1P_NA,16.789,21637261,239,STILL,NA,1,P02,LAB01,1,0,0,0,0,0
20260910_105156,STILL_1P_NA,16.789,21637261,239,STILL,NA,1,P02,LAB01,2,0,0,0,0,0
20260910_105156,STILL_1P_NA,16.877,21725961,240,STILL,NA,1,P02,LAB01,0,1,196,4906,8,360
20260910_105156,STILL_1P_NA,16.877,21725961,240,STILL,NA,1,P02,LAB01,1,0,0,0,0,0
20260910_105156,STILL_1P_NA,16.877,21725961,240,STILL,NA,1,P02,LAB01,2,0,0,0,0,0
20260910_105156,STILL_1P_NA,16.967,21815156,241,STILL,NA,1,P02,LAB01,0,1,187,4906,8,360
20260910_105156,STILL_1P_NA,16.967,21815156,241,STILL,NA,1,P02,LAB01,1,0,0,0,0,0
20260910_105156,STILL_1P_NA,16.967,21815156,241,STILL,NA,1,P02,LAB01,2,0,0,0,0,0
20260910_105156,STILL_1P_NA,17.056,21904361,242,STILL,NA,1,P02,LAB01,0,1,179,4905,8,360
20260910_105156,STILL_1P_NA,17.056,21904361,242,STILL,NA,1,P02,LAB01,1,0,0,0,0,0
20260910_105156,STILL_1P_NA,17.056,21904361,242,STILL,NA,1,P02,LAB01,2,0,0,0,0,0
20260910_105156,STILL_1P_NA,17.145,21993083,243,STILL,NA,1,P02,LAB01,0,1,170,4905,8,360
20260910_105156,STILL_1P_NA,17.145,21993083,243,STILL,NA,1,P02,LAB01,1,0,0,0,0,0
20260910_105156,STILL_1P_NA,17.145,21993083,243,STILL,NA,1,P02,LAB01,2,0,0,0,0,0
20260910_105156,STILL_1P_NA,17.234,22082294,244,STILL,NA,1,P02,LAB01,0,1,156,4906,0,360
20260910_105156,STILL_1P_NA,17.234,22082294,244,STILL,NA,1,P02,LAB01,1,0,0,0,0,0
20260910_105156,STILL_1P_NA,17.234,22082294,244,STILL,NA,1,P02,LAB01,2,0,0,0,0,0
20260910_105156,STILL_1P_NA,17.323,22171398,245,STILL,NA,1,P02,LAB01,0,1,140,4908,0,360
20260910_105156,STILL_1P_NA,17.323,22171398,245,STILL,NA,1,P02,LAB01,1,0,0,0,0,0
20260910_105156,STILL_1P_NA,17.323,22171398,245,STILL,NA,1,P02,LAB01,2,0,0,0,0,0
20260910_105156,STILL_1P_NA,17.412,22260232,246,STILL,NA,1,P02,LAB01,0,1,124,4910,0,360
20260910_105156,STILL_1P_NA,17.412,22260232,246,STILL,NA,1,P02,LAB01,1,0,0,0,0,0
20260910_105156,STILL_1P_NA,17.412,22260232,246,STILL,NA,1,P02,LAB01,2,0,0,0,0,0
20260910_105156,STILL_1P_NA,17.501,22349391,247,STILL,NA,1,P02,LAB01,0,1,101,4909,0,360
20260910_105156,STILL_1P_NA,17.501,22349391,247,STILL,NA,1,P02,LAB01,1,0,0,0,0,0
20260910_105156,STILL_1P_NA,17.501,22349391,247,STILL,NA,1,P02,LAB01,2,0,0,0,0,0
20260910_105156,STILL_1P_NA,17.590,22438665,248,STILL,NA,1,P02,LAB01,0,1,77,4906,0,360
20260910_105156,STILL_1P_NA,17.590,22438665,248,STILL,NA,1,P02,LAB01,1,0,0,0,0,0
20260910_105156,STILL_1P_NA,17.590,22438665,248,STILL,NA,1,P02,LAB01,2,0,0,0,0,0
20260910_105156,STILL_1P_NA,17.679,22527241,249,STILL,NA,1,P02,LAB01,0,1,53,4904,0,360
20260910_105156,STILL_1P_NA,17.679,22527241,249,STILL,NA,1,P02,LAB01,1,0,0,0,0,0
20260910_105156,STILL_1P_NA,17.679,22527241,249,STILL,NA,1,P02,LAB01,2,0,0,0,0,0
20260910_105156,STILL_1P_NA,17.768,22616283,250,STILL,NA,1,P02,LAB01,0,1,36,4902,0,360
20260910_105156,STILL_1P_NA,17.768,22616283,250,STILL,NA,1,P02,LAB01,1,0,0,0,0,0
20260910_105156,STILL_1P_NA,17.768,22616283,250,STILL,NA,1,P02,LAB01,2,0,0,0,0,0
20260910_105156,STILL_1P_NA,17.857,22705295,251,STILL,NA,1,P02,LAB01,0,1,31,4902,0,360
20260910_105156,STILL_1P_NA,17.857,22705295,251,STILL,NA,1,P02,LAB01,1,0,0,0,0,0
20260910_105156,STILL_1P_NA,17.857,22705295,251,STILL,NA,1,P02,LAB01,2,0,0,0,0,0
20260910_105156,STILL_1P_NA,17.946,22794345,252,STILL,NA,1,P02,LAB01,0,1,31,4901,0,360
20260910_105156,STILL_1P_NA,17.946,22794345,252,STILL,NA,1,P02,LAB01,1,0,0,0,0,0
20260910_105156,STILL_1P_NA,17.946,22794345,252,STILL,NA,1,P02,LAB01,2,0,0,0,0,0
20260910_105156,STILL_1P_NA,18.035,22883294,253,STILL,NA,1,P02,LAB01,0,1,31,4901,0,360
20260910_105156,STILL_1P_NA,18.035,22883294,253,STILL,NA,1,P02,LAB01,1,0,0,0,0,0
20260910_105156,STILL_1P_NA,18.035,22883294,253,STILL,NA,1,P02,LAB01,2,0,0,0,0,0
20260910_105156,STILL_1P_NA,18.124,22972244,254,STILL,NA,1,P02,LAB01,0,1,32,4901,0,360
20260910_105156,STILL_1P_NA,18.124,22972244,254,STILL,NA,1,P02,LAB01,1,0,0,0,0,0
20260910_105156,STILL_1P_NA,18.124,22972244,254,STILL,NA,1,P02,LAB01,2,0,0,0,0,0
20260910_105156,STILL_1P_NA,18.213,23061347,255,STILL,NA,1,P02,LAB01,0,1,27,4905,0,360
20260910_105156,STILL_1P_NA,18.213,23061347,255,STILL,NA,1,P02,LAB01,1,0,0,0,0,0
20260910_105156,STILL_1P_NA,18.213,23061347,255,STILL,NA,1,P02,LAB01,2,0,0,0,0,0
20260910_105156,STILL_1P_NA,18.302,23150105,256,STILL,NA,1,P02,LAB01,0,1,21,4912,0,360
20260910_105156,STILL_1P_NA,18.302,23150105,256,STILL,NA,1,P02,LAB01,1,0,0,0,0,0
20260910_105156,STILL_1P_NA,18.302,23150105,256,STILL,NA,1,P02,LAB01,2,0,0,0,0,0
20260910_105156,STILL_1P_NA,18.391,23239251,257,STILL,NA,1,P02,LAB01,0,1,15,4918,0,360
20260910_105156,STILL_1P_NA,18.391,23239251,257,STILL,NA,1,P02,LAB01,1,0,0,0,0,0
20260910_105156,STILL_1P_NA,18.391,23239251,257,STILL,NA,1,P02,LAB01,2,0,0,0,0,0
20260910_105156,STILL_1P_NA,18.480,23328037,258,STILL,NA,1,P02,LAB01,0,1,10,4924,0,360
20260910_105156,STILL_1P_NA,18.480,23328037,258,STILL,NA,1,P02,LAB01,1,0,0,0,0,0
20260910_105156,STILL_1P_NA,18.480,23328037,258,STILL,NA,1,P02,LAB01,2,0,0,0,0,0
20260910_105156,STILL_1P_NA,18.569,23417177,259,STILL,NA,1,P02,LAB01,0,1,4,4929,0,360
20260910_105156,STILL_1P_NA,18.569,23417177,259,STILL,NA,1,P02,LAB01,1,0,0,0,0,0
20260910_105156,STILL_1P_NA,18.569,23417177,259,STILL,NA,1,P02,LAB01,2,0,0,0,0,0
20260910_105156,STILL_1P_NA,18.658,23506037,260,STILL,NA,1,P02,LAB01,0,1,0,4935,0,360
20260910_105156,STILL_1P_NA,18.658,23506037,260,STILL,NA,1,P02,LAB01,1,0,0,0,0,0
20260910_105156,STILL_1P_NA,18.658,23506037,260,STILL,NA,1,P02,LAB01,2,0,0,0,0,0
20260910_105156,STILL_1P_NA,18.747,23595338,261,STILL,NA,1,P02,LAB01,0,1,-8,4943,0,360
20260910_105156,STILL_1P_NA,18.747,23595338,261,STILL,NA,1,P02,LAB01,1,0,0,0,0,0
20260910_105156,STILL_1P_NA,18.747,23595338,261,STILL,NA,1,P02,LAB01,2,0,0,0,0,0
20260910_105156,STILL_1P_NA,18.836,23684324,262,STILL,NA,1,P02,LAB01,0,1,-20,4958,0,360
20260910_105156,STILL_1P_NA,18.836,23684324,262,STILL,NA,1,P02,LAB01,1,0,0,0,0,0
20260910_105156,STILL_1P_NA,18.836,23684324,262,STILL,NA,1,P02,LAB01,2,0,0,0,0,0
20260910_105156,STILL_1P_NA,18.925,23772991,263,STILL,NA,1,P02,LAB01,0,1,-35,4975,0,360
20260910_105156,STILL_1P_NA,18.925,23772991,263,STILL,NA,1,P02,LAB01,1,0,0,0,0,0
20260910_105156,STILL_1P_NA,18.925,23772991,263,STILL,NA,1,P02,LAB01,2,0,0,0,0,0
20260910_105156,STILL_1P_NA,19.014,23862028,264,STILL,NA,1,P02,LAB01,0,1,-48,4992,0,360
20260910_105156,STILL_1P_NA,19.014,23862028,264,STILL,NA,1,P02,LAB01,1,0,0,0,0,0
20260910_105156,STILL_1P_NA,19.014,23862028,264,STILL,NA,1,P02,LAB01,2,0,0,0,0,0
20260910_105156,STILL_1P_NA,19.103,23951361,265,STILL,NA,1,P02,LAB01,0,1,-61,5008,0,360
20260910_105156,STILL_1P_NA,19.103,23951361,265,STILL,NA,1,P02,LAB01,1,0,0,0,0,0
20260910_105156,STILL_1P_NA,19.103,23951361,265,STILL,NA,1,P02,LAB01,2,0,0,0,0,0
20260910_105156,STILL_1P_NA,19.192,24040217,266,STILL,NA,1,P02,LAB01,0,1,-74,5024,0,360
20260910_105156,STILL_1P_NA,19.192,24040217,266,STILL,NA,1,P02,LAB01,1,0,0,0,0,0
20260910_105156,STILL_1P_NA,19.192,24040217,266,STILL,NA,1,P02,LAB01,2,0,0,0,0,0
20260910_105156,STILL_1P_NA,19.281,24129418,267,STILL,NA,1,P02,LAB01,0,1,-86,5039,0,360
20260910_105156,STILL_1P_NA,19.281,24129418,267,STILL,NA,1,P02,LAB01,1,0,0,0,0,0
20260910_105156,STILL_1P_NA,19.281,24129418,267,STILL,NA,1,P02,LAB01,2,0,0,0,0,0
20260910_105156,STILL_1P_NA,19.370,24218050,268,STILL,NA,1,P02,LAB01,0,1,-102,5055,8,360
20260910_105156,STILL_1P_NA,19.370,24218050,268,STILL,NA,1,P02,LAB01,1,0,0,0,0,0
20260910_105156,STILL_1P_NA,19.370,24218050,268,STILL,NA,1,P02,LAB01,2,0,0,0,0,0
20260910_105156,STILL_1P_NA,19.459,24307411,269,STILL,NA,1,P02,LAB01,0,1,-133,5083,0,360
20260910_105156,STILL_1P_NA,19.459,24307411,269,STILL,NA,1,P02,LAB01,1,0,0,0,0,0
20260910_105156,STILL_1P_NA,19.459,24307411,269,STILL,NA,1,P02,LAB01,2,0,0,0,0,0
20260910_105156,STILL_1P_NA,19.548,24396177,270,STILL,NA,1,P02,LAB01,0,1,-233,5167,0,360
20260910_105156,STILL_1P_NA,19.548,24396177,270,STILL,NA,1,P02,LAB01,1,0,0,0,0,0
20260910_105156,STILL_1P_NA,19.548,24396177,270,STILL,NA,1,P02,LAB01,2,0,0,0,0,0
20260910_105156,STILL_1P_NA,19.637,24485183,271,STILL,NA,1,P02,LAB01,0,1,-315,5236,0,360
20260910_105156,STILL_1P_NA,19.637,24485183,271,STILL,NA,1,P02,LAB01,1,0,0,0,0,0
20260910_105156,STILL_1P_NA,19.637,24485183,271,STILL,NA,1,P02,LAB01,2,0,0,0,0,0
20260910_105156,STILL_1P_NA,19.726,24574170,272,STILL,NA,1,P02,LAB01,0,1,-334,5251,0,360
20260910_105156,STILL_1P_NA,19.726,24574170,272,STILL,NA,1,P02,LAB01,1,0,0,0,0,0
20260910_105156,STILL_1P_NA,19.726,24574170,272,STILL,NA,1,P02,LAB01,2,0,0,0,0,0
20260910_105156,STILL_1P_NA,19.815,24663404,273,STILL,NA,1,P02,LAB01,0,1,-356,5262,0,360
20260910_105156,STILL_1P_NA,19.815,24663404,273,STILL,NA,1,P02,LAB01,1,0,0,0,0,0
20260910_105156,STILL_1P_NA,19.815,24663404,273,STILL,NA,1,P02,LAB01,2,0,0,0,0,0
20260910_105156,STILL_1P_NA,19.904,24752132,274,STILL,NA,1,P02,LAB01,0,1,-375,5266,0,360
20260910_105156,STILL_1P_NA,19.904,24752132,274,STILL,NA,1,P02,LAB01,1,0,0,0,0,0
20260910_105156,STILL_1P_NA,19.904,24752132,274,STILL,NA,1,P02,LAB01,2,0,0,0,0,0
20260910_105156,STILL_1P_NA,19.993,24841283,275,STILL,NA,1,P02,LAB01,0,1,-395,5270,0,360
20260910_105156,STILL_1P_NA,19.993,24841283,275,STILL,NA,1,P02,LAB01,1,0,0,0,0,0
20260910_105156,STILL_1P_NA,19.993,24841283,275,STILL,NA,1,P02,LAB01,2,0,0,0,0,0
20260910_105156,STILL_1P_NA,20.081,24929887,276,STILL,NA,1,P02,LAB01,0,1,-414,5271,0,360
20260910_105156,STILL_1P_NA,20.081,24929887,276,STILL,NA,1,P02,LAB01,1,0,0,0,0,0
20260910_105156,STILL_1P_NA,20.081,24929887,276,STILL,NA,1,P02,LAB01,2,0,0,0,0,0
20260910_105156,STILL_1P_NA,20.171,25019244,277,STILL,NA,1,P02,LAB01,0,1,-432,5272,0,360
20260910_105156,STILL_1P_NA,20.171,25019244,277,STILL,NA,1,P02,LAB01,1,0,0,0,0,0
20260910_105156,STILL_1P_NA,20.171,25019244,277,STILL,NA,1,P02,LAB01,2,0,0,0,0,0
20260910_105156,STILL_1P_NA,20.261,25107887,278,STILL,NA,1,P02,LAB01,0,1,-459,5283,0,360
20260910_105156,STILL_1P_NA,20.261,25107887,278,STILL,NA,1,P02,LAB01,1,0,0,0,0,0
20260910_105156,STILL_1P_NA,20.261,25107887,278,STILL,NA,1,P02,LAB01,2,0,0,0,0,0
20260910_105156,STILL_1P_NA,20.349,25197272,279,STILL,NA,1,P02,LAB01,0,1,-492,5297,0,360
20260910_105156,STILL_1P_NA,20.349,25197272,279,STILL,NA,1,P02,LAB01,1,0,0,0,0,0
20260910_105156,STILL_1P_NA,20.349,25197272,279,STILL,NA,1,P02,LAB01,2,0,0,0,0,0
20260910_105156,STILL_1P_NA,20.438,25286028,280,STILL,NA,1,P02,LAB01,0,1,-528,5314,0,360
20260910_105156,STILL_1P_NA,20.438,25286028,280,STILL,NA,1,P02,LAB01,1,0,0,0,0,0
20260910_105156,STILL_1P_NA,20.438,25286028,280,STILL,NA,1,P02,LAB01,2,0,0,0,0,0
20260910_105156,STILL_1P_NA,20.527,25374991,281,STILL,NA,1,P02,LAB01,0,1,-562,5331,0,360
20260910_105156,STILL_1P_NA,20.527,25374991,281,STILL,NA,1,P02,LAB01,1,0,0,0,0,0
20260910_105156,STILL_1P_NA,20.527,25374991,281,STILL,NA,1,P02,LAB01,2,0,0,0,0,0
20260910_105156,STILL_1P_NA,20.616,25464001,282,STILL,NA,1,P02,LAB01,0,1,-590,5345,0,360
20260910_105156,STILL_1P_NA,20.616,25464001,282,STILL,NA,1,P02,LAB01,1,0,0,0,0,0
20260910_105156,STILL_1P_NA,20.616,25464001,282,STILL,NA,1,P02,LAB01,2,0,0,0,0,0
20260910_105156,STILL_1P_NA,20.705,25552955,283,STILL,NA,1,P02,LAB01,0,1,-614,5358,0,360
20260910_105156,STILL_1P_NA,20.705,25552955,283,STILL,NA,1,P02,LAB01,1,0,0,0,0,0
20260910_105156,STILL_1P_NA,20.705,25552955,283,STILL,NA,1,P02,LAB01,2,0,0,0,0,0
20260910_105156,STILL_1P_NA,20.793,25641837,284,STILL,NA,1,P02,LAB01,0,1,-640,5368,0,360
20260910_105156,STILL_1P_NA,20.793,25641837,284,STILL,NA,1,P02,LAB01,1,0,0,0,0,0
20260910_105156,STILL_1P_NA,20.793,25641837,284,STILL,NA,1,P02,LAB01,2,0,0,0,0,0
20260910_105156,STILL_1P_NA,20.883,25731129,285,STILL,NA,1,P02,LAB01,0,1,-662,5377,0,360
20260910_105156,STILL_1P_NA,20.883,25731129,285,STILL,NA,1,P02,LAB01,1,0,0,0,0,0
20260910_105156,STILL_1P_NA,20.883,25731129,285,STILL,NA,1,P02,LAB01,2,0,0,0,0,0
20260910_105156,STILL_1P_NA,20.971,25819837,286,STILL,NA,1,P02,LAB01,0,1,-683,5385,0,360
20260910_105156,STILL_1P_NA,20.971,25819837,286,STILL,NA,1,P02,LAB01,1,0,0,0,0,0
20260910_105156,STILL_1P_NA,20.971,25819837,286,STILL,NA,1,P02,LAB01,2,0,0,0,0,0
20260910_105156,STILL_1P_NA,21.060,25909056,287,STILL,NA,1,P02,LAB01,0,1,-697,5394,0,360
20260910_105156,STILL_1P_NA,21.060,25909056,287,STILL,NA,1,P02,LAB01,1,0,0,0,0,0
20260910_105156,STILL_1P_NA,21.060,25909056,287,STILL,NA,1,P02,LAB01,2,0,0,0,0,0
20260910_105156,STILL_1P_NA,21.150,25998268,288,STILL,NA,1,P02,LAB01,0,1,-709,5404,0,360
20260910_105156,STILL_1P_NA,21.150,25998268,288,STILL,NA,1,P02,LAB01,1,0,0,0,0,0
20260910_105156,STILL_1P_NA,21.150,25998268,288,STILL,NA,1,P02,LAB01,2,0,0,0,0,0
20260910_105156,STILL_1P_NA,21.239,26087147,289,STILL,NA,1,P02,LAB01,0,1,-721,5416,0,360
20260910_105156,STILL_1P_NA,21.239,26087147,289,STILL,NA,1,P02,LAB01,1,0,0,0,0,0
20260910_105156,STILL_1P_NA,21.239,26087147,289,STILL,NA,1,P02,LAB01,2,0,0,0,0,0
20260910_105156,STILL_1P_NA,21.328,26176100,290,STILL,NA,1,P02,LAB01,0,1,-728,5428,-8,360
20260910_105156,STILL_1P_NA,21.328,26176100,290,STILL,NA,1,P02,LAB01,1,0,0,0,0,0
20260910_105156,STILL_1P_NA,21.328,26176100,290,STILL,NA,1,P02,LAB01,2,0,0,0,0,0
20260910_105156,STILL_1P_NA,21.416,26264784,291,STILL,NA,1,P02,LAB01,0,1,-732,5442,-8,360
20260910_105156,STILL_1P_NA,21.416,26264784,291,STILL,NA,1,P02,LAB01,1,0,0,0,0,0
20260910_105156,STILL_1P_NA,21.416,26264784,291,STILL,NA,1,P02,LAB01,2,0,0,0,0,0
20260910_105156,STILL_1P_NA,21.505,26353982,292,STILL,NA,1,P02,LAB01,0,1,-733,5450,0,360
20260910_105156,STILL_1P_NA,21.505,26353982,292,STILL,NA,1,P02,LAB01,1,0,0,0,0,0
20260910_105156,STILL_1P_NA,21.505,26353982,292,STILL,NA,1,P02,LAB01,2,0,0,0,0,0
20260910_105156,STILL_1P_NA,21.594,26442747,293,STILL,NA,1,P02,LAB01,0,1,-721,5450,0,360
20260910_105156,STILL_1P_NA,21.594,26442747,293,STILL,NA,1,P02,LAB01,1,0,0,0,0,0
20260910_105156,STILL_1P_NA,21.594,26442747,293,STILL,NA,1,P02,LAB01,2,0,0,0,0,0
20260910_105156,STILL_1P_NA,21.684,26532093,294,STILL,NA,1,P02,LAB01,0,1,-706,5446,0,360
20260910_105156,STILL_1P_NA,21.684,26532093,294,STILL,NA,1,P02,LAB01,1,0,0,0,0,0
20260910_105156,STILL_1P_NA,21.684,26532093,294,STILL,NA,1,P02,LAB01,2,0,0,0,0,0
20260910_105156,STILL_1P_NA,21.773,26621105,295,STILL,NA,1,P02,LAB01,0,1,-696,5439,0,360
20260910_105156,STILL_1P_NA,21.773,26621105,295,STILL,NA,1,P02,LAB01,1,0,0,0,0,0
20260910_105156,STILL_1P_NA,21.773,26621105,295,STILL,NA,1,P02,LAB01,2,0,0,0,0,0
20260910_105156,STILL_1P_NA,21.862,26709914,296,STILL,NA,1,P02,LAB01,0,1,-682,5428,-8,360
20260910_105156,STILL_1P_NA,21.862,26709914,296,STILL,NA,1,P02,LAB01,1,0,0,0,0,0
20260910_105156,STILL_1P_NA,21.862,26709914,296,STILL,NA,1,P02,LAB01,2,0,0,0,0,0
20260910_105156,STILL_1P_NA,21.951,26799132,297,STILL,NA,1,P02,LAB01,0,1,-659,5411,0,360
20260910_105156,STILL_1P_NA,21.951,26799132,297,STILL,NA,1,P02,LAB01,1,0,0,0,0,0
20260910_105156,STILL_1P_NA,21.951,26799132,297,STILL,NA,1,P02,LAB01,2,0,0,0,0,0
20260910_105156,STILL_1P_NA,22.039,26888050,298,STILL,NA,1,P02,LAB01,0,1,-587,5374,0,360
20260910_105156,STILL_1P_NA,22.039,26888050,298,STILL,NA,1,P02,LAB01,1,0,0,0,0,0
20260910_105156,STILL_1P_NA,22.039,26888050,298,STILL,NA,1,P02,LAB01,2,0,0,0,0,0
20260910_105156,STILL_1P_NA,22.129,26977100,299,STILL,NA,1,P02,LAB01,0,1,-518,5341,0,360
20260910_105156,STILL_1P_NA,22.129,26977100,299,STILL,NA,1,P02,LAB01,1,0,0,0,0,0
20260910_105156,STILL_1P_NA,22.129,26977100,299,STILL,NA,1,P02,LAB01,2,0,0,0,0,0
20260910_105156,STILL_1P_NA,22.217,27066023,300,STILL,NA,1,P02,LAB01,0,1,-507,5347,0,360
20260910_105156,STILL_1P_NA,22.217,27066023,300,STILL,NA,1,P02,LAB01,1,0,0,0,0,0
20260910_105156,STILL_1P_NA,22.217,27066023,300,STILL,NA,1,P02,LAB01,2,0,0,0,0,0
20260910_105156,STILL_1P_NA,22.306,27154727,301,STILL,NA,1,P02,LAB01,0,1,-509,5354,0,360
20260910_105156,STILL_1P_NA,22.306,27154727,301,STILL,NA,1,P02,LAB01,1,0,0,0,0,0
20260910_105156,STILL_1P_NA,22.306,27154727,301,STILL,NA,1,P02,LAB01,2,0,0,0,0,0
20260910_105156,STILL_1P_NA,22.395,27243618,302,STILL,NA,1,P02,LAB01,0,1,-515,5361,-8,360
20260910_105156,STILL_1P_NA,22.395,27243618,302,STILL,NA,1,P02,LAB01,1,0,0,0,0,0
20260910_105156,STILL_1P_NA,22.395,27243618,302,STILL,NA,1,P02,LAB01,2,0,0,0,0,0
20260910_105156,STILL_1P_NA,22.484,27332628,303,STILL,NA,1,P02,LAB01,0,1,-523,5368,-8,360
20260910_105156,STILL_1P_NA,22.484,27332628,303,STILL,NA,1,P02,LAB01,1,0,0,0,0,0
20260910_105156,STILL_1P_NA,22.484,27332628,303,STILL,NA,1,P02,LAB01,2,0,0,0,0,0
20260910_105156,STILL_1P_NA,22.573,27421618,304,STILL,NA,1,P02,LAB01,0,1,-531,5374,-8,360
20260910_105156,STILL_1P_NA,22.573,27421618,304,STILL,NA,1,P02,LAB01,1,0,0,0,0,0
20260910_105156,STILL_1P_NA,22.573,27421618,304,STILL,NA,1,P02,LAB01,2,0,0,0,0,0
20260910_105156,STILL_1P_NA,22.662,27510815,305,STILL,NA,1,P02,LAB01,0,1,-545,5383,0,360
20260910_105156,STILL_1P_NA,22.662,27510815,305,STILL,NA,1,P02,LAB01,1,0,0,0,0,0
20260910_105156,STILL_1P_NA,22.662,27510815,305,STILL,NA,1,P02,LAB01,2,0,0,0,0,0
20260910_105156,STILL_1P_NA,22.751,27599671,306,STILL,NA,1,P02,LAB01,0,1,-560,5393,0,360
20260910_105156,STILL_1P_NA,22.751,27599671,306,STILL,NA,1,P02,LAB01,1,0,0,0,0,0
20260910_105156,STILL_1P_NA,22.751,27599671,306,STILL,NA,1,P02,LAB01,2,0,0,0,0,0
20260910_105156,STILL_1P_NA,22.840,27688721,307,STILL,NA,1,P02,LAB01,0,1,-575,5402,0,360
20260910_105156,STILL_1P_NA,22.840,27688721,307,STILL,NA,1,P02,LAB01,1,0,0,0,0,0
20260910_105156,STILL_1P_NA,22.840,27688721,307,STILL,NA,1,P02,LAB01,2,0,0,0,0,0
20260910_105156,STILL_1P_NA,22.929,27777732,308,STILL,NA,1,P02,LAB01,0,1,-589,5411,0,360
20260910_105156,STILL_1P_NA,22.929,27777732,308,STILL,NA,1,P02,LAB01,1,0,0,0,0,0
20260910_105156,STILL_1P_NA,22.929,27777732,308,STILL,NA,1,P02,LAB01,2,0,0,0,0,0
20260910_105156,STILL_1P_NA,23.018,27866837,309,STILL,NA,1,P02,LAB01,0,1,-603,5419,0,360
20260910_105156,STILL_1P_NA,23.018,27866837,309,STILL,NA,1,P02,LAB01,1,0,0,0,0,0
20260910_105156,STILL_1P_NA,23.018,27866837,309,STILL,NA,1,P02,LAB01,2,0,0,0,0,0
20260910_105156,STILL_1P_NA,23.107,27955628,310,STILL,NA,1,P02,LAB01,0,1,-616,5428,0,360
20260910_105156,STILL_1P_NA,23.107,27955628,310,STILL,NA,1,P02,LAB01,1,0,0,0,0,0
20260910_105156,STILL_1P_NA,23.107,27955628,310,STILL,NA,1,P02,LAB01,2,0,0,0,0,0
20260910_105156,STILL_1P_NA,23.196,28044769,311,STILL,NA,1,P02,LAB01,0,1,-629,5436,0,360
20260910_105156,STILL_1P_NA,23.196,28044769,311,STILL,NA,1,P02,LAB01,1,0,0,0,0,0
20260910_105156,STILL_1P_NA,23.196,28044769,311,STILL,NA,1,P02,LAB01,2,0,0,0,0,0
20260910_105156,STILL_1P_NA,23.285,28133943,312,STILL,NA,1,P02,LAB01,0,1,-639,5440,-8,360
20260910_105156,STILL_1P_NA,23.285,28133943,312,STILL,NA,1,P02,LAB01,1,0,0,0,0,0
20260910_105156,STILL_1P_NA,23.285,28133943,312,STILL,NA,1,P02,LAB01,2,0,0,0,0,0
20260910_105156,STILL_1P_NA,23.374,28222858,313,STILL,NA,1,P02,LAB01,0,1,-648,5443,-8,360
20260910_105156,STILL_1P_NA,23.374,28222858,313,STILL,NA,1,P02,LAB01,1,0,0,0,0,0
20260910_105156,STILL_1P_NA,23.374,28222858,313,STILL,NA,1,P02,LAB01,2,0,0,0,0,0
20260910_105156,STILL_1P_NA,23.463,28311934,314,STILL,NA,1,P02,LAB01,0,1,-656,5446,-8,360
20260910_105156,STILL_1P_NA,23.463,28311934,314,STILL,NA,1,P02,LAB01,1,0,0,0,0,0
20260910_105156,STILL_1P_NA,23.463,28311934,314,STILL,NA,1,P02,LAB01,2,0,0,0,0,0
20260910_105156,STILL_1P_NA,23.553,28401261,315,STILL,NA,1,P02,LAB01,0,1,-653,5432,0,360
20260910_105156,STILL_1P_NA,23.553,28401261,315,STILL,NA,1,P02,LAB01,1,0,0,0,0,0
20260910_105156,STILL_1P_NA,23.553,28401261,315,STILL,NA,1,P02,LAB01,2,0,0,0,0,0
20260910_105156,STILL_1P_NA,23.641,28490049,316,STILL,NA,1,P02,LAB01,0,1,-645,5415,0,360
20260910_105156,STILL_1P_NA,23.641,28490049,316,STILL,NA,1,P02,LAB01,1,0,0,0,0,0
20260910_105156,STILL_1P_NA,23.641,28490049,316,STILL,NA,1,P02,LAB01,2,0,0,0,0,0
20260910_105156,STILL_1P_NA,23.730,28578851,317,STILL,NA,1,P02,LAB01,0,1,-609,5354,0,360
20260910_105156,STILL_1P_NA,23.730,28578851,317,STILL,NA,1,P02,LAB01,1,0,0,0,0,0
20260910_105156,STILL_1P_NA,23.730,28578851,317,STILL,NA,1,P02,LAB01,2,0,0,0,0,0
20260910_105156,STILL_1P_NA,23.819,28667961,318,STILL,NA,1,P02,LAB01,0,1,-576,5299,0,360
20260910_105156,STILL_1P_NA,23.819,28667961,318,STILL,NA,1,P02,LAB01,1,0,0,0,0,0
20260910_105156,STILL_1P_NA,23.819,28667961,318,STILL,NA,1,P02,LAB01,2,0,0,0,0,0
20260910_105156,STILL_1P_NA,23.909,28756973,319,STILL,NA,1,P02,LAB01,0,1,-546,5250,0,360
20260910_105156,STILL_1P_NA,23.909,28756973,319,STILL,NA,1,P02,LAB01,1,0,0,0,0,0
20260910_105156,STILL_1P_NA,23.909,28756973,319,STILL,NA,1,P02,LAB01,2,0,0,0,0,0
20260910_105156,STILL_1P_NA,23.997,28845863,320,STILL,NA,1,P02,LAB01,0,1,-537,5234,0,360
20260910_105156,STILL_1P_NA,23.997,28845863,320,STILL,NA,1,P02,LAB01,1,0,0,0,0,0
20260910_105156,STILL_1P_NA,23.997,28845863,320,STILL,NA,1,P02,LAB01,2,0,0,0,0,0
20260910_105156,STILL_1P_NA,24.087,28934721,321,STILL,NA,1,P02,LAB01,0,1,-527,5219,0,360
20260910_105156,STILL_1P_NA,24.087,28934721,321,STILL,NA,1,P02,LAB01,1,0,0,0,0,0
20260910_105156,STILL_1P_NA,24.087,28934721,321,STILL,NA,1,P02,LAB01,2,0,0,0,0,0
20260910_105156,STILL_1P_NA,24.176,29023982,322,STILL,NA,1,P02,LAB01,0,1,-519,5204,0,360
20260910_105156,STILL_1P_NA,24.176,29023982,322,STILL,NA,1,P02,LAB01,1,0,0,0,0,0
20260910_105156,STILL_1P_NA,24.176,29023982,322,STILL,NA,1,P02,LAB01,2,0,0,0,0,0
20260910_105156,STILL_1P_NA,24.264,29112774,323,STILL,NA,1,P02,LAB01,0,1,-510,5189,0,360
20260910_105156,STILL_1P_NA,24.264,29112774,323,STILL,NA,1,P02,LAB01,1,0,0,0,0,0
20260910_105156,STILL_1P_NA,24.264,29112774,323,STILL,NA,1,P02,LAB01,2,0,0,0,0,0
20260910_105156,STILL_1P_NA,24.353,29201638,324,STILL,NA,1,P02,LAB01,0,1,-502,5175,0,360
20260910_105156,STILL_1P_NA,24.353,29201638,324,STILL,NA,1,P02,LAB01,1,0,0,0,0,0
20260910_105156,STILL_1P_NA,24.353,29201638,324,STILL,NA,1,P02,LAB01,2,0,0,0,0,0
20260910_105156,STILL_1P_NA,24.442,29290774,325,STILL,NA,1,P02,LAB01,0,1,-494,5162,0,360
20260910_105156,STILL_1P_NA,24.442,29290774,325,STILL,NA,1,P02,LAB01,1,0,0,0,0,0
20260910_105156,STILL_1P_NA,24.442,29290774,325,STILL,NA,1,P02,LAB01,2,0,0,0,0,0
20260910_105156,STILL_1P_NA,24.531,29379851,326,STILL,NA,1,P02,LAB01,0,1,-480,5151,0,360
20260910_105156,STILL_1P_NA,24.531,29379851,326,STILL,NA,1,P02,LAB01,1,0,0,0,0,0
20260910_105156,STILL_1P_NA,24.531,29379851,326,STILL,NA,1,P02,LAB01,2,0,0,0,0,0
20260910_105156,STILL_1P_NA,24.620,29468831,327,STILL,NA,1,P02,LAB01,0,1,-465,5141,0,360
20260910_105156,STILL_1P_NA,24.620,29468831,327,STILL,NA,1,P02,LAB01,1,0,0,0,0,0
20260910_105156,STILL_1P_NA,24.620,29468831,327,STILL,NA,1,P02,LAB01,2,0,0,0,0,0
20260910_105156,STILL_1P_NA,24.709,29557880,328,STILL,NA,1,P02,LAB01,0,1,-442,5133,0,360
20260910_105156,STILL_1P_NA,24.709,29557880,328,STILL,NA,1,P02,LAB01,1,0,0,0,0,0
20260910_105156,STILL_1P_NA,24.709,29557880,328,STILL,NA,1,P02,LAB01,2,0,0,0,0,0
20260910_105156,STILL_1P_NA,24.798,29646704,329,STILL,NA,1,P02,LAB01,0,1,-418,5125,0,360
20260910_105156,STILL_1P_NA,24.798,29646704,329,STILL,NA,1,P02,LAB01,1,0,0,0,0,0
20260910_105156,STILL_1P_NA,24.798,29646704,329,STILL,NA,1,P02,LAB01,2,0,0,0,0,0
20260910_105156,STILL_1P_NA,24.887,29735784,330,STILL,NA,1,P02,LAB01,0,1,-392,5119,0,360
20260910_105156,STILL_1P_NA,24.887,29735784,330,STILL,NA,1,P02,LAB01,1,0,0,0,0,0
20260910_105156,STILL_1P_NA,24.887,29735784,330,STILL,NA,1,P02,LAB01,2,0,0,0,0,0
20260910_105156,STILL_1P_NA,24.976,29824671,331,STILL,NA,1,P02,LAB01,0,1,-366,5114,0,360
20260910_105156,STILL_1P_NA,24.976,29824671,331,STILL,NA,1,P02,LAB01,1,0,0,0,0,0
20260910_105156,STILL_1P_NA,24.976,29824671,331,STILL,NA,1,P02,LAB01,2,0,0,0,0,0
20260910_105156,STILL_1P_NA,25.065,29913747,332,STILL,NA,1,P02,LAB01,0,1,-341,5109,0,360
20260910_105156,STILL_1P_NA,25.065,29913747,332,STILL,NA,1,P02,LAB01,1,0,0,0,0,0
20260910_105156,STILL_1P_NA,25.065,29913747,332,STILL,NA,1,P02,LAB01,2,0,0,0,0,0
20260910_105156,STILL_1P_NA,25.154,30002727,333,STILL,NA,1,P02,LAB01,0,1,-316,5104,0,360
20260910_105156,STILL_1P_NA,25.154,30002727,333,STILL,NA,1,P02,LAB01,1,0,0,0,0,0
20260910_105156,STILL_1P_NA,25.154,30002727,333,STILL,NA,1,P02,LAB01,2,0,0,0,0,0
20260910_105156,STILL_1P_NA,25.243,30091774,334,STILL,NA,1,P02,LAB01,0,1,-293,5099,0,360
20260910_105156,STILL_1P_NA,25.243,30091774,334,STILL,NA,1,P02,LAB01,1,0,0,0,0,0
20260910_105156,STILL_1P_NA,25.243,30091774,334,STILL,NA,1,P02,LAB01,2,0,0,0,0,0
20260910_105156,STILL_1P_NA,25.332,30180467,335,STILL,NA,1,P02,LAB01,0,1,-274,5099,0,360
20260910_105156,STILL_1P_NA,25.332,30180467,335,STILL,NA,1,P02,LAB01,1,0,0,0,0,0
20260910_105156,STILL_1P_NA,25.332,30180467,335,STILL,NA,1,P02,LAB01,2,0,0,0,0,0
20260910_105156,STILL_1P_NA,25.421,30270017,336,STILL,NA,1,P02,LAB01,0,1,-258,5100,0,360
20260910_105156,STILL_1P_NA,25.421,30270017,336,STILL,NA,1,P02,LAB01,1,0,0,0,0,0
20260910_105156,STILL_1P_NA,25.421,30270017,336,STILL,NA,1,P02,LAB01,2,0,0,0,0,0
20260910_105156,STILL_1P_NA,25.510,30358467,337,STILL,NA,1,P02,LAB01,0,1,-242,5101,0,360
20260910_105156,STILL_1P_NA,25.510,30358467,337,STILL,NA,1,P02,LAB01,1,0,0,0,0,0
20260910_105156,STILL_1P_NA,25.510,30358467,337,STILL,NA,1,P02,LAB01,2,0,0,0,0,0
20260910_105156,STILL_1P_NA,25.599,30447798,338,STILL,NA,1,P02,LAB01,0,1,-227,5103,0,360
20260910_105156,STILL_1P_NA,25.599,30447798,338,STILL,NA,1,P02,LAB01,1,0,0,0,0,0
20260910_105156,STILL_1P_NA,25.599,30447798,338,STILL,NA,1,P02,LAB01,2,0,0,0,0,0
20260910_105156,STILL_1P_NA,25.688,30536624,339,STILL,NA,1,P02,LAB01,0,1,-213,5104,0,360
20260910_105156,STILL_1P_NA,25.688,30536624,339,STILL,NA,1,P02,LAB01,1,0,0,0,0,0
20260910_105156,STILL_1P_NA,25.688,30536624,339,STILL,NA,1,P02,LAB01,2,0,0,0,0,0
20260910_105156,STILL_1P_NA,25.777,30625665,340,STILL,NA,1,P02,LAB01,0,1,-201,5103,0,360
20260910_105156,STILL_1P_NA,25.777,30625665,340,STILL,NA,1,P02,LAB01,1,0,0,0,0,0
20260910_105156,STILL_1P_NA,25.777,30625665,340,STILL,NA,1,P02,LAB01,2,0,0,0,0,0
20260910_105156,STILL_1P_NA,25.866,30714801,341,STILL,NA,1,P02,LAB01,0,1,-187,5099,0,360
20260910_105156,STILL_1P_NA,25.866,30714801,341,STILL,NA,1,P02,LAB01,1,0,0,0,0,0
20260910_105156,STILL_1P_NA,25.866,30714801,341,STILL,NA,1,P02,LAB01,2,0,0,0,0,0
20260910_105156,STILL_1P_NA,25.955,30803914,342,STILL,NA,1,P02,LAB01,0,1,-173,5095,0,360
20260910_105156,STILL_1P_NA,25.955,30803914,342,STILL,NA,1,P02,LAB01,1,0,0,0,0,0
20260910_105156,STILL_1P_NA,25.955,30803914,342,STILL,NA,1,P02,LAB01,2,0,0,0,0,0
20260910_105156,STILL_1P_NA,26.043,30892268,343,STILL,NA,1,P02,LAB01,0,1,-160,5091,0,360
20260910_105156,STILL_1P_NA,26.043,30892268,343,STILL,NA,1,P02,LAB01,1,0,0,0,0,0
20260910_105156,STILL_1P_NA,26.043,30892268,343,STILL,NA,1,P02,LAB01,2,0,0,0,0,0
20260910_105156,STILL_1P_NA,26.133,30981754,344,STILL,NA,1,P02,LAB01,0,1,-147,5086,0,360
20260910_105156,STILL_1P_NA,26.133,30981754,344,STILL,NA,1,P02,LAB01,1,0,0,0,0,0
20260910_105156,STILL_1P_NA,26.133,30981754,344,STILL,NA,1,P02,LAB01,2,0,0,0,0,0
20260910_105156,STILL_1P_NA,26.222,31070582,345,STILL,NA,1,P02,LAB01,0,1,-134,5082,0,360
20260910_105156,STILL_1P_NA,26.222,31070582,345,STILL,NA,1,P02,LAB01,1,0,0,0,0,0
20260910_105156,STILL_1P_NA,26.222,31070582,345,STILL,NA,1,P02,LAB01,2,0,0,0,0,0
20260910_105156,STILL_1P_NA,26.311,31159370,346,STILL,NA,1,P02,LAB01,0,1,-122,5079,0,360
20260910_105156,STILL_1P_NA,26.311,31159370,346,STILL,NA,1,P02,LAB01,1,0,0,0,0,0
20260910_105156,STILL_1P_NA,26.311,31159370,346,STILL,NA,1,P02,LAB01,2,0,0,0,0,0
20260910_105156,STILL_1P_NA,26.400,31248573,347,STILL,NA,1,P02,LAB01,0,1,-110,5075,0,360
20260910_105156,STILL_1P_NA,26.400,31248573,347,STILL,NA,1,P02,LAB01,1,0,0,0,0,0
20260910_105156,STILL_1P_NA,26.400,31248573,347,STILL,NA,1,P02,LAB01,2,0,0,0,0,0
20260910_105156,STILL_1P_NA,26.489,31337810,348,STILL,NA,1,P02,LAB01,0,1,-99,5071,0,360
20260910_105156,STILL_1P_NA,26.489,31337810,348,STILL,NA,1,P02,LAB01,1,0,0,0,0,0
20260910_105156,STILL_1P_NA,26.489,31337810,348,STILL,NA,1,P02,LAB01,2,0,0,0,0,0
20260910_105156,STILL_1P_NA,26.578,31426727,349,STILL,NA,1,P02,LAB01,0,1,-88,5068,0,360
20260910_105156,STILL_1P_NA,26.578,31426727,349,STILL,NA,1,P02,LAB01,1,0,0,0,0,0
20260910_105156,STILL_1P_NA,26.578,31426727,349,STILL,NA,1,P02,LAB01,2,0,0,0,0,0
20260910_105156,STILL_1P_NA,26.668,31515928,350,STILL,NA,1,P02,LAB01,0,1,-77,5065,0,360
20260910_105156,STILL_1P_NA,26.668,31515928,350,STILL,NA,1,P02,LAB01,1,0,0,0,0,0
20260910_105156,STILL_1P_NA,26.668,31515928,350,STILL,NA,1,P02,LAB01,2,0,0,0,0,0
20260910_105156,STILL_1P_NA,26.756,31604597,351,STILL,NA,1,P02,LAB01,0,1,-67,5061,0,360
20260910_105156,STILL_1P_NA,26.756,31604597,351,STILL,NA,1,P02,LAB01,1,0,0,0,0,0
20260910_105156,STILL_1P_NA,26.756,31604597,351,STILL,NA,1,P02,LAB01,2,0,0,0,0,0
20260910_105156,STILL_1P_NA,26.845,31693796,352,STILL,NA,1,P02,LAB01,0,1,-57,5058,0,360
20260910_105156,STILL_1P_NA,26.845,31693796,352,STILL,NA,1,P02,LAB01,1,0,0,0,0,0
20260910_105156,STILL_1P_NA,26.845,31693796,352,STILL,NA,1,P02,LAB01,2,0,0,0,0,0
20260910_105156,STILL_1P_NA,26.934,31782562,353,STILL,NA,1,P02,LAB01,0,1,-47,5055,0,360
20260910_105156,STILL_1P_NA,26.934,31782562,353,STILL,NA,1,P02,LAB01,1,0,0,0,0,0
20260910_105156,STILL_1P_NA,26.934,31782562,353,STILL,NA,1,P02,LAB01,2,0,0,0,0,0
20260910_105156,STILL_1P_NA,27.023,31871268,354,STILL,NA,1,P02,LAB01,0,1,-38,5052,0,360
20260910_105156,STILL_1P_NA,27.023,31871268,354,STILL,NA,1,P02,LAB01,1,0,0,0,0,0
20260910_105156,STILL_1P_NA,27.023,31871268,354,STILL,NA,1,P02,LAB01,2,0,0,0,0,0
20260910_105156,STILL_1P_NA,27.112,31960494,355,STILL,NA,1,P02,LAB01,0,1,-29,5049,0,360
20260910_105156,STILL_1P_NA,27.112,31960494,355,STILL,NA,1,P02,LAB01,1,0,0,0,0,0
20260910_105156,STILL_1P_NA,27.112,31960494,355,STILL,NA,1,P02,LAB01,2,0,0,0,0,0
20260910_105156,STILL_1P_NA,27.201,32049474,356,STILL,NA,1,P02,LAB01,0,1,-17,5047,0,360
20260910_105156,STILL_1P_NA,27.201,32049474,356,STILL,NA,1,P02,LAB01,1,0,0,0,0,0
20260910_105156,STILL_1P_NA,27.201,32049474,356,STILL,NA,1,P02,LAB01,2,0,0,0,0,0
20260910_105156,STILL_1P_NA,27.290,32138677,357,STILL,NA,1,P02,LAB01,0,1,-4,5044,0,360
20260910_105156,STILL_1P_NA,27.290,32138677,357,STILL,NA,1,P02,LAB01,1,0,0,0,0,0
20260910_105156,STILL_1P_NA,27.290,32138677,357,STILL,NA,1,P02,LAB01,2,0,0,0,0,0
20260910_105156,STILL_1P_NA,27.379,32227528,358,STILL,NA,1,P02,LAB01,0,1,7,5041,0,360
20260910_105156,STILL_1P_NA,27.379,32227528,358,STILL,NA,1,P02,LAB01,1,0,0,0,0,0
20260910_105156,STILL_1P_NA,27.379,32227528,358,STILL,NA,1,P02,LAB01,2,0,0,0,0,0
20260910_105156,STILL_1P_NA,27.468,32316300,359,STILL,NA,1,P02,LAB01,0,1,19,5039,0,360
20260910_105156,STILL_1P_NA,27.468,32316300,359,STILL,NA,1,P02,LAB01,1,0,0,0,0,0
20260910_105156,STILL_1P_NA,27.468,32316300,359,STILL,NA,1,P02,LAB01,2,0,0,0,0,0
20260910_105156,STILL_1P_NA,27.557,32405150,360,STILL,NA,1,P02,LAB01,0,1,31,5036,0,360
20260910_105156,STILL_1P_NA,27.557,32405150,360,STILL,NA,1,P02,LAB01,1,0,0,0,0,0
20260910_105156,STILL_1P_NA,27.557,32405150,360,STILL,NA,1,P02,LAB01,2,0,0,0,0,0
20260910_105156,STILL_1P_NA,27.646,32494418,361,STILL,NA,1,P02,LAB01,0,1,36,5034,0,360
20260910_105156,STILL_1P_NA,27.646,32494418,361,STILL,NA,1,P02,LAB01,1,0,0,0,0,0
20260910_105156,STILL_1P_NA,27.646,32494418,361,STILL,NA,1,P02,LAB01,2,0,0,0,0,0
20260910_105156,STILL_1P_NA,27.734,32583177,362,STILL,NA,1,P02,LAB01,0,1,38,5031,0,360
20260910_105156,STILL_1P_NA,27.734,32583177,362,STILL,NA,1,P02,LAB01,1,0,0,0,0,0
20260910_105156,STILL_1P_NA,27.734,32583177,362,STILL,NA,1,P02,LAB01,2,0,0,0,0,0
20260910_105156,STILL_1P_NA,27.824,32672384,363,STILL,NA,1,P02,LAB01,0,1,37,5031,0,360
20260910_105156,STILL_1P_NA,27.824,32672384,363,STILL,NA,1,P02,LAB01,1,0,0,0,0,0
20260910_105156,STILL_1P_NA,27.824,32672384,363,STILL,NA,1,P02,LAB01,2,0,0,0,0,0
20260910_105156,STILL_1P_NA,27.912,32761114,364,STILL,NA,1,P02,LAB01,0,1,30,5032,-8,360
20260910_105156,STILL_1P_NA,27.912,32761114,364,STILL,NA,1,P02,LAB01,1,0,0,0,0,0
20260910_105156,STILL_1P_NA,27.912,32761114,364,STILL,NA,1,P02,LAB01,2,0,0,0,0,0
20260910_105156,STILL_1P_NA,28.002,32850377,365,STILL,NA,1,P02,LAB01,0,1,22,5034,-8,360
20260910_105156,STILL_1P_NA,28.002,32850377,365,STILL,NA,1,P02,LAB01,1,0,0,0,0,0
20260910_105156,STILL_1P_NA,28.002,32850377,365,STILL,NA,1,P02,LAB01,2,0,0,0,0,0
20260910_105156,STILL_1P_NA,28.091,32939271,366,STILL,NA,1,P02,LAB01,0,1,13,5036,-8,360
20260910_105156,STILL_1P_NA,28.091,32939271,366,STILL,NA,1,P02,LAB01,1,0,0,0,0,0
20260910_105156,STILL_1P_NA,28.091,32939271,366,STILL,NA,1,P02,LAB01,2,0,0,0,0,0
20260910_105156,STILL_1P_NA,28.179,33028088,367,STILL,NA,1,P02,LAB01,0,1,5,5038,-8,360
20260910_105156,STILL_1P_NA,28.179,33028088,367,STILL,NA,1,P02,LAB01,1,0,0,0,0,0
20260910_105156,STILL_1P_NA,28.179,33028088,367,STILL,NA,1,P02,LAB01,2,0,0,0,0,0
20260910_105156,STILL_1P_NA,28.269,33117327,368,STILL,NA,1,P02,LAB01,0,1,2,5035,0,360
20260910_105156,STILL_1P_NA,28.269,33117327,368,STILL,NA,1,P02,LAB01,1,0,0,0,0,0
20260910_105156,STILL_1P_NA,28.269,33117327,368,STILL,NA,1,P02,LAB01,2,0,0,0,0,0
20260910_105156,STILL_1P_NA,28.358,33206370,369,STILL,NA,1,P02,LAB01,0,1,0,5031,0,360
20260910_105156,STILL_1P_NA,28.358,33206370,369,STILL,NA,1,P02,LAB01,1,0,0,0,0,0
20260910_105156,STILL_1P_NA,28.358,33206370,369,STILL,NA,1,P02,LAB01,2,0,0,0,0,0
20260910_105156,STILL_1P_NA,28.447,33295234,370,STILL,NA,1,P02,LAB01,0,1,0,5027,0,360
20260910_105156,STILL_1P_NA,28.447,33295234,370,STILL,NA,1,P02,LAB01,1,0,0,0,0,0
20260910_105156,STILL_1P_NA,28.447,33295234,370,STILL,NA,1,P02,LAB01,2,0,0,0,0,0
20260910_105156,STILL_1P_NA,28.536,33384460,371,STILL,NA,1,P02,LAB01,0,1,-2,5024,0,360
20260910_105156,STILL_1P_NA,28.536,33384460,371,STILL,NA,1,P02,LAB01,1,0,0,0,0,0
20260910_105156,STILL_1P_NA,28.536,33384460,371,STILL,NA,1,P02,LAB01,2,0,0,0,0,0
20260910_105156,STILL_1P_NA,28.625,33473156,372,STILL,NA,1,P02,LAB01,0,1,-3,5020,0,360
20260910_105156,STILL_1P_NA,28.625,33473156,372,STILL,NA,1,P02,LAB01,1,0,0,0,0,0
20260910_105156,STILL_1P_NA,28.625,33473156,372,STILL,NA,1,P02,LAB01,2,0,0,0,0,0
20260910_105156,STILL_1P_NA,28.714,33562204,373,STILL,NA,1,P02,LAB01,0,1,2,5017,-8,360
20260910_105156,STILL_1P_NA,28.714,33562204,373,STILL,NA,1,P02,LAB01,1,0,0,0,0,0
20260910_105156,STILL_1P_NA,28.714,33562204,373,STILL,NA,1,P02,LAB01,2,0,0,0,0,0
20260910_105156,STILL_1P_NA,28.802,33651056,374,STILL,NA,1,P02,LAB01,0,1,7,5014,-8,360
20260910_105156,STILL_1P_NA,28.802,33651056,374,STILL,NA,1,P02,LAB01,1,0,0,0,0,0
20260910_105156,STILL_1P_NA,28.802,33651056,374,STILL,NA,1,P02,LAB01,2,0,0,0,0,0
20260910_105156,STILL_1P_NA,28.892,33740453,375,STILL,NA,1,P02,LAB01,0,1,16,5010,0,360
20260910_105156,STILL_1P_NA,28.892,33740453,375,STILL,NA,1,P02,LAB01,1,0,0,0,0,0
20260910_105156,STILL_1P_NA,28.892,33740453,375,STILL,NA,1,P02,LAB01,2,0,0,0,0,0
20260910_105156,STILL_1P_NA,28.981,33829283,376,STILL,NA,1,P02,LAB01,0,1,27,5006,0,360
20260910_105156,STILL_1P_NA,28.981,33829283,376,STILL,NA,1,P02,LAB01,1,0,0,0,0,0
20260910_105156,STILL_1P_NA,28.981,33829283,376,STILL,NA,1,P02,LAB01,2,0,0,0,0,0
20260910_105156,STILL_1P_NA,29.070,33918197,377,STILL,NA,1,P02,LAB01,0,1,33,5003,0,360
20260910_105156,STILL_1P_NA,29.070,33918197,377,STILL,NA,1,P02,LAB01,1,0,0,0,0,0
20260910_105156,STILL_1P_NA,29.070,33918197,377,STILL,NA,1,P02,LAB01,2,0,0,0,0,0
20260910_105156,STILL_1P_NA,29.159,34007278,378,STILL,NA,1,P02,LAB01,0,1,37,5001,0,360
20260910_105156,STILL_1P_NA,29.159,34007278,378,STILL,NA,1,P02,LAB01,1,0,0,0,0,0
20260910_105156,STILL_1P_NA,29.159,34007278,378,STILL,NA,1,P02,LAB01,2,0,0,0,0,0
20260910_105156,STILL_1P_NA,29.248,34096324,379,STILL,NA,1,P02,LAB01,0,1,40,4999,0,360
20260910_105156,STILL_1P_NA,29.248,34096324,379,STILL,NA,1,P02,LAB01,1,0,0,0,0,0
20260910_105156,STILL_1P_NA,29.248,34096324,379,STILL,NA,1,P02,LAB01,2,0,0,0,0,0
20260910_105156,STILL_1P_NA,29.337,34185309,380,STILL,NA,1,P02,LAB01,0,1,39,4999,0,360
20260910_105156,STILL_1P_NA,29.337,34185309,380,STILL,NA,1,P02,LAB01,1,0,0,0,0,0
20260910_105156,STILL_1P_NA,29.337,34185309,380,STILL,NA,1,P02,LAB01,2,0,0,0,0,0
20260910_105156,STILL_1P_NA,29.426,34274261,381,STILL,NA,1,P02,LAB01,0,1,32,4999,0,360
20260910_105156,STILL_1P_NA,29.426,34274261,381,STILL,NA,1,P02,LAB01,1,0,0,0,0,0
20260910_105156,STILL_1P_NA,29.426,34274261,381,STILL,NA,1,P02,LAB01,2,0,0,0,0,0
20260910_105156,STILL_1P_NA,29.515,34363241,382,STILL,NA,1,P02,LAB01,0,1,24,5005,0,360
20260910_105156,STILL_1P_NA,29.515,34363241,382,STILL,NA,1,P02,LAB01,1,0,0,0,0,0
20260910_105156,STILL_1P_NA,29.515,34363241,382,STILL,NA,1,P02,LAB01,2,0,0,0,0,0
20260910_105156,STILL_1P_NA,29.604,34452341,383,STILL,NA,1,P02,LAB01,0,1,11,5012,8,360
20260910_105156,STILL_1P_NA,29.604,34452341,383,STILL,NA,1,P02,LAB01,1,0,0,0,0,0
20260910_105156,STILL_1P_NA,29.604,34452341,383,STILL,NA,1,P02,LAB01,2,0,0,0,0,0
20260910_105156,STILL_1P_NA,29.693,34541354,384,STILL,NA,1,P02,LAB01,0,1,0,5017,0,360
20260910_105156,STILL_1P_NA,29.693,34541354,384,STILL,NA,1,P02,LAB01,1,0,0,0,0,0
20260910_105156,STILL_1P_NA,29.693,34541354,384,STILL,NA,1,P02,LAB01,2,0,0,0,0,0
20260910_105156,STILL_1P_NA,29.782,34630283,385,STILL,NA,1,P02,LAB01,0,1,-32,5033,0,360
20260910_105156,STILL_1P_NA,29.782,34630283,385,STILL,NA,1,P02,LAB01,1,0,0,0,0,0
20260910_105156,STILL_1P_NA,29.782,34630283,385,STILL,NA,1,P02,LAB01,2,0,0,0,0,0
20260910_105156,STILL_1P_NA,29.870,34718919,386,STILL,NA,1,P02,LAB01,0,1,-43,5038,0,360
20260910_105156,STILL_1P_NA,29.870,34718919,386,STILL,NA,1,P02,LAB01,1,0,0,0,0,0
20260910_105156,STILL_1P_NA,29.870,34718919,386,STILL,NA,1,P02,LAB01,2,0,0,0,0,0
20260910_105156,STILL_1P_NA,29.960,34808398,387,STILL,NA,1,P02,LAB01,0,1,-53,5043,0,360
20260910_105156,STILL_1P_NA,29.960,34808398,387,STILL,NA,1,P02,LAB01,1,0,0,0,0,0
20260910_105156,STILL_1P_NA,29.960,34808398,387,STILL,NA,1,P02,LAB01,2,0,0,0,0,0
20260910_105156,STILL_1P_NA,30.049,34897188,388,STILL,NA,1,P02,LAB01,0,1,-68,5051,0,360
20260910_105156,STILL_1P_NA,30.049,34897188,388,STILL,NA,1,P02,LAB01,1,0,0,0,0,0
20260910_105156,STILL_1P_NA,30.049,34897188,388,STILL,NA,1,P02,LAB01,2,0,0,0,0,0
20260910_105156,STILL_1P_NA,30.138,34986204,389,STILL,NA,1,P02,LAB01,0,1,-144,5092,0,360
20260910_105156,STILL_1P_NA,30.138,34986204,389,STILL,NA,1,P02,LAB01,1,0,0,0,0,0
20260910_105156,STILL_1P_NA,30.138,34986204,389,STILL,NA,1,P02,LAB01,2,0,0,0,0,0
20260910_105156,STILL_1P_NA,30.227,35075182,390,STILL,NA,1,P02,LAB01,0,1,-304,5180,0,360
20260910_105156,STILL_1P_NA,30.227,35075182,390,STILL,NA,1,P02,LAB01,1,0,0,0,0,0
20260910_105156,STILL_1P_NA,30.227,35075182,390,STILL,NA,1,P02,LAB01,2,0,0,0,0,0
20260910_105156,STILL_1P_NA,30.315,35163863,391,STILL,NA,1,P02,LAB01,0,1,-494,5253,0,360
20260910_105156,STILL_1P_NA,30.315,35163863,391,STILL,NA,1,P02,LAB01,1,0,0,0,0,0
20260910_105156,STILL_1P_NA,30.315,35163863,391,STILL,NA,1,P02,LAB01,2,0,0,0,0,0
20260910_105156,STILL_1P_NA,30.404,35252943,392,STILL,NA,1,P02,LAB01,0,1,-677,5321,0,360
20260910_105156,STILL_1P_NA,30.404,35252943,392,STILL,NA,1,P02,LAB01,1,0,0,0,0,0
20260910_105156,STILL_1P_NA,30.404,35252943,392,STILL,NA,1,P02,LAB01,2,0,0,0,0,0
20260910_105156,STILL_1P_NA,30.493,35342197,393,STILL,NA,1,P02,LAB01,0,1,-889,5379,16,360
20260910_105156,STILL_1P_NA,30.493,35342197,393,STILL,NA,1,P02,LAB01,1,0,0,0,0,0
20260910_105156,STILL_1P_NA,30.493,35342197,393,STILL,NA,1,P02,LAB01,2,0,0,0,0,0
20260910_105156,STILL_1P_NA,30.582,35431049,394,STILL,NA,1,P02,LAB01,0,1,-1089,5431,16,360
20260910_105156,STILL_1P_NA,30.582,35431049,394,STILL,NA,1,P02,LAB01,1,0,0,0,0,0
20260910_105156,STILL_1P_NA,30.582,35431049,394,STILL,NA,1,P02,LAB01,2,0,0,0,0,0
20260910_105156,STILL_1P_NA,30.672,35520188,395,STILL,NA,1,P02,LAB01,0,1,-1272,5476,16,360
20260910_105156,STILL_1P_NA,30.672,35520188,395,STILL,NA,1,P02,LAB01,1,0,0,0,0,0
20260910_105156,STILL_1P_NA,30.672,35520188,395,STILL,NA,1,P02,LAB01,2,0,0,0,0,0
20260910_105156,STILL_1P_NA,30.761,35609023,396,STILL,NA,1,P02,LAB01,0,1,-1435,5515,16,360
20260910_105156,STILL_1P_NA,30.761,35609023,396,STILL,NA,1,P02,LAB01,1,0,0,0,0,0
20260910_105156,STILL_1P_NA,30.761,35609023,396,STILL,NA,1,P02,LAB01,2,0,0,0,0,0
20260910_105156,STILL_1P_NA,30.850,35698223,397,STILL,NA,1,P02,LAB01,0,1,-1577,5549,16,360
20260910_105156,STILL_1P_NA,30.850,35698223,397,STILL,NA,1,P02,LAB01,1,0,0,0,0,0
20260910_105156,STILL_1P_NA,30.850,35698223,397,STILL,NA,1,P02,LAB01,2,0,0,0,0,0
20260910_105156,STILL_1P_NA,30.938,35787105,398,STILL,NA,1,P02,LAB01,0,1,-1700,5578,16,360
20260910_105156,STILL_1P_NA,30.938,35787105,398,STILL,NA,1,P02,LAB01,1,0,0,0,0,0
20260910_105156,STILL_1P_NA,30.938,35787105,398,STILL,NA,1,P02,LAB01,2,0,0,0,0,0
20260910_105156,STILL_1P_NA,31.027,35875842,399,STILL,NA,1,P02,LAB01,0,1,-1792,5610,8,360
20260910_105156,STILL_1P_NA,31.027,35875842,399,STILL,NA,1,P02,LAB01,1,0,0,0,0,0
20260910_105156,STILL_1P_NA,31.027,35875842,399,STILL,NA,1,P02,LAB01,2,0,0,0,0,0
20260910_105156,STILL_1P_NA,31.117,35965160,400,STILL,NA,1,P02,LAB01,0,1,-1868,5641,8,360
20260910_105156,STILL_1P_NA,31.117,35965160,400,STILL,NA,1,P02,LAB01,1,0,0,0,0,0
20260910_105156,STILL_1P_NA,31.117,35965160,400,STILL,NA,1,P02,LAB01,2,0,0,0,0,0
20260910_105156,STILL_1P_NA,31.206,36054217,401,STILL,NA,1,P02,LAB01,0,1,-1930,5668,8,360
20260910_105156,STILL_1P_NA,31.206,36054217,401,STILL,NA,1,P02,LAB01,1,0,0,0,0,0
20260910_105156,STILL_1P_NA,31.206,36054217,401,STILL,NA,1,P02,LAB01,2,0,0,0,0,0
20260910_105156,STILL_1P_NA,31.294,36142796,402,STILL,NA,1,P02,LAB01,0,1,-1981,5693,8,360
20260910_105156,STILL_1P_NA,31.294,36142796,402,STILL,NA,1,P02,LAB01,1,0,0,0,0,0
20260910_105156,STILL_1P_NA,31.294,36142796,402,STILL,NA,1,P02,LAB01,2,0,0,0,0,0
20260910_105156,STILL_1P_NA,31.384,36232272,403,STILL,NA,1,P02,LAB01,0,1,-2023,5714,8,360
20260910_105156,STILL_1P_NA,31.384,36232272,403,STILL,NA,1,P02,LAB01,1,0,0,0,0,0
20260910_105156,STILL_1P_NA,31.384,36232272,403,STILL,NA,1,P02,LAB01,2,0,0,0,0,0
20260910_105156,STILL_1P_NA,31.472,36320885,404,STILL,NA,1,P02,LAB01,0,1,-2057,5732,8,360
20260910_105156,STILL_1P_NA,31.472,36320885,404,STILL,NA,1,P02,LAB01,1,0,0,0,0,0
20260910_105156,STILL_1P_NA,31.472,36320885,404,STILL,NA,1,P02,LAB01,2,0,0,0,0,0
20260910_105156,STILL_1P_NA,31.562,36410170,405,STILL,NA,1,P02,LAB01,0,1,-2072,5740,8,360
20260910_105156,STILL_1P_NA,31.562,36410170,405,STILL,NA,1,P02,LAB01,1,0,0,0,0,0
20260910_105156,STILL_1P_NA,31.562,36410170,405,STILL,NA,1,P02,LAB01,2,0,0,0,0,0
20260910_105156,STILL_1P_NA,31.650,36498656,406,STILL,NA,1,P02,LAB01,0,1,-2085,5747,8,360
20260910_105156,STILL_1P_NA,31.650,36498656,406,STILL,NA,1,P02,LAB01,1,0,0,0,0,0
20260910_105156,STILL_1P_NA,31.650,36498656,406,STILL,NA,1,P02,LAB01,2,0,0,0,0,0
20260910_105156,STILL_1P_NA,31.739,36587955,407,STILL,NA,1,P02,LAB01,0,1,-2097,5754,8,360
20260910_105156,STILL_1P_NA,31.739,36587955,407,STILL,NA,1,P02,LAB01,1,0,0,0,0,0
20260910_105156,STILL_1P_NA,31.739,36587955,407,STILL,NA,1,P02,LAB01,2,0,0,0,0,0
20260910_105156,STILL_1P_NA,31.828,36677114,408,STILL,NA,1,P02,LAB01,0,1,-2108,5760,8,360
20260910_105156,STILL_1P_NA,31.828,36677114,408,STILL,NA,1,P02,LAB01,1,0,0,0,0,0
20260910_105156,STILL_1P_NA,31.828,36677114,408,STILL,NA,1,P02,LAB01,2,0,0,0,0,0
20260910_105156,STILL_1P_NA,31.917,36765984,409,STILL,NA,1,P02,LAB01,0,1,-2118,5765,8,360
20260910_105156,STILL_1P_NA,31.917,36765984,409,STILL,NA,1,P02,LAB01,1,0,0,0,0,0
20260910_105156,STILL_1P_NA,31.917,36765984,409,STILL,NA,1,P02,LAB01,2,0,0,0,0,0
20260910_105156,STILL_1P_NA,32.006,36855142,410,STILL,NA,1,P02,LAB01,0,1,-2126,5770,8,360
20260910_105156,STILL_1P_NA,32.006,36855142,410,STILL,NA,1,P02,LAB01,1,0,0,0,0,0
20260910_105156,STILL_1P_NA,32.006,36855142,410,STILL,NA,1,P02,LAB01,2,0,0,0,0,0
20260910_105156,STILL_1P_NA,32.095,36943887,411,STILL,NA,1,P02,LAB01,0,1,-2134,5774,8,360
20260910_105156,STILL_1P_NA,32.095,36943887,411,STILL,NA,1,P02,LAB01,1,0,0,0,0,0
20260910_105156,STILL_1P_NA,32.095,36943887,411,STILL,NA,1,P02,LAB01,2,0,0,0,0,0
20260910_105156,STILL_1P_NA,32.184,37033105,412,STILL,NA,1,P02,LAB01,0,1,-2142,5778,8,360
20260910_105156,STILL_1P_NA,32.184,37033105,412,STILL,NA,1,P02,LAB01,1,0,0,0,0,0
20260910_105156,STILL_1P_NA,32.184,37033105,412,STILL,NA,1,P02,LAB01,2,0,0,0,0,0
20260910_105156,STILL_1P_NA,32.273,37121880,413,STILL,NA,1,P02,LAB01,0,1,-2144,5779,8,360
20260910_105156,STILL_1P_NA,32.273,37121880,413,STILL,NA,1,P02,LAB01,1,0,0,0,0,0
20260910_105156,STILL_1P_NA,32.273,37121880,413,STILL,NA,1,P02,LAB01,2,0,0,0,0,0
20260910_105156,STILL_1P_NA,32.362,37210890,414,STILL,NA,1,P02,LAB01,0,1,-2146,5781,8,360
20260910_105156,STILL_1P_NA,32.362,37210890,414,STILL,NA,1,P02,LAB01,1,0,0,0,0,0
20260910_105156,STILL_1P_NA,32.362,37210890,414,STILL,NA,1,P02,LAB01,2,0,0,0,0,0
20260910_105156,STILL_1P_NA,32.451,37299842,415,STILL,NA,1,P02,LAB01,0,1,-2146,5781,0,360
20260910_105156,STILL_1P_NA,32.451,37299842,415,STILL,NA,1,P02,LAB01,1,0,0,0,0,0
20260910_105156,STILL_1P_NA,32.451,37299842,415,STILL,NA,1,P02,LAB01,2,0,0,0,0,0
20260910_105156,STILL_1P_NA,32.540,37389017,416,STILL,NA,1,P02,LAB01,0,1,-2146,5781,0,360
20260910_105156,STILL_1P_NA,32.540,37389017,416,STILL,NA,1,P02,LAB01,1,0,0,0,0,0
20260910_105156,STILL_1P_NA,32.540,37389017,416,STILL,NA,1,P02,LAB01,2,0,0,0,0,0
20260910_105156,STILL_1P_NA,32.629,37477842,417,STILL,NA,1,P02,LAB01,0,1,-2146,5781,0,360
20260910_105156,STILL_1P_NA,32.629,37477842,417,STILL,NA,1,P02,LAB01,1,0,0,0,0,0
20260910_105156,STILL_1P_NA,32.629,37477842,417,STILL,NA,1,P02,LAB01,2,0,0,0,0,0
20260910_105156,STILL_1P_NA,32.719,37567234,418,STILL,NA,1,P02,LAB01,0,1,-2146,5781,0,360
20260910_105156,STILL_1P_NA,32.719,37567234,418,STILL,NA,1,P02,LAB01,1,0,0,0,0,0
20260910_105156,STILL_1P_NA,32.719,37567234,418,STILL,NA,1,P02,LAB01,2,0,0,0,0,0
20260910_105156,STILL_1P_NA,32.807,37655960,419,STILL,NA,1,P02,LAB01,0,1,-2161,5769,8,360
20260910_105156,STILL_1P_NA,32.807,37655960,419,STILL,NA,1,P02,LAB01,1,0,0,0,0,0
20260910_105156,STILL_1P_NA,32.807,37655960,419,STILL,NA,1,P02,LAB01,2,0,0,0,0,0
20260910_105156,STILL_1P_NA,32.896,37745120,420,STILL,NA,1,P02,LAB01,0,1,-2178,5756,8,360
20260910_105156,STILL_1P_NA,32.896,37745120,420,STILL,NA,1,P02,LAB01,1,0,0,0,0,0
20260910_105156,STILL_1P_NA,32.896,37745120,420,STILL,NA,1,P02,LAB01,2,0,0,0,0,0
20260910_105156,STILL_1P_NA,32.985,37833961,421,STILL,NA,1,P02,LAB01,0,1,-2194,5743,8,360
20260910_105156,STILL_1P_NA,32.985,37833961,421,STILL,NA,1,P02,LAB01,1,0,0,0,0,0
20260910_105156,STILL_1P_NA,32.985,37833961,421,STILL,NA,1,P02,LAB01,2,0,0,0,0,0
20260910_105156,STILL_1P_NA,33.074,37923150,422,STILL,NA,1,P02,LAB01,0,1,-2210,5730,8,360
20260910_105156,STILL_1P_NA,33.074,37923150,422,STILL,NA,1,P02,LAB01,1,0,0,0,0,0
20260910_105156,STILL_1P_NA,33.074,37923150,422,STILL,NA,1,P02,LAB01,2,0,0,0,0,0
20260910_105156,STILL_1P_NA,33.163,38011890,423,STILL,NA,1,P02,LAB01,0,1,-2225,5718,8,360
20260910_105156,STILL_1P_NA,33.163,38011890,423,STILL,NA,1,P02,LAB01,1,0,0,0,0,0
20260910_105156,STILL_1P_NA,33.163,38011890,423,STILL,NA,1,P02,LAB01,2,0,0,0,0,0
20260910_105156,STILL_1P_NA,33.252,38100842,424,STILL,NA,1,P02,LAB01,0,1,-2240,5706,8,360
20260910_105156,STILL_1P_NA,33.252,38100842,424,STILL,NA,1,P02,LAB01,1,0,0,0,0,0
20260910_105156,STILL_1P_NA,33.252,38100842,424,STILL,NA,1,P02,LAB01,2,0,0,0,0,0
20260910_105156,STILL_1P_NA,33.341,38189887,425,STILL,NA,1,P02,LAB01,0,1,-2254,5695,8,360
20260910_105156,STILL_1P_NA,33.341,38189887,425,STILL,NA,1,P02,LAB01,1,0,0,0,0,0
20260910_105156,STILL_1P_NA,33.341,38189887,425,STILL,NA,1,P02,LAB01,2,0,0,0,0,0
20260910_105156,STILL_1P_NA,33.430,38278961,426,STILL,NA,1,P02,LAB01,0,1,-2267,5684,8,360
20260910_105156,STILL_1P_NA,33.430,38278961,426,STILL,NA,1,P02,LAB01,1,0,0,0,0,0
20260910_105156,STILL_1P_NA,33.430,38278961,426,STILL,NA,1,P02,LAB01,2,0,0,0,0,0
20260910_105156,STILL_1P_NA,33.519,38367727,427,STILL,NA,1,P02,LAB01,0,1,-2280,5674,8,360
20260910_105156,STILL_1P_NA,33.519,38367727,427,STILL,NA,1,P02,LAB01,1,0,0,0,0,0
20260910_105156,STILL_1P_NA,33.519,38367727,427,STILL,NA,1,P02,LAB01,2,0,0,0,0,0
20260910_105156,STILL_1P_NA,33.609,38457044,428,STILL,NA,1,P02,LAB01,0,1,-2293,5664,8,360
20260910_105156,STILL_1P_NA,33.609,38457044,428,STILL,NA,1,P02,LAB01,1,1,864,4814,0,360
20260910_105156,STILL_1P_NA,33.609,38457044,428,STILL,NA,1,P02,LAB01,2,0,0,0,0,0
20260910_105156,STILL_1P_NA,33.697,38545974,429,STILL,NA,1,P02,LAB01,0,1,-2305,5654,8,360
20260910_105156,STILL_1P_NA,33.697,38545974,429,STILL,NA,1,P02,LAB01,1,1,827,4825,0,360
20260910_105156,STILL_1P_NA,33.697,38545974,429,STILL,NA,1,P02,LAB01,2,0,0,0,0,0
20260910_105156,STILL_1P_NA,33.786,38634890,430,STILL,NA,1,P02,LAB01,0,1,-2317,5645,8,360
20260910_105156,STILL_1P_NA,33.786,38634890,430,STILL,NA,1,P02,LAB01,1,1,780,4834,0,360
20260910_105156,STILL_1P_NA,33.786,38634890,430,STILL,NA,1,P02,LAB01,2,0,0,0,0,0
20260910_105156,STILL_1P_NA,33.875,38723656,431,STILL,NA,1,P02,LAB01,0,1,-2329,5635,8,360
20260910_105156,STILL_1P_NA,33.875,38723656,431,STILL,NA,1,P02,LAB01,1,1,720,4844,8,360
20260910_105156,STILL_1P_NA,33.875,38723656,431,STILL,NA,1,P02,LAB01,2,0,0,0,0,0
20260910_105156,STILL_1P_NA,33.964,38813038,432,STILL,NA,1,P02,LAB01,0,1,-2340,5627,8,360
20260910_105156,STILL_1P_NA,33.964,38813038,432,STILL,NA,1,P02,LAB01,1,1,621,4857,0,360
20260910_105156,STILL_1P_NA,33.964,38813038,432,STILL,NA,1,P02,LAB01,2,0,0,0,0,0
20260910_105156,STILL_1P_NA,34.053,38901870,433,STILL,NA,1,P02,LAB01,0,1,-2350,5618,8,360
20260910_105156,STILL_1P_NA,34.053,38901870,433,STILL,NA,1,P02,LAB01,1,1,541,4865,0,360
20260910_105156,STILL_1P_NA,34.053,38901870,433,STILL,NA,1,P02,LAB01,2,0,0,0,0,0
20260910_105156,STILL_1P_NA,34.142,38991067,434,STILL,NA,1,P02,LAB01,0,1,-2363,5613,0,360
20260910_105156,STILL_1P_NA,34.142,38991067,434,STILL,NA,1,P02,LAB01,1,1,492,4864,0,360
20260910_105156,STILL_1P_NA,34.142,38991067,434,STILL,NA,1,P02,LAB01,2,0,0,0,0,0
20260910_105156,STILL_1P_NA,34.231,39079863,435,STILL,NA,1,P02,LAB01,0,1,-2376,5608,0,360
20260910_105156,STILL_1P_NA,34.231,39079863,435,STILL,NA,1,P02,LAB01,1,1,495,4861,0,360
20260910_105156,STILL_1P_NA,34.231,39079863,435,STILL,NA,1,P02,LAB01,2,0,0,0,0,0
20260910_105156,STILL_1P_NA,34.320,39168851,436,STILL,NA,1,P02,LAB01,0,1,-2388,5604,0,360
20260910_105156,STILL_1P_NA,34.320,39168851,436,STILL,NA,1,P02,LAB01,1,1,497,4862,-8,360
20260910_105156,STILL_1P_NA,34.320,39168851,436,STILL,NA,1,P02,LAB01,2,0,0,0,0,0
20260910_105156,STILL_1P_NA,34.409,39257769,437,STILL,NA,1,P02,LAB01,0,1,-2400,5600,0,360
20260910_105156,STILL_1P_NA,34.409,39257769,437,STILL,NA,1,P02,LAB01,1,1,496,4862,-8,360
20260910_105156,STILL_1P_NA,34.409,39257769,437,STILL,NA,1,P02,LAB01,2,0,0,0,0,0
20260910_105156,STILL_1P_NA,34.498,39346815,438,STILL,NA,1,P02,LAB01,0,1,-2411,5596,0,360
20260910_105156,STILL_1P_NA,34.498,39346815,438,STILL,NA,1,P02,LAB01,1,1,490,4865,0,360
20260910_105156,STILL_1P_NA,34.498,39346815,438,STILL,NA,1,P02,LAB01,2,0,0,0,0,0
20260910_105156,STILL_1P_NA,34.587,39435704,439,STILL,NA,1,P02,LAB01,0,1,-2423,5593,0,360
20260910_105156,STILL_1P_NA,34.587,39435704,439,STILL,NA,1,P02,LAB01,1,1,482,4866,8,360
20260910_105156,STILL_1P_NA,34.587,39435704,439,STILL,NA,1,P02,LAB01,2,0,0,0,0,0
20260910_105156,STILL_1P_NA,34.676,39525050,440,STILL,NA,1,P02,LAB01,0,1,-2433,5589,0,360
20260910_105156,STILL_1P_NA,34.676,39525050,440,STILL,NA,1,P02,LAB01,1,1,479,4866,0,360
20260910_105156,STILL_1P_NA,34.676,39525050,440,STILL,NA,1,P02,LAB01,2,0,0,0,0,0
20260910_105156,STILL_1P_NA,34.765,39613918,441,STILL,NA,1,P02,LAB01,0,1,-2444,5585,0,360
20260910_105156,STILL_1P_NA,34.765,39613918,441,STILL,NA,1,P02,LAB01,1,1,476,4870,0,360
20260910_105156,STILL_1P_NA,34.765,39613918,441,STILL,NA,1,P02,LAB01,2,0,0,0,0,0
20260910_105156,STILL_1P_NA,34.854,39702683,442,STILL,NA,1,P02,LAB01,0,1,-2454,5582,0,360
20260910_105156,STILL_1P_NA,34.854,39702683,442,STILL,NA,1,P02,LAB01,1,1,470,4874,-8,360
20260910_105156,STILL_1P_NA,34.854,39702683,442,STILL,NA,1,P02,LAB01,2,0,0,0,0,0
20260910_105156,STILL_1P_NA,34.943,39791537,443,STILL,NA,1,P02,LAB01,0,1,-2463,5579,0,360
20260910_105156,STILL_1P_NA,34.943,39791537,443,STILL,NA,1,P02,LAB01,1,1,463,4880,-8,360
20260910_105156,STILL_1P_NA,34.943,39791537,443,STILL,NA,1,P02,LAB01,2,0,0,0,0,0
20260910_105156,STILL_1P_NA,35.032,39880924,444,STILL,NA,1,P02,LAB01,0,1,-2473,5576,0,360
20260910_105156,STILL_1P_NA,35.032,39880924,444,STILL,NA,1,P02,LAB01,1,1,462,4883,0,360
20260910_105156,STILL_1P_NA,35.032,39880924,444,STILL,NA,1,P02,LAB01,2,0,0,0,0,0
20260910_105156,STILL_1P_NA,35.121,39969851,445,STILL,NA,1,P02,LAB01,0,1,-2482,5573,0,360
20260910_105156,STILL_1P_NA,35.121,39969851,445,STILL,NA,1,P02,LAB01,1,1,456,4885,0,360
20260910_105156,STILL_1P_NA,35.121,39969851,445,STILL,NA,1,P02,LAB01,2,0,0,0,0,0
20260910_105156,STILL_1P_NA,35.210,40058863,446,STILL,NA,1,P02,LAB01,0,1,-2490,5570,0,360
20260910_105156,STILL_1P_NA,35.210,40058863,446,STILL,NA,1,P02,LAB01,1,1,452,4886,0,360
20260910_105156,STILL_1P_NA,35.210,40058863,446,STILL,NA,1,P02,LAB01,2,0,0,0,0,0
20260910_105156,STILL_1P_NA,35.300,40147683,447,STILL,NA,1,P02,LAB01,0,1,-2499,5567,0,360
20260910_105156,STILL_1P_NA,35.300,40147683,447,STILL,NA,1,P02,LAB01,1,1,447,4887,0,360
20260910_105156,STILL_1P_NA,35.300,40147683,447,STILL,NA,1,P02,LAB01,2,0,0,0,0,0
20260910_105156,STILL_1P_NA,35.388,40236858,448,STILL,NA,1,P02,LAB01,0,1,-2507,5564,0,360
20260910_105156,STILL_1P_NA,35.388,40236858,448,STILL,NA,1,P02,LAB01,1,1,447,4887,0,360
20260910_105156,STILL_1P_NA,35.388,40236858,448,STILL,NA,1,P02,LAB01,2,0,0,0,0,0
20260910_105156,STILL_1P_NA,35.477,40325651,449,STILL,NA,1,P02,LAB01,0,1,-2514,5562,0,360
20260910_105156,STILL_1P_NA,35.477,40325651,449,STILL,NA,1,P02,LAB01,1,1,447,4892,-8,360
20260910_105156,STILL_1P_NA,35.477,40325651,449,STILL,NA,1,P02,LAB01,2,0,0,0,0,0
20260910_105156,STILL_1P_NA,35.566,40414946,450,STILL,NA,1,P02,LAB01,0,1,-2514,5562,0,360
20260910_105156,STILL_1P_NA,35.566,40414946,450,STILL,NA,1,P02,LAB01,1,1,456,4895,0,360
20260910_105156,STILL_1P_NA,35.566,40414946,450,STILL,NA,1,P02,LAB01,2,0,0,0,0,0
20260910_105156,STILL_1P_NA,35.655,40503677,451,STILL,NA,1,P02,LAB01,0,1,-2514,5562,0,360
20260910_105156,STILL_1P_NA,35.655,40503677,451,STILL,NA,1,P02,LAB01,1,1,464,4899,0,360
20260910_105156,STILL_1P_NA,35.655,40503677,451,STILL,NA,1,P02,LAB01,2,0,0,0,0,0
20260910_105156,STILL_1P_NA,35.744,40592377,452,STILL,NA,1,P02,LAB01,0,1,-2514,5562,0,360
20260910_105156,STILL_1P_NA,35.744,40592377,452,STILL,NA,1,P02,LAB01,1,1,457,4901,0,360
20260910_105156,STILL_1P_NA,35.744,40592377,452,STILL,NA,1,P02,LAB01,2,0,0,0,0,0
20260910_105156,STILL_1P_NA,35.834,40681645,453,STILL,NA,1,P02,LAB01,0,1,-2514,5562,0,360
20260910_105156,STILL_1P_NA,35.834,40681645,453,STILL,NA,1,P02,LAB01,1,1,441,4903,-8,360
20260910_105156,STILL_1P_NA,35.834,40681645,453,STILL,NA,1,P02,LAB01,2,0,0,0,0,0
20260910_105156,STILL_1P_NA,35.922,40770907,454,STILL,NA,1,P02,LAB01,0,1,-2512,5574,-8,360
20260910_105156,STILL_1P_NA,35.922,40770907,454,STILL,NA,1,P02,LAB01,1,1,425,4903,-8,360
20260910_105156,STILL_1P_NA,35.922,40770907,454,STILL,NA,1,P02,LAB01,2,0,0,0,0,0
20260910_105156,STILL_1P_NA,36.011,40859671,455,STILL,NA,1,P02,LAB01,0,1,-2507,5589,-8,360
20260910_105156,STILL_1P_NA,36.011,40859671,455,STILL,NA,1,P02,LAB01,1,1,411,4902,0,360
20260910_105156,STILL_1P_NA,36.011,40859671,455,STILL,NA,1,P02,LAB01,2,0,0,0,0,0
20260910_105156,STILL_1P_NA,36.100,40948683,456,STILL,NA,1,P02,LAB01,0,1,-2503,5603,-8,360
20260910_105156,STILL_1P_NA,36.100,40948683,456,STILL,NA,1,P02,LAB01,1,1,401,4901,0,360
20260910_105156,STILL_1P_NA,36.100,40948683,456,STILL,NA,1,P02,LAB01,2,0,0,0,0,0
20260910_105156,STILL_1P_NA,36.189,41037573,457,STILL,NA,1,P02,LAB01,0,1,-2498,5617,-8,360
20260910_105156,STILL_1P_NA,36.189,41037573,457,STILL,NA,1,P02,LAB01,1,1,391,4899,0,360
20260910_105156,STILL_1P_NA,36.189,41037573,457,STILL,NA,1,P02,LAB01,2,0,0,0,0,0
20260910_105156,STILL_1P_NA,36.278,41126677,458,STILL,NA,1,P02,LAB01,0,1,-2494,5631,-8,360
20260910_105156,STILL_1P_NA,36.278,41126677,458,STILL,NA,1,P02,LAB01,1,1,384,4899,0,360
20260910_105156,STILL_1P_NA,36.278,41126677,458,STILL,NA,1,P02,LAB01,2,0,0,0,0,0
20260910_105156,STILL_1P_NA,36.367,41215347,459,STILL,NA,1,P02,LAB01,0,1,-2490,5644,-8,360
20260910_105156,STILL_1P_NA,36.367,41215347,459,STILL,NA,1,P02,LAB01,1,1,379,4900,0,360
20260910_105156,STILL_1P_NA,36.367,41215347,459,STILL,NA,1,P02,LAB01,2,0,0,0,0,0
20260910_105156,STILL_1P_NA,36.456,41304863,460,STILL,NA,1,P02,LAB01,0,1,-2487,5656,-8,360
20260910_105156,STILL_1P_NA,36.456,41304863,460,STILL,NA,1,P02,LAB01,1,1,373,4898,0,360
20260910_105156,STILL_1P_NA,36.456,41304863,460,STILL,NA,1,P02,LAB01,2,0,0,0,0,0
20260910_105156,STILL_1P_NA,36.545,41393348,461,STILL,NA,1,P02,LAB01,0,1,-2483,5668,-8,360
20260910_105156,STILL_1P_NA,36.545,41393348,461,STILL,NA,1,P02,LAB01,1,1,372,4895,8,360
20260910_105156,STILL_1P_NA,36.545,41393348,461,STILL,NA,1,P02,LAB01,2,0,0,0,0,0
20260910_105156,STILL_1P_NA,36.634,41482515,462,STILL,NA,1,P02,LAB01,0,1,-2474,5680,0,360
20260910_105156,STILL_1P_NA,36.634,41482515,462,STILL,NA,1,P02,LAB01,1,1,372,4890,8,360
20260910_105156,STILL_1P_NA,36.634,41482515,462,STILL,NA,1,P02,LAB01,2,0,0,0,0,0
20260910_105156,STILL_1P_NA,36.723,41571747,463,STILL,NA,1,P02,LAB01,0,1,-2464,5692,0,360
20260910_105156,STILL_1P_NA,36.723,41571747,463,STILL,NA,1,P02,LAB01,1,1,375,4891,8,360
20260910_105156,STILL_1P_NA,36.723,41571747,463,STILL,NA,1,P02,LAB01,2,0,0,0,0,0
20260910_105156,STILL_1P_NA,36.812,41660573,464,STILL,NA,1,P02,LAB01,0,1,-2447,5705,0,360
20260910_105156,STILL_1P_NA,36.812,41660573,464,STILL,NA,1,P02,LAB01,1,1,379,4895,8,360
20260910_105156,STILL_1P_NA,36.812,41660573,464,STILL,NA,1,P02,LAB01,2,0,0,0,0,0
20260910_105156,STILL_1P_NA,36.901,41749774,465,STILL,NA,1,P02,LAB01,0,1,-2437,5724,0,360
20260910_105156,STILL_1P_NA,36.901,41749774,465,STILL,NA,1,P02,LAB01,1,1,378,4897,8,360
20260910_105156,STILL_1P_NA,36.901,41749774,465,STILL,NA,1,P02,LAB01,2,0,0,0,0,0
20260910_105156,STILL_1P_NA,36.990,41838787,466,STILL,NA,1,P02,LAB01,0,1,-2427,5744,0,360
20260910_105156,STILL_1P_NA,36.990,41838787,466,STILL,NA,1,P02,LAB01,1,1,369,4897,8,360
20260910_105156,STILL_1P_NA,36.990,41838787,466,STILL,NA,1,P02,LAB01,2,0,0,0,0,0
20260910_105156,STILL_1P_NA,37.079,41927588,467,STILL,NA,1,P02,LAB01,0,1,-2417,5764,0,360
20260910_105156,STILL_1P_NA,37.079,41927588,467,STILL,NA,1,P02,LAB01,1,1,353,4896,0,360
20260910_105156,STILL_1P_NA,37.079,41927588,467,STILL,NA,1,P02,LAB01,2,0,0,0,0,0
20260910_105156,STILL_1P_NA,37.170,42016568,468,STILL,NA,1,P02,LAB01,0,1,-2408,5782,0,360
20260910_105156,STILL_1P_NA,37.170,42016568,468,STILL,NA,1,P02,LAB01,1,1,294,4893,0,360
20260910_105156,STILL_1P_NA,37.170,42016568,468,STILL,NA,1,P02,LAB01,2,0,0,0,0,0
20260910_105156,STILL_1P_NA,37.257,42105582,469,STILL,NA,1,P02,LAB01,0,1,-2399,5801,0,360
20260910_105156,STILL_1P_NA,37.257,42105582,469,STILL,NA,1,P02,LAB01,1,1,251,4891,0,360
20260910_105156,STILL_1P_NA,37.257,42105582,469,STILL,NA,1,P02,LAB01,2,0,0,0,0,0
20260910_105156,STILL_1P_NA,37.346,42194783,470,STILL,NA,1,P02,LAB01,0,1,-2396,5817,0,360
20260910_105156,STILL_1P_NA,37.346,42194783,470,STILL,NA,1,P02,LAB01,1,1,257,4891,-8,360
20260910_105156,STILL_1P_NA,37.346,42194783,470,STILL,NA,1,P02,LAB01,2,0,0,0,0,0
20260910_105156,STILL_1P_NA,37.435,42283354,471,STILL,NA,1,P02,LAB01,0,1,-2394,5833,0,360
20260910_105156,STILL_1P_NA,37.435,42283354,471,STILL,NA,1,P02,LAB01,1,1,266,4891,-8,360
20260910_105156,STILL_1P_NA,37.435,42283354,471,STILL,NA,1,P02,LAB01,2,0,0,0,0,0
20260910_105156,STILL_1P_NA,37.523,42372345,472,STILL,NA,1,P02,LAB01,0,1,-2392,5848,0,360
20260910_105156,STILL_1P_NA,37.523,42372345,472,STILL,NA,1,P02,LAB01,1,1,276,4891,-8,360
20260910_105156,STILL_1P_NA,37.523,42372345,472,STILL,NA,1,P02,LAB01,2,0,0,0,0,0
20260910_105156,STILL_1P_NA,37.613,42461665,473,STILL,NA,1,P02,LAB01,0,1,-2391,5862,0,360
20260910_105156,STILL_1P_NA,37.613,42461665,473,STILL,NA,1,P02,LAB01,1,1,290,4892,-8,360
20260910_105156,STILL_1P_NA,37.613,42461665,473,STILL,NA,1,P02,LAB01,2,0,0,0,0,0
20260910_105156,STILL_1P_NA,37.702,42550425,474,STILL,NA,1,P02,LAB01,0,1,-2393,5879,0,360
20260910_105156,STILL_1P_NA,37.702,42550425,474,STILL,NA,1,P02,LAB01,1,1,306,4890,0,360
20260910_105156,STILL_1P_NA,37.702,42550425,474,STILL,NA,1,P02,LAB01,2,0,0,0,0,0
20260910_105156,STILL_1P_NA,37.791,42639600,475,STILL,NA,1,P02,LAB01,0,1,-2396,5897,0,360
20260910_105156,STILL_1P_NA,37.791,42639600,475,STILL,NA,1,P02,LAB01,1,1,341,4884,-8,360
20260910_105156,STILL_1P_NA,37.791,42639600,475,STILL,NA,1,P02,LAB01,2,0,0,0,0,0
20260910_105156,STILL_1P_NA,37.880,42728336,476,STILL,NA,1,P02,LAB01,0,1,-2393,5916,0,360
20260910_105156,STILL_1P_NA,37.880,42728336,476,STILL,NA,1,P02,LAB01,1,1,354,4886,8,360
20260910_105156,STILL_1P_NA,37.880,42728336,476,STILL,NA,1,P02,LAB01,2,0,0,0,0,0
20260910_105156,STILL_1P_NA,37.969,42817501,477,STILL,NA,1,P02,LAB01,0,1,-2388,5934,0,360
20260910_105156,STILL_1P_NA,37.969,42817501,477,STILL,NA,1,P02,LAB01,1,1,353,4888,8,360
20260910_105156,STILL_1P_NA,37.969,42817501,477,STILL,NA,1,P02,LAB01,2,0,0,0,0,0
20260910_105156,STILL_1P_NA,38.058,42906268,478,STILL,NA,1,P02,LAB01,0,1,-2383,5952,0,360
20260910_105156,STILL_1P_NA,38.058,42906268,478,STILL,NA,1,P02,LAB01,1,1,354,4891,8,360
20260910_105156,STILL_1P_NA,38.058,42906268,478,STILL,NA,1,P02,LAB01,2,0,0,0,0,0
20260910_105156,STILL_1P_NA,38.147,42995494,479,STILL,NA,1,P02,LAB01,0,1,-2378,5969,0,360
20260910_105156,STILL_1P_NA,38.147,42995494,479,STILL,NA,1,P02,LAB01,1,1,351,4896,8,360
20260910_105156,STILL_1P_NA,38.147,42995494,479,STILL,NA,1,P02,LAB01,2,0,0,0,0,0
20260910_105156,STILL_1P_NA,38.236,43084384,480,STILL,NA,1,P02,LAB01,0,1,-2374,5986,0,360
20260910_105156,STILL_1P_NA,38.236,43084384,480,STILL,NA,1,P02,LAB01,1,1,350,4901,8,360
20260910_105156,STILL_1P_NA,38.236,43084384,480,STILL,NA,1,P02,LAB01,2,0,0,0,0,0
20260910_105156,STILL_1P_NA,38.325,43173624,481,STILL,NA,1,P02,LAB01,0,1,-2369,6002,0,360
20260910_105156,STILL_1P_NA,38.325,43173624,481,STILL,NA,1,P02,LAB01,1,1,345,4905,0,360
20260910_105156,STILL_1P_NA,38.325,43173624,481,STILL,NA,1,P02,LAB01,2,0,0,0,0,0
20260910_105156,STILL_1P_NA,38.414,43262439,482,STILL,NA,1,P02,LAB01,0,1,-2365,6017,0,360
20260910_105156,STILL_1P_NA,38.414,43262439,482,STILL,NA,1,P02,LAB01,1,1,342,4909,0,360
20260910_105156,STILL_1P_NA,38.414,43262439,482,STILL,NA,1,P02,LAB01,2,0,0,0,0,0
20260910_105156,STILL_1P_NA,38.503,43351677,483,STILL,NA,1,P02,LAB01,0,1,-2361,6036,0,360
20260910_105156,STILL_1P_NA,38.503,43351677,483,STILL,NA,1,P02,LAB01,1,1,334,4914,0,360
20260910_105156,STILL_1P_NA,38.503,43351677,483,STILL,NA,1,P02,LAB01,2,0,0,0,0,0
20260910_105156,STILL_1P_NA,38.592,43440377,484,STILL,NA,1,P02,LAB01,0,1,-2353,6067,0,360
20260910_105156,STILL_1P_NA,38.592,43440377,484,STILL,NA,1,P02,LAB01,1,1,322,4918,0,360
20260910_105156,STILL_1P_NA,38.592,43440377,484,STILL,NA,1,P02,LAB01,2,0,0,0,0,0
20260910_105156,STILL_1P_NA,38.681,43529453,485,STILL,NA,1,P02,LAB01,0,1,-2345,6102,0,360
20260910_105156,STILL_1P_NA,38.681,43529453,485,STILL,NA,1,P02,LAB01,1,1,312,4920,0,360
20260910_105156,STILL_1P_NA,38.681,43529453,485,STILL,NA,1,P02,LAB01,2,0,0,0,0,0
20260910_105156,STILL_1P_NA,38.770,43618370,486,STILL,NA,1,P02,LAB01,0,1,-2337,6136,0,360
20260910_105156,STILL_1P_NA,38.770,43618370,486,STILL,NA,1,P02,LAB01,1,1,314,4926,-8,360
20260910_105156,STILL_1P_NA,38.770,43618370,486,STILL,NA,1,P02,LAB01,2,0,0,0,0,0
20260910_105156,STILL_1P_NA,38.859,43707508,487,STILL,NA,1,P02,LAB01,0,1,-2330,6169,0,360
20260910_105156,STILL_1P_NA,38.859,43707508,487,STILL,NA,1,P02,LAB01,1,1,322,4927,-16,360
20260910_105156,STILL_1P_NA,38.859,43707508,487,STILL,NA,1,P02,LAB01,2,0,0,0,0,0
20260910_105156,STILL_1P_NA,38.947,43796177,488,STILL,NA,1,P02,LAB01,0,1,-2322,6200,0,360
20260910_105156,STILL_1P_NA,38.947,43796177,488,STILL,NA,1,P02,LAB01,1,1,330,4926,-16,360
20260910_105156,STILL_1P_NA,38.947,43796177,488,STILL,NA,1,P02,LAB01,2,0,0,0,0,0
20260910_105156,STILL_1P_NA,39.037,43885445,489,STILL,NA,1,P02,LAB01,0,1,-2315,6230,0,360
20260910_105156,STILL_1P_NA,39.037,43885445,489,STILL,NA,1,P02,LAB01,1,1,340,4926,-16,360
20260910_105156,STILL_1P_NA,39.037,43885445,489,STILL,NA,1,P02,LAB01,2,0,0,0,0,0
20260910_105156,STILL_1P_NA,39.126,43974244,490,STILL,NA,1,P02,LAB01,0,1,-2308,6259,0,360
20260910_105156,STILL_1P_NA,39.126,43974244,490,STILL,NA,1,P02,LAB01,1,1,378,4919,-16,360
20260910_105156,STILL_1P_NA,39.126,43974244,490,STILL,NA,1,P02,LAB01,2,0,0,0,0,0
20260910_105156,STILL_1P_NA,39.215,44063474,491,STILL,NA,1,P02,LAB01,0,1,-2302,6288,0,360
20260910_105156,STILL_1P_NA,39.215,44063474,491,STILL,NA,1,P02,LAB01,1,1,413,4912,-16,360
20260910_105156,STILL_1P_NA,39.215,44063474,491,STILL,NA,1,P02,LAB01,2,0,0,0,0,0
20260910_105156,STILL_1P_NA,39.304,44152363,492,STILL,NA,1,P02,LAB01,0,1,-2295,6315,0,360
20260910_105156,STILL_1P_NA,39.304,44152363,492,STILL,NA,1,P02,LAB01,1,1,438,4909,-8,360
20260910_105156,STILL_1P_NA,39.304,44152363,492,STILL,NA,1,P02,LAB01,2,0,0,0,0,0
20260910_105156,STILL_1P_NA,39.393,44241501,493,STILL,NA,1,P02,LAB01,0,1,-2289,6341,0,360
20260910_105156,STILL_1P_NA,39.393,44241501,493,STILL,NA,1,P02,LAB01,1,1,449,4913,-8,360
20260910_105156,STILL_1P_NA,39.393,44241501,493,STILL,NA,1,P02,LAB01,2,0,0,0,0,0
20260910_105156,STILL_1P_NA,39.481,44330268,494,STILL,NA,1,P02,LAB01,0,1,-2283,6366,0,360
20260910_105156,STILL_1P_NA,39.481,44330268,494,STILL,NA,1,P02,LAB01,1,1,431,4922,-8,360
20260910_105156,STILL_1P_NA,39.481,44330268,494,STILL,NA,1,P02,LAB01,2,0,0,0,0,0
20260910_105156,STILL_1P_NA,39.571,44419494,495,STILL,NA,1,P02,LAB01,0,1,-2277,6391,0,360
20260910_105156,STILL_1P_NA,39.571,44419494,495,STILL,NA,1,P02,LAB01,1,1,424,4925,-8,360
20260910_105156,STILL_1P_NA,39.571,44419494,495,STILL,NA,1,P02,LAB01,2,0,0,0,0,0
20260910_105156,STILL_1P_NA,39.659,44507982,496,STILL,NA,1,P02,LAB01,0,1,-2272,6414,0,360
20260910_105156,STILL_1P_NA,39.659,44507982,496,STILL,NA,1,P02,LAB01,1,1,415,4929,-8,360
20260910_105156,STILL_1P_NA,39.659,44507982,496,STILL,NA,1,P02,LAB01,2,0,0,0,0,0
20260910_105156,STILL_1P_NA,39.749,44597588,497,STILL,NA,1,P02,LAB01,0,1,-2267,6433,16,360
20260910_105156,STILL_1P_NA,39.749,44597588,497,STILL,NA,1,P02,LAB01,1,1,420,4929,0,360
20260910_105156,STILL_1P_NA,39.749,44597588,497,STILL,NA,1,P02,LAB01,2,0,0,0,0,0
20260910_105156,STILL_1P_NA,39.837,44686011,498,STILL,NA,1,P02,LAB01,0,1,-2263,6448,16,360
20260910_105156,STILL_1P_NA,39.837,44686011,498,STILL,NA,1,P02,LAB01,1,1,429,4927,0,360
20260910_105156,STILL_1P_NA,39.837,44686011,498,STILL,NA,1,P02,LAB01,2,0,0,0,0,0
20260910_105156,STILL_1P_NA,39.926,44775241,499,STILL,NA,1,P02,LAB01,0,1,-2259,6464,16,360
20260910_105156,STILL_1P_NA,39.926,44775241,499,STILL,NA,1,P02,LAB01,1,1,433,4926,0,360
20260910_105156,STILL_1P_NA,39.926,44775241,499,STILL,NA,1,P02,LAB01,2,0,0,0,0,0
20260910_105156,STILL_1P_NA,40.015,44864183,500,STILL,NA,1,P02,LAB01,0,1,-2256,6479,16,360
20260910_105156,STILL_1P_NA,40.015,44864183,500,STILL,NA,1,P02,LAB01,1,1,420,4927,-8,360
20260910_105156,STILL_1P_NA,40.015,44864183,500,STILL,NA,1,P02,LAB01,2,0,0,0,0,0
20260910_105156,STILL_1P_NA,40.104,44953132,501,STILL,NA,1,P02,LAB01,0,1,-2252,6493,16,360
20260910_105156,STILL_1P_NA,40.104,44953132,501,STILL,NA,1,P02,LAB01,1,1,399,4928,-8,360
20260910_105156,STILL_1P_NA,40.104,44953132,501,STILL,NA,1,P02,LAB01,2,0,0,0,0,0
20260910_105156,STILL_1P_NA,40.193,45042369,502,STILL,NA,1,P02,LAB01,0,1,-2249,6507,16,360
20260910_105156,STILL_1P_NA,40.193,45042369,502,STILL,NA,1,P02,LAB01,1,1,331,4942,24,360
20260910_105156,STILL_1P_NA,40.193,45042369,502,STILL,NA,1,P02,LAB01,2,0,0,0,0,0
20260910_105156,STILL_1P_NA,40.282,45131232,503,STILL,NA,1,P02,LAB01,0,1,-2245,6520,16,360
20260910_105156,STILL_1P_NA,40.282,45131232,503,STILL,NA,1,P02,LAB01,1,1,204,4969,0,360
20260910_105156,STILL_1P_NA,40.282,45131232,503,STILL,NA,1,P02,LAB01,2,0,0,0,0,0
20260910_105156,STILL_1P_NA,40.371,45220177,504,STILL,NA,1,P02,LAB01,0,1,-2242,6533,16,360
20260910_105156,STILL_1P_NA,40.371,45220177,504,STILL,NA,1,P02,LAB01,1,1,81,4999,0,360
20260910_105156,STILL_1P_NA,40.371,45220177,504,STILL,NA,1,P02,LAB01,2,0,0,0,0,0
20260910_105156,STILL_1P_NA,40.461,45309377,505,STILL,NA,1,P02,LAB01,0,1,-2239,6545,16,360
20260910_105156,STILL_1P_NA,40.461,45309377,505,STILL,NA,1,P02,LAB01,1,1,132,4986,0,360
20260910_105156,STILL_1P_NA,40.461,45309377,505,STILL,NA,1,P02,LAB01,2,0,0,0,0,0
20260910_105156,STILL_1P_NA,40.549,45397961,506,STILL,NA,1,P02,LAB01,0,1,-2236,6557,16,360
20260910_105156,STILL_1P_NA,40.549,45397961,506,STILL,NA,1,P02,LAB01,1,1,151,4980,8,360
20260910_105156,STILL_1P_NA,40.549,45397961,506,STILL,NA,1,P02,LAB01,2,0,0,0,0,0
20260910_105156,STILL_1P_NA,40.638,45487183,507,STILL,NA,1,P02,LAB01,0,1,-2229,6563,24,360
20260910_105156,STILL_1P_NA,40.638,45487183,507,STILL,NA,1,P02,LAB01,1,1,173,4972,8,360
20260910_105156,STILL_1P_NA,40.638,45487183,507,STILL,NA,1,P02,LAB01,2,0,0,0,0,0
20260910_105156,STILL_1P_NA,40.727,45576300,508,STILL,NA,1,P02,LAB01,0,1,-2221,6568,24,360
20260910_105156,STILL_1P_NA,40.727,45576300,508,STILL,NA,1,P02,LAB01,1,1,190,4967,16,360
20260910_105156,STILL_1P_NA,40.727,45576300,508,STILL,NA,1,P02,LAB01,2,0,0,0,0,0
20260910_105156,STILL_1P_NA,40.817,45665283,509,STILL,NA,1,P02,LAB01,0,1,-2213,6572,24,360
20260910_105156,STILL_1P_NA,40.817,45665283,509,STILL,NA,1,P02,LAB01,1,1,196,4966,16,360
20260910_105156,STILL_1P_NA,40.817,45665283,509,STILL,NA,1,P02,LAB01,2,0,0,0,0,0
20260910_105156,STILL_1P_NA,40.905,45754017,510,STILL,NA,1,P02,LAB01,0,1,-2206,6576,24,360
20260910_105156,STILL_1P_NA,40.905,45754017,510,STILL,NA,1,P02,LAB01,1,1,203,4966,24,360
20260910_105156,STILL_1P_NA,40.905,45754017,510,STILL,NA,1,P02,LAB01,2,0,0,0,0,0
20260910_105156,STILL_1P_NA,40.994,45842869,511,STILL,NA,1,P02,LAB01,0,1,-2199,6581,24,360
20260910_105156,STILL_1P_NA,40.994,45842869,511,STILL,NA,1,P02,LAB01,1,1,203,4966,24,360
20260910_105156,STILL_1P_NA,40.994,45842869,511,STILL,NA,1,P02,LAB01,2,0,0,0,0,0
20260910_105156,STILL_1P_NA,41.084,45932294,512,STILL,NA,1,P02,LAB01,0,1,-2192,6584,24,360
20260910_105156,STILL_1P_NA,41.084,45932294,512,STILL,NA,1,P02,LAB01,1,1,189,4969,24,360
20260910_105156,STILL_1P_NA,41.084,45932294,512,STILL,NA,1,P02,LAB01,2,0,0,0,0,0
20260910_105156,STILL_1P_NA,41.173,46021309,513,STILL,NA,1,P02,LAB01,0,1,-2185,6588,24,360
20260910_105156,STILL_1P_NA,41.173,46021309,513,STILL,NA,1,P02,LAB01,1,1,185,4970,24,360
20260910_105156,STILL_1P_NA,41.173,46021309,513,STILL,NA,1,P02,LAB01,2,0,0,0,0,0
20260910_105156,STILL_1P_NA,41.261,46110127,514,STILL,NA,1,P02,LAB01,0,1,-2179,6592,24,360
20260910_105156,STILL_1P_NA,41.261,46110127,514,STILL,NA,1,P02,LAB01,1,1,179,4974,8,360
20260910_105156,STILL_1P_NA,41.261,46110127,514,STILL,NA,1,P02,LAB01,2,0,0,0,0,0
20260910_105156,STILL_1P_NA,41.350,46199298,515,STILL,NA,1,P02,LAB01,0,1,-2172,6595,24,360
20260910_105156,STILL_1P_NA,41.350,46199298,515,STILL,NA,1,P02,LAB01,1,1,162,4990,8,360
20260910_105156,STILL_1P_NA,41.350,46199298,515,STILL,NA,1,P02,LAB01,2,0,0,0,0,0
20260910_105156,STILL_1P_NA,41.439,46288252,516,STILL,NA,1,P02,LAB01,0,1,-2166,6599,24,360
20260910_105156,STILL_1P_NA,41.439,46288252,516,STILL,NA,1,P02,LAB01,1,1,159,4994,0,360
20260910_105156,STILL_1P_NA,41.439,46288252,516,STILL,NA,1,P02,LAB01,2,0,0,0,0,0
20260910_105156,STILL_1P_NA,41.528,46377300,517,STILL,NA,1,P02,LAB01,0,1,-2156,6599,0,360
20260910_105156,STILL_1P_NA,41.528,46377300,517,STILL,NA,1,P02,LAB01,1,1,163,4991,8,360
20260910_105156,STILL_1P_NA,41.528,46377300,517,STILL,NA,1,P02,LAB01,2,0,0,0,0,0
20260910_105156,STILL_1P_NA,41.617,46466217,518,STILL,NA,1,P02,LAB01,0,1,-2143,6599,0,360
20260910_105156,STILL_1P_NA,41.617,46466217,518,STILL,NA,1,P02,LAB01,1,1,175,4987,8,360
20260910_105156,STILL_1P_NA,41.617,46466217,518,STILL,NA,1,P02,LAB01,2,0,0,0,0,0
20260910_105156,STILL_1P_NA,41.706,46554945,519,STILL,NA,1,P02,LAB01,0,1,-2132,6599,0,360
20260910_105156,STILL_1P_NA,41.706,46554945,519,STILL,NA,1,P02,LAB01,1,1,191,4985,-16,360
20260910_105156,STILL_1P_NA,41.706,46554945,519,STILL,NA,1,P02,LAB01,2,0,0,0,0,0
20260910_105156,STILL_1P_NA,41.795,46644272,520,STILL,NA,1,P02,LAB01,0,1,-2121,6598,0,360
20260910_105156,STILL_1P_NA,41.795,46644272,520,STILL,NA,1,P02,LAB01,1,1,204,4980,16,360
20260910_105156,STILL_1P_NA,41.795,46644272,520,STILL,NA,1,P02,LAB01,2,0,0,0,0,0
20260910_105156,STILL_1P_NA,41.884,46732973,521,STILL,NA,1,P02,LAB01,0,1,-2110,6598,0,360
20260910_105156,STILL_1P_NA,41.884,46732973,521,STILL,NA,1,P02,LAB01,1,1,221,4977,-8,360
20260910_105156,STILL_1P_NA,41.884,46732973,521,STILL,NA,1,P02,LAB01,2,0,0,0,0,0
20260910_105156,STILL_1P_NA,41.973,46822044,522,STILL,NA,1,P02,LAB01,0,1,-2094,6596,8,360
20260910_105156,STILL_1P_NA,41.973,46822044,522,STILL,NA,1,P02,LAB01,1,1,287,4970,-16,360
20260910_105156,STILL_1P_NA,41.973,46822044,522,STILL,NA,1,P02,LAB01,2,0,0,0,0,0
20260910_105156,STILL_1P_NA,42.063,46911787,523,STILL,NA,1,P02,LAB01,0,1,-2077,6594,16,360
20260910_105156,STILL_1P_NA,42.063,46911787,523,STILL,NA,1,P02,LAB01,1,1,350,4963,8,360
20260910_105156,STILL_1P_NA,42.063,46911787,523,STILL,NA,1,P02,LAB01,2,0,0,0,0,0
20260910_105156,STILL_1P_NA,42.151,47000014,524,STILL,NA,1,P02,LAB01,0,1,-2060,6592,16,360
20260910_105156,STILL_1P_NA,42.151,47000014,524,STILL,NA,1,P02,LAB01,1,1,444,4951,16,360
20260910_105156,STILL_1P_NA,42.151,47000014,524,STILL,NA,1,P02,LAB01,2,0,0,0,0,0
20260910_105156,STILL_1P_NA,42.240,47089183,525,STILL,NA,1,P02,LAB01,0,1,-2043,6590,16,360
20260910_105156,STILL_1P_NA,42.240,47089183,525,STILL,NA,1,P02,LAB01,1,1,533,4957,8,360
20260910_105156,STILL_1P_NA,42.240,47089183,525,STILL,NA,1,P02,LAB01,2,0,0,0,0,0
20260910_105156,STILL_1P_NA,42.329,47178132,526,STILL,NA,1,P02,LAB01,0,1,-2026,6588,16,360
20260910_105156,STILL_1P_NA,42.329,47178132,526,STILL,NA,1,P02,LAB01,1,1,614,4967,8,360
20260910_105156,STILL_1P_NA,42.329,47178132,526,STILL,NA,1,P02,LAB01,2,0,0,0,0,0
20260910_105156,STILL_1P_NA,42.418,47266869,527,STILL,NA,1,P02,LAB01,0,1,-2010,6585,16,360
20260910_105156,STILL_1P_NA,42.418,47266869,527,STILL,NA,1,P02,LAB01,1,1,658,4973,-8,360
20260910_105156,STILL_1P_NA,42.418,47266869,527,STILL,NA,1,P02,LAB01,2,0,0,0,0,0
20260910_105156,STILL_1P_NA,42.508,47356011,528,STILL,NA,1,P02,LAB01,0,1,-1995,6583,16,360
20260910_105156,STILL_1P_NA,42.508,47356011,528,STILL,NA,1,P02,LAB01,1,1,666,4966,0,360
20260910_105156,STILL_1P_NA,42.508,47356011,528,STILL,NA,1,P02,LAB01,2,0,0,0,0,0
20260910_105156,STILL_1P_NA,42.596,47445023,529,STILL,NA,1,P02,LAB01,0,1,-1980,6581,16,360
20260910_105156,STILL_1P_NA,42.596,47445023,529,STILL,NA,1,P02,LAB01,1,1,660,4957,0,360
20260910_105156,STILL_1P_NA,42.596,47445023,529,STILL,NA,1,P02,LAB01,2,0,0,0,0,0
20260910_105156,STILL_1P_NA,42.685,47533787,530,STILL,NA,1,P02,LAB01,0,1,-1966,6579,16,360
20260910_105156,STILL_1P_NA,42.685,47533787,530,STILL,NA,1,P02,LAB01,1,1,655,4953,0,360
20260910_105156,STILL_1P_NA,42.685,47533787,530,STILL,NA,1,P02,LAB01,2,0,0,0,0,0
20260910_105156,STILL_1P_NA,42.774,47622928,531,STILL,NA,1,P02,LAB01,0,1,-1952,6578,16,360
20260910_105156,STILL_1P_NA,42.774,47622928,531,STILL,NA,1,P02,LAB01,1,1,646,4953,0,360
20260910_105156,STILL_1P_NA,42.774,47622928,531,STILL,NA,1,P02,LAB01,2,0,0,0,0,0
20260910_105156,STILL_1P_NA,42.863,47712120,532,STILL,NA,1,P02,LAB01,0,1,-1939,6576,16,360
20260910_105156,STILL_1P_NA,42.863,47712120,532,STILL,NA,1,P02,LAB01,1,1,639,4952,0,360
20260910_105156,STILL_1P_NA,42.863,47712120,532,STILL,NA,1,P02,LAB01,2,0,0,0,0,0
20260910_105156,STILL_1P_NA,42.952,47800955,533,STILL,NA,1,P02,LAB01,0,1,-1926,6574,16,360
20260910_105156,STILL_1P_NA,42.952,47800955,533,STILL,NA,1,P02,LAB01,1,1,639,4951,-8,360
20260910_105156,STILL_1P_NA,42.952,47800955,533,STILL,NA,1,P02,LAB01,2,0,0,0,0,0
20260910_105156,STILL_1P_NA,43.041,47889907,534,STILL,NA,1,P02,LAB01,0,1,-1914,6572,16,360
20260910_105156,STILL_1P_NA,43.041,47889907,534,STILL,NA,1,P02,LAB01,1,1,638,4948,-8,360
20260910_105156,STILL_1P_NA,43.041,47889907,534,STILL,NA,1,P02,LAB01,2,0,0,0,0,0
20260910_105156,STILL_1P_NA,43.130,47978887,535,STILL,NA,1,P02,LAB01,0,1,-1902,6571,16,360
20260910_105156,STILL_1P_NA,43.130,47978887,535,STILL,NA,1,P02,LAB01,1,1,637,4946,-8,360
20260910_105156,STILL_1P_NA,43.130,47978887,535,STILL,NA,1,P02,LAB01,2,0,0,0,0,0
20260910_105156,STILL_1P_NA,43.219,48067837,536,STILL,NA,1,P02,LAB01,0,1,-1891,6569,16,360
20260910_105156,STILL_1P_NA,43.219,48067837,536,STILL,NA,1,P02,LAB01,1,1,636,4944,-8,360
20260910_105156,STILL_1P_NA,43.219,48067837,536,STILL,NA,1,P02,LAB01,2,0,0,0,0,0
20260910_105156,STILL_1P_NA,43.308,48156759,537,STILL,NA,1,P02,LAB01,0,1,-1880,6568,16,360
20260910_105156,STILL_1P_NA,43.308,48156759,537,STILL,NA,1,P02,LAB01,1,1,635,4941,-8,360
20260910_105156,STILL_1P_NA,43.308,48156759,537,STILL,NA,1,P02,LAB01,2,0,0,0,0,0
20260910_105156,STILL_1P_NA,43.397,48245774,538,STILL,NA,1,P02,LAB01,0,1,-1869,6566,16,360
20260910_105156,STILL_1P_NA,43.397,48245774,538,STILL,NA,1,P02,LAB01,1,1,635,4939,-8,360
20260910_105156,STILL_1P_NA,43.397,48245774,538,STILL,NA,1,P02,LAB01,2,0,0,0,0,0
20260910_105156,STILL_1P_NA,43.486,48334787,539,STILL,NA,1,P02,LAB01,0,1,627,4941,-16,360
20260910_105156,STILL_1P_NA,43.486,48334787,539,STILL,NA,1,P02,LAB01,1,0,0,0,0,0
20260910_105156,STILL_1P_NA,43.486,48334787,539,STILL,NA,1,P02,LAB01,2,0,0,0,0,0
20260910_105156,STILL_1P_NA,43.575,48423742,540,STILL,NA,1,P02,LAB01,0,1,618,4944,-16,360
20260910_105156,STILL_1P_NA,43.575,48423742,540,STILL,NA,1,P02,LAB01,1,0,0,0,0,0
20260910_105156,STILL_1P_NA,43.575,48423742,540,STILL,NA,1,P02,LAB01,2,0,0,0,0,0
20260910_105156,STILL_1P_NA,43.664,48512970,541,STILL,NA,1,P02,LAB01,0,1,606,4945,-16,360
20260910_105156,STILL_1P_NA,43.664,48512970,541,STILL,NA,1,P02,LAB01,1,0,0,0,0,0
20260910_105156,STILL_1P_NA,43.664,48512970,541,STILL,NA,1,P02,LAB01,2,0,0,0,0,0
20260910_105156,STILL_1P_NA,43.753,48601918,542,STILL,NA,1,P02,LAB01,0,1,597,4944,8,360
20260910_105156,STILL_1P_NA,43.753,48601918,542,STILL,NA,1,P02,LAB01,1,0,0,0,0,0
20260910_105156,STILL_1P_NA,43.753,48601918,542,STILL,NA,1,P02,LAB01,2,0,0,0,0,0
20260910_105156,STILL_1P_NA,43.842,48690970,543,STILL,NA,1,P02,LAB01,0,1,588,4943,8,360
20260910_105156,STILL_1P_NA,43.842,48690970,543,STILL,NA,1,P02,LAB01,1,0,0,0,0,0
20260910_105156,STILL_1P_NA,43.842,48690970,543,STILL,NA,1,P02,LAB01,2,0,0,0,0,0
20260910_105156,STILL_1P_NA,43.931,48779982,544,STILL,NA,1,P02,LAB01,0,1,585,4941,-16,360
20260910_105156,STILL_1P_NA,43.931,48779982,544,STILL,NA,1,P02,LAB01,1,0,0,0,0,0
20260910_105156,STILL_1P_NA,43.931,48779982,544,STILL,NA,1,P02,LAB01,2,0,0,0,0,0
20260910_105156,STILL_1P_NA,44.020,48868774,545,STILL,NA,1,P02,LAB01,0,1,587,4936,-16,360
20260910_105156,STILL_1P_NA,44.020,48868774,545,STILL,NA,1,P02,LAB01,1,0,0,0,0,0
20260910_105156,STILL_1P_NA,44.020,48868774,545,STILL,NA,1,P02,LAB01,2,0,0,0,0,0
20260910_105156,STILL_1P_NA,44.109,48957815,546,STILL,NA,1,P02,LAB01,0,1,592,4930,-16,360
20260910_105156,STILL_1P_NA,44.109,48957815,546,STILL,NA,1,P02,LAB01,1,0,0,0,0,0
20260910_105156,STILL_1P_NA,44.109,48957815,546,STILL,NA,1,P02,LAB01,2,0,0,0,0,0
20260910_105156,STILL_1P_NA,44.198,49046890,547,STILL,NA,1,P02,LAB01,0,1,600,4928,8,360
20260910_105156,STILL_1P_NA,44.198,49046890,547,STILL,NA,1,P02,LAB01,1,0,0,0,0,0
20260910_105156,STILL_1P_NA,44.198,49046890,547,STILL,NA,1,P02,LAB01,2,0,0,0,0,0
20260910_105156,STILL_1P_NA,44.287,49135880,548,STILL,NA,1,P02,LAB01,0,1,604,4928,8,360
20260910_105156,STILL_1P_NA,44.287,49135880,548,STILL,NA,1,P02,LAB01,1,0,0,0,0,0
20260910_105156,STILL_1P_NA,44.287,49135880,548,STILL,NA,1,P02,LAB01,2,0,0,0,0,0
20260910_105156,STILL_1P_NA,44.376,49224796,549,STILL,NA,1,P02,LAB01,0,1,608,4926,0,360
20260910_105156,STILL_1P_NA,44.376,49224796,549,STILL,NA,1,P02,LAB01,1,0,0,0,0,0
20260910_105156,STILL_1P_NA,44.376,49224796,549,STILL,NA,1,P02,LAB01,2,0,0,0,0,0
20260910_105156,STILL_1P_NA,44.465,49313810,550,STILL,NA,1,P02,LAB01,0,1,607,4925,0,360
20260910_105156,STILL_1P_NA,44.465,49313810,550,STILL,NA,1,P02,LAB01,1,0,0,0,0,0
20260910_105156,STILL_1P_NA,44.465,49313810,550,STILL,NA,1,P02,LAB01,2,0,0,0,0,0
20260910_105156,STILL_1P_NA,44.554,49402796,551,STILL,NA,1,P02,LAB01,0,1,605,4923,-8,360
20260910_105156,STILL_1P_NA,44.554,49402796,551,STILL,NA,1,P02,LAB01,1,0,0,0,0,0
20260910_105156,STILL_1P_NA,44.554,49402796,551,STILL,NA,1,P02,LAB01,2,0,0,0,0,0
20260910_105156,STILL_1P_NA,44.643,49491810,552,STILL,NA,1,P02,LAB01,0,1,606,4920,0,360
20260910_105156,STILL_1P_NA,44.643,49491810,552,STILL,NA,1,P02,LAB01,1,0,0,0,0,0
20260910_105156,STILL_1P_NA,44.643,49491810,552,STILL,NA,1,P02,LAB01,2,0,0,0,0,0
20260910_105156,STILL_1P_NA,44.732,49580824,553,STILL,NA,1,P02,LAB01,0,1,607,4916,0,360
20260910_105156,STILL_1P_NA,44.732,49580824,553,STILL,NA,1,P02,LAB01,1,0,0,0,0,0
20260910_105156,STILL_1P_NA,44.732,49580824,553,STILL,NA,1,P02,LAB01,2,0,0,0,0,0
20260910_105156,STILL_1P_NA,44.821,49669902,554,STILL,NA,1,P02,LAB01,0,1,604,4914,8,360
20260910_105156,STILL_1P_NA,44.821,49669902,554,STILL,NA,1,P02,LAB01,1,0,0,0,0,0
20260910_105156,STILL_1P_NA,44.821,49669902,554,STILL,NA,1,P02,LAB01,2,0,0,0,0,0
20260910_105156,STILL_1P_NA,44.910,49758597,555,STILL,NA,1,P02,LAB01,0,1,592,4916,0,360
20260910_105156,STILL_1P_NA,44.910,49758597,555,STILL,NA,1,P02,LAB01,1,0,0,0,0,0
20260910_105156,STILL_1P_NA,44.910,49758597,555,STILL,NA,1,P02,LAB01,2,0,0,0,0,0
20260910_105156,STILL_1P_NA,44.999,49847863,556,STILL,NA,1,P02,LAB01,0,1,581,4919,0,360
20260910_105156,STILL_1P_NA,44.999,49847863,556,STILL,NA,1,P02,LAB01,1,0,0,0,0,0
20260910_105156,STILL_1P_NA,44.999,49847863,556,STILL,NA,1,P02,LAB01,2,0,0,0,0,0
20260910_105156,STILL_1P_NA,45.088,49936970,557,STILL,NA,1,P02,LAB01,0,1,574,4921,0,360
20260910_105156,STILL_1P_NA,45.088,49936970,557,STILL,NA,1,P02,LAB01,1,0,0,0,0,0
20260910_105156,STILL_1P_NA,45.088,49936970,557,STILL,NA,1,P02,LAB01,2,0,0,0,0,0
20260910_105156,STILL_1P_NA,45.177,50025824,558,STILL,NA,1,P02,LAB01,0,1,564,4923,-8,360
20260910_105156,STILL_1P_NA,45.177,50025824,558,STILL,NA,1,P02,LAB01,1,0,0,0,0,0
20260910_105156,STILL_1P_NA,45.177,50025824,558,STILL,NA,1,P02,LAB01,2,0,0,0,0,0
20260910_105156,STILL_1P_NA,45.266,50114683,559,STILL,NA,1,P02,LAB01,0,1,558,4925,0,360
20260910_105156,STILL_1P_NA,45.266,50114683,559,STILL,NA,1,P02,LAB01,1,0,0,0,0,0
20260910_105156,STILL_1P_NA,45.266,50114683,559,STILL,NA,1,P02,LAB01,2,0,0,0,0,0
20260910_105156,STILL_1P_NA,45.355,50203887,560,STILL,NA,1,P02,LAB01,0,1,552,4925,0,360
20260910_105156,STILL_1P_NA,45.355,50203887,560,STILL,NA,1,P02,LAB01,1,0,0,0,0,0
20260910_105156,STILL_1P_NA,45.355,50203887,560,STILL,NA,1,P02,LAB01,2,0,0,0,0,0
20260910_105156,STILL_1P_NA,45.444,50292837,561,STILL,NA,1,P02,LAB01,0,1,547,4926,0,360
20260910_105156,STILL_1P_NA,45.444,50292837,561,STILL,NA,1,P02,LAB01,1,0,0,0,0,0
20260910_105156,STILL_1P_NA,45.444,50292837,561,STILL,NA,1,P02,LAB01,2,0,0,0,0,0
20260910_105156,STILL_1P_NA,45.533,50382056,562,STILL,NA,1,P02,LAB01,0,1,543,4923,0,360
20260910_105156,STILL_1P_NA,45.533,50382056,562,STILL,NA,1,P02,LAB01,1,0,0,0,0,0
20260910_105156,STILL_1P_NA,45.533,50382056,562,STILL,NA,1,P02,LAB01,2,0,0,0,0,0
20260910_105156,STILL_1P_NA,45.622,50470618,563,STILL,NA,1,P02,LAB01,0,1,542,4922,0,360
20260910_105156,STILL_1P_NA,45.622,50470618,563,STILL,NA,1,P02,LAB01,1,0,0,0,0,0
20260910_105156,STILL_1P_NA,45.622,50470618,563,STILL,NA,1,P02,LAB01,2,0,0,0,0,0
20260910_105156,STILL_1P_NA,45.711,50559815,564,STILL,NA,1,P02,LAB01,0,1,539,4924,8,360
20260910_105156,STILL_1P_NA,45.711,50559815,564,STILL,NA,1,P02,LAB01,1,0,0,0,0,0
20260910_105156,STILL_1P_NA,45.711,50559815,564,STILL,NA,1,P02,LAB01,2,0,0,0,0,0
20260910_105156,STILL_1P_NA,45.800,50648645,565,STILL,NA,1,P02,LAB01,0,1,535,4927,8,360
20260910_105156,STILL_1P_NA,45.800,50648645,565,STILL,NA,1,P02,LAB01,1,0,0,0,0,0
20260910_105156,STILL_1P_NA,45.800,50648645,565,STILL,NA,1,P02,LAB01,2,0,0,0,0,0
20260910_105156,STILL_1P_NA,45.888,50737494,566,STILL,NA,1,P02,LAB01,0,1,529,4929,8,360
20260910_105156,STILL_1P_NA,45.888,50737494,566,STILL,NA,1,P02,LAB01,1,0,0,0,0,0
20260910_105156,STILL_1P_NA,45.888,50737494,566,STILL,NA,1,P02,LAB01,2,0,0,0,0,0
20260910_105156,STILL_1P_NA,45.978,50826573,567,STILL,NA,1,P02,LAB01,0,1,521,4930,8,360
20260910_105156,STILL_1P_NA,45.978,50826573,567,STILL,NA,1,P02,LAB01,1,0,0,0,0,0
20260910_105156,STILL_1P_NA,45.978,50826573,567,STILL,NA,1,P02,LAB01,2,0,0,0,0,0
20260910_105156,STILL_1P_NA,46.067,50915556,568,STILL,NA,1,P02,LAB01,0,1,514,4931,8,360
20260910_105156,STILL_1P_NA,46.067,50915556,568,STILL,NA,1,P02,LAB01,1,0,0,0,0,0
20260910_105156,STILL_1P_NA,46.067,50915556,568,STILL,NA,1,P02,LAB01,2,0,0,0,0,0
20260910_105156,STILL_1P_NA,46.156,51004568,569,STILL,NA,1,P02,LAB01,0,1,507,4932,8,360
20260910_105156,STILL_1P_NA,46.156,51004568,569,STILL,NA,1,P02,LAB01,1,0,0,0,0,0
20260910_105156,STILL_1P_NA,46.156,51004568,569,STILL,NA,1,P02,LAB01,2,0,0,0,0,0
20260910_105156,STILL_1P_NA,46.245,51093618,570,STILL,NA,1,P02,LAB01,0,1,500,4934,8,360
20260910_105156,STILL_1P_NA,46.245,51093618,570,STILL,NA,1,P02,LAB01,1,0,0,0,0,0
20260910_105156,STILL_1P_NA,46.245,51093618,570,STILL,NA,1,P02,LAB01,2,0,0,0,0,0
20260910_105156,STILL_1P_NA,46.334,51183088,571,STILL,NA,1,P02,LAB01,0,1,493,4935,8,360
20260910_105156,STILL_1P_NA,46.334,51183088,571,STILL,NA,1,P02,LAB01,1,0,0,0,0,0
20260910_105156,STILL_1P_NA,46.334,51183088,571,STILL,NA,1,P02,LAB01,2,0,0,0,0,0
20260910_105156,STILL_1P_NA,46.423,51271671,572,STILL,NA,1,P02,LAB01,0,1,487,4936,8,360
20260910_105156,STILL_1P_NA,46.423,51271671,572,STILL,NA,1,P02,LAB01,1,0,0,0,0,0
20260910_105156,STILL_1P_NA,46.423,51271671,572,STILL,NA,1,P02,LAB01,2,0,0,0,0,0
20260910_105156,STILL_1P_NA,46.512,51360784,573,STILL,NA,1,P02,LAB01,0,1,481,4937,8,360
20260910_105156,STILL_1P_NA,46.512,51360784,573,STILL,NA,1,P02,LAB01,1,0,0,0,0,0
20260910_105156,STILL_1P_NA,46.512,51360784,573,STILL,NA,1,P02,LAB01,2,0,0,0,0,0
20260910_105156,STILL_1P_NA,46.601,51449982,574,STILL,NA,1,P02,LAB01,0,1,475,4938,8,360
20260910_105156,STILL_1P_NA,46.601,51449982,574,STILL,NA,1,P02,LAB01,1,0,0,0,0,0
20260910_105156,STILL_1P_NA,46.601,51449982,574,STILL,NA,1,P02,LAB01,2,0,0,0,0,0
20260910_105156,STILL_1P_NA,46.690,51538774,575,STILL,NA,1,P02,LAB01,0,1,463,4939,-8,360
20260910_105156,STILL_1P_NA,46.690,51538774,575,STILL,NA,1,P02,LAB01,1,0,0,0,0,0
20260910_105156,STILL_1P_NA,46.690,51538774,575,STILL,NA,1,P02,LAB01,2,0,0,0,0,0
20260910_105156,STILL_1P_NA,46.779,51627599,576,STILL,NA,1,P02,LAB01,0,1,454,4939,8,360
20260910_105156,STILL_1P_NA,46.779,51627599,576,STILL,NA,1,P02,LAB01,1,0,0,0,0,0
20260910_105156,STILL_1P_NA,46.779,51627599,576,STILL,NA,1,P02,LAB01,2,0,0,0,0,0
20260910_105156,STILL_1P_NA,46.868,51716522,577,STILL,NA,1,P02,LAB01,0,1,448,4938,8,360
20260910_105156,STILL_1P_NA,46.868,51716522,577,STILL,NA,1,P02,LAB01,1,0,0,0,0,0
20260910_105156,STILL_1P_NA,46.868,51716522,577,STILL,NA,1,P02,LAB01,2,0,0,0,0,0
20260910_105156,STILL_1P_NA,46.956,51805439,578,STILL,NA,1,P02,LAB01,0,1,443,4935,8,360
20260910_105156,STILL_1P_NA,46.956,51805439,578,STILL,NA,1,P02,LAB01,1,0,0,0,0,0
20260910_105156,STILL_1P_NA,46.956,51805439,578,STILL,NA,1,P02,LAB01,2,0,0,0,0,0
20260910_105156,STILL_1P_NA,47.045,51894197,579,STILL,NA,1,P02,LAB01,0,1,441,4931,8,360
20260910_105156,STILL_1P_NA,47.045,51894197,579,STILL,NA,1,P02,LAB01,1,0,0,0,0,0
20260910_105156,STILL_1P_NA,47.045,51894197,579,STILL,NA,1,P02,LAB01,2,0,0,0,0,0
20260910_105156,STILL_1P_NA,47.135,51983597,580,STILL,NA,1,P02,LAB01,0,1,447,4930,8,360
20260910_105156,STILL_1P_NA,47.135,51983597,580,STILL,NA,1,P02,LAB01,1,0,0,0,0,0
20260910_105156,STILL_1P_NA,47.135,51983597,580,STILL,NA,1,P02,LAB01,2,0,0,0,0,0
20260910_105156,STILL_1P_NA,47.224,52072546,581,STILL,NA,1,P02,LAB01,0,1,456,4930,8,360
20260910_105156,STILL_1P_NA,47.224,52072546,581,STILL,NA,1,P02,LAB01,1,0,0,0,0,0
20260910_105156,STILL_1P_NA,47.224,52072546,581,STILL,NA,1,P02,LAB01,2,0,0,0,0,0
20260910_105156,STILL_1P_NA,47.313,52161588,582,STILL,NA,1,P02,LAB01,0,1,464,4929,8,360
20260910_105156,STILL_1P_NA,47.313,52161588,582,STILL,NA,1,P02,LAB01,1,0,0,0,0,0
20260910_105156,STILL_1P_NA,47.313,52161588,582,STILL,NA,1,P02,LAB01,2,0,0,0,0,0
20260910_105156,STILL_1P_NA,47.401,52250261,583,STILL,NA,1,P02,LAB01,0,1,467,4929,-8,360
20260910_105156,STILL_1P_NA,47.401,52250261,583,STILL,NA,1,P02,LAB01,1,0,0,0,0,0
20260910_105156,STILL_1P_NA,47.401,52250261,583,STILL,NA,1,P02,LAB01,2,0,0,0,0,0
20260910_105156,STILL_1P_NA,47.490,52339177,584,STILL,NA,1,P02,LAB01,0,1,469,4929,-8,360
20260910_105156,STILL_1P_NA,47.490,52339177,584,STILL,NA,1,P02,LAB01,1,0,0,0,0,0
20260910_105156,STILL_1P_NA,47.490,52339177,584,STILL,NA,1,P02,LAB01,2,0,0,0,0,0
20260910_105156,STILL_1P_NA,47.580,52428600,585,STILL,NA,1,P02,LAB01,0,1,451,4936,16,360
20260910_105156,STILL_1P_NA,47.580,52428600,585,STILL,NA,1,P02,LAB01,1,0,0,0,0,0
20260910_105156,STILL_1P_NA,47.580,52428600,585,STILL,NA,1,P02,LAB01,2,0,0,0,0,0
20260910_105156,STILL_1P_NA,47.668,52517390,586,STILL,NA,1,P02,LAB01,0,1,428,4948,0,360
20260910_105156,STILL_1P_NA,47.668,52517390,586,STILL,NA,1,P02,LAB01,1,0,0,0,0,0
20260910_105156,STILL_1P_NA,47.668,52517390,586,STILL,NA,1,P02,LAB01,2,0,0,0,0,0
20260910_105156,STILL_1P_NA,47.757,52606439,587,STILL,NA,1,P02,LAB01,0,1,352,4989,0,360
20260910_105156,STILL_1P_NA,47.757,52606439,587,STILL,NA,1,P02,LAB01,1,0,0,0,0,0
20260910_105156,STILL_1P_NA,47.757,52606439,587,STILL,NA,1,P02,LAB01,2,0,0,0,0,0
20260910_105156,STILL_1P_NA,47.846,52695327,588,STILL,NA,1,P02,LAB01,0,1,292,5021,-8,360
20260910_105156,STILL_1P_NA,47.846,52695327,588,STILL,NA,1,P02,LAB01,1,0,0,0,0,0
20260910_105156,STILL_1P_NA,47.846,52695327,588,STILL,NA,1,P02,LAB01,2,0,0,0,0,0
20260910_105156,STILL_1P_NA,47.936,52784467,589,STILL,NA,1,P02,LAB01,0,1,273,5030,-8,360
20260910_105156,STILL_1P_NA,47.936,52784467,589,STILL,NA,1,P02,LAB01,1,0,0,0,0,0
20260910_105156,STILL_1P_NA,47.936,52784467,589,STILL,NA,1,P02,LAB01,2,0,0,0,0,0
20260910_105156,STILL_1P_NA,48.024,52873412,590,STILL,NA,1,P02,LAB01,0,1,281,5026,-8,360
20260910_105156,STILL_1P_NA,48.024,52873412,590,STILL,NA,1,P02,LAB01,1,0,0,0,0,0
20260910_105156,STILL_1P_NA,48.024,52873412,590,STILL,NA,1,P02,LAB01,2,0,0,0,0,0
20260910_105156,STILL_1P_NA,48.113,52962244,591,STILL,NA,1,P02,LAB01,0,1,298,5016,-8,360
20260910_105156,STILL_1P_NA,48.113,52962244,591,STILL,NA,1,P02,LAB01,1,0,0,0,0,0
20260910_105156,STILL_1P_NA,48.113,52962244,591,STILL,NA,1,P02,LAB01,2,0,0,0,0,0
20260910_105156,STILL_1P_NA,48.202,53051288,592,STILL,NA,1,P02,LAB01,0,1,316,5003,-8,360
20260910_105156,STILL_1P_NA,48.202,53051288,592,STILL,NA,1,P02,LAB01,1,0,0,0,0,0
20260910_105156,STILL_1P_NA,48.202,53051288,592,STILL,NA,1,P02,LAB01,2,0,0,0,0,0
20260910_105156,STILL_1P_NA,48.291,53140515,593,STILL,NA,1,P02,LAB01,0,1,364,4973,-8,360
20260910_105156,STILL_1P_NA,48.291,53140515,593,STILL,NA,1,P02,LAB01,1,0,0,0,0,0
20260910_105156,STILL_1P_NA,48.291,53140515,593,STILL,NA,1,P02,LAB01,2,0,0,0,0,0
20260910_105156,STILL_1P_NA,48.380,53229404,594,STILL,NA,1,P02,LAB01,0,1,413,4940,-8,360
20260910_105156,STILL_1P_NA,48.380,53229404,594,STILL,NA,1,P02,LAB01,1,0,0,0,0,0
20260910_105156,STILL_1P_NA,48.380,53229404,594,STILL,NA,1,P02,LAB01,2,0,0,0,0,0
20260910_105156,STILL_1P_NA,48.469,53318391,595,STILL,NA,1,P02,LAB01,0,1,458,4910,-8,360
20260910_105156,STILL_1P_NA,48.469,53318391,595,STILL,NA,1,P02,LAB01,1,0,0,0,0,0
20260910_105156,STILL_1P_NA,48.469,53318391,595,STILL,NA,1,P02,LAB01,2,0,0,0,0,0
20260910_105156,STILL_1P_NA,48.559,53407314,596,STILL,NA,1,P02,LAB01,0,1,509,4884,-8,360
20260910_105156,STILL_1P_NA,48.559,53407314,596,STILL,NA,1,P02,LAB01,1,0,0,0,0,0
20260910_105156,STILL_1P_NA,48.559,53407314,596,STILL,NA,1,P02,LAB01,2,0,0,0,0,0
20260910_105156,STILL_1P_NA,48.647,53496480,597,STILL,NA,1,P02,LAB01,0,1,559,4859,-8,360
20260910_105156,STILL_1P_NA,48.647,53496480,597,STILL,NA,1,P02,LAB01,1,0,0,0,0,0
20260910_105156,STILL_1P_NA,48.647,53496480,597,STILL,NA,1,P02,LAB01,2,0,0,0,0,0
20260910_105156,STILL_1P_NA,48.736,53585177,598,STILL,NA,1,P02,LAB01,0,1,595,4844,0,360
20260910_105156,STILL_1P_NA,48.736,53585177,598,STILL,NA,1,P02,LAB01,1,0,0,0,0,0
20260910_105156,STILL_1P_NA,48.736,53585177,598,STILL,NA,1,P02,LAB01,2,0,0,0,0,0
20260910_105156,STILL_1P_NA,48.825,53674411,599,STILL,NA,1,P02,LAB01,0,1,605,4840,0,360
20260910_105156,STILL_1P_NA,48.825,53674411,599,STILL,NA,1,P02,LAB01,1,0,0,0,0,0
20260910_105156,STILL_1P_NA,48.825,53674411,599,STILL,NA,1,P02,LAB01,2,0,0,0,0,0
20260910_105156,STILL_1P_NA,48.914,53763115,600,STILL,NA,1,P02,LAB01,0,1,615,4836,0,360
20260910_105156,STILL_1P_NA,48.914,53763115,600,STILL,NA,1,P02,LAB01,1,0,0,0,0,0
20260910_105156,STILL_1P_NA,48.914,53763115,600,STILL,NA,1,P02,LAB01,2,0,0,0,0,0
20260910_105156,STILL_1P_NA,49.003,53852223,601,STILL,NA,1,P02,LAB01,0,1,624,4832,0,360
20260910_105156,STILL_1P_NA,49.003,53852223,601,STILL,NA,1,P02,LAB01,1,0,0,0,0,0
20260910_105156,STILL_1P_NA,49.003,53852223,601,STILL,NA,1,P02,LAB01,2,0,0,0,0,0
20260910_105156,STILL_1P_NA,49.092,53941241,602,STILL,NA,1,P02,LAB01,0,1,633,4828,0,360
20260910_105156,STILL_1P_NA,49.092,53941241,602,STILL,NA,1,P02,LAB01,1,0,0,0,0,0
20260910_105156,STILL_1P_NA,49.092,53941241,602,STILL,NA,1,P02,LAB01,2,0,0,0,0,0
20260910_105156,STILL_1P_NA,49.181,54030370,603,STILL,NA,1,P02,LAB01,0,1,642,4825,0,360
20260910_105156,STILL_1P_NA,49.181,54030370,603,STILL,NA,1,P02,LAB01,1,0,0,0,0,0
20260910_105156,STILL_1P_NA,49.181,54030370,603,STILL,NA,1,P02,LAB01,2,0,0,0,0,0
20260910_105156,STILL_1P_NA,49.270,54119160,604,STILL,NA,1,P02,LAB01,0,1,651,4822,0,360
20260910_105156,STILL_1P_NA,49.270,54119160,604,STILL,NA,1,P02,LAB01,1,0,0,0,0,0
20260910_105156,STILL_1P_NA,49.270,54119160,604,STILL,NA,1,P02,LAB01,2,0,0,0,0,0
20260910_105156,STILL_1P_NA,49.359,54208282,605,STILL,NA,1,P02,LAB01,0,1,648,4825,0,360
20260910_105156,STILL_1P_NA,49.359,54208282,605,STILL,NA,1,P02,LAB01,1,0,0,0,0,0
20260910_105156,STILL_1P_NA,49.359,54208282,605,STILL,NA,1,P02,LAB01,2,0,0,0,0,0
20260910_105156,STILL_1P_NA,49.448,54297354,606,STILL,NA,1,P02,LAB01,0,1,643,4831,0,360
20260910_105156,STILL_1P_NA,49.448,54297354,606,STILL,NA,1,P02,LAB01,1,0,0,0,0,0
20260910_105156,STILL_1P_NA,49.448,54297354,606,STILL,NA,1,P02,LAB01,2,0,0,0,0,0
20260910_105156,STILL_1P_NA,49.537,54386203,607,STILL,NA,1,P02,LAB01,0,1,637,4836,0,360
20260910_105156,STILL_1P_NA,49.537,54386203,607,STILL,NA,1,P02,LAB01,1,0,0,0,0,0
20260910_105156,STILL_1P_NA,49.537,54386203,607,STILL,NA,1,P02,LAB01,2,0,0,0,0,0
20260910_105156,STILL_1P_NA,49.625,54474727,608,STILL,NA,1,P02,LAB01,0,1,632,4841,0,360
20260910_105156,STILL_1P_NA,49.625,54474727,608,STILL,NA,1,P02,LAB01,1,0,0,0,0,0
20260910_105156,STILL_1P_NA,49.625,54474727,608,STILL,NA,1,P02,LAB01,2,0,0,0,0,0
20260910_105156,STILL_1P_NA,49.715,54564204,609,STILL,NA,1,P02,LAB01,0,1,627,4846,0,360
20260910_105156,STILL_1P_NA,49.715,54564204,609,STILL,NA,1,P02,LAB01,1,0,0,0,0,0
20260910_105156,STILL_1P_NA,49.715,54564204,609,STILL,NA,1,P02,LAB01,2,0,0,0,0,0
20260910_105156,STILL_1P_NA,49.804,54653002,610,STILL,NA,1,P02,LAB01,0,1,622,4851,0,360
20260910_105156,STILL_1P_NA,49.804,54653002,610,STILL,NA,1,P02,LAB01,1,0,0,0,0,0
20260910_105156,STILL_1P_NA,49.804,54653002,610,STILL,NA,1,P02,LAB01,2,0,0,0,0,0
20260910_105156,STILL_1P_NA,49.893,54742197,611,STILL,NA,1,P02,LAB01,0,1,617,4856,0,360
20260910_105156,STILL_1P_NA,49.893,54742197,611,STILL,NA,1,P02,LAB01,1,0,0,0,0,0
20260910_105156,STILL_1P_NA,49.893,54742197,611,STILL,NA,1,P02,LAB01,2,0,0,0,0,0
20260910_105156,STILL_1P_NA,49.982,54831183,612,STILL,NA,1,P02,LAB01,0,1,606,4859,8,360
20260910_105156,STILL_1P_NA,49.982,54831183,612,STILL,NA,1,P02,LAB01,1,0,0,0,0,0
20260910_105156,STILL_1P_NA,49.982,54831183,612,STILL,NA,1,P02,LAB01,2,0,0,0,0,0
20260910_105156,STILL_1P_NA,50.071,54920268,613,STILL,NA,1,P02,LAB01,0,1,591,4866,0,360
20260910_105156,STILL_1P_NA,50.071,54920268,613,STILL,NA,1,P02,LAB01,1,0,0,0,0,0
20260910_105156,STILL_1P_NA,50.071,54920268,613,STILL,NA,1,P02,LAB01,2,0,0,0,0,0
20260910_105156,STILL_1P_NA,50.160,55009049,614,STILL,NA,1,P02,LAB01,0,1,576,4867,8,360
20260910_105156,STILL_1P_NA,50.160,55009049,614,STILL,NA,1,P02,LAB01,1,0,0,0,0,0
20260910_105156,STILL_1P_NA,50.160,55009049,614,STILL,NA,1,P02,LAB01,2,0,0,0,0,0
20260910_105156,STILL_1P_NA,50.249,55098288,615,STILL,NA,1,P02,LAB01,0,1,558,4870,-8,360
20260910_105156,STILL_1P_NA,50.249,55098288,615,STILL,NA,1,P02,LAB01,1,0,0,0,0,0
20260910_105156,STILL_1P_NA,50.249,55098288,615,STILL,NA,1,P02,LAB01,2,0,0,0,0,0
20260910_105156,STILL_1P_NA,50.338,55187142,616,STILL,NA,1,P02,LAB01,0,1,536,4872,-8,360
20260910_105156,STILL_1P_NA,50.338,55187142,616,STILL,NA,1,P02,LAB01,1,0,0,0,0,0
20260910_105156,STILL_1P_NA,50.338,55187142,616,STILL,NA,1,P02,LAB01,2,0,0,0,0,0
20260910_105156,STILL_1P_NA,50.427,55276347,617,STILL,NA,1,P02,LAB01,0,1,515,4886,0,360
20260910_105156,STILL_1P_NA,50.427,55276347,617,STILL,NA,1,P02,LAB01,1,0,0,0,0,0
20260910_105156,STILL_1P_NA,50.427,55276347,617,STILL,NA,1,P02,LAB01,2,0,0,0,0,0
20260910_105156,STILL_1P_NA,50.516,55365241,618,STILL,NA,1,P02,LAB01,0,1,499,4899,8,360
20260910_105156,STILL_1P_NA,50.516,55365241,618,STILL,NA,1,P02,LAB01,1,0,0,0,0,0
20260910_105156,STILL_1P_NA,50.516,55365241,618,STILL,NA,1,P02,LAB01,2,0,0,0,0,0
20260910_105156,STILL_1P_NA,50.605,55454056,619,STILL,NA,1,P02,LAB01,0,1,488,4907,0,360
20260910_105156,STILL_1P_NA,50.605,55454056,619,STILL,NA,1,P02,LAB01,1,0,0,0,0,0
20260910_105156,STILL_1P_NA,50.605,55454056,619,STILL,NA,1,P02,LAB01,2,0,0,0,0,0
20260910_105156,STILL_1P_NA,50.694,55543100,620,STILL,NA,1,P02,LAB01,0,1,474,4912,16,360
20260910_105156,STILL_1P_NA,50.694,55543100,620,STILL,NA,1,P02,LAB01,1,0,0,0,0,0
20260910_105156,STILL_1P_NA,50.694,55543100,620,STILL,NA,1,P02,LAB01,2,0,0,0,0,0
20260910_105156,STILL_1P_NA,50.783,55632309,621,STILL,NA,1,P02,LAB01,0,1,464,4914,16,360
20260910_105156,STILL_1P_NA,50.783,55632309,621,STILL,NA,1,P02,LAB01,1,0,0,0,0,0
20260910_105156,STILL_1P_NA,50.783,55632309,621,STILL,NA,1,P02,LAB01,2,0,0,0,0,0
20260910_105156,STILL_1P_NA,50.872,55721100,622,STILL,NA,1,P02,LAB01,0,1,452,4912,16,360
20260910_105156,STILL_1P_NA,50.872,55721100,622,STILL,NA,1,P02,LAB01,1,0,0,0,0,0
20260910_105156,STILL_1P_NA,50.872,55721100,622,STILL,NA,1,P02,LAB01,2,0,0,0,0,0
20260910_105156,STILL_1P_NA,50.961,55810050,623,STILL,NA,1,P02,LAB01,0,1,439,4914,16,360
20260910_105156,STILL_1P_NA,50.961,55810050,623,STILL,NA,1,P02,LAB01,1,0,0,0,0,0
20260910_105156,STILL_1P_NA,50.961,55810050,623,STILL,NA,1,P02,LAB01,2,0,0,0,0,0
20260910_105156,STILL_1P_NA,51.050,55899288,624,STILL,NA,1,P02,LAB01,0,1,428,4916,16,360
20260910_105156,STILL_1P_NA,51.050,55899288,624,STILL,NA,1,P02,LAB01,1,0,0,0,0,0
20260910_105156,STILL_1P_NA,51.050,55899288,624,STILL,NA,1,P02,LAB01,2,0,0,0,0,0
20260910_105156,STILL_1P_NA,51.139,55988170,625,STILL,NA,1,P02,LAB01,0,1,425,4918,8,360
20260910_105156,STILL_1P_NA,51.139,55988170,625,STILL,NA,1,P02,LAB01,1,0,0,0,0,0
20260910_105156,STILL_1P_NA,51.139,55988170,625,STILL,NA,1,P02,LAB01,2,0,0,0,0,0
20260910_105156,STILL_1P_NA,51.228,56077120,626,STILL,NA,1,P02,LAB01,0,1,425,4918,8,360
20260910_105156,STILL_1P_NA,51.228,56077120,626,STILL,NA,1,P02,LAB01,1,0,0,0,0,0
20260910_105156,STILL_1P_NA,51.228,56077120,626,STILL,NA,1,P02,LAB01,2,0,0,0,0,0
20260910_105156,STILL_1P_NA,51.317,56166017,627,STILL,NA,1,P02,LAB01,0,1,433,4917,16,360
20260910_105156,STILL_1P_NA,51.317,56166017,627,STILL,NA,1,P02,LAB01,1,0,0,0,0,0
20260910_105156,STILL_1P_NA,51.317,56166017,627,STILL,NA,1,P02,LAB01,2,0,0,0,0,0
20260910_105156,STILL_1P_NA,51.406,56255177,628,STILL,NA,1,P02,LAB01,0,1,442,4916,16,360
20260910_105156,STILL_1P_NA,51.406,56255177,628,STILL,NA,1,P02,LAB01,1,0,0,0,0,0
20260910_105156,STILL_1P_NA,51.406,56255177,628,STILL,NA,1,P02,LAB01,2,0,0,0,0,0
20260910_105156,STILL_1P_NA,51.495,56343946,629,STILL,NA,1,P02,LAB01,0,1,459,4921,-8,360
20260910_105156,STILL_1P_NA,51.495,56343946,629,STILL,NA,1,P02,LAB01,1,0,0,0,0,0
20260910_105156,STILL_1P_NA,51.495,56343946,629,STILL,NA,1,P02,LAB01,2,0,0,0,0,0
20260910_105156,STILL_1P_NA,51.584,56432996,630,STILL,NA,1,P02,LAB01,0,1,455,4927,8,360
20260910_105156,STILL_1P_NA,51.584,56432996,630,STILL,NA,1,P02,LAB01,1,0,0,0,0,0
20260910_105156,STILL_1P_NA,51.584,56432996,630,STILL,NA,1,P02,LAB01,2,0,0,0,0,0
20260910_105156,STILL_1P_NA,51.673,56521852,631,STILL,NA,1,P02,LAB01,0,1,447,4926,-8,360
20260910_105156,STILL_1P_NA,51.673,56521852,631,STILL,NA,1,P02,LAB01,1,0,0,0,0,0
20260910_105156,STILL_1P_NA,51.673,56521852,631,STILL,NA,1,P02,LAB01,2,0,0,0,0,0
20260910_105156,STILL_1P_NA,51.762,56611272,632,STILL,NA,1,P02,LAB01,0,1,434,4926,0,360
20260910_105156,STILL_1P_NA,51.762,56611272,632,STILL,NA,1,P02,LAB01,1,0,0,0,0,0
20260910_105156,STILL_1P_NA,51.762,56611272,632,STILL,NA,1,P02,LAB01,2,0,0,0,0,0
20260910_105156,STILL_1P_NA,51.851,56700027,633,STILL,NA,1,P02,LAB01,0,1,421,4930,0,360
20260910_105156,STILL_1P_NA,51.851,56700027,633,STILL,NA,1,P02,LAB01,1,0,0,0,0,0
20260910_105156,STILL_1P_NA,51.851,56700027,633,STILL,NA,1,P02,LAB01,2,0,0,0,0,0
20260910_105156,STILL_1P_NA,51.940,56789391,634,STILL,NA,1,P02,LAB01,0,1,406,4936,0,360
20260910_105156,STILL_1P_NA,51.940,56789391,634,STILL,NA,1,P02,LAB01,1,0,0,0,0,0
20260910_105156,STILL_1P_NA,51.940,56789391,634,STILL,NA,1,P02,LAB01,2,0,0,0,0,0
20260910_105156,STILL_1P_NA,52.030,56878002,635,STILL,NA,1,P02,LAB01,0,1,399,4941,0,360
20260910_105156,STILL_1P_NA,52.030,56878002,635,STILL,NA,1,P02,LAB01,1,0,0,0,0,0
20260910_105156,STILL_1P_NA,52.030,56878002,635,STILL,NA,1,P02,LAB01,2,0,0,0,0,0
20260910_105156,STILL_1P_NA,52.118,56966858,636,STILL,NA,1,P02,LAB01,0,1,388,4946,0,360
20260910_105156,STILL_1P_NA,52.118,56966858,636,STILL,NA,1,P02,LAB01,1,0,0,0,0,0
20260910_105156,STILL_1P_NA,52.118,56966858,636,STILL,NA,1,P02,LAB01,2,0,0,0,0,0
20260910_105156,STILL_1P_NA,52.207,57055907,637,STILL,NA,1,P02,LAB01,0,1,375,4950,-8,360
20260910_105156,STILL_1P_NA,52.207,57055907,637,STILL,NA,1,P02,LAB01,1,0,0,0,0,0
20260910_105156,STILL_1P_NA,52.207,57055907,637,STILL,NA,1,P02,LAB01,2,0,0,0,0,0
20260910_105156,STILL_1P_NA,52.296,57145160,638,STILL,NA,1,P02,LAB01,0,1,366,4952,-8,360
20260910_105156,STILL_1P_NA,52.296,57145160,638,STILL,NA,1,P02,LAB01,1,0,0,0,0,0
20260910_105156,STILL_1P_NA,52.296,57145160,638,STILL,NA,1,P02,LAB01,2,0,0,0,0,0
20260910_105156,STILL_1P_NA,52.385,57233742,639,STILL,NA,1,P02,LAB01,0,1,355,4954,0,360
20260910_105156,STILL_1P_NA,52.385,57233742,639,STILL,NA,1,P02,LAB01,1,0,0,0,0,0
20260910_105156,STILL_1P_NA,52.385,57233742,639,STILL,NA,1,P02,LAB01,2,0,0,0,0,0
20260910_105156,STILL_1P_NA,52.475,57323324,640,STILL,NA,1,P02,LAB01,0,1,345,4956,0,360
20260910_105156,STILL_1P_NA,52.475,57323324,640,STILL,NA,1,P02,LAB01,1,0,0,0,0,0
20260910_105156,STILL_1P_NA,52.475,57323324,640,STILL,NA,1,P02,LAB01,2,0,0,0,0,0
20260910_105156,STILL_1P_NA,52.563,57412023,641,STILL,NA,1,P02,LAB01,0,1,331,4957,-8,360
20260910_105156,STILL_1P_NA,52.563,57412023,641,STILL,NA,1,P02,LAB01,1,0,0,0,0,0
20260910_105156,STILL_1P_NA,52.563,57412023,641,STILL,NA,1,P02,LAB01,2,0,0,0,0,0
20260910_105156,STILL_1P_NA,52.652,57500943,642,STILL,NA,1,P02,LAB01,0,1,316,4959,-8,360
20260910_105156,STILL_1P_NA,52.652,57500943,642,STILL,NA,1,P02,LAB01,1,0,0,0,0,0
20260910_105156,STILL_1P_NA,52.652,57500943,642,STILL,NA,1,P02,LAB01,2,0,0,0,0,0
20260910_105156,STILL_1P_NA,52.741,57589769,643,STILL,NA,1,P02,LAB01,0,1,280,4977,16,360
20260910_105156,STILL_1P_NA,52.741,57589769,643,STILL,NA,1,P02,LAB01,1,0,0,0,0,0
20260910_105156,STILL_1P_NA,52.741,57589769,643,STILL,NA,1,P02,LAB01,2,0,0,0,0,0
20260910_105156,STILL_1P_NA,52.830,57678934,644,STILL,NA,1,P02,LAB01,0,1,168,5042,16,360
20260910_105156,STILL_1P_NA,52.830,57678934,644,STILL,NA,1,P02,LAB01,1,0,0,0,0,0
20260910_105156,STILL_1P_NA,52.830,57678934,644,STILL,NA,1,P02,LAB01,2,0,0,0,0,0
20260910_105156,STILL_1P_NA,52.919,57767946,645,STILL,NA,1,P02,LAB01,0,1,132,5062,16,360
20260910_105156,STILL_1P_NA,52.919,57767946,645,STILL,NA,1,P02,LAB01,1,0,0,0,0,0
20260910_105156,STILL_1P_NA,52.919,57767946,645,STILL,NA,1,P02,LAB01,2,0,0,0,0,0
20260910_105156,STILL_1P_NA,53.008,57856902,646,STILL,NA,1,P02,LAB01,0,1,97,5083,16,360
20260910_105156,STILL_1P_NA,53.008,57856902,646,STILL,NA,1,P02,LAB01,1,0,0,0,0,0
20260910_105156,STILL_1P_NA,53.008,57856902,646,STILL,NA,1,P02,LAB01,2,0,0,0,0,0
20260910_105156,STILL_1P_NA,53.096,57945727,647,STILL,NA,1,P02,LAB01,0,1,68,5106,-8,360
20260910_105156,STILL_1P_NA,53.096,57945727,647,STILL,NA,1,P02,LAB01,1,0,0,0,0,0
20260910_105156,STILL_1P_NA,53.096,57945727,647,STILL,NA,1,P02,LAB01,2,0,0,0,0,0
20260910_105156,STILL_1P_NA,53.186,58035104,648,STILL,NA,1,P02,LAB01,0,1,41,5129,-8,360
20260910_105156,STILL_1P_NA,53.186,58035104,648,STILL,NA,1,P02,LAB01,1,0,0,0,0,0
20260910_105156,STILL_1P_NA,53.186,58035104,648,STILL,NA,1,P02,LAB01,2,0,0,0,0,0
20260910_105156,STILL_1P_NA,53.275,58123880,649,STILL,NA,1,P02,LAB01,0,1,16,5152,-8,360
20260910_105156,STILL_1P_NA,53.275,58123880,649,STILL,NA,1,P02,LAB01,1,0,0,0,0,0
20260910_105156,STILL_1P_NA,53.275,58123880,649,STILL,NA,1,P02,LAB01,2,0,0,0,0,0
20260910_105156,STILL_1P_NA,53.364,58213105,650,STILL,NA,1,P02,LAB01,0,1,-5,5171,-8,360
20260910_105156,STILL_1P_NA,53.364,58213105,650,STILL,NA,1,P02,LAB01,1,0,0,0,0,0
20260910_105156,STILL_1P_NA,53.364,58213105,650,STILL,NA,1,P02,LAB01,2,0,0,0,0,0
20260910_105156,STILL_1P_NA,53.453,58301970,651,STILL,NA,1,P02,LAB01,0,1,0,5169,-8,360
20260910_105156,STILL_1P_NA,53.453,58301970,651,STILL,NA,1,P02,LAB01,1,0,0,0,0,0
20260910_105156,STILL_1P_NA,53.453,58301970,651,STILL,NA,1,P02,LAB01,2,0,0,0,0,0
20260910_105156,STILL_1P_NA,53.542,58391038,652,STILL,NA,1,P02,LAB01,0,1,26,5156,-8,360
20260910_105156,STILL_1P_NA,53.542,58391038,652,STILL,NA,1,P02,LAB01,1,0,0,0,0,0
20260910_105156,STILL_1P_NA,53.542,58391038,652,STILL,NA,1,P02,LAB01,2,0,0,0,0,0
20260910_105156,STILL_1P_NA,53.631,58479774,653,STILL,NA,1,P02,LAB01,0,1,120,5112,-8,360
20260910_105156,STILL_1P_NA,53.631,58479774,653,STILL,NA,1,P02,LAB01,1,0,0,0,0,0
20260910_105156,STILL_1P_NA,53.631,58479774,653,STILL,NA,1,P02,LAB01,2,0,0,0,0,0
20260910_105156,STILL_1P_NA,53.720,58568946,654,STILL,NA,1,P02,LAB01,0,1,294,5026,8,360
20260910_105156,STILL_1P_NA,53.720,58568946,654,STILL,NA,1,P02,LAB01,1,0,0,0,0,0
20260910_105156,STILL_1P_NA,53.720,58568946,654,STILL,NA,1,P02,LAB01,2,0,0,0,0,0
20260910_105156,STILL_1P_NA,53.809,58657929,655,STILL,NA,1,P02,LAB01,0,1,419,4956,0,360
20260910_105156,STILL_1P_NA,53.809,58657929,655,STILL,NA,1,P02,LAB01,1,0,0,0,0,0
20260910_105156,STILL_1P_NA,53.809,58657929,655,STILL,NA,1,P02,LAB01,2,0,0,0,0,0
20260910_105156,STILL_1P_NA,53.898,58747002,656,STILL,NA,1,P02,LAB01,0,1,485,4903,0,360
20260910_105156,STILL_1P_NA,53.898,58747002,656,STILL,NA,1,P02,LAB01,1,0,0,0,0,0
20260910_105156,STILL_1P_NA,53.898,58747002,656,STILL,NA,1,P02,LAB01,2,0,0,0,0,0
20260910_105156,STILL_1P_NA,53.987,58835991,657,STILL,NA,1,P02,LAB01,0,1,447,4884,0,360
20260910_105156,STILL_1P_NA,53.987,58835991,657,STILL,NA,1,P02,LAB01,1,0,0,0,0,0
20260910_105156,STILL_1P_NA,53.987,58835991,657,STILL,NA,1,P02,LAB01,2,0,0,0,0,0
20260910_105156,STILL_1P_NA,54.076,58924970,658,STILL,NA,1,P02,LAB01,0,1,402,4878,0,360
20260910_105156,STILL_1P_NA,54.076,58924970,658,STILL,NA,1,P02,LAB01,1,0,0,0,0,0
20260910_105156,STILL_1P_NA,54.076,58924970,658,STILL,NA,1,P02,LAB01,2,0,0,0,0,0
20260910_105156,STILL_1P_NA,54.165,59013769,659,STILL,NA,1,P02,LAB01,0,1,382,4882,8,360
20260910_105156,STILL_1P_NA,54.165,59013769,659,STILL,NA,1,P02,LAB01,1,0,0,0,0,0
20260910_105156,STILL_1P_NA,54.165,59013769,659,STILL,NA,1,P02,LAB01,2,0,0,0,0,0
20260910_105156,STILL_1P_NA,54.254,59102970,660,STILL,NA,1,P02,LAB01,0,1,411,4884,8,360
20260910_105156,STILL_1P_NA,54.254,59102970,660,STILL,NA,1,P02,LAB01,1,0,0,0,0,0
20260910_105156,STILL_1P_NA,54.254,59102970,660,STILL,NA,1,P02,LAB01,2,0,0,0,0,0
20260910_105156,STILL_1P_NA,54.343,59191946,661,STILL,NA,1,P02,LAB01,0,1,415,4884,8,360
20260910_105156,STILL_1P_NA,54.343,59191946,661,STILL,NA,1,P02,LAB01,1,0,0,0,0,0
20260910_105156,STILL_1P_NA,54.343,59191946,661,STILL,NA,1,P02,LAB01,2,0,0,0,0,0
20260910_105156,STILL_1P_NA,54.432,59280934,662,STILL,NA,1,P02,LAB01,0,1,413,4885,0,360
20260910_105156,STILL_1P_NA,54.432,59280934,662,STILL,NA,1,P02,LAB01,1,0,0,0,0,0
20260910_105156,STILL_1P_NA,54.432,59280934,662,STILL,NA,1,P02,LAB01,2,0,0,0,0,0
20260910_105156,STILL_1P_NA,54.520,59369665,663,STILL,NA,1,P02,LAB01,0,1,402,4887,8,360
20260910_105156,STILL_1P_NA,54.520,59369665,663,STILL,NA,1,P02,LAB01,1,0,0,0,0,0
20260910_105156,STILL_1P_NA,54.520,59369665,663,STILL,NA,1,P02,LAB01,2,0,0,0,0,0
20260910_105156,STILL_1P_NA,54.610,59458837,664,STILL,NA,1,P02,LAB01,0,1,394,4888,8,360
20260910_105156,STILL_1P_NA,54.610,59458837,664,STILL,NA,1,P02,LAB01,1,0,0,0,0,0
20260910_105156,STILL_1P_NA,54.610,59458837,664,STILL,NA,1,P02,LAB01,2,0,0,0,0,0
20260910_105156,STILL_1P_NA,54.698,59547568,665,STILL,NA,1,P02,LAB01,0,1,390,4886,0,360
20260910_105156,STILL_1P_NA,54.698,59547568,665,STILL,NA,1,P02,LAB01,1,0,0,0,0,0
20260910_105156,STILL_1P_NA,54.698,59547568,665,STILL,NA,1,P02,LAB01,2,0,0,0,0,0
20260910_105156,STILL_1P_NA,54.788,59636928,666,STILL,NA,1,P02,LAB01,0,1,383,4886,0,360
20260910_105156,STILL_1P_NA,54.788,59636928,666,STILL,NA,1,P02,LAB01,1,0,0,0,0,0
20260910_105156,STILL_1P_NA,54.788,59636928,666,STILL,NA,1,P02,LAB01,2,0,0,0,0,0
20260910_105156,STILL_1P_NA,54.877,59725747,667,STILL,NA,1,P02,LAB01,0,1,376,4890,-8,360
20260910_105156,STILL_1P_NA,54.877,59725747,667,STILL,NA,1,P02,LAB01,1,0,0,0,0,0
20260910_105156,STILL_1P_NA,54.877,59725747,667,STILL,NA,1,P02,LAB01,2,0,0,0,0,0
20260910_105156,STILL_1P_NA,54.965,59814609,668,STILL,NA,1,P02,LAB01,0,1,368,4889,0,360
20260910_105156,STILL_1P_NA,54.965,59814609,668,STILL,NA,1,P02,LAB01,1,0,0,0,0,0
20260910_105156,STILL_1P_NA,54.965,59814609,668,STILL,NA,1,P02,LAB01,2,0,0,0,0,0
20260910_105156,STILL_1P_NA,55.054,59903651,669,STILL,NA,1,P02,LAB01,0,1,363,4888,-8,360
20260910_105156,STILL_1P_NA,55.054,59903651,669,STILL,NA,1,P02,LAB01,1,0,0,0,0,0
20260910_105156,STILL_1P_NA,55.054,59903651,669,STILL,NA,1,P02,LAB01,2,0,0,0,0,0
20260910_105156,STILL_1P_NA,55.144,59992636,670,STILL,NA,1,P02,LAB01,0,1,385,4890,0,360
20260910_105156,STILL_1P_NA,55.144,59992636,670,STILL,NA,1,P02,LAB01,1,0,0,0,0,0
20260910_105156,STILL_1P_NA,55.144,59992636,670,STILL,NA,1,P02,LAB01,2,0,0,0,0,0
20260910_105156,STILL_1P_NA,55.232,60081398,671,STILL,NA,1,P02,LAB01,0,1,409,4892,0,360
20260910_105156,STILL_1P_NA,55.232,60081398,671,STILL,NA,1,P02,LAB01,1,0,0,0,0,0
20260910_105156,STILL_1P_NA,55.232,60081398,671,STILL,NA,1,P02,LAB01,2,0,0,0,0,0
20260910_105156,STILL_1P_NA,55.322,60170851,672,STILL,NA,1,P02,LAB01,0,1,436,4894,0,360
20260910_105156,STILL_1P_NA,55.322,60170851,672,STILL,NA,1,P02,LAB01,1,0,0,0,0,0
20260910_105156,STILL_1P_NA,55.322,60170851,672,STILL,NA,1,P02,LAB01,2,0,0,0,0,0
20260910_105156,STILL_1P_NA,55.411,60259742,673,STILL,NA,1,P02,LAB01,0,1,436,4890,0,360
20260910_105156,STILL_1P_NA,55.411,60259742,673,STILL,NA,1,P02,LAB01,1,0,0,0,0,0
20260910_105156,STILL_1P_NA,55.411,60259742,673,STILL,NA,1,P02,LAB01,2,0,0,0,0,0
20260910_105156,STILL_1P_NA,55.499,60348815,674,STILL,NA,1,P02,LAB01,0,1,431,4883,0,360
20260910_105156,STILL_1P_NA,55.499,60348815,674,STILL,NA,1,P02,LAB01,1,0,0,0,0,0
20260910_105156,STILL_1P_NA,55.499,60348815,674,STILL,NA,1,P02,LAB01,2,0,0,0,0,0
20260910_105156,STILL_1P_NA,55.589,60437831,675,STILL,NA,1,P02,LAB01,0,1,429,4879,8,360
20260910_105156,STILL_1P_NA,55.589,60437831,675,STILL,NA,1,P02,LAB01,1,0,0,0,0,0
20260910_105156,STILL_1P_NA,55.589,60437831,675,STILL,NA,1,P02,LAB01,2,0,0,0,0,0
20260910_105156,STILL_1P_NA,55.678,60526842,676,STILL,NA,1,P02,LAB01,0,1,432,4880,8,360
20260910_105156,STILL_1P_NA,55.678,60526842,676,STILL,NA,1,P02,LAB01,1,0,0,0,0,0
20260910_105156,STILL_1P_NA,55.678,60526842,676,STILL,NA,1,P02,LAB01,2,0,0,0,0,0
20260910_105156,STILL_1P_NA,55.767,60615825,677,STILL,NA,1,P02,LAB01,0,1,441,4881,8,360
20260910_105156,STILL_1P_NA,55.767,60615825,677,STILL,NA,1,P02,LAB01,1,0,0,0,0,0
20260910_105156,STILL_1P_NA,55.767,60615825,677,STILL,NA,1,P02,LAB01,2,0,0,0,0,0
20260910_105156,STILL_1P_NA,55.856,60704711,678,STILL,NA,1,P02,LAB01,0,1,453,4884,8,360
20260910_105156,STILL_1P_NA,55.856,60704711,678,STILL,NA,1,P02,LAB01,1,0,0,0,0,0
20260910_105156,STILL_1P_NA,55.856,60704711,678,STILL,NA,1,P02,LAB01,2,0,0,0,0,0
20260910_105156,STILL_1P_NA,55.945,60793814,679,STILL,NA,1,P02,LAB01,0,1,460,4889,0,360
20260910_105156,STILL_1P_NA,55.945,60793814,679,STILL,NA,1,P02,LAB01,1,0,0,0,0,0
20260910_105156,STILL_1P_NA,55.945,60793814,679,STILL,NA,1,P02,LAB01,2,0,0,0,0,0
20260910_105156,STILL_1P_NA,56.033,60882453,680,STILL,NA,1,P02,LAB01,0,1,451,4891,-8,360
20260910_105156,STILL_1P_NA,56.033,60882453,680,STILL,NA,1,P02,LAB01,1,0,0,0,0,0
20260910_105156,STILL_1P_NA,56.033,60882453,680,STILL,NA,1,P02,LAB01,2,0,0,0,0,0
20260910_105156,STILL_1P_NA,56.123,60971815,681,STILL,NA,1,P02,LAB01,0,1,437,4892,-8,360
20260910_105156,STILL_1P_NA,56.123,60971815,681,STILL,NA,1,P02,LAB01,1,0,0,0,0,0
20260910_105156,STILL_1P_NA,56.123,60971815,681,STILL,NA,1,P02,LAB01,2,0,0,0,0,0
20260910_105156,STILL_1P_NA,56.212,61060645,682,STILL,NA,1,P02,LAB01,0,1,430,4893,8,360
20260910_105156,STILL_1P_NA,56.212,61060645,682,STILL,NA,1,P02,LAB01,1,0,0,0,0,0
20260910_105156,STILL_1P_NA,56.212,61060645,682,STILL,NA,1,P02,LAB01,2,0,0,0,0,0
20260910_105156,STILL_1P_NA,56.301,61149624,683,STILL,NA,1,P02,LAB01,0,1,434,4893,8,360
20260910_105156,STILL_1P_NA,56.301,61149624,683,STILL,NA,1,P02,LAB01,1,0,0,0,0,0
20260910_105156,STILL_1P_NA,56.301,61149624,683,STILL,NA,1,P02,LAB01,2,0,0,0,0,0
20260910_105156,STILL_1P_NA,56.390,61238732,684,STILL,NA,1,P02,LAB01,0,1,440,4896,8,360
20260910_105156,STILL_1P_NA,56.390,61238732,684,STILL,NA,1,P02,LAB01,1,0,0,0,0,0
20260910_105156,STILL_1P_NA,56.390,61238732,684,STILL,NA,1,P02,LAB01,2,0,0,0,0,0
20260910_105156,STILL_1P_NA,56.479,61327711,685,STILL,NA,1,P02,LAB01,0,1,448,4899,8,360
20260910_105156,STILL_1P_NA,56.479,61327711,685,STILL,NA,1,P02,LAB01,1,0,0,0,0,0
20260910_105156,STILL_1P_NA,56.479,61327711,685,STILL,NA,1,P02,LAB01,2,0,0,0,0,0
20260910_105156,STILL_1P_NA,56.568,61416665,686,STILL,NA,1,P02,LAB01,0,1,462,4902,8,360
20260910_105156,STILL_1P_NA,56.568,61416665,686,STILL,NA,1,P02,LAB01,1,0,0,0,0,0
20260910_105156,STILL_1P_NA,56.568,61416665,686,STILL,NA,1,P02,LAB01,2,0,0,0,0,0
20260910_105156,STILL_1P_NA,56.657,61505677,687,STILL,NA,1,P02,LAB01,0,1,513,4908,8,360
20260910_105156,STILL_1P_NA,56.657,61505677,687,STILL,NA,1,P02,LAB01,1,0,0,0,0,0
20260910_105156,STILL_1P_NA,56.657,61505677,687,STILL,NA,1,P02,LAB01,2,0,0,0,0,0
20260910_105156,STILL_1P_NA,56.745,61594314,688,STILL,NA,1,P02,LAB01,0,1,549,4914,-8,360
20260910_105156,STILL_1P_NA,56.745,61594314,688,STILL,NA,1,P02,LAB01,1,0,0,0,0,0
20260910_105156,STILL_1P_NA,56.745,61594314,688,STILL,NA,1,P02,LAB01,2,0,0,0,0,0
20260910_105156,STILL_1P_NA,56.834,61683418,689,STILL,NA,1,P02,LAB01,0,1,559,4915,-8,360
20260910_105156,STILL_1P_NA,56.834,61683418,689,STILL,NA,1,P02,LAB01,1,0,0,0,0,0
20260910_105156,STILL_1P_NA,56.834,61683418,689,STILL,NA,1,P02,LAB01,2,0,0,0,0,0
20260910_105156,STILL_1P_NA,56.923,61772562,690,STILL,NA,1,P02,LAB01,0,1,564,4916,-8,360
20260910_105156,STILL_1P_NA,56.923,61772562,690,STILL,NA,1,P02,LAB01,1,0,0,0,0,0
20260910_105156,STILL_1P_NA,56.923,61772562,690,STILL,NA,1,P02,LAB01,2,0,0,0,0,0
20260910_105156,STILL_1P_NA,57.012,61861573,691,STILL,NA,1,P02,LAB01,0,1,567,4914,-8,360
20260910_105156,STILL_1P_NA,57.012,61861573,691,STILL,NA,1,P02,LAB01,1,0,0,0,0,0
20260910_105156,STILL_1P_NA,57.012,61861573,691,STILL,NA,1,P02,LAB01,2,0,0,0,0,0
20260910_105156,STILL_1P_NA,57.101,61950522,692,STILL,NA,1,P02,LAB01,0,1,571,4910,-8,360
20260910_105156,STILL_1P_NA,57.101,61950522,692,STILL,NA,1,P02,LAB01,1,0,0,0,0,0
20260910_105156,STILL_1P_NA,57.101,61950522,692,STILL,NA,1,P02,LAB01,2,0,0,0,0,0
20260910_105156,STILL_1P_NA,57.191,62039759,693,STILL,NA,1,P02,LAB01,0,1,574,4905,-8,360
20260910_105156,STILL_1P_NA,57.191,62039759,693,STILL,NA,1,P02,LAB01,1,0,0,0,0,0
20260910_105156,STILL_1P_NA,57.191,62039759,693,STILL,NA,1,P02,LAB01,2,0,0,0,0,0
20260910_105156,STILL_1P_NA,57.279,62128363,694,STILL,NA,1,P02,LAB01,0,1,574,4904,-8,360
20260910_105156,STILL_1P_NA,57.279,62128363,694,STILL,NA,1,P02,LAB01,1,0,0,0,0,0
20260910_105156,STILL_1P_NA,57.279,62128363,694,STILL,NA,1,P02,LAB01,2,0,0,0,0,0
20260910_105156,STILL_1P_NA,57.368,62217501,695,STILL,NA,1,P02,LAB01,0,1,572,4905,-8,360
20260910_105156,STILL_1P_NA,57.368,62217501,695,STILL,NA,1,P02,LAB01,1,0,0,0,0,0
20260910_105156,STILL_1P_NA,57.368,62217501,695,STILL,NA,1,P02,LAB01,2,0,0,0,0,0
20260910_105156,STILL_1P_NA,57.457,62306556,696,STILL,NA,1,P02,LAB01,0,1,567,4906,8,360
20260910_105156,STILL_1P_NA,57.457,62306556,696,STILL,NA,1,P02,LAB01,1,0,0,0,0,0
20260910_105156,STILL_1P_NA,57.457,62306556,696,STILL,NA,1,P02,LAB01,2,0,0,0,0,0
20260910_105156,STILL_1P_NA,57.546,62395439,697,STILL,NA,1,P02,LAB01,0,1,561,4908,0,360
20260910_105156,STILL_1P_NA,57.546,62395439,697,STILL,NA,1,P02,LAB01,1,0,0,0,0,0
20260910_105156,STILL_1P_NA,57.546,62395439,697,STILL,NA,1,P02,LAB01,2,0,0,0,0,0
20260910_105156,STILL_1P_NA,57.635,62484354,698,STILL,NA,1,P02,LAB01,0,1,557,4911,0,360
20260910_105156,STILL_1P_NA,57.635,62484354,698,STILL,NA,1,P02,LAB01,1,0,0,0,0,0
20260910_105156,STILL_1P_NA,57.635,62484354,698,STILL,NA,1,P02,LAB01,2,0,0,0,0,0
20260910_105156,STILL_1P_NA,57.724,62573656,699,STILL,NA,1,P02,LAB01,0,1,554,4914,0,360
20260910_105156,STILL_1P_NA,57.724,62573656,699,STILL,NA,1,P02,LAB01,1,0,0,0,0,0
20260910_105156,STILL_1P_NA,57.724,62573656,699,STILL,NA,1,P02,LAB01,2,0,0,0,0,0
20260910_105156,STILL_1P_NA,57.813,62662354,700,STILL,NA,1,P02,LAB01,0,1,550,4917,0,360
20260910_105156,STILL_1P_NA,57.813,62662354,700,STILL,NA,1,P02,LAB01,1,0,0,0,0,0
20260910_105156,STILL_1P_NA,57.813,62662354,700,STILL,NA,1,P02,LAB01,2,0,0,0,0,0
20260910_105156,STILL_1P_NA,57.903,62751747,701,STILL,NA,1,P02,LAB01,0,1,544,4919,-8,360
20260910_105156,STILL_1P_NA,57.903,62751747,701,STILL,NA,1,P02,LAB01,1,0,0,0,0,0
20260910_105156,STILL_1P_NA,57.903,62751747,701,STILL,NA,1,P02,LAB01,2,0,0,0,0,0
20260910_105156,STILL_1P_NA,57.991,62840324,702,STILL,NA,1,P02,LAB01,0,1,543,4920,-8,360
20260910_105156,STILL_1P_NA,57.991,62840324,702,STILL,NA,1,P02,LAB01,1,0,0,0,0,0
20260910_105156,STILL_1P_NA,57.991,62840324,702,STILL,NA,1,P02,LAB01,2,0,0,0,0,0
20260910_105156,STILL_1P_NA,58.080,62929515,703,STILL,NA,1,P02,LAB01,0,1,547,4917,0,360
20260910_105156,STILL_1P_NA,58.080,62929515,703,STILL,NA,1,P02,LAB01,1,0,0,0,0,0
20260910_105156,STILL_1P_NA,58.080,62929515,703,STILL,NA,1,P02,LAB01,2,0,0,0,0,0
20260910_105156,STILL_1P_NA,58.169,63018347,704,STILL,NA,1,P02,LAB01,0,1,556,4913,0,360
20260910_105156,STILL_1P_NA,58.169,63018347,704,STILL,NA,1,P02,LAB01,1,0,0,0,0,0
20260910_105156,STILL_1P_NA,58.169,63018347,704,STILL,NA,1,P02,LAB01,2,0,0,0,0,0
20260910_105156,STILL_1P_NA,58.258,63107582,705,STILL,NA,1,P02,LAB01,0,1,570,4906,0,360
20260910_105156,STILL_1P_NA,58.258,63107582,705,STILL,NA,1,P02,LAB01,1,0,0,0,0,0
20260910_105156,STILL_1P_NA,58.258,63107582,705,STILL,NA,1,P02,LAB01,2,0,0,0,0,0
20260910_105156,STILL_1P_NA,58.347,63196494,706,STILL,NA,1,P02,LAB01,0,1,579,4903,8,360
20260910_105156,STILL_1P_NA,58.347,63196494,706,STILL,NA,1,P02,LAB01,1,0,0,0,0,0
20260910_105156,STILL_1P_NA,58.347,63196494,706,STILL,NA,1,P02,LAB01,2,0,0,0,0,0
20260910_105156,STILL_1P_NA,58.436,63285546,707,STILL,NA,1,P02,LAB01,0,1,572,4904,0,360
20260910_105156,STILL_1P_NA,58.436,63285546,707,STILL,NA,1,P02,LAB01,1,0,0,0,0,0
20260910_105156,STILL_1P_NA,58.436,63285546,707,STILL,NA,1,P02,LAB01,2,0,0,0,0,0
20260910_105156,STILL_1P_NA,58.525,63374345,708,STILL,NA,1,P02,LAB01,0,1,566,4912,0,360
20260910_105156,STILL_1P_NA,58.525,63374345,708,STILL,NA,1,P02,LAB01,1,0,0,0,0,0
20260910_105156,STILL_1P_NA,58.525,63374345,708,STILL,NA,1,P02,LAB01,2,0,0,0,0,0
20260910_105156,STILL_1P_NA,58.614,63463508,709,STILL,NA,1,P02,LAB01,0,1,550,4917,8,360
20260910_105156,STILL_1P_NA,58.614,63463508,709,STILL,NA,1,P02,LAB01,1,0,0,0,0,0
20260910_105156,STILL_1P_NA,58.614,63463508,709,STILL,NA,1,P02,LAB01,2,0,0,0,0,0
20260910_105156,STILL_1P_NA,58.703,63552556,710,STILL,NA,1,P02,LAB01,0,1,509,4931,0,360
20260910_105156,STILL_1P_NA,58.703,63552556,710,STILL,NA,1,P02,LAB01,1,0,0,0,0,0
20260910_105156,STILL_1P_NA,58.703,63552556,710,STILL,NA,1,P02,LAB01,2,0,0,0,0,0
20260910_105156,STILL_1P_NA,58.792,63641628,711,STILL,NA,1,P02,LAB01,0,1,456,4954,0,360
20260910_105156,STILL_1P_NA,58.792,63641628,711,STILL,NA,1,P02,LAB01,1,0,0,0,0,0
20260910_105156,STILL_1P_NA,58.792,63641628,711,STILL,NA,1,P02,LAB01,2,0,0,0,0,0
20260910_105156,STILL_1P_NA,58.881,63730363,712,STILL,NA,1,P02,LAB01,0,1,375,4991,8,360
20260910_105156,STILL_1P_NA,58.881,63730363,712,STILL,NA,1,P02,LAB01,1,0,0,0,0,0
20260910_105156,STILL_1P_NA,58.881,63730363,712,STILL,NA,1,P02,LAB01,2,0,0,0,0,0
20260910_105156,STILL_1P_NA,58.970,63819283,713,STILL,NA,1,P02,LAB01,0,1,298,5027,8,360
20260910_105156,STILL_1P_NA,58.970,63819283,713,STILL,NA,1,P02,LAB01,1,0,0,0,0,0
20260910_105156,STILL_1P_NA,58.970,63819283,713,STILL,NA,1,P02,LAB01,2,0,0,0,0,0
20260910_105156,STILL_1P_NA,59.059,63908507,714,STILL,NA,1,P02,LAB01,0,1,230,5060,8,360
20260910_105156,STILL_1P_NA,59.059,63908507,714,STILL,NA,1,P02,LAB01,1,0,0,0,0,0
20260910_105156,STILL_1P_NA,59.059,63908507,714,STILL,NA,1,P02,LAB01,2,0,0,0,0,0
20260910_105156,STILL_1P_NA,59.148,63997561,715,STILL,NA,1,P02,LAB01,0,1,169,5090,8,360
20260910_105156,STILL_1P_NA,59.148,63997561,715,STILL,NA,1,P02,LAB01,1,0,0,0,0,0
20260910_105156,STILL_1P_NA,59.148,63997561,715,STILL,NA,1,P02,LAB01,2,0,0,0,0,0
20260910_105156,STILL_1P_NA,59.237,64086294,716,STILL,NA,1,P02,LAB01,0,1,196,5085,0,360
20260910_105156,STILL_1P_NA,59.237,64086294,716,STILL,NA,1,P02,LAB01,1,0,0,0,0,0
20260910_105156,STILL_1P_NA,59.237,64086294,716,STILL,NA,1,P02,LAB01,2,0,0,0,0,0
20260910_105156,STILL_1P_NA,59.326,64175425,717,STILL,NA,1,P02,LAB01,0,1,208,5086,-8,360
20260910_105156,STILL_1P_NA,59.326,64175425,717,STILL,NA,1,P02,LAB01,1,0,0,0,0,0
20260910_105156,STILL_1P_NA,59.326,64175425,717,STILL,NA,1,P02,LAB01,2,0,0,0,0,0
20260910_105156,STILL_1P_NA,59.415,64264412,718,STILL,NA,1,P02,LAB01,0,1,221,5086,0,360
20260910_105156,STILL_1P_NA,59.415,64264412,718,STILL,NA,1,P02,LAB01,1,0,0,0,0,0
20260910_105156,STILL_1P_NA,59.415,64264412,718,STILL,NA,1,P02,LAB01,2,0,0,0,0,0
20260910_105156,STILL_1P_NA,59.504,64353515,719,STILL,NA,1,P02,LAB01,0,1,237,5086,0,360
20260910_105156,STILL_1P_NA,59.504,64353515,719,STILL,NA,1,P02,LAB01,1,0,0,0,0,0
20260910_105156,STILL_1P_NA,59.504,64353515,719,STILL,NA,1,P02,LAB01,2,0,0,0,0,0
20260910_105156,STILL_1P_NA,59.593,64442377,720,STILL,NA,1,P02,LAB01,0,1,247,5084,0,360
20260910_105156,STILL_1P_NA,59.593,64442377,720,STILL,NA,1,P02,LAB01,1,0,0,0,0,0
20260910_105156,STILL_1P_NA,59.593,64442377,720,STILL,NA,1,P02,LAB01,2,0,0,0,0,0
20260910_105156,STILL_1P_NA,59.682,64531546,721,STILL,NA,1,P02,LAB01,0,1,256,5082,0,360
20260910_105156,STILL_1P_NA,59.682,64531546,721,STILL,NA,1,P02,LAB01,1,0,0,0,0,0
20260910_105156,STILL_1P_NA,59.682,64531546,721,STILL,NA,1,P02,LAB01,2,0,0,0,0,0
20260910_105156,STILL_1P_NA,59.771,64620431,722,STILL,NA,1,P02,LAB01,0,1,266,5076,-8,360
20260910_105156,STILL_1P_NA,59.771,64620431,722,STILL,NA,1,P02,LAB01,1,0,0,0,0,0
20260910_105156,STILL_1P_NA,59.771,64620431,722,STILL,NA,1,P02,LAB01,2,0,0,0,0,0
20260910_105156,STILL_1P_NA,59.860,64709383,723,STILL,NA,1,P02,LAB01,0,1,277,5068,-8,360
20260910_105156,STILL_1P_NA,59.860,64709383,723,STILL,NA,1,P02,LAB01,1,0,0,0,0,0
20260910_105156,STILL_1P_NA,59.860,64709383,723,STILL,NA,1,P02,LAB01,2,0,0,0,0,0
20260910_105156,STILL_1P_NA,59.949,64798398,724,STILL,NA,1,P02,LAB01,0,1,287,5060,-8,360
20260910_105156,STILL_1P_NA,59.949,64798398,724,STILL,NA,1,P02,LAB01,1,0,0,0,0,0
20260910_105156,STILL_1P_NA,59.949,64798398,724,STILL,NA,1,P02,LAB01,2,0,0,0,0,0
20260910_105156,STILL_1P_NA,60.038,64887573,725,STILL,NA,1,P02,LAB01,0,1,297,5053,-8,360
20260910_105156,STILL_1P_NA,60.038,64887573,725,STILL,NA,1,P02,LAB01,1,0,0,0,0,0
20260910_105156,STILL_1P_NA,60.038,64887573,725,STILL,NA,1,P02,LAB01,2,0,0,0,0,0
